UF,CONSULTOR_USADO,CNPJ_REFERENCIA,EAN,PRODUTO,DISTRIBUIDORA,ESTOQUE,DESCONTO,PF_DIST,PF_FABRICA,PRECO_COM_IMPOSTO,PRECO_SEM_IMPOSTO,DATA_ATUALIZACAO,STATUS,ERRO
MA,GD,14569758000150,7894916372770,,,0.0,0.0,0.0,0.0,0.0,0.0,2026-09-09 20:53:17,ERRO,Message: Nenhuma distribuidora pôde ser lida no card do produto.
MA,GD,14569758000150,7894916372787,Xarope Cloridrato de Ambroxol Infantil 15mg/5ml Frasco 120 ml,Panpharma - CE,77.0,0.47,19.21,0.0,10.18,10.18,2026-09-09 20:53:21,OK,
MA,GD,14569758000150,7894916372787,Xarope Cloridrato de Ambroxol Infantil 15mg/5ml Frasco 120 ml,Emmarka - MA,299.0,0.4533,19.21,0.0,10.5,10.5,2026-09-09 20:53:21,OK,
MA,GD,14569758000150,7894916372787,Xarope Cloridrato de Ambroxol Infantil 15mg/5ml Frasco 120 ml,Nazaria - MA - Timon,148.0,0.4533,19.21,0.0,10.5,10.5,2026-09-09 20:53:21,OK,
MA,GD,14569758000150,7894916372787,Xarope Cloridrato de Ambroxol Infantil 15mg/5ml Frasco 120 ml,Nazaria - MA - Imperatriz,123.0,0.4533,19.21,0.0,10.5,10.5,2026-09-09 20:53:21,OK,
MA,GD,14569758000150,7894916372855,Anastrozol 1 mg Caixa 30 Comprimidos Revestidos,Panpharma - CE,55.0,0.9048999999999999,821.45,0.0,78.12,78.12,2026-09-09 20:53:25,OK,
MA,GD,14569758000150,7894916372855,Anastrozol 1 mg Caixa 30 Comprimidos Revestidos,Emmarka - MA,52.0,0.8869,821.45,0.0,92.91,92.91,2026-09-09 20:53:25,OK,
MA,GD,14569758000150,7894916372855,Anastrozol 1 mg Caixa 30 Comprimidos Revestidos,Nazaria - MA - Imperatriz,19.0,0.8869,821.45,0.0,92.91,92.91,2026-09-09 20:53:25,OK,
MA,GD,14569758000150,7894916372855,Anastrozol 1 mg Caixa 30 Comprimidos Revestidos,Nazaria - MA - Timon,11.0,0.8869,821.45,0.0,92.91,92.91,2026-09-09 20:53:25,OK,
MA,GD,14569758000150,7896004700038,Paracetamol 200 mg/ml Frasco 15 ml Gotas,Nazaria - MA - Timon,8662.0,0.5866,11.58,0.0,4.79,4.79,2026-09-09 20:53:30,OK,
MA,GD,14569758000150,7896004700038,Paracetamol 200 mg/ml Frasco 15 ml Gotas,Nazaria - MA - Imperatriz,6516.0,0.5866,11.58,0.0,4.79,4.79,2026-09-09 20:53:30,OK,
MA,GD,14569758000150,7896004700038,Paracetamol 200 mg/ml Frasco 15 ml Gotas,Emmarka - MA,1880.0,0.5866,11.58,0.0,4.79,4.79,2026-09-09 20:53:30,OK,
MA,GD,14569758000150,7896004700038,Paracetamol 200 mg/ml Frasco 15 ml Gotas,Panpharma - CE,865.0,0.5658,11.58,0.0,5.03,5.03,2026-09-09 20:53:30,OK,
MA,GD,14569758000150,7896004700250,,,0.0,0.0,0.0,0.0,0.0,0.0,2026-09-09 20:53:42,ERRO,Message: Nenhuma distribuidora pôde ser lida no card do produto.
MA,GD,14569758000150,7896004700274,Tenoxicam 20 mg Caixa 10 Comprimidos Revestidos,Panpharma - CE,53.0,0.7039,46.1,0.0,13.65,13.65,2026-09-09 20:53:47,OK,
MA,GD,14569758000150,7896004700274,Tenoxicam 20 mg Caixa 10 Comprimidos Revestidos,Nazaria - MA - Timon,61.0,0.6878,46.1,0.0,14.39,14.39,2026-09-09 20:53:47,OK,
MA,GD,14569758000150,7896004700274,Tenoxicam 20 mg Caixa 10 Comprimidos Revestidos,Nazaria - MA - Imperatriz,47.0,0.6878,46.1,0.0,14.39,14.39,2026-09-09 20:53:47,OK,
MA,GD,14569758000150,7896004700274,Tenoxicam 20 mg Caixa 10 Comprimidos Revestidos,Emmarka - MA,15.0,0.6878,46.1,0.0,14.39,14.39,2026-09-09 20:53:47,OK,
MA,GD,14569758000150,7896004700403,Diltiazem 60 mg Caixa 50 Comprimidos,Panpharma - CE,27.0,0.2724,40.0,0.0,29.1,29.1,2026-09-09 20:53:51,OK,
MA,GD,14569758000150,7896004700403,Diltiazem 60 mg Caixa 50 Comprimidos,Nazaria - MA - Timon,54.0,0.2545,40.0,0.0,29.82,29.82,2026-09-09 20:53:51,OK,
MA,GD,14569758000150,7896004700403,Diltiazem 60 mg Caixa 50 Comprimidos,Emmarka - MA,54.0,0.2545,40.0,0.0,29.82,29.82,2026-09-09 20:53:51,OK,
MA,GD,14569758000150,7896004700403,Diltiazem 60 mg Caixa 50 Comprimidos,Nazaria - MA - Imperatriz,44.0,0.2545,40.0,0.0,29.82,29.82,2026-09-09 20:53:51,OK,
MA,GD,14569758000150,7896004700410,Diltiazem 60 mg Caixa 25 Comprimidos,Nazaria - MA - Timon,40.0,0.45539999999999997,20.4,0.0,11.11,11.11,2026-09-09 20:53:55,OK,
MA,GD,14569758000150,7896004700427,Amoxicilina 500 mg Caixa 21 Cápsulas,Emmarka - MA,937.0,0.7475,35.82,0.0,9.04,9.04,2026-09-09 20:53:59,OK,
MA,GD,14569758000150,7896004700427,Amoxicilina 500 mg Caixa 21 Cápsulas,Nazaria - MA - Imperatriz,852.0,0.7475,35.82,0.0,9.04,9.04,2026-09-09 20:53:59,OK,
MA,GD,14569758000150,7896004700427,Amoxicilina 500 mg Caixa 21 Cápsulas,Nazaria - MA - Timon,799.0,0.7475,35.82,0.0,9.04,9.04,2026-09-09 20:53:59,OK,
MA,GD,14569758000150,7896004700427,Amoxicilina 500 mg Caixa 21 Cápsulas,Total - MA,171.0,0.7475,35.82,0.0,9.05,9.04,2026-09-09 20:53:59,OK,
MA,GD,14569758000150,7896004700427,Amoxicilina 500 mg Caixa 21 Cápsulas,Panpharma - CE,516.0,0.7313,35.82,0.0,9.62,9.62,2026-09-09 20:53:59,OK,
MA,GD,14569758000150,7896004700441,Amoxicilina 500 mg Caixa 15 Cápsulas,Panpharma - CE,395.0,0.6563,26.39,0.0,9.07,9.07,2026-09-09 20:54:04,OK,
MA,GD,14569758000150,7896004700441,Amoxicilina 500 mg Caixa 15 Cápsulas,Nazaria - MA - Timon,167.0,0.6512,26.39,0.0,9.2,9.2,2026-09-09 20:54:04,OK,
MA,GD,14569758000150,7896004700441,Amoxicilina 500 mg Caixa 15 Cápsulas,Emmarka - MA,89.0,0.6512,26.39,0.0,9.2,9.2,2026-09-09 20:54:04,OK,
MA,GD,14569758000150,7896004700441,Amoxicilina 500 mg Caixa 15 Cápsulas,Nazaria - MA - Imperatriz,22.0,0.6512,26.39,0.0,9.2,9.2,2026-09-09 20:54:04,OK,
MA,GD,14569758000150,7896004700458,Amoxicilina 250mg/5ml Frasco 150 ml Pó Para Suspensão Oral + Copo,Panpharma - CE,344.0,0.625,29.03,0.0,10.89,10.89,2026-09-09 20:54:09,OK,
MA,GD,14569758000150,7896004700458,Amoxicilina 250mg/5ml Frasco 150 ml Pó Para Suspensão Oral + Copo,Emmarka - MA,860.0,0.608,29.03,0.0,11.38,11.38,2026-09-09 20:54:09,OK,
MA,GD,14569758000150,7896004700458,Amoxicilina 250mg/5ml Frasco 150 ml Pó Para Suspensão Oral + Copo,Nazaria - MA - Timon,583.0,0.608,29.03,0.0,11.38,11.38,2026-09-09 20:54:09,OK,
MA,GD,14569758000150,7896004700458,Amoxicilina 250mg/5ml Frasco 150 ml Pó Para Suspensão Oral + Copo,Total - MA,269.0,0.608,29.03,0.0,11.38,11.38,2026-09-09 20:54:09,OK,
MA,GD,14569758000150,7896004700458,Amoxicilina 250mg/5ml Frasco 150 ml Pó Para Suspensão Oral + Copo,Nazaria - MA - Imperatriz,114.0,0.608,29.03,0.0,11.38,11.38,2026-09-09 20:54:09,OK,
MA,GD,14569758000150,7896004700526,Enalapril 5 mg Caixa 30 Comprimidos,Panpharma - CE,1485.0,0.8634999999999999,22.23,0.0,3.03,3.03,2026-09-09 20:54:12,OK,
MA,GD,14569758000150,7896004700526,Enalapril 5 mg Caixa 30 Comprimidos,Emmarka - MA,195.0,0.8504999999999999,22.23,0.0,3.32,3.32,2026-09-09 20:54:12,OK,
MA,GD,14569758000150,7896004700533,Enalapril 10 mg Caixa 30 Comprimidos,Panpharma - CE,5423.0,0.884,21.26,0.0,2.47,2.47,2026-09-09 20:54:17,OK,
MA,GD,14569758000150,7896004700533,Enalapril 10 mg Caixa 30 Comprimidos,Nazaria - MA - Timon,413.0,0.8621,21.26,0.0,2.93,2.93,2026-09-09 20:54:17,OK,
MA,GD,14569758000150,7896004700533,Enalapril 10 mg Caixa 30 Comprimidos,Nazaria - MA - Imperatriz,143.0,0.8621,21.26,0.0,2.93,2.93,2026-09-09 20:54:17,OK,
MA,GD,14569758000150,7896004700533,Enalapril 10 mg Caixa 30 Comprimidos,Emmarka - MA,143.0,0.8621,21.26,0.0,2.93,2.93,2026-09-09 20:54:17,OK,
MA,GD,14569758000150,7896004700533,Enalapril 10 mg Caixa 30 Comprimidos,Total - MA,127.0,0.8621,21.26,0.0,2.93,2.93,2026-09-09 20:54:17,OK,
MA,GD,14569758000150,7896004700540,Enalapril 20 mg Caixa 30 Comprimidos,Panpharma - CE,1416.0,0.8953,32.3,0.0,3.38,3.38,2026-09-09 20:54:21,OK,
MA,GD,14569758000150,7896004700540,Enalapril 20 mg Caixa 30 Comprimidos,Emmarka - MA,586.0,0.8752,32.3,0.0,4.03,4.03,2026-09-09 20:54:21,OK,
MA,GD,14569758000150,7896004700540,Enalapril 20 mg Caixa 30 Comprimidos,Nazaria - MA - Timon,278.0,0.8752,32.3,0.0,4.03,4.03,2026-09-09 20:54:21,OK,
MA,GD,14569758000150,7896004700564,,,0.0,0.0,0.0,0.0,0.0,0.0,2026-09-09 20:54:33,ERRO,Message: Nenhuma distribuidora pôde ser lida no card do produto.
MA,GD,14569758000150,7896004700571,Carbocisteína 50 mg/ml Frasco 100 ml Xarope Adulto,Panpharma - CE,35.0,0.5647,32.94,0.0,14.34,14.34,2026-09-09 20:54:38,OK,
MA,GD,14569758000150,7896004700571,Carbocisteína 50 mg/ml Frasco 100 ml Xarope Adulto,Emmarka - MA,166.0,0.5484,32.94,0.0,14.88,14.88,2026-09-09 20:54:38,OK,
MA,GD,14569758000150,7896004700571,Carbocisteína 50 mg/ml Frasco 100 ml Xarope Adulto,Total - MA,161.0,0.5484,32.94,0.0,14.88,14.88,2026-09-09 20:54:38,OK,
MA,GD,14569758000150,7896004700571,Carbocisteína 50 mg/ml Frasco 100 ml Xarope Adulto,Nazaria - MA - Timon,59.0,0.5484,32.94,0.0,14.88,14.88,2026-09-09 20:54:38,OK,
MA,GD,14569758000150,7896004700571,Carbocisteína 50 mg/ml Frasco 100 ml Xarope Adulto,Nazaria - MA - Imperatriz,38.0,0.5484,32.94,0.0,14.88,14.88,2026-09-09 20:54:38,OK,
MA,GD,14569758000150,7896004700656,Betametasona + Ácido Salicílico 0.5+30 mg/g Bisnaga 30 g Pomada,Panpharma - CE,396.0,0.7652,23.16,0.0,5.44,5.44,2026-09-09 20:54:42,OK,
MA,GD,14569758000150,7896004700656,Betametasona + Ácido Salicílico 0.5+30 mg/g Bisnaga 30 g Pomada,Nazaria - MA - Imperatriz,189.0,0.7472,23.16,0.0,5.85,5.85,2026-09-09 20:54:42,OK,
MA,GD,14569758000150,7896004700656,Betametasona + Ácido Salicílico 0.5+30 mg/g Bisnaga 30 g Pomada,Emmarka - MA,162.0,0.7472,23.16,0.0,5.85,5.85,2026-09-09 20:54:42,OK,
MA,GD,14569758000150,7896004700953,Pentoxifilina 400 mg Caixa 20 Comprimidos Revestidos,Panpharma - CE,173.0,0.1804,53.08,0.0,43.5,43.5,2026-09-09 20:54:47,OK,
MA,GD,14569758000150,7896004700953,Pentoxifilina 400 mg Caixa 20 Comprimidos Revestidos,Emmarka - MA,45.0,0.17309999999999998,53.08,0.0,43.89,43.89,2026-09-09 20:54:47,OK,
MA,GD,14569758000150,7896004700953,Pentoxifilina 400 mg Caixa 20 Comprimidos Revestidos,Nazaria - MA - Imperatriz,29.0,0.17309999999999998,53.08,0.0,43.89,43.89,2026-09-09 20:54:47,OK,
MA,GD,14569758000150,7896004700953,Pentoxifilina 400 mg Caixa 20 Comprimidos Revestidos,Nazaria - MA - Timon,11.0,0.17309999999999998,53.08,0.0,43.89,43.89,2026-09-09 20:54:47,OK,
MA,GD,14569758000150,7896004700984,Cetoconazol 20 mg/g Frasco 100 ml Shampoo Anticaspa,Panpharma - CE,48.0,0.644,63.03,0.0,22.44,22.44,2026-09-09 20:54:51,OK,
MA,GD,14569758000150,7896004700984,Cetoconazol 20 mg/g Frasco 100 ml Shampoo Anticaspa,Nazaria - MA - Timon,75.0,0.6261,63.03,0.0,23.57,23.57,2026-09-09 20:54:51,OK,
MA,GD,14569758000150,7896004700984,Cetoconazol 20 mg/g Frasco 100 ml Shampoo Anticaspa,Total - MA,256.0,0.6138,63.03,0.0,24.34,24.34,2026-09-09 20:54:51,OK,
MA,GD,14569758000150,7896004700991,Claritromicina 500 mg Caixa 14 Comprimidos Revestidos,Nazaria - MA - Imperatriz,231.0,0.6265999999999999,223.73,0.0,83.54,83.54,2026-09-09 20:54:54,OK,
MA,GD,14569758000150,7896004700991,Claritromicina 500 mg Caixa 14 Comprimidos Revestidos,Panpharma - CE,33.0,0.6114999999999999,223.73,0.0,86.92,86.92,2026-09-09 20:54:54,OK,
MA,GD,14569758000150,7896004701035,Terbinafina 10 mg/g Bisnaga 20 g Creme,Nazaria - MA - Timon,646.0,0.5123,36.28,0.0,17.69,17.69,2026-09-09 20:54:59,OK,
MA,GD,14569758000150,7896004701035,Terbinafina 10 mg/g Bisnaga 20 g Creme,Nazaria - MA - Imperatriz,457.0,0.5123,36.28,0.0,17.69,17.69,2026-09-09 20:54:59,OK,
MA,GD,14569758000150,7896004701035,Terbinafina 10 mg/g Bisnaga 20 g Creme,Total - MA,88.0,0.5123,36.28,0.0,17.69,17.69,2026-09-09 20:54:59,OK,
MA,GD,14569758000150,7896004701035,Terbinafina 10 mg/g Bisnaga 20 g Creme,Emmarka - MA,10.0,0.5123,36.28,0.0,17.69,17.69,2026-09-09 20:54:59,OK,
MA,GD,14569758000150,7896004701035,Terbinafina 10 mg/g Bisnaga 20 g Creme,Panpharma - CE,207.0,0.4546,36.28,0.0,19.79,19.79,2026-09-09 20:54:59,OK,
MA,GD,14569758000150,7896004701172,Claritromicina 500 mg Caixa 10 Comprimidos Revestidos,Total - MA,47.0,0.7676999999999999,152.65,0.0,35.46,35.46,2026-09-09 20:55:04,OK,
MA,GD,14569758000150,7896004701172,Claritromicina 500 mg Caixa 10 Comprimidos Revestidos,Panpharma - CE,11.0,0.6733,152.65,0.0,49.87,49.87,2026-09-09 20:55:04,OK,
MA,GD,14569758000150,7896004701172,Claritromicina 500 mg Caixa 10 Comprimidos Revestidos,Emmarka - MA,107.0,0.6554000000000001,152.65,0.0,52.6,52.6,2026-09-09 20:55:04,OK,
MA,GD,14569758000150,7896004701172,Claritromicina 500 mg Caixa 10 Comprimidos Revestidos,Nazaria - MA - Imperatriz,23.0,0.6554000000000001,152.65,0.0,52.6,52.6,2026-09-09 20:55:04,OK,
MA,GD,14569758000150,7896004701233,Bromoprida 4 mg/ml Frasco 20 ml Gotas,Panpharma - CE,1817.0,0.7240000000000001,19.9,0.0,5.49,5.49,2026-09-09 20:55:08,OK,
MA,GD,14569758000150,7896004701233,Bromoprida 4 mg/ml Frasco 20 ml Gotas,Total - MA,23.0,0.7193,19.89,0.0,5.58,5.58,2026-09-09 20:55:08,OK,
MA,GD,14569758000150,7896004701233,Bromoprida 4 mg/ml Frasco 20 ml Gotas,Emmarka - MA,2254.0,0.7193,19.9,0.0,5.59,5.59,2026-09-09 20:55:08,OK,
MA,GD,14569758000150,7896004701233,Bromoprida 4 mg/ml Frasco 20 ml Gotas,Nazaria - MA - Imperatriz,2107.0,0.7193,19.9,0.0,5.59,5.59,2026-09-09 20:55:08,OK,
MA,GD,14569758000150,7896004701233,Bromoprida 4 mg/ml Frasco 20 ml Gotas,Nazaria - MA - Timon,1801.0,0.7193,19.9,0.0,5.59,5.59,2026-09-09 20:55:08,OK,
MA,GD,14569758000150,7896004701288,Hidróxido De Alumínio 61.5 mg/ml Frasco 240 ml Suspensão Oral,Panpharma - CE,428.0,0.2412,22.21,0.0,16.85,16.85,2026-09-09 20:55:13,OK,
MA,GD,14569758000150,7896004701288,Hidróxido De Alumínio 61.5 mg/ml Frasco 240 ml Suspensão Oral,Emmarka - MA,865.0,0.2232,22.21,0.0,17.25,17.25,2026-09-09 20:55:13,OK,
MA,GD,14569758000150,7896004701288,Hidróxido De Alumínio 61.5 mg/ml Frasco 240 ml Suspensão Oral,Nazaria - MA - Timon,747.0,0.2232,22.21,0.0,17.25,17.25,2026-09-09 20:55:13,OK,
MA,GD,14569758000150,7896004701288,Hidróxido De Alumínio 61.5 mg/ml Frasco 240 ml Suspensão Oral,Nazaria - MA - Imperatriz,571.0,0.2232,22.21,0.0,17.25,17.25,2026-09-09 20:55:13,OK,
MA,GD,14569758000150,7896004701288,Hidróxido De Alumínio 61.5 mg/ml Frasco 240 ml Suspensão Oral,Total - MA,438.0,0.22089999999999999,22.21,0.0,17.3,17.3,2026-09-09 20:55:13,OK,
MA,GD,14569758000150,7896004701301,Clomipramina 25 mg Caixa 20 Comprimidos Revestidos,Emmarka - MA,4.0,0.2843,33.01,0.0,23.63,23.63,2026-09-09 20:55:17,OK,
MA,GD,14569758000150,7896004701462,Lorazepam 2 mg Caixa 20 Comprimidos,Nazaria - MA - Timon,95.0,0.8297,18.27,0.0,3.11,3.11,2026-09-09 20:55:21,OK,
MA,GD,14569758000150,7896004701462,Lorazepam 2 mg Caixa 20 Comprimidos,Emmarka - MA,43.0,0.8297,18.27,0.0,3.11,3.11,2026-09-09 20:55:21,OK,
MA,GD,14569758000150,7896004701462,Lorazepam 2 mg Caixa 20 Comprimidos,Panpharma - CE,63.0,0.8109000000000001,18.27,0.0,3.45,3.45,2026-09-09 20:55:21,OK,
MA,GD,14569758000150,7896004701820,Diclofenaco Potássico 50 mg Caixa 20 Comprimidos Revestidos,Nazaria - MA - Timon,2101.0,0.8924,23.31,0.0,2.51,2.51,2026-09-09 20:55:25,OK,
MA,GD,14569758000150,7896004701820,Diclofenaco Potássico 50 mg Caixa 20 Comprimidos Revestidos,Emmarka - MA,761.0,0.8924,23.31,0.0,2.51,2.51,2026-09-09 20:55:25,OK,
MA,GD,14569758000150,7896004701820,Diclofenaco Potássico 50 mg Caixa 20 Comprimidos Revestidos,Nazaria - MA - Imperatriz,262.0,0.8924,23.31,0.0,2.51,2.51,2026-09-09 20:55:25,OK,
MA,GD,14569758000150,7896004701820,Diclofenaco Potássico 50 mg Caixa 20 Comprimidos Revestidos,Panpharma - CE,99.0,0.8581,23.31,0.0,3.31,3.31,2026-09-09 20:55:25,OK,
MA,GD,14569758000150,7896004701943,Sinvastatina 10 mg Caixa 30 Comprimidos Revestidos,Panpharma - CE,63.0,0.8170999999999999,26.03,0.0,4.76,4.76,2026-09-09 20:55:29,OK,
MA,GD,14569758000150,7896004701943,Sinvastatina 10 mg Caixa 30 Comprimidos Revestidos,Emmarka - MA,39.0,0.8165,26.03,0.0,4.78,4.78,2026-09-09 20:55:29,OK,
MA,GD,14569758000150,7896004701943,Sinvastatina 10 mg Caixa 30 Comprimidos Revestidos,Nazaria - MA - Imperatriz,34.0,0.8165,26.03,0.0,4.78,4.78,2026-09-09 20:55:29,OK,
MA,GD,14569758000150,7896004701967,Omeprazol Magnésico 20 mg Caixa 28 Cápsulas,Panpharma - CE,99.0,0.8612000000000001,28.7,0.0,3.98,3.98,2026-09-09 20:55:34,OK,
MA,GD,14569758000150,7896004701967,Omeprazol Magnésico 20 mg Caixa 28 Cápsulas,Nazaria - MA - Timon,444.0,0.8432999999999999,28.7,0.0,4.5,4.5,2026-09-09 20:55:34,OK,
MA,GD,14569758000150,7896004701967,Omeprazol Magnésico 20 mg Caixa 28 Cápsulas,Nazaria - MA - Imperatriz,111.0,0.8432999999999999,28.7,0.0,4.5,4.5,2026-09-09 20:55:34,OK,
MA,GD,14569758000150,7896004701967,Omeprazol Magnésico 20 mg Caixa 28 Cápsulas,Emmarka - MA,233.0,0.8303,28.7,0.0,4.87,4.87,2026-09-09 20:55:34,OK,
MA,GD,14569758000150,7896004701967,Omeprazol Magnésico 20 mg Caixa 28 Cápsulas,Total - MA,75.0,0.8119,28.7,0.0,5.4,5.4,2026-09-09 20:55:34,OK,
MA,GD,14569758000150,7896004702032,Nistatina 100000 ui/ml Frasco 50 ml Suspensão Oral,Panpharma - CE,110.0,0.7181000000000001,32.12,0.0,9.05,9.05,2026-09-09 20:55:39,OK,
MA,GD,14569758000150,7896004702032,Nistatina 100000 ui/ml Frasco 50 ml Suspensão Oral,Nazaria - MA - Imperatriz,239.0,0.6809000000000001,32.12,0.0,10.25,10.25,2026-09-09 20:55:39,OK,
MA,GD,14569758000150,7896004702032,Nistatina 100000 ui/ml Frasco 50 ml Suspensão Oral,Nazaria - MA - Timon,202.0,0.6809000000000001,32.12,0.0,10.25,10.25,2026-09-09 20:55:39,OK,
MA,GD,14569758000150,7896004702032,Nistatina 100000 ui/ml Frasco 50 ml Suspensão Oral,Emmarka - MA,149.0,0.6809000000000001,32.12,0.0,10.25,10.25,2026-09-09 20:55:39,OK,
MA,GD,14569758000150,7896004702032,Nistatina 100000 ui/ml Frasco 50 ml Suspensão Oral,Total - MA,145.0,0.6808,32.11,0.0,10.25,10.25,2026-09-09 20:55:39,OK,
MA,GD,14569758000150,7896004702049,Benzoilmetronidazol 40 mg/ml Frasco 120 ml Suspensão Oral,Nazaria - MA - Imperatriz,359.0,0.22190000000000001,14.55,0.0,11.32,11.32,2026-09-09 20:55:43,OK,
MA,GD,14569758000150,7896004702049,Benzoilmetronidazol 40 mg/ml Frasco 120 ml Suspensão Oral,Nazaria - MA - Timon,153.0,0.22190000000000001,14.55,0.0,11.32,11.32,2026-09-09 20:55:43,OK,
MA,GD,14569758000150,7896004702049,Benzoilmetronidazol 40 mg/ml Frasco 120 ml Suspensão Oral,Emmarka - MA,39.0,0.22190000000000001,14.55,0.0,11.32,11.32,2026-09-09 20:55:43,OK,
MA,GD,14569758000150,7896004702049,Benzoilmetronidazol 40 mg/ml Frasco 120 ml Suspensão Oral,Total - MA,104.0,0.2195,14.55,0.0,11.35,11.35,2026-09-09 20:55:43,OK,
MA,GD,14569758000150,7896004702452,Albendazol 40 mg/ml Frasco 10 ml Suspensão Oral,Emmarka - MA,3511.0,0.5512,10.97,0.0,4.92,4.92,2026-09-09 20:55:47,OK,
MA,GD,14569758000150,7896004702452,Albendazol 40 mg/ml Frasco 10 ml Suspensão Oral,Nazaria - MA - Timon,2638.0,0.5512,10.97,0.0,4.92,4.92,2026-09-09 20:55:47,OK,
MA,GD,14569758000150,7896004702452,Albendazol 40 mg/ml Frasco 10 ml Suspensão Oral,Nazaria - MA - Imperatriz,1855.0,0.5512,10.97,0.0,4.92,4.92,2026-09-09 20:55:47,OK,
MA,GD,14569758000150,7896004702452,Albendazol 40 mg/ml Frasco 10 ml Suspensão Oral,Panpharma - CE,327.0,0.5366,10.97,0.0,5.08,5.08,2026-09-09 20:55:47,OK,
MA,GD,14569758000150,7896004703275,Cefadroxila 500 mg Caixa 8 Cápsulas,Panpharma - CE,621.0,0.7615999999999999,56.44,0.0,13.46,13.46,2026-09-09 20:55:52,OK,
MA,GD,14569758000150,7896004703275,Cefadroxila 500 mg Caixa 8 Cápsulas,Nazaria - MA - Timon,1437.0,0.7469,56.44,0.0,14.28,14.28,2026-09-09 20:55:52,OK,
MA,GD,14569758000150,7896004703275,Cefadroxila 500 mg Caixa 8 Cápsulas,Nazaria - MA - Imperatriz,407.0,0.7469,56.44,0.0,14.28,14.28,2026-09-09 20:55:52,OK,
MA,GD,14569758000150,7896004703275,Cefadroxila 500 mg Caixa 8 Cápsulas,Emmarka - MA,390.0,0.7469,56.44,0.0,14.28,14.28,2026-09-09 20:55:52,OK,
MA,GD,14569758000150,7896004703275,Cefadroxila 500 mg Caixa 8 Cápsulas,Total - MA,208.0,0.7469,56.44,0.0,14.29,14.28,2026-09-09 20:55:52,OK,
MA,GD,14569758000150,7896004703305,,,0.0,0.0,0.0,0.0,0.0,0.0,2026-09-09 20:56:04,ERRO,Message: Nenhuma distribuidora pôde ser lida no card do produto.
MA,GD,14569758000150,7896004703312,Anlodipino 10 mg Caixa 30 Comprimidos,Nazaria - MA - Imperatriz,209.0,0.8771,53.69,0.0,6.6,6.6,2026-09-09 20:56:09,OK,
MA,GD,14569758000150,7896004703312,Anlodipino 10 mg Caixa 30 Comprimidos,Nazaria - MA - Timon,152.0,0.8771,53.69,0.0,6.6,6.6,2026-09-09 20:56:09,OK,
MA,GD,14569758000150,7896004703312,Anlodipino 10 mg Caixa 30 Comprimidos,Emmarka - MA,103.0,0.8771,53.69,0.0,6.6,6.6,2026-09-09 20:56:09,OK,
MA,GD,14569758000150,7896004703312,Anlodipino 10 mg Caixa 30 Comprimidos,Panpharma - CE,45.0,0.8691,53.69,0.0,7.03,7.03,2026-09-09 20:56:09,OK,
MA,GD,14569758000150,7896004703336,Fluconazol 150 mg Caixa 1 Cápsula,Total - MA,3.0,0.8273,12.58,0.0,2.17,2.17,2026-09-09 20:56:12,OK,
MA,GD,14569758000150,7896004703343,Fluconazol 150 mg Caixa 2 Cápsulas,Emmarka - MA,1779.0,0.6901999999999999,21.17,0.0,6.56,6.56,2026-09-09 20:56:17,OK,
MA,GD,14569758000150,7896004703343,Fluconazol 150 mg Caixa 2 Cápsulas,Nazaria - MA - Timon,268.0,0.6901999999999999,21.17,0.0,6.56,6.56,2026-09-09 20:56:17,OK,
MA,GD,14569758000150,7896004703343,Fluconazol 150 mg Caixa 2 Cápsulas,Nazaria - MA - Imperatriz,196.0,0.6901999999999999,21.17,0.0,6.56,6.56,2026-09-09 20:56:17,OK,
MA,GD,14569758000150,7896004703343,Fluconazol 150 mg Caixa 2 Cápsulas,Total - MA,83.0,0.6901999999999999,21.17,0.0,6.56,6.56,2026-09-09 20:56:17,OK,
MA,GD,14569758000150,7896004703381,,,0.0,0.0,0.0,0.0,0.0,0.0,2026-09-09 20:56:29,ERRO,Message: Nenhuma distribuidora pôde ser lida no card do produto.
MA,GD,14569758000150,7896004703398,Dipirona Monoidratada 500 mg Display 240 Comprimidos,Emmarka - MA,2380.0,0.7437,195.3,0.0,50.06,50.06,2026-09-09 20:56:33,OK,
MA,GD,14569758000150,7896004703398,Dipirona Monoidratada 500 mg Display 240 Comprimidos,Nazaria - MA - Timon,204.0,0.7437,195.3,0.0,50.06,50.06,2026-09-09 20:56:33,OK,
MA,GD,14569758000150,7896004703398,Dipirona Monoidratada 500 mg Display 240 Comprimidos,Nazaria - MA - Imperatriz,179.0,0.7437,195.3,0.0,50.06,50.06,2026-09-09 20:56:33,OK,
MA,GD,14569758000150,7896004703398,Dipirona Monoidratada 500 mg Display 240 Comprimidos,Total - MA,18.0,0.7437,195.3,0.0,50.06,50.06,2026-09-09 20:56:33,OK,
MA,GD,14569758000150,7896004703404,Amoxicilina + Clavulanato 500+125 mg Caixa 12 Comprimidos Revestidos,Panpharma - CE,598.0,0.6731999999999999,91.51,0.0,29.91,29.91,2026-09-09 20:56:38,OK,
MA,GD,14569758000150,7896004703404,Amoxicilina + Clavulanato 500+125 mg Caixa 12 Comprimidos Revestidos,Emmarka - MA,51.0,0.6552,91.51,0.0,31.55,31.55,2026-09-09 20:56:38,OK,
MA,GD,14569758000150,7896004703404,Amoxicilina + Clavulanato 500+125 mg Caixa 12 Comprimidos Revestidos,Nazaria - MA - Timon,22.0,0.6552,91.51,0.0,31.55,31.55,2026-09-09 20:56:38,OK,
MA,GD,14569758000150,7896004703404,Amoxicilina + Clavulanato 500+125 mg Caixa 12 Comprimidos Revestidos,Total - MA,115.0,0.6378,91.51,0.0,33.15,33.14,2026-09-09 20:56:38,OK,
MA,GD,14569758000150,7896004703411,Amoxicilina + Clavulanato 500+125 mg Caixa 18 Comprimidos Revestidos,Panpharma - CE,81.0,0.6733,136.91,0.0,44.73,44.73,2026-09-09 20:56:43,OK,
MA,GD,14569758000150,7896004703411,Amoxicilina + Clavulanato 500+125 mg Caixa 18 Comprimidos Revestidos,Emmarka - MA,73.0,0.6553,136.91,0.0,47.19,47.19,2026-09-09 20:56:43,OK,
MA,GD,14569758000150,7896004703411,Amoxicilina + Clavulanato 500+125 mg Caixa 18 Comprimidos Revestidos,Nazaria - MA - Imperatriz,25.0,0.6553,136.91,0.0,47.19,47.19,2026-09-09 20:56:43,OK,
MA,GD,14569758000150,7896004703411,Amoxicilina + Clavulanato 500+125 mg Caixa 18 Comprimidos Revestidos,Nazaria - MA - Timon,22.0,0.6553,136.91,0.0,47.19,47.19,2026-09-09 20:56:43,OK,
MA,GD,14569758000150,7896004703411,Amoxicilina + Clavulanato 500+125 mg Caixa 18 Comprimidos Revestidos,Total - MA,47.0,0.6368,136.91,0.0,49.72,49.72,2026-09-09 20:56:43,OK,
MA,GD,14569758000150,7896004703428,Amoxicilina + Clavulanato 250+62.5mg/5ml Frasco 75 ml Pó P/ Susp. Oral + Copo,Total - MA,54.0,0.5945,63.84,0.0,25.89,25.89,2026-09-09 20:56:48,OK,
MA,GD,14569758000150,7896004703428,Amoxicilina + Clavulanato 250+62.5mg/5ml Frasco 75 ml Pó P/ Susp. Oral + Copo,Nazaria - MA - Imperatriz,36.0,0.5945,63.84,0.0,25.89,25.89,2026-09-09 20:56:48,OK,
MA,GD,14569758000150,7896004703428,Amoxicilina + Clavulanato 250+62.5mg/5ml Frasco 75 ml Pó P/ Susp. Oral + Copo,Nazaria - MA - Timon,9.0,0.5945,63.84,0.0,25.89,25.89,2026-09-09 20:56:48,OK,
MA,GD,14569758000150,7896004703428,Amoxicilina + Clavulanato 250+62.5mg/5ml Frasco 75 ml Pó P/ Susp. Oral + Copo,Emmarka - MA,7.0,0.5945,63.84,0.0,25.89,25.89,2026-09-09 20:56:48,OK,
MA,GD,14569758000150,7896004703428,Amoxicilina + Clavulanato 250+62.5mg/5ml Frasco 75 ml Pó P/ Susp. Oral + Copo,Panpharma - CE,90.0,0.49700000000000005,63.84,0.0,32.11,32.11,2026-09-09 20:56:48,OK,
MA,GD,14569758000150,7896004703466,,,0.0,0.0,0.0,0.0,0.0,0.0,2026-09-09 20:57:00,ERRO,Message: Nenhuma distribuidora pôde ser lida no card do produto.
MA,GD,14569758000150,7896004703473,Metildopa 500 mg Caixa 30 Comprimidos Revestidos,Nazaria - MA - Timon,990.0,0.12210000000000001,46.82,0.0,41.1,41.1,2026-09-09 20:57:05,OK,
MA,GD,14569758000150,7896004703473,Metildopa 500 mg Caixa 30 Comprimidos Revestidos,Nazaria - MA - Imperatriz,804.0,0.12210000000000001,46.82,0.0,41.1,41.1,2026-09-09 20:57:05,OK,
MA,GD,14569758000150,7896004703473,Metildopa 500 mg Caixa 30 Comprimidos Revestidos,Emmarka - MA,429.0,0.12210000000000001,46.82,0.0,41.1,41.1,2026-09-09 20:57:05,OK,
MA,GD,14569758000150,7896004703473,Metildopa 500 mg Caixa 30 Comprimidos Revestidos,Total - MA,1081.0,0.12210000000000001,46.82,0.0,41.11,41.1,2026-09-09 20:57:05,OK,
MA,GD,14569758000150,7896004703473,Metildopa 500 mg Caixa 30 Comprimidos Revestidos,Panpharma - CE,123.0,0.0801,46.82,0.0,43.07,43.07,2026-09-09 20:57:05,OK,
MA,GD,14569758000150,7896004703480,Metildopa 250 mg Caixa 30 Comprimidos Revestidos,Total - MA,1192.0,0.12210000000000001,25.14,0.0,22.07,22.07,2026-09-09 20:57:09,OK,
MA,GD,14569758000150,7896004703480,Metildopa 250 mg Caixa 30 Comprimidos Revestidos,Nazaria - MA - Imperatriz,700.0,0.12210000000000001,25.14,0.0,22.07,22.07,2026-09-09 20:57:09,OK,
MA,GD,14569758000150,7896004703480,Metildopa 250 mg Caixa 30 Comprimidos Revestidos,Emmarka - MA,250.0,0.12210000000000001,25.14,0.0,22.07,22.07,2026-09-09 20:57:09,OK,
MA,GD,14569758000150,7896004703480,Metildopa 250 mg Caixa 30 Comprimidos Revestidos,Nazaria - MA - Timon,192.0,0.12210000000000001,25.14,0.0,22.07,22.07,2026-09-09 20:57:09,OK,
MA,GD,14569758000150,7896004703480,Metildopa 250 mg Caixa 30 Comprimidos Revestidos,Panpharma - CE,203.0,0.0801,25.14,0.0,23.13,23.13,2026-09-09 20:57:09,OK,
MA,GD,14569758000150,7896004703497,Claritromicina 250mg/5ml Frasco 60 ml Granulado Para Suspensão Oral + Diluente + Seringa,Panpharma - CE,14.0,0.2325,131.81,0.0,101.16,101.16,2026-09-09 20:57:14,OK,
MA,GD,14569758000150,7896004703497,Claritromicina 250mg/5ml Frasco 60 ml Granulado Para Suspensão Oral + Diluente + Seringa,Emmarka - MA,50.0,0.2146,131.81,0.0,103.52,103.52,2026-09-09 20:57:14,OK,
MA,GD,14569758000150,7896004703497,Claritromicina 250mg/5ml Frasco 60 ml Granulado Para Suspensão Oral + Diluente + Seringa,Nazaria - MA - Imperatriz,44.0,0.2146,131.81,0.0,103.52,103.52,2026-09-09 20:57:14,OK,
MA,GD,14569758000150,7896004703497,Claritromicina 250mg/5ml Frasco 60 ml Granulado Para Suspensão Oral + Diluente + Seringa,Nazaria - MA - Timon,26.0,0.2146,131.81,0.0,103.52,103.52,2026-09-09 20:57:14,OK,
MA,GD,14569758000150,7896004703497,Claritromicina 250mg/5ml Frasco 60 ml Granulado Para Suspensão Oral + Diluente + Seringa,Total - MA,20.0,0.1514,131.81,0.0,111.85,111.85,2026-09-09 20:57:14,OK,
MA,GD,14569758000150,7896004703565,Dexametasona 0.1 mg/ml Frasco 120 ml Elixir + Copo Dosador,Emmarka - MA,103.0,0.6636,16.57,0.0,5.57,5.57,2026-09-09 20:57:18,OK,
MA,GD,14569758000150,7896004703565,Dexametasona 0.1 mg/ml Frasco 120 ml Elixir + Copo Dosador,Total - MA,1652.0,0.6602,16.57,0.0,5.63,5.63,2026-09-09 20:57:18,OK,
MA,GD,14569758000150,7896004703596,Paracetamol 750 mg Caixa 20 Comprimidos Revestidos,Emmarka - MA,147.0,0.6422,20.01,0.0,7.16,7.16,2026-09-09 20:57:21,OK,
MA,GD,14569758000150,7896004703633,Lansoprazol 30 mg Caixa 28 Cápsulas de Liberação Retardada,Panpharma - CE,47.0,0.6664,115.95,0.0,38.68,38.68,2026-09-09 20:57:26,OK,
MA,GD,14569758000150,7896004703633,Lansoprazol 30 mg Caixa 28 Cápsulas de Liberação Retardada,Nazaria - MA - Timon,75.0,0.665,115.95,0.0,38.84,38.84,2026-09-09 20:57:26,OK,
MA,GD,14569758000150,7896004703633,Lansoprazol 30 mg Caixa 28 Cápsulas de Liberação Retardada,Emmarka - MA,50.0,0.665,115.95,0.0,38.84,38.84,2026-09-09 20:57:26,OK,
MA,GD,14569758000150,7896004703633,Lansoprazol 30 mg Caixa 28 Cápsulas de Liberação Retardada,Nazaria - MA - Imperatriz,22.0,0.665,115.95,0.0,38.84,38.84,2026-09-09 20:57:26,OK,
MA,GD,14569758000150,7896004703732,Sulfametoxazol+Trimetoprima 200+40mg/5ml Frasco 100 ml Susp. Oral + Copo,Panpharma - CE,1019.0,0.6504000000000001,15.96,0.0,5.58,5.58,2026-09-09 20:57:31,OK,
MA,GD,14569758000150,7896004703732,Sulfametoxazol+Trimetoprima 200+40mg/5ml Frasco 100 ml Susp. Oral + Copo,Nazaria - MA - Timon,5442.0,0.6325,15.96,0.0,5.87,5.87,2026-09-09 20:57:31,OK,
MA,GD,14569758000150,7896004703732,Sulfametoxazol+Trimetoprima 200+40mg/5ml Frasco 100 ml Susp. Oral + Copo,Emmarka - MA,5253.0,0.6325,15.96,0.0,5.87,5.87,2026-09-09 20:57:31,OK,
MA,GD,14569758000150,7896004703732,Sulfametoxazol+Trimetoprima 200+40mg/5ml Frasco 100 ml Susp. Oral + Copo,Nazaria - MA - Imperatriz,1333.0,0.6325,15.96,0.0,5.87,5.87,2026-09-09 20:57:31,OK,
MA,GD,14569758000150,7896004703732,Sulfametoxazol+Trimetoprima 200+40mg/5ml Frasco 100 ml Susp. Oral + Copo,Total - MA,698.0,0.6201,15.96,0.0,6.06,6.06,2026-09-09 20:57:31,OK,
MA,GD,14569758000150,7896004703794,Terbinafina 250 mg Caixa 14 Comprimidos,Panpharma - CE,44.0,0.7996,126.58,0.0,25.37,25.37,2026-09-09 20:57:35,OK,
MA,GD,14569758000150,7896004703794,Terbinafina 250 mg Caixa 14 Comprimidos,Emmarka - MA,98.0,0.7817000000000001,126.58,0.0,27.63,27.63,2026-09-09 20:57:35,OK,
MA,GD,14569758000150,7896004703794,Terbinafina 250 mg Caixa 14 Comprimidos,Nazaria - MA - Timon,60.0,0.7817000000000001,126.58,0.0,27.63,27.63,2026-09-09 20:57:35,OK,
MA,GD,14569758000150,7896004703794,Terbinafina 250 mg Caixa 14 Comprimidos,Nazaria - MA - Imperatriz,24.0,0.7817000000000001,126.58,0.0,27.63,27.63,2026-09-09 20:57:35,OK,
MA,GD,14569758000150,7896004703794,Terbinafina 250 mg Caixa 14 Comprimidos,Total - MA,465.0,0.7736,126.58,0.0,28.65,28.65,2026-09-09 20:57:35,OK,
MA,GD,14569758000150,7896004704036,Nimesulida 100 mg Caixa 12 Comprimidos,Panpharma - CE,3050.0,0.9183,19.18,0.0,1.57,1.57,2026-09-09 20:57:40,OK,
MA,GD,14569758000150,7896004704036,Nimesulida 100 mg Caixa 12 Comprimidos,Nazaria - MA - Imperatriz,4104.0,0.8804000000000001,19.18,0.0,2.29,2.29,2026-09-09 20:57:40,OK,
MA,GD,14569758000150,7896004704036,Nimesulida 100 mg Caixa 12 Comprimidos,Emmarka - MA,507.0,0.8804000000000001,19.18,0.0,2.29,2.29,2026-09-09 20:57:40,OK,
MA,GD,14569758000150,7896004704036,Nimesulida 100 mg Caixa 12 Comprimidos,Total - MA,333.0,0.8804000000000001,19.18,0.0,2.29,2.29,2026-09-09 20:57:40,OK,
MA,GD,14569758000150,7896004704036,Nimesulida 100 mg Caixa 12 Comprimidos,Nazaria - MA - Timon,284.0,0.8804000000000001,19.18,0.0,2.29,2.29,2026-09-09 20:57:40,OK,
MA,GD,14569758000150,7896004704043,Nimesulida 50 mg/ml Frasco 15 ml Gotas,Panpharma - CE,10.0,0.8599,28.49,0.0,3.99,3.99,2026-09-09 20:57:43,OK,
MA,GD,14569758000150,7896004704180,,,0.0,0.0,0.0,0.0,0.0,0.0,2026-09-09 20:57:56,ERRO,Message: Nenhuma distribuidora pôde ser lida no card do produto.
MA,GD,14569758000150,7896004704210,Carbamazepina 400 mg Caixa 20 Comprimidos,Emmarka - MA,39.0,0.2691,30.57,0.0,22.34,22.34,2026-09-09 20:57:59,OK,
MA,GD,14569758000150,7896004704326,Captopril 25 mg Caixa 30 Comprimidos,Panpharma - CE,2284.0,0.8695,13.51,0.0,1.76,1.76,2026-09-09 20:58:04,OK,
MA,GD,14569758000150,7896004704326,Captopril 25 mg Caixa 30 Comprimidos,Total - MA,1073.0,0.8558,13.51,0.0,1.95,1.95,2026-09-09 20:58:04,OK,
MA,GD,14569758000150,7896004704326,Captopril 25 mg Caixa 30 Comprimidos,Nazaria - MA - Timon,1012.0,0.8558,13.51,0.0,1.95,1.95,2026-09-09 20:58:04,OK,
MA,GD,14569758000150,7896004704326,Captopril 25 mg Caixa 30 Comprimidos,Nazaria - MA - Imperatriz,366.0,0.8558,13.51,0.0,1.95,1.95,2026-09-09 20:58:04,OK,
MA,GD,14569758000150,7896004704326,Captopril 25 mg Caixa 30 Comprimidos,Emmarka - MA,359.0,0.8558,13.51,0.0,1.95,1.95,2026-09-09 20:58:04,OK,
MA,GD,14569758000150,7896004704364,Cefalexina 250mg/5ml Frasco 100 ml Suspensão Oral + Copo,Total - MA,922.0,0.6184000000000001,57.14,0.0,21.8,21.8,2026-09-09 20:58:09,OK,
MA,GD,14569758000150,7896004704364,Cefalexina 250mg/5ml Frasco 100 ml Suspensão Oral + Copo,Emmarka - MA,250.0,0.6184000000000001,57.14,0.0,21.8,21.8,2026-09-09 20:58:09,OK,
MA,GD,14569758000150,7896004704364,Cefalexina 250mg/5ml Frasco 100 ml Suspensão Oral + Copo,Nazaria - MA - Imperatriz,225.0,0.6184000000000001,57.14,0.0,21.8,21.8,2026-09-09 20:58:09,OK,
MA,GD,14569758000150,7896004704364,Cefalexina 250mg/5ml Frasco 100 ml Suspensão Oral + Copo,Nazaria - MA - Timon,193.0,0.6184000000000001,57.14,0.0,21.8,21.8,2026-09-09 20:58:09,OK,
MA,GD,14569758000150,7896004704364,Cefalexina 250mg/5ml Frasco 100 ml Suspensão Oral + Copo,Panpharma - CE,16.0,0.6138,57.14,0.0,22.07,22.07,2026-09-09 20:58:09,OK,
MA,GD,14569758000150,7896004704586,,,0.0,0.0,0.0,0.0,0.0,0.0,2026-09-09 20:58:21,ERRO,Message: Nenhuma distribuidora pôde ser lida no card do produto.
MA,GD,14569758000150,7896004704593,Amoxicilina 400mg/5ml Frasco 100 ml Pó Para Suspensão Oral + Seringa,Panpharma - CE,127.0,0.5856,44.65,0.0,18.5,18.5,2026-09-09 20:58:25,OK,
MA,GD,14569758000150,7896004704593,Amoxicilina 400mg/5ml Frasco 100 ml Pó Para Suspensão Oral + Seringa,Emmarka - MA,139.0,0.5676,44.65,0.0,19.31,19.31,2026-09-09 20:58:25,OK,
MA,GD,14569758000150,7896004704593,Amoxicilina 400mg/5ml Frasco 100 ml Pó Para Suspensão Oral + Seringa,Nazaria - MA - Timon,100.0,0.5676,44.65,0.0,19.31,19.31,2026-09-09 20:58:25,OK,
MA,GD,14569758000150,7896004704593,Amoxicilina 400mg/5ml Frasco 100 ml Pó Para Suspensão Oral + Seringa,Total - MA,422.0,0.5472,44.65,0.0,20.22,20.22,2026-09-09 20:58:25,OK,
MA,GD,14569758000150,7896004704623,Dexclorfeniramina + Betametasona 0.4+0.05 mg/ml Frasco 120 ml Xarope,Panpharma - CE,1015.0,0.6758,21.16,0.0,6.86,6.86,2026-09-09 20:58:30,OK,
MA,GD,14569758000150,7896004704623,Dexclorfeniramina + Betametasona 0.4+0.05 mg/ml Frasco 120 ml Xarope,Nazaria - MA - Timon,2427.0,0.6579,21.16,0.0,7.24,7.24,2026-09-09 20:58:30,OK,
MA,GD,14569758000150,7896004704623,Dexclorfeniramina + Betametasona 0.4+0.05 mg/ml Frasco 120 ml Xarope,Nazaria - MA - Imperatriz,2169.0,0.6579,21.16,0.0,7.24,7.24,2026-09-09 20:58:30,OK,
MA,GD,14569758000150,7896004704623,Dexclorfeniramina + Betametasona 0.4+0.05 mg/ml Frasco 120 ml Xarope,Emmarka - MA,1772.0,0.6579,21.16,0.0,7.24,7.24,2026-09-09 20:58:30,OK,
MA,GD,14569758000150,7896004704623,Dexclorfeniramina + Betametasona 0.4+0.05 mg/ml Frasco 120 ml Xarope,Total - MA,65.0,0.6564,21.16,0.0,7.27,7.27,2026-09-09 20:58:30,OK,
MA,GD,14569758000150,7896004704692,Cefalexina 500 mg Caixa 10 Comprimidos Revestidos,Emmarka - MA,5537.0,0.6264,27.95,0.0,10.44,10.44,2026-09-09 20:58:35,OK,
MA,GD,14569758000150,7896004704692,Cefalexina 500 mg Caixa 10 Comprimidos Revestidos,Nazaria - MA - Timon,4127.0,0.6264,27.95,0.0,10.44,10.44,2026-09-09 20:58:35,OK,
MA,GD,14569758000150,7896004704692,Cefalexina 500 mg Caixa 10 Comprimidos Revestidos,Nazaria - MA - Imperatriz,2933.0,0.6264,27.95,0.0,10.44,10.44,2026-09-09 20:58:35,OK,
MA,GD,14569758000150,7896004704692,Cefalexina 500 mg Caixa 10 Comprimidos Revestidos,Panpharma - CE,289.0,0.5495,27.95,0.0,12.59,12.59,2026-09-09 20:58:35,OK,
MA,GD,14569758000150,7896004704999,Dexclorfeniramina 2mg/5ml Frasco 120 ml Solução Oral,Panpharma - CE,71.0,0.6914,20.89,0.0,6.45,6.45,2026-09-09 20:58:39,OK,
MA,GD,14569758000150,7896004704999,Dexclorfeniramina 2mg/5ml Frasco 120 ml Solução Oral,Emmarka - MA,201.0,0.6734,20.89,0.0,6.82,6.82,2026-09-09 20:58:39,OK,
MA,GD,14569758000150,7896004704999,Dexclorfeniramina 2mg/5ml Frasco 120 ml Solução Oral,Nazaria - MA - Timon,181.0,0.6734,20.89,0.0,6.82,6.82,2026-09-09 20:58:39,OK,
MA,GD,14569758000150,7896004704999,Dexclorfeniramina 2mg/5ml Frasco 120 ml Solução Oral,Nazaria - MA - Imperatriz,113.0,0.6734,20.89,0.0,6.82,6.82,2026-09-09 20:58:39,OK,
MA,GD,14569758000150,7896004705057,Diclofenaco Dietilamônio 11.6 mg/g Bisnaga 60 g Gel,Emmarka - MA,428.0,0.44439999999999996,15.48,0.0,8.6,8.6,2026-09-09 20:58:43,OK,
MA,GD,14569758000150,7896004705057,Diclofenaco Dietilamônio 11.6 mg/g Bisnaga 60 g Gel,Total - MA,332.0,0.44439999999999996,15.48,0.0,8.6,8.6,2026-09-09 20:58:43,OK,
MA,GD,14569758000150,7896004705057,Diclofenaco Dietilamônio 11.6 mg/g Bisnaga 60 g Gel,Nazaria - MA - Imperatriz,97.0,0.44439999999999996,15.48,0.0,8.6,8.6,2026-09-09 20:58:43,OK,
MA,GD,14569758000150,7896004705057,Diclofenaco Dietilamônio 11.6 mg/g Bisnaga 60 g Gel,Panpharma - CE,218.0,0.3282,15.48,0.0,10.4,10.4,2026-09-09 20:58:43,OK,
MA,GD,14569758000150,7896004705071,Piroxicam 20 mg Caixa 15 Cápsulas,Nazaria - MA - Imperatriz,1346.0,0.7519,27.38,0.0,6.79,6.79,2026-09-09 20:58:48,OK,
MA,GD,14569758000150,7896004705071,Piroxicam 20 mg Caixa 15 Cápsulas,Nazaria - MA - Timon,493.0,0.7519,27.38,0.0,6.79,6.79,2026-09-09 20:58:48,OK,
MA,GD,14569758000150,7896004705071,Piroxicam 20 mg Caixa 15 Cápsulas,Emmarka - MA,368.0,0.7519,27.38,0.0,6.79,6.79,2026-09-09 20:58:48,OK,
MA,GD,14569758000150,7896004705071,Piroxicam 20 mg Caixa 15 Cápsulas,Panpharma - CE,30.0,0.7381,27.38,0.0,7.17,7.17,2026-09-09 20:58:48,OK,
MA,GD,14569758000150,7896004705088,,,0.0,0.0,0.0,0.0,0.0,0.0,2026-09-09 20:59:00,ERRO,Message: Nenhuma distribuidora pôde ser lida no card do produto.
MA,GD,14569758000150,7896004705118,Cetoconazol + Betametasona 20+0.5 mg/g Bisnaga 30 g Pomada,Panpharma - CE,125.0,0.7868,26.85,0.0,5.72,5.72,2026-09-09 20:59:05,OK,
MA,GD,14569758000150,7896004705118,Cetoconazol + Betametasona 20+0.5 mg/g Bisnaga 30 g Pomada,Nazaria - MA - Imperatriz,129.0,0.7689,26.85,0.0,6.21,6.21,2026-09-09 20:59:05,OK,
MA,GD,14569758000150,7896004705118,Cetoconazol + Betametasona 20+0.5 mg/g Bisnaga 30 g Pomada,Nazaria - MA - Timon,66.0,0.7689,26.85,0.0,6.21,6.21,2026-09-09 20:59:05,OK,
MA,GD,14569758000150,7896004705118,Cetoconazol + Betametasona 20+0.5 mg/g Bisnaga 30 g Pomada,Emmarka - MA,220.0,0.7606999999999999,26.85,0.0,6.43,6.43,2026-09-09 20:59:05,OK,
MA,GD,14569758000150,7896004705118,Cetoconazol + Betametasona 20+0.5 mg/g Bisnaga 30 g Pomada,Total - MA,33.0,0.7481,26.85,0.0,6.76,6.76,2026-09-09 20:59:05,OK,
MA,GD,14569758000150,7896004705125,Cetoconazol + Betametasona 20+0.5 mg/g Bisnaga 30 g Creme,Panpharma - CE,307.0,0.7783,27.39,0.0,6.07,6.07,2026-09-09 20:59:09,OK,
MA,GD,14569758000150,7896004705125,Cetoconazol + Betametasona 20+0.5 mg/g Bisnaga 30 g Creme,Nazaria - MA - Timon,49.0,0.7603,27.39,0.0,6.57,6.57,2026-09-09 20:59:09,OK,
MA,GD,14569758000150,7896004705125,Cetoconazol + Betametasona 20+0.5 mg/g Bisnaga 30 g Creme,Nazaria - MA - Imperatriz,37.0,0.7603,27.39,0.0,6.57,6.57,2026-09-09 20:59:09,OK,
MA,GD,14569758000150,7896004705125,Cetoconazol + Betametasona 20+0.5 mg/g Bisnaga 30 g Creme,Emmarka - MA,325.0,0.7574,27.39,0.0,6.64,6.64,2026-09-09 20:59:09,OK,
MA,GD,14569758000150,7896004705132,Tioconazol + Tinidazol 20+30 mg/g Bisnaga 35 g Creme Vaginal + 7 Aplicadores,Emmarka - MA,61.0,0.7239,63.32,0.0,17.48,17.48,2026-09-09 20:59:13,OK,
MA,GD,14569758000150,7896004705323,,,0.0,0.0,0.0,0.0,0.0,0.0,2026-09-09 20:59:25,ERRO,Message: Nenhuma distribuidora pôde ser lida no card do produto.
MA,GD,14569758000150,7896004705330,Simeticona 75 mg/ml Frasco 15 ml Gotas,Panpharma - CE,1836.0,0.8443999999999999,23.57,0.0,3.67,3.67,2026-09-09 20:59:30,OK,
MA,GD,14569758000150,7896004705330,Simeticona 75 mg/ml Frasco 15 ml Gotas,Emmarka - MA,520.0,0.8367,23.57,0.0,3.85,3.85,2026-09-09 20:59:30,OK,
MA,GD,14569758000150,7896004705330,Simeticona 75 mg/ml Frasco 15 ml Gotas,Total - MA,441.0,0.8367,23.57,0.0,3.85,3.85,2026-09-09 20:59:30,OK,
MA,GD,14569758000150,7896004705330,Simeticona 75 mg/ml Frasco 15 ml Gotas,Nazaria - MA - Imperatriz,409.0,0.8367,23.57,0.0,3.85,3.85,2026-09-09 20:59:30,OK,
MA,GD,14569758000150,7896004705330,Simeticona 75 mg/ml Frasco 15 ml Gotas,Nazaria - MA - Timon,351.0,0.8367,23.57,0.0,3.85,3.85,2026-09-09 20:59:30,OK,
MA,GD,14569758000150,7896004705347,Secnidazol 450 mg Frasco 15 ml Pó Para Suspensão Oral,Emmarka - MA,2.0,0.1166,15.74,0.0,13.9,13.9,2026-09-09 20:59:33,OK,
MA,GD,14569758000150,7896004705477,Amoxicilina 500mg/5ml Frasco 150 ml Pó Para Suspensão Oral + Copo,Panpharma - CE,19.0,0.6341,67.29,0.0,24.62,24.62,2026-09-09 20:59:37,OK,
MA,GD,14569758000150,7896004705477,Amoxicilina 500mg/5ml Frasco 150 ml Pó Para Suspensão Oral + Copo,Emmarka - MA,36.0,0.6162,67.29,0.0,25.83,25.83,2026-09-09 20:59:37,OK,
MA,GD,14569758000150,7896004705477,Amoxicilina 500mg/5ml Frasco 150 ml Pó Para Suspensão Oral + Copo,Nazaria - MA - Imperatriz,7.0,0.6162,67.29,0.0,25.83,25.83,2026-09-09 20:59:37,OK,
MA,GD,14569758000150,7896004705583,Clortalidona 50 mg Caixa 30 Comprimidos,Emmarka - MA,93.0,0.1641,23.92,0.0,19.99,19.99,2026-09-09 20:59:42,OK,
MA,GD,14569758000150,7896004705583,Clortalidona 50 mg Caixa 30 Comprimidos,Nazaria - MA - Timon,85.0,0.1641,23.92,0.0,19.99,19.99,2026-09-09 20:59:42,OK,
MA,GD,14569758000150,7896004705583,Clortalidona 50 mg Caixa 30 Comprimidos,Nazaria - MA - Imperatriz,83.0,0.1641,23.92,0.0,19.99,19.99,2026-09-09 20:59:42,OK,
MA,GD,14569758000150,7896004705583,Clortalidona 50 mg Caixa 30 Comprimidos,Total - MA,295.0,0.1641,23.92,0.0,20.0,19.99,2026-09-09 20:59:42,OK,
MA,GD,14569758000150,7896004705583,Clortalidona 50 mg Caixa 30 Comprimidos,Panpharma - CE,46.0,0.1045,23.92,0.0,21.42,21.42,2026-09-09 20:59:42,OK,
MA,GD,14569758000150,7896004705590,Cetoconazol+Betametasona+Neomicina 20+0.5+2.5 mg/g Pomada Bisnaga 30 g,Panpharma - CE,159.0,0.7373000000000001,31.1,0.0,8.17,8.17,2026-09-09 20:59:47,OK,
MA,GD,14569758000150,7896004705590,Cetoconazol+Betametasona+Neomicina 20+0.5+2.5 mg/g Pomada Bisnaga 30 g,Emmarka - MA,294.0,0.7249,31.1,0.0,8.56,8.56,2026-09-09 20:59:47,OK,
MA,GD,14569758000150,7896004705590,Cetoconazol+Betametasona+Neomicina 20+0.5+2.5 mg/g Pomada Bisnaga 30 g,Nazaria - MA - Timon,173.0,0.7249,31.1,0.0,8.56,8.56,2026-09-09 20:59:47,OK,
MA,GD,14569758000150,7896004705590,Cetoconazol+Betametasona+Neomicina 20+0.5+2.5 mg/g Pomada Bisnaga 30 g,Nazaria - MA - Imperatriz,118.0,0.7249,31.1,0.0,8.56,8.56,2026-09-09 20:59:47,OK,
MA,GD,14569758000150,7896004705590,Cetoconazol+Betametasona+Neomicina 20+0.5+2.5 mg/g Pomada Bisnaga 30 g,Total - MA,75.0,0.7248,31.1,0.0,8.56,8.56,2026-09-09 20:59:47,OK,
MA,GD,14569758000150,7896004705606,Cetoconazol+Betametasona+Neomicina 20+0.5+2.5 mg/g Creme Bisnaga 30 g,Nazaria - MA - Timon,103.0,0.6724,27.65,0.0,9.06,9.06,2026-09-09 20:59:51,OK,
MA,GD,14569758000150,7896004705606,Cetoconazol+Betametasona+Neomicina 20+0.5+2.5 mg/g Creme Bisnaga 30 g,Nazaria - MA - Imperatriz,65.0,0.6724,27.65,0.0,9.06,9.06,2026-09-09 20:59:51,OK,
MA,GD,14569758000150,7896004705606,Cetoconazol+Betametasona+Neomicina 20+0.5+2.5 mg/g Creme Bisnaga 30 g,Emmarka - MA,30.0,0.6724,27.65,0.0,9.06,9.06,2026-09-09 20:59:51,OK,
MA,GD,14569758000150,7896004705606,Cetoconazol+Betametasona+Neomicina 20+0.5+2.5 mg/g Creme Bisnaga 30 g,Panpharma - CE,76.0,0.6628000000000001,27.65,0.0,9.32,9.32,2026-09-09 20:59:51,OK,
MA,GD,14569758000150,7896004705736,Cetoprofeno 50 mg Caixa 24 Cápsulas,Panpharma - CE,36.0,0.7018000000000001,33.04,0.0,9.85,9.85,2026-09-09 20:59:55,OK,
MA,GD,14569758000150,7896004705736,Cetoprofeno 50 mg Caixa 24 Cápsulas,Nazaria - MA - Imperatriz,44.0,0.6839,33.04,0.0,10.44,10.44,2026-09-09 20:59:55,OK,
MA,GD,14569758000150,7896004705736,Cetoprofeno 50 mg Caixa 24 Cápsulas,Total - MA,541.0,0.6701999999999999,33.04,0.0,10.9,10.9,2026-09-09 20:59:55,OK,
MA,GD,14569758000150,7896004705781,Atenolol 25 mg Caixa 30 Comprimidos,Panpharma - CE,25.0,0.9129999999999999,19.42,0.0,1.69,1.69,2026-09-09 21:00:00,OK,
MA,GD,14569758000150,7896004705781,Atenolol 25 mg Caixa 30 Comprimidos,Emmarka - MA,621.0,0.8942,19.42,0.0,2.05,2.05,2026-09-09 21:00:00,OK,
MA,GD,14569758000150,7896004705781,Atenolol 25 mg Caixa 30 Comprimidos,Nazaria - MA - Imperatriz,174.0,0.8942,19.42,0.0,2.05,2.05,2026-09-09 21:00:00,OK,
MA,GD,14569758000150,7896004705781,Atenolol 25 mg Caixa 30 Comprimidos,Total - MA,281.0,0.8942,19.42,0.0,2.06,2.05,2026-09-09 21:00:00,OK,
MA,GD,14569758000150,7896004705866,Atenolol 50 mg Caixa 60 Comprimidos,Emmarka - MA,94.0,0.8633,56.78,0.0,7.76,7.76,2026-09-09 21:00:03,OK,
MA,GD,14569758000150,7896004705873,Atenolol 50 mg Caixa 30 Comprimidos,Panpharma - CE,490.0,0.8499,23.17,0.0,3.48,3.48,2026-09-09 21:00:08,OK,
MA,GD,14569758000150,7896004705873,Atenolol 50 mg Caixa 30 Comprimidos,Emmarka - MA,235.0,0.8398,23.17,0.0,3.71,3.71,2026-09-09 21:00:08,OK,
MA,GD,14569758000150,7896004705873,Atenolol 50 mg Caixa 30 Comprimidos,Total - MA,215.0,0.8398,23.17,0.0,3.71,3.71,2026-09-09 21:00:08,OK,
MA,GD,14569758000150,7896004705873,Atenolol 50 mg Caixa 30 Comprimidos,Nazaria - MA - Timon,102.0,0.8398,23.17,0.0,3.71,3.71,2026-09-09 21:00:08,OK,
MA,GD,14569758000150,7896004705873,Atenolol 50 mg Caixa 30 Comprimidos,Nazaria - MA - Imperatriz,47.0,0.8398,23.17,0.0,3.71,3.71,2026-09-09 21:00:08,OK,
MA,GD,14569758000150,7896004705880,Atenolol 25 mg Caixa 60 Comprimidos,Panpharma - CE,73.0,0.9163,37.03,0.0,3.1,3.1,2026-09-09 21:00:12,OK,
MA,GD,14569758000150,7896004705880,Atenolol 25 mg Caixa 60 Comprimidos,Emmarka - MA,138.0,0.8983,37.03,0.0,3.77,3.77,2026-09-09 21:00:12,OK,
MA,GD,14569758000150,7896004705880,Atenolol 25 mg Caixa 60 Comprimidos,Nazaria - MA - Imperatriz,16.0,0.8983,37.03,0.0,3.77,3.77,2026-09-09 21:00:12,OK,
MA,GD,14569758000150,7896004705989,Pantoprazol 20 mg Caixa 28 Comprimidos Revestidos Lib. Retardada,Emmarka - MA,279.0,0.7906,27.97,0.0,5.86,5.86,2026-09-09 21:00:16,OK,
MA,GD,14569758000150,7896004705989,Pantoprazol 20 mg Caixa 28 Comprimidos Revestidos Lib. Retardada,Nazaria - MA - Imperatriz,77.0,0.7906,27.97,0.0,5.86,5.86,2026-09-09 21:00:16,OK,
MA,GD,14569758000150,7896004706009,,,0.0,0.0,0.0,0.0,0.0,0.0,2026-09-09 21:00:28,ERRO,Message: Nenhuma distribuidora pôde ser lida no card do produto.
MA,GD,14569758000150,7896004706290,Xarope Cloridrato de Ambroxol Adulto 30mg/5ml Frasco 120 ml,Panpharma - CE,49.0,0.7151000000000001,31.01,0.0,8.83,8.83,2026-09-09 21:00:32,OK,
MA,GD,14569758000150,7896004706290,Xarope Cloridrato de Ambroxol Adulto 30mg/5ml Frasco 120 ml,Emmarka - MA,58.0,0.7097,31.01,0.0,9.0,9.0,2026-09-09 21:00:32,OK,
MA,GD,14569758000150,7896004706290,Xarope Cloridrato de Ambroxol Adulto 30mg/5ml Frasco 120 ml,Nazaria - MA - Timon,9.0,0.7097,31.01,0.0,9.0,9.0,2026-09-09 21:00:32,OK,
MA,GD,14569758000150,7896004706306,Prednisona 5 mg Caixa 20 Comprimidos,Emmarka - MA,146.0,0.725,16.05,0.0,4.41,4.41,2026-09-09 21:00:36,OK,
MA,GD,14569758000150,7896004706306,Prednisona 5 mg Caixa 20 Comprimidos,Nazaria - MA - Imperatriz,141.0,0.725,16.05,0.0,4.41,4.41,2026-09-09 21:00:36,OK,
MA,GD,14569758000150,7896004706306,Prednisona 5 mg Caixa 20 Comprimidos,Panpharma - CE,188.0,0.7203,16.05,0.0,4.49,4.49,2026-09-09 21:00:36,OK,
MA,GD,14569758000150,7896004706313,Prednisona 20 mg Caixa 10 Comprimidos,Nazaria - MA - Timon,1815.0,0.8098000000000001,23.38,0.0,4.45,4.45,2026-09-09 21:00:41,OK,
MA,GD,14569758000150,7896004706313,Prednisona 20 mg Caixa 10 Comprimidos,Emmarka - MA,484.0,0.8098000000000001,23.38,0.0,4.45,4.45,2026-09-09 21:00:41,OK,
MA,GD,14569758000150,7896004706313,Prednisona 20 mg Caixa 10 Comprimidos,Nazaria - MA - Imperatriz,183.0,0.8098000000000001,23.38,0.0,4.45,4.45,2026-09-09 21:00:41,OK,
MA,GD,14569758000150,7896004706313,Prednisona 20 mg Caixa 10 Comprimidos,Total - MA,166.0,0.8097,23.38,0.0,4.45,4.45,2026-09-09 21:00:41,OK,
MA,GD,14569758000150,7896004706313,Prednisona 20 mg Caixa 10 Comprimidos,Panpharma - CE,1096.0,0.7962,23.38,0.0,4.76,4.76,2026-09-09 21:00:41,OK,
MA,GD,14569758000150,7896004706368,Clortalidona 25 mg Caixa 60 Comprimidos,Total - MA,426.0,0.12210000000000001,31.4,0.0,27.57,27.57,2026-09-09 21:00:45,OK,
MA,GD,14569758000150,7896004706368,Clortalidona 25 mg Caixa 60 Comprimidos,Nazaria - MA - Timon,267.0,0.12210000000000001,31.4,0.0,27.57,27.57,2026-09-09 21:00:45,OK,
MA,GD,14569758000150,7896004706368,Clortalidona 25 mg Caixa 60 Comprimidos,Emmarka - MA,93.0,0.12210000000000001,31.4,0.0,27.57,27.57,2026-09-09 21:00:45,OK,
MA,GD,14569758000150,7896004706368,Clortalidona 25 mg Caixa 60 Comprimidos,Panpharma - CE,362.0,0.10550000000000001,31.4,0.0,28.09,28.09,2026-09-09 21:00:45,OK,
MA,GD,14569758000150,7896004706375,Clortalidona 12.5 mg Caixa 60 Comprimidos,Panpharma - CE,181.0,0.1681,17.86,0.0,14.86,14.86,2026-09-09 21:00:50,OK,
MA,GD,14569758000150,7896004706375,Clortalidona 12.5 mg Caixa 60 Comprimidos,Emmarka - MA,123.0,0.1501,17.86,0.0,15.18,15.18,2026-09-09 21:00:50,OK,
MA,GD,14569758000150,7896004706375,Clortalidona 12.5 mg Caixa 60 Comprimidos,Nazaria - MA - Imperatriz,101.0,0.1501,17.86,0.0,15.18,15.18,2026-09-09 21:00:50,OK,
MA,GD,14569758000150,7896004706375,Clortalidona 12.5 mg Caixa 60 Comprimidos,Nazaria - MA - Timon,68.0,0.1501,17.86,0.0,15.18,15.18,2026-09-09 21:00:50,OK,
MA,GD,14569758000150,7896004706375,Clortalidona 12.5 mg Caixa 60 Comprimidos,Total - MA,436.0,0.1496,17.86,0.0,15.19,15.19,2026-09-09 21:00:50,OK,
MA,GD,14569758000150,7896004706382,Amoxicilina 875 mg Caixa 14 Comprimidos Revestidos,Nazaria - MA - Imperatriz,99.0,0.6291,67.7,0.0,25.11,25.11,2026-09-09 21:00:54,OK,
MA,GD,14569758000150,7896004706382,Amoxicilina 875 mg Caixa 14 Comprimidos Revestidos,Panpharma - CE,112.0,0.5989,67.7,0.0,27.15,27.15,2026-09-09 21:00:54,OK,
MA,GD,14569758000150,7896004706405,Finasterida 1 mg Caixa 30 Comprimidos Revestidos,Panpharma - CE,139.0,0.8133,66.28,0.0,12.37,12.37,2026-09-09 21:00:59,OK,
MA,GD,14569758000150,7896004706405,Finasterida 1 mg Caixa 30 Comprimidos Revestidos,Emmarka - MA,86.0,0.7953,66.28,0.0,13.57,13.57,2026-09-09 21:00:59,OK,
MA,GD,14569758000150,7896004706405,Finasterida 1 mg Caixa 30 Comprimidos Revestidos,Nazaria - MA - Timon,83.0,0.7953,66.28,0.0,13.57,13.57,2026-09-09 21:00:59,OK,
MA,GD,14569758000150,7896004706405,Finasterida 1 mg Caixa 30 Comprimidos Revestidos,Nazaria - MA - Imperatriz,55.0,0.7953,66.28,0.0,13.57,13.57,2026-09-09 21:00:59,OK,
MA,GD,14569758000150,7896004706474,Glibenclamida 5 mg Caixa 30 Comprimidos,Panpharma - CE,392.0,0.8578,13.01,0.0,1.85,1.85,2026-09-09 21:01:03,OK,
MA,GD,14569758000150,7896004706474,Glibenclamida 5 mg Caixa 30 Comprimidos,Nazaria - MA - Timon,743.0,0.8331000000000001,13.01,0.0,2.17,2.17,2026-09-09 21:01:03,OK,
MA,GD,14569758000150,7896004706474,Glibenclamida 5 mg Caixa 30 Comprimidos,Nazaria - MA - Imperatriz,620.0,0.8331000000000001,13.01,0.0,2.17,2.17,2026-09-09 21:01:03,OK,
MA,GD,14569758000150,7896004706474,Glibenclamida 5 mg Caixa 30 Comprimidos,Emmarka - MA,614.0,0.8331000000000001,13.01,0.0,2.17,2.17,2026-09-09 21:01:03,OK,
MA,GD,14569758000150,7896004706665,Diclofenaco Sódico 100 mg Caixa 10 Comprimidos Revestidos Lib. Lenta,Panpharma - CE,159.0,0.8334999999999999,28.86,0.0,4.81,4.81,2026-09-09 21:01:07,OK,
MA,GD,14569758000150,7896004706665,Diclofenaco Sódico 100 mg Caixa 10 Comprimidos Revestidos Lib. Lenta,Emmarka - MA,558.0,0.8155,28.86,0.0,5.32,5.32,2026-09-09 21:01:07,OK,
MA,GD,14569758000150,7896004706665,Diclofenaco Sódico 100 mg Caixa 10 Comprimidos Revestidos Lib. Lenta,Nazaria - MA - Timon,212.0,0.8155,28.86,0.0,5.32,5.32,2026-09-09 21:01:07,OK,
MA,GD,14569758000150,7896004706665,Diclofenaco Sódico 100 mg Caixa 10 Comprimidos Revestidos Lib. Lenta,Nazaria - MA - Imperatriz,110.0,0.8155,28.86,0.0,5.32,5.32,2026-09-09 21:01:07,OK,
MA,GD,14569758000150,7896004706733,Diltiazem 30 mg Caixa 50 Comprimidos,Panpharma - CE,27.0,0.2134,21.82,0.0,17.16,17.16,2026-09-09 21:01:12,OK,
MA,GD,14569758000150,7896004706733,Diltiazem 30 mg Caixa 50 Comprimidos,Emmarka - MA,91.0,0.1954,21.82,0.0,17.56,17.56,2026-09-09 21:01:12,OK,
MA,GD,14569758000150,7896004706733,Diltiazem 30 mg Caixa 50 Comprimidos,Nazaria - MA - Imperatriz,47.0,0.1954,21.82,0.0,17.56,17.56,2026-09-09 21:01:12,OK,
MA,GD,14569758000150,7896004706733,Diltiazem 30 mg Caixa 50 Comprimidos,Nazaria - MA - Timon,1.0,0.1954,21.82,0.0,17.56,17.56,2026-09-09 21:01:12,OK,
MA,GD,14569758000150,7896004706733,Diltiazem 30 mg Caixa 50 Comprimidos,Total - MA,8.0,0.1937,21.82,0.0,17.59,17.59,2026-09-09 21:01:12,OK,
MA,GD,14569758000150,7896004706795,Losartana Potássica 50 mg Caixa 30 Comprimidos Revestidos,Nazaria - MA - Timon,27107.0,0.8959,18.43,0.0,1.92,1.92,2026-09-09 21:01:17,OK,
MA,GD,14569758000150,7896004706795,Losartana Potássica 50 mg Caixa 30 Comprimidos Revestidos,Nazaria - MA - Imperatriz,6299.0,0.8959,18.43,0.0,1.92,1.92,2026-09-09 21:01:17,OK,
MA,GD,14569758000150,7896004706795,Losartana Potássica 50 mg Caixa 30 Comprimidos Revestidos,Total - MA,2367.0,0.8959,18.43,0.0,1.92,1.92,2026-09-09 21:01:17,OK,
MA,GD,14569758000150,7896004706795,Losartana Potássica 50 mg Caixa 30 Comprimidos Revestidos,Emmarka - MA,1540.0,0.8959,18.43,0.0,1.92,1.92,2026-09-09 21:01:17,OK,
MA,GD,14569758000150,7896004706795,Losartana Potássica 50 mg Caixa 30 Comprimidos Revestidos,Panpharma - CE,8276.0,0.895,18.43,0.0,1.94,1.94,2026-09-09 21:01:17,OK,
MA,GD,14569758000150,7896004706856,,,0.0,0.0,0.0,0.0,0.0,0.0,2026-09-09 21:01:29,ERRO,Message: Nenhuma distribuidora pôde ser lida no card do produto.
MA,GD,14569758000150,7896004706900,Cetorolaco 5 mg/ml Frasco 5 ml Solução Oftálmica,Panpharma - CE,132.0,0.3037,46.82,0.0,32.6,32.6,2026-09-09 21:01:34,OK,
MA,GD,14569758000150,7896004706900,Cetorolaco 5 mg/ml Frasco 5 ml Solução Oftálmica,Nazaria - MA - Timon,64.0,0.2858,46.82,0.0,33.44,33.44,2026-09-09 21:01:34,OK,
MA,GD,14569758000150,7896004706900,Cetorolaco 5 mg/ml Frasco 5 ml Solução Oftálmica,Nazaria - MA - Imperatriz,48.0,0.2858,46.82,0.0,33.44,33.44,2026-09-09 21:01:34,OK,
MA,GD,14569758000150,7896004707310,Verapamil 80 mg Caixa 30 Comprimidos Revestidos,Panpharma - CE,57.0,0.6381,29.56,0.0,10.7,10.7,2026-09-09 21:01:38,OK,
MA,GD,14569758000150,7896004707310,Verapamil 80 mg Caixa 30 Comprimidos Revestidos,Emmarka - MA,56.0,0.6202000000000001,29.56,0.0,11.23,11.23,2026-09-09 21:01:38,OK,
MA,GD,14569758000150,7896004707310,Verapamil 80 mg Caixa 30 Comprimidos Revestidos,Nazaria - MA - Imperatriz,49.0,0.6202000000000001,29.56,0.0,11.23,11.23,2026-09-09 21:01:38,OK,
MA,GD,14569758000150,7896004707310,Verapamil 80 mg Caixa 30 Comprimidos Revestidos,Nazaria - MA - Timon,42.0,0.6202000000000001,29.56,0.0,11.23,11.23,2026-09-09 21:01:38,OK,
MA,GD,14569758000150,7896004707310,Verapamil 80 mg Caixa 30 Comprimidos Revestidos,Total - MA,39.0,0.603,29.56,0.0,11.73,11.73,2026-09-09 21:01:38,OK,
MA,GD,14569758000150,7896004708058,,,0.0,0.0,0.0,0.0,0.0,0.0,2026-09-09 21:01:51,ERRO,Message: Nenhuma distribuidora pôde ser lida no card do produto.
MA,GD,14569758000150,7896004708072,Itraconazol 100 mg Caixa 15 Cápsulas,Emmarka - MA,29.0,0.8681,154.47,0.0,20.37,20.37,2026-09-09 21:01:54,OK,
MA,GD,14569758000150,7896004708652,Simeticona 125 mg Caixa 10 Cápsulas Moles,Panpharma - CE,159.0,0.8659,28.87,0.0,3.87,3.87,2026-09-09 21:01:59,OK,
MA,GD,14569758000150,7896004708652,Simeticona 125 mg Caixa 10 Cápsulas Moles,Emmarka - MA,175.0,0.8276,28.87,0.0,4.98,4.98,2026-09-09 21:01:59,OK,
MA,GD,14569758000150,7896004708652,Simeticona 125 mg Caixa 10 Cápsulas Moles,Nazaria - MA - Timon,21.0,0.8276,28.87,0.0,4.98,4.98,2026-09-09 21:01:59,OK,
MA,GD,14569758000150,7896004708652,Simeticona 125 mg Caixa 10 Cápsulas Moles,Total - MA,14.0,0.8276,28.87,0.0,4.98,4.98,2026-09-09 21:01:59,OK,
MA,GD,14569758000150,7896004708652,Simeticona 125 mg Caixa 10 Cápsulas Moles,Nazaria - MA - Imperatriz,11.0,0.8276,28.87,0.0,4.98,4.98,2026-09-09 21:01:59,OK,
MA,GD,14569758000150,7896004708706,Acetilcisteína 200 mg Caixa 5 g Granulado,Total - MA,12.0,0.5117,38.64,0.0,18.87,18.87,2026-09-09 21:02:03,OK,
MA,GD,14569758000150,7896004708706,Acetilcisteína 200 mg Caixa 5 g Granulado,Panpharma - CE,60.0,0.4337,38.64,0.0,21.88,21.88,2026-09-09 21:02:03,OK,
MA,GD,14569758000150,7896004708706,Acetilcisteína 200 mg Caixa 5 g Granulado,Nazaria - MA - Timon,118.0,0.4158,38.64,0.0,22.57,22.57,2026-09-09 21:02:03,OK,
MA,GD,14569758000150,7896004708744,,,0.0,0.0,0.0,0.0,0.0,0.0,2026-09-09 21:02:15,ERRO,Message: Nenhuma distribuidora pôde ser lida no card do produto.
MA,GD,14569758000150,7896004708942,Espironolactona 25 mg Caixa 30 Comprimidos,Panpharma - CE,1234.0,0.6640999999999999,23.6,0.0,7.93,7.93,2026-09-09 21:02:20,OK,
MA,GD,14569758000150,7896004708942,Espironolactona 25 mg Caixa 30 Comprimidos,Nazaria - MA - Timon,1604.0,0.6481999999999999,23.6,0.0,8.3,8.3,2026-09-09 21:02:20,OK,
MA,GD,14569758000150,7896004708942,Espironolactona 25 mg Caixa 30 Comprimidos,Total - MA,712.0,0.6481,23.6,0.0,8.3,8.3,2026-09-09 21:02:20,OK,
MA,GD,14569758000150,7896004708942,Espironolactona 25 mg Caixa 30 Comprimidos,Nazaria - MA - Imperatriz,703.0,0.6481999999999999,23.6,0.0,8.3,8.3,2026-09-09 21:02:20,OK,
MA,GD,14569758000150,7896004708942,Espironolactona 25 mg Caixa 30 Comprimidos,Emmarka - MA,498.0,0.6481999999999999,23.6,0.0,8.3,8.3,2026-09-09 21:02:20,OK,
MA,GD,14569758000150,7896004708973,Simeticona 40 mg Caixa 20 Comprimidos,Emmarka - MA,3.0,0.6446,15.47,0.0,5.5,5.5,2026-09-09 21:02:24,OK,
MA,GD,14569758000150,7896004709123,,,0.0,0.0,0.0,0.0,0.0,0.0,2026-09-09 21:02:36,ERRO,Message: Nenhuma distribuidora pôde ser lida no card do produto.
MA,GD,14569758000150,7896004709130,Atenolol + Clortalidona 50+12.5 mg Caixa 30 Comprimidos,Panpharma - CE,154.0,0.8551000000000001,33.75,0.0,4.89,4.89,2026-09-09 21:02:40,OK,
MA,GD,14569758000150,7896004709130,Atenolol + Clortalidona 50+12.5 mg Caixa 30 Comprimidos,Nazaria - MA - Imperatriz,173.0,0.8371999999999999,33.75,0.0,5.49,5.49,2026-09-09 21:02:40,OK,
MA,GD,14569758000150,7896004709130,Atenolol + Clortalidona 50+12.5 mg Caixa 30 Comprimidos,Emmarka - MA,55.0,0.8371999999999999,33.75,0.0,5.49,5.49,2026-09-09 21:02:40,OK,
MA,GD,14569758000150,7896004709130,Atenolol + Clortalidona 50+12.5 mg Caixa 30 Comprimidos,Nazaria - MA - Timon,10.0,0.8371999999999999,33.75,0.0,5.49,5.49,2026-09-09 21:02:40,OK,
MA,GD,14569758000150,7896004709291,Deflazacorte 30 mg Caixa 10 Comprimidos,Panpharma - CE,81.0,0.1402,126.44,0.0,108.71,108.71,2026-09-09 21:02:45,OK,
MA,GD,14569758000150,7896004709291,Deflazacorte 30 mg Caixa 10 Comprimidos,Nazaria - MA - Imperatriz,148.0,0.12240000000000001,126.44,0.0,110.96,110.96,2026-09-09 21:02:45,OK,
MA,GD,14569758000150,7896004709291,Deflazacorte 30 mg Caixa 10 Comprimidos,Emmarka - MA,97.0,0.12240000000000001,126.44,0.0,110.96,110.96,2026-09-09 21:02:45,OK,
MA,GD,14569758000150,7896004709291,Deflazacorte 30 mg Caixa 10 Comprimidos,Nazaria - MA - Timon,21.0,0.12240000000000001,126.44,0.0,110.96,110.96,2026-09-09 21:02:45,OK,
MA,GD,14569758000150,7896004709291,Deflazacorte 30 mg Caixa 10 Comprimidos,Total - MA,31.0,0.12240000000000001,126.44,0.0,110.97,110.96,2026-09-09 21:02:45,OK,
MA,GD,14569758000150,7896004709307,Deflazacorte 6 mg Caixa 20 Comprimidos,Panpharma - CE,50.0,0.1936,52.92,0.0,42.67,42.67,2026-09-09 21:02:49,OK,
MA,GD,14569758000150,7896004709307,Deflazacorte 6 mg Caixa 20 Comprimidos,Emmarka - MA,46.0,0.1757,52.92,0.0,43.62,43.62,2026-09-09 21:02:49,OK,
MA,GD,14569758000150,7896004709307,Deflazacorte 6 mg Caixa 20 Comprimidos,Nazaria - MA - Imperatriz,27.0,0.1757,52.92,0.0,43.62,43.62,2026-09-09 21:02:49,OK,
MA,GD,14569758000150,7896004709307,Deflazacorte 6 mg Caixa 20 Comprimidos,Nazaria - MA - Timon,17.0,0.1757,52.92,0.0,43.62,43.62,2026-09-09 21:02:49,OK,
MA,GD,14569758000150,7896004709567,Amitriptilina 75 mg Caixa 30 Comprimidos Revestidos,Nazaria - MA - Timon,191.0,0.6915,61.64,0.0,19.02,19.02,2026-09-09 21:02:54,OK,
MA,GD,14569758000150,7896004709567,Amitriptilina 75 mg Caixa 30 Comprimidos Revestidos,Nazaria - MA - Imperatriz,117.0,0.6915,61.64,0.0,19.02,19.02,2026-09-09 21:02:54,OK,
MA,GD,14569758000150,7896004709567,Amitriptilina 75 mg Caixa 30 Comprimidos Revestidos,Emmarka - MA,30.0,0.6915,61.64,0.0,19.02,19.02,2026-09-09 21:02:54,OK,
MA,GD,14569758000150,7896004709567,Amitriptilina 75 mg Caixa 30 Comprimidos Revestidos,Total - MA,253.0,0.6775,61.64,0.0,19.87,19.87,2026-09-09 21:02:54,OK,
MA,GD,14569758000150,7896004709710,,,0.0,0.0,0.0,0.0,0.0,0.0,2026-09-09 21:03:06,ERRO,Message: Nenhuma distribuidora pôde ser lida no card do produto.
MA,GD,14569758000150,7896004709956,,,0.0,0.0,0.0,0.0,0.0,0.0,2026-09-09 21:03:18,ERRO,Message: Nenhuma distribuidora pôde ser lida no card do produto.
MA,GD,14569758000150,7896004710402,Desonida 0.5 mg/g Bisnaga 30 g Creme,Emmarka - MA,19.0,0.6618,36.2,0.0,12.24,12.24,2026-09-09 21:03:22,OK,
MA,GD,14569758000150,7896004710419,Rifamicina 10 mg/ml Frasco 20 ml Solução Tópica Spray,Nazaria - MA - Imperatriz,846.0,0.2329,23.71,0.0,18.19,18.19,2026-09-09 21:03:26,OK,
MA,GD,14569758000150,7896004710419,Rifamicina 10 mg/ml Frasco 20 ml Solução Tópica Spray,Nazaria - MA - Timon,831.0,0.2329,23.71,0.0,18.19,18.19,2026-09-09 21:03:26,OK,
MA,GD,14569758000150,7896004710419,Rifamicina 10 mg/ml Frasco 20 ml Solução Tópica Spray,Emmarka - MA,202.0,0.2329,23.71,0.0,18.19,18.19,2026-09-09 21:03:26,OK,
MA,GD,14569758000150,7896004710419,Rifamicina 10 mg/ml Frasco 20 ml Solução Tópica Spray,Panpharma - CE,30.0,0.2005,23.71,0.0,18.96,18.96,2026-09-09 21:03:26,OK,
MA,GD,14569758000150,7896004710464,Acebrofilina 25mg/5ml Frasco 120 ml Xarope Pediátrico,Panpharma - CE,5.0,0.624,24.91,0.0,9.37,9.37,2026-09-09 21:03:31,OK,
MA,GD,14569758000150,7896004710464,Acebrofilina 25mg/5ml Frasco 120 ml Xarope Pediátrico,Nazaria - MA - Timon,171.0,0.6082,24.91,0.0,9.76,9.76,2026-09-09 21:03:31,OK,
MA,GD,14569758000150,7896004710464,Acebrofilina 25mg/5ml Frasco 120 ml Xarope Pediátrico,Nazaria - MA - Imperatriz,125.0,0.6082,24.91,0.0,9.76,9.76,2026-09-09 21:03:31,OK,
MA,GD,14569758000150,7896004710464,Acebrofilina 25mg/5ml Frasco 120 ml Xarope Pediátrico,Emmarka - MA,81.0,0.6082,24.91,0.0,9.76,9.76,2026-09-09 21:03:31,OK,
MA,GD,14569758000150,7896004710471,Acebrofilina 50mg/5ml Frasco 120 ml Xarope Adulto,Panpharma - CE,100.0,0.5897,35.18,0.0,14.43,14.43,2026-09-09 21:03:35,OK,
MA,GD,14569758000150,7896004710471,Acebrofilina 50mg/5ml Frasco 120 ml Xarope Adulto,Emmarka - MA,206.0,0.5717,35.18,0.0,15.07,15.07,2026-09-09 21:03:35,OK,
MA,GD,14569758000150,7896004710471,Acebrofilina 50mg/5ml Frasco 120 ml Xarope Adulto,Nazaria - MA - Imperatriz,88.0,0.5717,35.18,0.0,15.07,15.07,2026-09-09 21:03:35,OK,
MA,GD,14569758000150,7896004710471,Acebrofilina 50mg/5ml Frasco 120 ml Xarope Adulto,Nazaria - MA - Timon,59.0,0.5717,35.18,0.0,15.07,15.07,2026-09-09 21:03:35,OK,
MA,GD,14569758000150,7896004710471,Acebrofilina 50mg/5ml Frasco 120 ml Xarope Adulto,Total - MA,29.0,0.5710999999999999,35.18,0.0,15.09,15.09,2026-09-09 21:03:35,OK,
MA,GD,14569758000150,7896004710525,Bezafibrato 200 mg Caixa 20 Comprimidos Revestidos,Nazaria - MA - Timon,60.0,0.1818,34.1,0.0,27.9,27.9,2026-09-09 21:03:40,OK,
MA,GD,14569758000150,7896004710525,Bezafibrato 200 mg Caixa 20 Comprimidos Revestidos,Total - MA,49.0,0.1818,34.1,0.0,27.9,27.9,2026-09-09 21:03:40,OK,
MA,GD,14569758000150,7896004710525,Bezafibrato 200 mg Caixa 20 Comprimidos Revestidos,Panpharma - CE,81.0,0.10310000000000001,34.1,0.0,30.58,30.58,2026-09-09 21:03:40,OK,
MA,GD,14569758000150,7896004710679,Meloxicam 15 mg Caixa 10 Comprimidos,Panpharma - CE,40.0,0.9179999999999999,35.05,0.0,2.87,2.87,2026-09-09 21:03:44,OK,
MA,GD,14569758000150,7896004710679,Meloxicam 15 mg Caixa 10 Comprimidos,Emmarka - MA,254.0,0.9001,35.05,0.0,3.5,3.5,2026-09-09 21:03:44,OK,
MA,GD,14569758000150,7896004710679,Meloxicam 15 mg Caixa 10 Comprimidos,Nazaria - MA - Imperatriz,175.0,0.9001,35.05,0.0,3.5,3.5,2026-09-09 21:03:44,OK,
MA,GD,14569758000150,7896004710679,Meloxicam 15 mg Caixa 10 Comprimidos,Nazaria - MA - Timon,122.0,0.9001,35.05,0.0,3.5,3.5,2026-09-09 21:03:44,OK,
MA,GD,14569758000150,7896004710761,Sinvastatina 20 mg Caixa 30 Comprimidos Revestidos,Panpharma - CE,1412.0,0.9194,44.62,0.0,3.6,3.6,2026-09-09 21:03:48,OK,
MA,GD,14569758000150,7896004710761,Sinvastatina 20 mg Caixa 30 Comprimidos Revestidos,Emmarka - MA,600.0,0.9002,44.62,0.0,4.45,4.45,2026-09-09 21:03:48,OK,
MA,GD,14569758000150,7896004710761,Sinvastatina 20 mg Caixa 30 Comprimidos Revestidos,Nazaria - MA - Timon,23.0,0.9002,44.62,0.0,4.45,4.45,2026-09-09 21:03:48,OK,
MA,GD,14569758000150,7896004710860,,,0.0,0.0,0.0,0.0,0.0,0.0,2026-09-09 21:04:00,ERRO,Message: Nenhuma distribuidora pôde ser lida no card do produto.
MA,GD,14569758000150,7896004710891,Ácido Acetilsalicílico 100 mg Caixa 30 Comprimidos,Panpharma - CE,103.0,0.2259,11.6,0.0,8.98,8.98,2026-09-09 21:04:05,OK,
MA,GD,14569758000150,7896004710891,Ácido Acetilsalicílico 100 mg Caixa 30 Comprimidos,Emmarka - MA,1115.0,0.2079,11.6,0.0,9.19,9.19,2026-09-09 21:04:05,OK,
MA,GD,14569758000150,7896004710891,Ácido Acetilsalicílico 100 mg Caixa 30 Comprimidos,Nazaria - MA - Imperatriz,956.0,0.2079,11.6,0.0,9.19,9.19,2026-09-09 21:04:05,OK,
MA,GD,14569758000150,7896004710891,Ácido Acetilsalicílico 100 mg Caixa 30 Comprimidos,Nazaria - MA - Timon,605.0,0.2079,11.6,0.0,9.19,9.19,2026-09-09 21:04:05,OK,
MA,GD,14569758000150,7896004710891,Ácido Acetilsalicílico 100 mg Caixa 30 Comprimidos,Total - MA,98.0,0.20600000000000002,11.6,0.0,9.21,9.21,2026-09-09 21:04:05,OK,
MA,GD,14569758000150,7896004710907,Ácido Acetilsalicílico 100 mg Display 200 Comprimidos,Panpharma - CE,14.0,0.46,73.42,0.0,39.65,39.65,2026-09-09 21:04:10,OK,
MA,GD,14569758000150,7896004710907,Ácido Acetilsalicílico 100 mg Display 200 Comprimidos,Nazaria - MA - Timon,723.0,0.4421,73.42,0.0,40.96,40.96,2026-09-09 21:04:10,OK,
MA,GD,14569758000150,7896004710907,Ácido Acetilsalicílico 100 mg Display 200 Comprimidos,Nazaria - MA - Imperatriz,38.0,0.4421,73.42,0.0,40.96,40.96,2026-09-09 21:04:10,OK,
MA,GD,14569758000150,7896004710907,Ácido Acetilsalicílico 100 mg Display 200 Comprimidos,Emmarka - MA,29.0,0.4421,73.42,0.0,40.96,40.96,2026-09-09 21:04:10,OK,
MA,GD,14569758000150,7896004711034,,,0.0,0.0,0.0,0.0,0.0,0.0,2026-09-09 21:04:22,ERRO,Message: Nenhuma distribuidora pôde ser lida no card do produto.
MA,GD,14569758000150,7896004711188,Sinvastatina 40 mg Caixa 30 Comprimidos Revestidos,Panpharma - CE,381.0,0.903,53.12,0.0,5.15,5.15,2026-09-09 21:04:27,OK,
MA,GD,14569758000150,7896004711188,Sinvastatina 40 mg Caixa 30 Comprimidos Revestidos,Total - MA,51.0,0.8698,53.12,0.0,6.91,6.91,2026-09-09 21:04:27,OK,
MA,GD,14569758000150,7896004711188,Sinvastatina 40 mg Caixa 30 Comprimidos Revestidos,Emmarka - MA,1324.0,0.8698,53.12,0.0,6.92,6.92,2026-09-09 21:04:27,OK,
MA,GD,14569758000150,7896004711188,Sinvastatina 40 mg Caixa 30 Comprimidos Revestidos,Nazaria - MA - Timon,210.0,0.8698,53.12,0.0,6.92,6.92,2026-09-09 21:04:27,OK,
MA,GD,14569758000150,7896004711188,Sinvastatina 40 mg Caixa 30 Comprimidos Revestidos,Nazaria - MA - Imperatriz,191.0,0.8698,53.12,0.0,6.92,6.92,2026-09-09 21:04:27,OK,
MA,GD,14569758000150,7896004711195,Nistatina + Óxido De Zinco 100.000ui+200mg/g Bisnaga 60 g Pomada,Nazaria - MA - Timon,533.0,0.6565000000000001,30.72,0.0,10.55,10.55,2026-09-09 21:04:32,OK,
MA,GD,14569758000150,7896004711195,Nistatina + Óxido De Zinco 100.000ui+200mg/g Bisnaga 60 g Pomada,Emmarka - MA,343.0,0.6565000000000001,30.72,0.0,10.55,10.55,2026-09-09 21:04:32,OK,
MA,GD,14569758000150,7896004711195,Nistatina + Óxido De Zinco 100.000ui+200mg/g Bisnaga 60 g Pomada,Nazaria - MA - Imperatriz,293.0,0.6565000000000001,30.72,0.0,10.55,10.55,2026-09-09 21:04:32,OK,
MA,GD,14569758000150,7896004711195,Nistatina + Óxido De Zinco 100.000ui+200mg/g Bisnaga 60 g Pomada,Total - MA,246.0,0.6564,30.72,0.0,10.55,10.55,2026-09-09 21:04:32,OK,
MA,GD,14569758000150,7896004711195,Nistatina + Óxido De Zinco 100.000ui+200mg/g Bisnaga 60 g Pomada,Panpharma - CE,4690.0,0.6418,30.72,0.0,11.0,11.0,2026-09-09 21:04:32,OK,
MA,GD,14569758000150,7896004711218,,,0.0,0.0,0.0,0.0,0.0,0.0,2026-09-09 21:04:44,ERRO,Message: Nenhuma distribuidora pôde ser lida no card do produto.
MA,GD,14569758000150,7896004711225,,,0.0,0.0,0.0,0.0,0.0,0.0,2026-09-09 21:04:56,ERRO,Message: Nenhuma distribuidora pôde ser lida no card do produto.
MA,GD,14569758000150,7896004711232,Glimepirida 4 mg Caixa 30 Comprimidos,Panpharma - CE,7.0,0.8549,56.94,0.0,8.26,8.26,2026-09-09 21:05:00,OK,
MA,GD,14569758000150,7896004711232,Glimepirida 4 mg Caixa 30 Comprimidos,Emmarka - MA,6.0,0.846,56.94,0.0,8.77,8.77,2026-09-09 21:05:00,OK,
MA,GD,14569758000150,7896004711287,Dexclorfeniramina 2 mg Caixa 20 Comprimidos,Panpharma - CE,47.0,0.5925,13.99,0.0,5.7,5.7,2026-09-09 21:05:04,OK,
MA,GD,14569758000150,7896004711287,Dexclorfeniramina 2 mg Caixa 20 Comprimidos,Emmarka - MA,82.0,0.5911,13.99,0.0,5.72,5.72,2026-09-09 21:05:04,OK,
MA,GD,14569758000150,7896004711287,Dexclorfeniramina 2 mg Caixa 20 Comprimidos,Nazaria - MA - Timon,63.0,0.5911,13.99,0.0,5.72,5.72,2026-09-09 21:05:04,OK,
MA,GD,14569758000150,7896004711287,Dexclorfeniramina 2 mg Caixa 20 Comprimidos,Nazaria - MA - Imperatriz,22.0,0.5911,13.99,0.0,5.72,5.72,2026-09-09 21:05:04,OK,
MA,GD,14569758000150,7896004711423,Clotrimazol 10 mg/g Bisnaga 35 g Creme Vaginal + 6 Aplicadores,Emmarka - MA,663.0,0.6535,54.19,0.0,18.78,18.78,2026-09-09 21:05:09,OK,
MA,GD,14569758000150,7896004711423,Clotrimazol 10 mg/g Bisnaga 35 g Creme Vaginal + 6 Aplicadores,Nazaria - MA - Timon,335.0,0.6535,54.19,0.0,18.78,18.78,2026-09-09 21:05:09,OK,
MA,GD,14569758000150,7896004711423,Clotrimazol 10 mg/g Bisnaga 35 g Creme Vaginal + 6 Aplicadores,Total - MA,227.0,0.6534,54.19,0.0,18.78,18.78,2026-09-09 21:05:09,OK,
MA,GD,14569758000150,7896004711423,Clotrimazol 10 mg/g Bisnaga 35 g Creme Vaginal + 6 Aplicadores,Nazaria - MA - Imperatriz,144.0,0.6535,54.19,0.0,18.78,18.78,2026-09-09 21:05:09,OK,
MA,GD,14569758000150,7896004711423,Clotrimazol 10 mg/g Bisnaga 35 g Creme Vaginal + 6 Aplicadores,Panpharma - CE,1021.0,0.6417,54.19,0.0,19.42,19.42,2026-09-09 21:05:09,OK,
MA,GD,14569758000150,7896004711454,Amilorida + Hidroclorotiazida 5+50 mg Caixa 30 Comprimidos,Panpharma - CE,66.0,0.29719999999999996,19.01,0.0,13.36,13.36,2026-09-09 21:05:14,OK,
MA,GD,14569758000150,7896004711454,Amilorida + Hidroclorotiazida 5+50 mg Caixa 30 Comprimidos,Nazaria - MA - Timon,71.0,0.2792,19.01,0.0,13.7,13.7,2026-09-09 21:05:14,OK,
MA,GD,14569758000150,7896004711454,Amilorida + Hidroclorotiazida 5+50 mg Caixa 30 Comprimidos,Emmarka - MA,67.0,0.2792,19.01,0.0,13.7,13.7,2026-09-09 21:05:14,OK,
MA,GD,14569758000150,7896004711454,Amilorida + Hidroclorotiazida 5+50 mg Caixa 30 Comprimidos,Nazaria - MA - Imperatriz,47.0,0.2792,19.01,0.0,13.7,13.7,2026-09-09 21:05:14,OK,
MA,GD,14569758000150,7896004711454,Amilorida + Hidroclorotiazida 5+50 mg Caixa 30 Comprimidos,Total - MA,73.0,0.2755,19.01,0.0,13.77,13.77,2026-09-09 21:05:14,OK,
MA,GD,14569758000150,7896004711485,Dexclorfeniramina + Betametasona 2+0.25 mg Caixa 20 Comprimidos,Panpharma - CE,53.0,0.38049999999999995,21.2,0.0,13.13,13.13,2026-09-09 21:05:18,OK,
MA,GD,14569758000150,7896004711485,Dexclorfeniramina + Betametasona 2+0.25 mg Caixa 20 Comprimidos,Nazaria - MA - Imperatriz,501.0,0.3626,21.2,0.0,13.51,13.51,2026-09-09 21:05:18,OK,
MA,GD,14569758000150,7896004711485,Dexclorfeniramina + Betametasona 2+0.25 mg Caixa 20 Comprimidos,Nazaria - MA - Timon,304.0,0.3626,21.2,0.0,13.51,13.51,2026-09-09 21:05:18,OK,
MA,GD,14569758000150,7896004711485,Dexclorfeniramina + Betametasona 2+0.25 mg Caixa 20 Comprimidos,Emmarka - MA,284.0,0.3626,21.2,0.0,13.51,13.51,2026-09-09 21:05:18,OK,
MA,GD,14569758000150,7896004711539,Diclofenaco Colestiramina 70 mg Caixa 14 Cápsulas,Nazaria - MA - Imperatriz,135.0,0.7606999999999999,30.09,0.0,7.2,7.2,2026-09-09 21:05:22,OK,
MA,GD,14569758000150,7896004711690,Betametasona + Gentamicina 0.5+1 mg/g Bisnaga 30 g Creme,Panpharma - CE,170.0,0.7763,26.93,0.0,6.02,6.02,2026-09-09 21:05:26,OK,
MA,GD,14569758000150,7896004711690,Betametasona + Gentamicina 0.5+1 mg/g Bisnaga 30 g Creme,Nazaria - MA - Timon,137.0,0.7714,26.93,0.0,6.16,6.16,2026-09-09 21:05:26,OK,
MA,GD,14569758000150,7896004711690,Betametasona + Gentamicina 0.5+1 mg/g Bisnaga 30 g Creme,Nazaria - MA - Imperatriz,75.0,0.7714,26.93,0.0,6.16,6.16,2026-09-09 21:05:26,OK,
MA,GD,14569758000150,7896004711690,Betametasona + Gentamicina 0.5+1 mg/g Bisnaga 30 g Creme,Emmarka - MA,56.0,0.7714,26.93,0.0,6.16,6.16,2026-09-09 21:05:26,OK,
MA,GD,14569758000150,7896004711744,Tramadol 50 mg Caixa 10 Cápsulas,Nazaria - MA - Imperatriz,293.0,0.8022,30.05,0.0,5.94,5.94,2026-09-09 21:05:31,OK,
MA,GD,14569758000150,7896004711744,Tramadol 50 mg Caixa 10 Cápsulas,Nazaria - MA - Timon,210.0,0.8022,30.05,0.0,5.94,5.94,2026-09-09 21:05:31,OK,
MA,GD,14569758000150,7896004711744,Tramadol 50 mg Caixa 10 Cápsulas,Total - MA,157.0,0.8022,30.05,0.0,5.94,5.94,2026-09-09 21:05:31,OK,
MA,GD,14569758000150,7896004711744,Tramadol 50 mg Caixa 10 Cápsulas,Emmarka - MA,1.0,0.8022,30.05,0.0,5.94,5.94,2026-09-09 21:05:31,OK,
MA,GD,14569758000150,7896004711850,Betametasona 0.5 mg/g Bisnaga 30 g Creme,Panpharma - CE,57.0,0.2559,30.02,0.0,22.34,22.34,2026-09-09 21:05:35,OK,
MA,GD,14569758000150,7896004711850,Betametasona 0.5 mg/g Bisnaga 30 g Creme,Emmarka - MA,245.0,0.2379,30.02,0.0,22.88,22.88,2026-09-09 21:05:35,OK,
MA,GD,14569758000150,7896004711850,Betametasona 0.5 mg/g Bisnaga 30 g Creme,Nazaria - MA - Imperatriz,88.0,0.2379,30.02,0.0,22.88,22.88,2026-09-09 21:05:35,OK,
MA,GD,14569758000150,7896004711850,Betametasona 0.5 mg/g Bisnaga 30 g Creme,Nazaria - MA - Timon,44.0,0.2379,30.02,0.0,22.88,22.88,2026-09-09 21:05:35,OK,
MA,GD,14569758000150,7896004712048,Triancinolona Acetonida 1 mg/g Bisnaga 10 g Pomada Bucal,Panpharma - CE,1513.0,0.7204999999999999,13.79,0.0,3.85,3.85,2026-09-09 21:05:40,OK,
MA,GD,14569758000150,7896004712048,Triancinolona Acetonida 1 mg/g Bisnaga 10 g Pomada Bucal,Total - MA,1262.0,0.6889,13.79,0.0,4.29,4.29,2026-09-09 21:05:40,OK,
MA,GD,14569758000150,7896004712048,Triancinolona Acetonida 1 mg/g Bisnaga 10 g Pomada Bucal,Emmarka - MA,285.0,0.6890000000000001,13.79,0.0,4.29,4.29,2026-09-09 21:05:40,OK,
MA,GD,14569758000150,7896004712048,Triancinolona Acetonida 1 mg/g Bisnaga 10 g Pomada Bucal,Nazaria - MA - Imperatriz,193.0,0.6890000000000001,13.79,0.0,4.29,4.29,2026-09-09 21:05:40,OK,
MA,GD,14569758000150,7896004712147,Dexametasona 4 mg Caixa 10 Comprimidos,Nazaria - MA - Timon,2965.0,0.6455,13.48,0.0,4.78,4.78,2026-09-09 21:05:44,OK,
MA,GD,14569758000150,7896004712147,Dexametasona 4 mg Caixa 10 Comprimidos,Emmarka - MA,1012.0,0.6455,13.48,0.0,4.78,4.78,2026-09-09 21:05:44,OK,
MA,GD,14569758000150,7896004712147,Dexametasona 4 mg Caixa 10 Comprimidos,Nazaria - MA - Imperatriz,748.0,0.6455,13.48,0.0,4.78,4.78,2026-09-09 21:05:44,OK,
MA,GD,14569758000150,7896004712147,Dexametasona 4 mg Caixa 10 Comprimidos,Total - MA,893.0,0.6328,13.48,0.0,4.95,4.95,2026-09-09 21:05:44,OK,
MA,GD,14569758000150,7896004712413,Clobetasol 0.5 mg/g Bisnaga 30 g Creme,Nazaria - MA - Timon,496.0,0.6881,22.94,0.0,7.15,7.15,2026-09-09 21:05:48,OK,
MA,GD,14569758000150,7896004712413,Clobetasol 0.5 mg/g Bisnaga 30 g Creme,Nazaria - MA - Imperatriz,161.0,0.6881,22.94,0.0,7.15,7.15,2026-09-09 21:05:48,OK,
MA,GD,14569758000150,7896004712499,Doxazosina 2 mg Caixa 30 Comprimidos,Panpharma - CE,567.0,0.8945000000000001,46.04,0.0,4.86,4.86,2026-09-09 21:05:52,OK,
MA,GD,14569758000150,7896004712499,Doxazosina 2 mg Caixa 30 Comprimidos,Nazaria - MA - Timon,87.0,0.8765999999999999,46.04,0.0,5.68,5.68,2026-09-09 21:05:52,OK,
MA,GD,14569758000150,7896004712499,Doxazosina 2 mg Caixa 30 Comprimidos,Emmarka - MA,32.0,0.8765999999999999,46.04,0.0,5.68,5.68,2026-09-09 21:05:52,OK,
MA,GD,14569758000150,7896004712499,Doxazosina 2 mg Caixa 30 Comprimidos,Total - MA,36.0,0.8542000000000001,46.04,0.0,6.71,6.71,2026-09-09 21:05:52,OK,
MA,GD,14569758000150,7896004712581,Cefalexina 1 g Caixa 8 Comprimidos Revestidos,Emmarka - MA,113.0,0.3604,83.74,0.0,53.56,53.56,2026-09-09 21:05:57,OK,
MA,GD,14569758000150,7896004712581,Cefalexina 1 g Caixa 8 Comprimidos Revestidos,Nazaria - MA - Timon,89.0,0.3604,83.74,0.0,53.56,53.56,2026-09-09 21:05:57,OK,
MA,GD,14569758000150,7896004712581,Cefalexina 1 g Caixa 8 Comprimidos Revestidos,Nazaria - MA - Imperatriz,63.0,0.3604,83.74,0.0,53.56,53.56,2026-09-09 21:05:57,OK,
MA,GD,14569758000150,7896004712581,Cefalexina 1 g Caixa 8 Comprimidos Revestidos,Total - MA,34.0,0.3604,83.74,0.0,53.56,53.56,2026-09-09 21:05:57,OK,
MA,GD,14569758000150,7896004712581,Cefalexina 1 g Caixa 8 Comprimidos Revestidos,Panpharma - CE,14.0,0.3231,83.74,0.0,56.68,56.68,2026-09-09 21:05:57,OK,
MA,GD,14569758000150,7896004712932,Clonazepam 2.5 mg/ml Frasco 20 ml Gotas,Panpharma - CE,1609.0,0.6825,15.56,0.0,4.94,4.94,2026-09-09 21:06:02,OK,
MA,GD,14569758000150,7896004712932,Clonazepam 2.5 mg/ml Frasco 20 ml Gotas,Nazaria - MA - Timon,3908.0,0.6645,15.56,0.0,5.22,5.22,2026-09-09 21:06:02,OK,
MA,GD,14569758000150,7896004712932,Clonazepam 2.5 mg/ml Frasco 20 ml Gotas,Nazaria - MA - Imperatriz,1670.0,0.6645,15.56,0.0,5.22,5.22,2026-09-09 21:06:02,OK,
MA,GD,14569758000150,7896004712932,Clonazepam 2.5 mg/ml Frasco 20 ml Gotas,Emmarka - MA,1153.0,0.6645,15.56,0.0,5.22,5.22,2026-09-09 21:06:02,OK,
MA,GD,14569758000150,7896004712932,Clonazepam 2.5 mg/ml Frasco 20 ml Gotas,Total - MA,1799.0,0.6564,15.56,0.0,5.35,5.35,2026-09-09 21:06:02,OK,
MA,GD,14569758000150,7896004712963,Mesalazina 800 mg Caixa 30 Comprimidos Revestidos,Panpharma - CE,189.0,0.2726,104.51,0.0,76.02,76.02,2026-09-09 21:06:05,OK,
MA,GD,14569758000150,7896004713007,Topiramato 100 mg Caixa 60 Comprimidos Revestidos,Emmarka - MA,27.0,0.8069,244.61,0.0,47.23,47.23,2026-09-09 21:06:09,OK,
MA,GD,14569758000150,7896004713007,Topiramato 100 mg Caixa 60 Comprimidos Revestidos,Nazaria - MA - Timon,17.0,0.8069,244.61,0.0,47.23,47.23,2026-09-09 21:06:09,OK,
MA,GD,14569758000150,7896004713007,Topiramato 100 mg Caixa 60 Comprimidos Revestidos,Nazaria - MA - Imperatriz,13.0,0.8069,244.61,0.0,47.23,47.23,2026-09-09 21:06:09,OK,
MA,GD,14569758000150,7896004713014,Topiramato 50 mg Caixa 60 Comprimidos Revestidos,Panpharma - CE,138.0,0.8697,166.69,0.0,21.72,21.72,2026-09-09 21:06:14,OK,
MA,GD,14569758000150,7896004713014,Topiramato 50 mg Caixa 60 Comprimidos Revestidos,Total - MA,34.0,0.8558,166.69,0.0,24.03,24.03,2026-09-09 21:06:14,OK,
MA,GD,14569758000150,7896004713014,Topiramato 50 mg Caixa 60 Comprimidos Revestidos,Nazaria - MA - Imperatriz,49.0,0.8558,166.69,0.0,24.04,24.04,2026-09-09 21:06:14,OK,
MA,GD,14569758000150,7896004713014,Topiramato 50 mg Caixa 60 Comprimidos Revestidos,Emmarka - MA,32.0,0.8558,166.69,0.0,24.04,24.04,2026-09-09 21:06:14,OK,
MA,GD,14569758000150,7896004713014,Topiramato 50 mg Caixa 60 Comprimidos Revestidos,Nazaria - MA - Timon,10.0,0.8558,166.69,0.0,24.04,24.04,2026-09-09 21:06:14,OK,
MA,GD,14569758000150,7896004713021,Topiramato 25 mg Caixa 60 Comprimidos Revestidos,Panpharma - CE,11.0,0.8733,91.7,0.0,11.62,11.62,2026-09-09 21:06:19,OK,
MA,GD,14569758000150,7896004713021,Topiramato 25 mg Caixa 60 Comprimidos Revestidos,Nazaria - MA - Timon,58.0,0.8554,91.7,0.0,13.26,13.26,2026-09-09 21:06:19,OK,
MA,GD,14569758000150,7896004713021,Topiramato 25 mg Caixa 60 Comprimidos Revestidos,Nazaria - MA - Imperatriz,54.0,0.8554,91.7,0.0,13.26,13.26,2026-09-09 21:06:19,OK,
MA,GD,14569758000150,7896004713021,Topiramato 25 mg Caixa 60 Comprimidos Revestidos,Emmarka - MA,27.0,0.8554,91.7,0.0,13.26,13.26,2026-09-09 21:06:19,OK,
MA,GD,14569758000150,7896004713021,Topiramato 25 mg Caixa 60 Comprimidos Revestidos,Total - MA,55.0,0.8332999999999999,91.7,0.0,15.28,15.28,2026-09-09 21:06:19,OK,
MA,GD,14569758000150,7896004713120,,,0.0,0.0,0.0,0.0,0.0,0.0,2026-09-09 21:06:31,ERRO,Message: Nenhuma distribuidora pôde ser lida no card do produto.
MA,GD,14569758000150,7896004713137,Levofloxacino 500 mg Caixa 7 Comprimidos Revestidos,Emmarka - MA,11.0,0.9079,103.23,0.0,9.51,9.51,2026-09-09 21:06:35,OK,
MA,GD,14569758000150,7896004713182,Ácido Acetilsalicílico 100 mg Display 100 Comprimidos,Panpharma - CE,18.0,0.38049999999999995,39.84,0.0,24.68,24.68,2026-09-09 21:06:39,OK,
MA,GD,14569758000150,7896004713182,Ácido Acetilsalicílico 100 mg Display 100 Comprimidos,Emmarka - MA,36.0,0.3626,39.84,0.0,25.39,25.39,2026-09-09 21:06:39,OK,
MA,GD,14569758000150,7896004713182,Ácido Acetilsalicílico 100 mg Display 100 Comprimidos,Nazaria - MA - Imperatriz,26.0,0.3626,39.84,0.0,25.39,25.39,2026-09-09 21:06:39,OK,
MA,GD,14569758000150,7896004713250,Gabapentina 300 mg Caixa 30 Cápsulas,Emmarka - MA,124.0,0.8024,102.03,0.0,20.16,20.16,2026-09-09 21:06:42,OK,
MA,GD,14569758000150,7896004713250,Gabapentina 300 mg Caixa 30 Cápsulas,Total - MA,55.0,0.7534000000000001,102.03,0.0,25.15,25.15,2026-09-09 21:06:42,OK,
MA,GD,14569758000150,7896004713267,,,0.0,0.0,0.0,0.0,0.0,0.0,2026-09-09 21:06:55,ERRO,Message: Nenhuma distribuidora pôde ser lida no card do produto.
MA,GD,14569758000150,7896004713342,Acetilcisteína 600 mg Caixa 5 g Granulado,Panpharma - CE,1223.0,0.7171,70.03,0.0,19.81,19.81,2026-09-09 21:06:59,OK,
MA,GD,14569758000150,7896004713342,Acetilcisteína 600 mg Caixa 5 g Granulado,Nazaria - MA - Timon,1055.0,0.6992,70.03,0.0,21.07,21.07,2026-09-09 21:06:59,OK,
MA,GD,14569758000150,7896004713342,Acetilcisteína 600 mg Caixa 5 g Granulado,Emmarka - MA,558.0,0.6992,70.03,0.0,21.07,21.07,2026-09-09 21:06:59,OK,
MA,GD,14569758000150,7896004713342,Acetilcisteína 600 mg Caixa 5 g Granulado,Nazaria - MA - Imperatriz,287.0,0.6992,70.03,0.0,21.07,21.07,2026-09-09 21:06:59,OK,
MA,GD,14569758000150,7896004713366,Acetilcisteína 40mg/ml Frasco 120 ml Xarope Adulto,Panpharma - CE,4728.0,0.7885,45.32,0.0,9.59,9.59,2026-09-09 21:07:04,OK,
MA,GD,14569758000150,7896004713366,Acetilcisteína 40mg/ml Frasco 120 ml Xarope Adulto,Nazaria - MA - Timon,1778.0,0.7706000000000001,45.32,0.0,10.4,10.4,2026-09-09 21:07:04,OK,
MA,GD,14569758000150,7896004713366,Acetilcisteína 40mg/ml Frasco 120 ml Xarope Adulto,Emmarka - MA,850.0,0.7706000000000001,45.32,0.0,10.4,10.4,2026-09-09 21:07:04,OK,
MA,GD,14569758000150,7896004713366,Acetilcisteína 40mg/ml Frasco 120 ml Xarope Adulto,Nazaria - MA - Imperatriz,634.0,0.7706000000000001,45.32,0.0,10.4,10.4,2026-09-09 21:07:04,OK,
MA,GD,14569758000150,7896004713366,Acetilcisteína 40mg/ml Frasco 120 ml Xarope Adulto,Total - MA,189.0,0.7152,45.32,0.0,12.91,12.91,2026-09-09 21:07:04,OK,
MA,GD,14569758000150,7896004713571,Pentoxifilina 400 mg Caixa 30 Comprimidos Revestidos,Nazaria - MA - Timon,80.0,0.2155,71.7,0.0,56.25,56.25,2026-09-09 21:07:08,OK,
MA,GD,14569758000150,7896004713571,Pentoxifilina 400 mg Caixa 30 Comprimidos Revestidos,Emmarka - MA,1.0,0.2155,71.7,0.0,56.25,56.25,2026-09-09 21:07:08,OK,
MA,GD,14569758000150,7896004713618,Algestona + Estradiol 150+10mg/ml Ampola 1 ml Solução Injetável,Nazaria - MA - Imperatriz,2311.0,0.12890000000000001,13.49,0.0,11.75,11.75,2026-09-09 21:07:13,OK,
MA,GD,14569758000150,7896004713618,Algestona + Estradiol 150+10mg/ml Ampola 1 ml Solução Injetável,Emmarka - MA,2296.0,0.12890000000000001,13.49,0.0,11.75,11.75,2026-09-09 21:07:13,OK,
MA,GD,14569758000150,7896004713618,Algestona + Estradiol 150+10mg/ml Ampola 1 ml Solução Injetável,Nazaria - MA - Timon,1488.0,0.12890000000000001,13.49,0.0,11.75,11.75,2026-09-09 21:07:13,OK,
MA,GD,14569758000150,7896004713618,Algestona + Estradiol 150+10mg/ml Ampola 1 ml Solução Injetável,Panpharma - CE,2203.0,0.078,13.49,0.0,12.44,12.44,2026-09-09 21:07:13,OK,
MA,GD,14569758000150,7896004713618,Algestona + Estradiol 150+10mg/ml Ampola 1 ml Solução Injetável,Total - MA,1206.0,0.0741,13.49,0.0,12.49,12.49,2026-09-09 21:07:13,OK,
MA,GD,14569758000150,7896004713717,Oximetazolina 0.25 mg/ml Frasco 20 ml Solução Nasal Pediátrico,Total - MA,101.0,0.2917,10.32,0.0,7.31,7.31,2026-09-09 21:07:16,OK,
MA,GD,14569758000150,7896004713724,Oximetazolina 0.5 mg/ml Frasco 30 ml Solução Nasal Adulto,Panpharma - CE,68.0,0.38049999999999995,14.82,0.0,9.18,9.18,2026-09-09 21:07:21,OK,
MA,GD,14569758000150,7896004713724,Oximetazolina 0.5 mg/ml Frasco 30 ml Solução Nasal Adulto,Nazaria - MA - Imperatriz,251.0,0.3626,14.82,0.0,9.45,9.45,2026-09-09 21:07:21,OK,
MA,GD,14569758000150,7896004713724,Oximetazolina 0.5 mg/ml Frasco 30 ml Solução Nasal Adulto,Emmarka - MA,47.0,0.3626,14.82,0.0,9.45,9.45,2026-09-09 21:07:21,OK,
MA,GD,14569758000150,7896004713724,Oximetazolina 0.5 mg/ml Frasco 30 ml Solução Nasal Adulto,Nazaria - MA - Timon,1.0,0.3626,14.82,0.0,9.45,9.45,2026-09-09 21:07:21,OK,
MA,GD,14569758000150,7896004713731,Diclofenaco Potássico 50 mg Caixa 10 Comprimidos Revestidos,Panpharma - CE,1.0,0.43170000000000003,14.66,0.0,8.33,8.33,2026-09-09 21:07:24,OK,
MA,GD,14569758000150,7896004713762,Bromazepam 6 mg Caixa 30 Comprimidos,Emmarka - MA,7.0,0.7875,32.45,0.0,6.9,6.9,2026-09-09 21:07:27,OK,
MA,GD,14569758000150,7896004713915,Losartana + Hidroclorotiazida 100+25 mg Caixa 30 Comprimidos Revestidos,Emmarka - MA,247.0,0.8069,94.36,0.0,18.22,18.22,2026-09-09 21:07:31,OK,
MA,GD,14569758000150,7896004713915,Losartana + Hidroclorotiazida 100+25 mg Caixa 30 Comprimidos Revestidos,Nazaria - MA - Imperatriz,55.0,0.8069,94.36,0.0,18.22,18.22,2026-09-09 21:07:31,OK,
MA,GD,14569758000150,7896004713915,Losartana + Hidroclorotiazida 100+25 mg Caixa 30 Comprimidos Revestidos,Panpharma - CE,16.0,0.804,94.36,0.0,18.49,18.49,2026-09-09 21:07:31,OK,
MA,GD,14569758000150,7896004713922,Losartana + Hidroclorotiazida 50+12.5 mg Caixa 30 Comprimidos Revestidos,Panpharma - CE,117.0,0.7751,58.88,0.0,13.24,13.24,2026-09-09 21:07:35,OK,
MA,GD,14569758000150,7896004715292,Acetilcisteína 20mg/ml Frasco 120 ml Xarope Pediátrico,Nazaria - MA - Timon,1201.0,0.7116,33.99,0.0,9.8,9.8,2026-09-09 21:07:39,OK,
MA,GD,14569758000150,7896004715292,Acetilcisteína 20mg/ml Frasco 120 ml Xarope Pediátrico,Emmarka - MA,662.0,0.7116,33.99,0.0,9.8,9.8,2026-09-09 21:07:39,OK,
MA,GD,14569758000150,7896004715292,Acetilcisteína 20mg/ml Frasco 120 ml Xarope Pediátrico,Nazaria - MA - Imperatriz,377.0,0.7116,33.99,0.0,9.8,9.8,2026-09-09 21:07:39,OK,
MA,GD,14569758000150,7896004715292,Acetilcisteína 20mg/ml Frasco 120 ml Xarope Pediátrico,Total - MA,64.0,0.7116,33.99,0.0,9.8,9.8,2026-09-09 21:07:39,OK,
MA,GD,14569758000150,7896004715292,Acetilcisteína 20mg/ml Frasco 120 ml Xarope Pediátrico,Panpharma - CE,2703.0,0.7106999999999999,33.99,0.0,9.83,9.83,2026-09-09 21:07:39,OK,
MA,GD,14569758000150,7896004715322,Alendronato De Sódio 70 mg Caixa 4 Comprimidos,Panpharma - CE,754.0,0.98,85.01,0.0,1.7,1.7,2026-09-09 21:07:44,OK,
MA,GD,14569758000150,7896004715322,Alendronato De Sódio 70 mg Caixa 4 Comprimidos,Emmarka - MA,329.0,0.968,85.01,0.0,2.72,2.72,2026-09-09 21:07:44,OK,
MA,GD,14569758000150,7896004715322,Alendronato De Sódio 70 mg Caixa 4 Comprimidos,Nazaria - MA - Imperatriz,196.0,0.968,85.01,0.0,2.72,2.72,2026-09-09 21:07:44,OK,
MA,GD,14569758000150,7896004715322,Alendronato De Sódio 70 mg Caixa 4 Comprimidos,Nazaria - MA - Timon,188.0,0.968,85.01,0.0,2.72,2.72,2026-09-09 21:07:44,OK,
MA,GD,14569758000150,7896004715322,Alendronato De Sódio 70 mg Caixa 4 Comprimidos,Total - MA,41.0,0.968,85.01,0.0,2.72,2.72,2026-09-09 21:07:44,OK,
MA,GD,14569758000150,7896004715537,Mometasona 1 mg/g Bisnaga 20 g Creme,Emmarka - MA,489.0,0.6083,36.03,0.0,14.11,14.11,2026-09-09 21:07:48,OK,
MA,GD,14569758000150,7896004715537,Mometasona 1 mg/g Bisnaga 20 g Creme,Total - MA,311.0,0.6083,36.03,0.0,14.11,14.11,2026-09-09 21:07:48,OK,
MA,GD,14569758000150,7896004715537,Mometasona 1 mg/g Bisnaga 20 g Creme,Panpharma - CE,267.0,0.5917,36.03,0.0,14.71,14.71,2026-09-09 21:07:48,OK,
MA,GD,14569758000150,7896004715674,Dipirona Monoidratada 50 mg/ml Frasco 100 ml Solução Oral,Panpharma - CE,405.0,0.6249,18.1,0.0,6.79,6.79,2026-09-09 21:07:53,OK,
MA,GD,14569758000150,7896004715674,Dipirona Monoidratada 50 mg/ml Frasco 100 ml Solução Oral,Nazaria - MA - Timon,2578.0,0.6143,18.1,0.0,6.98,6.98,2026-09-09 21:07:53,OK,
MA,GD,14569758000150,7896004715674,Dipirona Monoidratada 50 mg/ml Frasco 100 ml Solução Oral,Nazaria - MA - Imperatriz,1759.0,0.6143,18.1,0.0,6.98,6.98,2026-09-09 21:07:53,OK,
MA,GD,14569758000150,7896004715674,Dipirona Monoidratada 50 mg/ml Frasco 100 ml Solução Oral,Emmarka - MA,947.0,0.6143,18.1,0.0,6.98,6.98,2026-09-09 21:07:53,OK,
MA,GD,14569758000150,7896004715711,Timolol 5 mg/ml Frasco 5 ml Solução Oftálmica,Panpharma - CE,821.0,0.6970999999999999,12.44,0.0,3.77,3.77,2026-09-09 21:07:58,OK,
MA,GD,14569758000150,7896004715711,Timolol 5 mg/ml Frasco 5 ml Solução Oftálmica,Nazaria - MA - Timon,774.0,0.6792,12.44,0.0,3.99,3.99,2026-09-09 21:07:58,OK,
MA,GD,14569758000150,7896004715711,Timolol 5 mg/ml Frasco 5 ml Solução Oftálmica,Emmarka - MA,760.0,0.6792,12.44,0.0,3.99,3.99,2026-09-09 21:07:58,OK,
MA,GD,14569758000150,7896004715711,Timolol 5 mg/ml Frasco 5 ml Solução Oftálmica,Nazaria - MA - Imperatriz,499.0,0.6792,12.44,0.0,3.99,3.99,2026-09-09 21:07:58,OK,
MA,GD,14569758000150,7896004715711,Timolol 5 mg/ml Frasco 5 ml Solução Oftálmica,Total - MA,261.0,0.6586,12.44,0.0,4.25,4.25,2026-09-09 21:07:58,OK,
MA,GD,14569758000150,7896004715803,Cefalexina 500 mg Caixa 8 Comprimidos Revestidos,Panpharma - CE,153.0,0.633,29.1,0.0,10.68,10.68,2026-09-09 21:08:02,OK,
MA,GD,14569758000150,7896004715803,Cefalexina 500 mg Caixa 8 Comprimidos Revestidos,Emmarka - MA,142.0,0.4202,29.1,0.0,16.87,16.87,2026-09-09 21:08:02,OK,
MA,GD,14569758000150,7896004715803,Cefalexina 500 mg Caixa 8 Comprimidos Revestidos,Nazaria - MA - Imperatriz,85.0,0.4202,29.1,0.0,16.87,16.87,2026-09-09 21:08:02,OK,
MA,GD,14569758000150,7896004715803,Cefalexina 500 mg Caixa 8 Comprimidos Revestidos,Nazaria - MA - Timon,80.0,0.4202,29.1,0.0,16.87,16.87,2026-09-09 21:08:02,OK,
MA,GD,14569758000150,7896004715841,Dipirona Monoidratada 500 mg/ml Frasco 10 ml Gotas,Panpharma - CE,909.0,0.69,7.78,0.0,2.41,2.41,2026-09-09 21:08:07,OK,
MA,GD,14569758000150,7896004715841,Dipirona Monoidratada 500 mg/ml Frasco 10 ml Gotas,Nazaria - MA - Timon,1797.0,0.6893,7.78,0.0,2.42,2.42,2026-09-09 21:08:07,OK,
MA,GD,14569758000150,7896004715841,Dipirona Monoidratada 500 mg/ml Frasco 10 ml Gotas,Nazaria - MA - Imperatriz,1237.0,0.6893,7.78,0.0,2.42,2.42,2026-09-09 21:08:07,OK,
MA,GD,14569758000150,7896004715841,Dipirona Monoidratada 500 mg/ml Frasco 10 ml Gotas,Emmarka - MA,1112.0,0.6893,7.78,0.0,2.42,2.42,2026-09-09 21:08:07,OK,
MA,GD,14569758000150,7896004715902,Neomicina + Bacitracina 5mg+250ui/g Bisnaga 15 g Pomada,Nazaria - MA - Timon,750.0,0.5811999999999999,12.74,0.0,5.34,5.34,2026-09-09 21:08:11,OK,
MA,GD,14569758000150,7896004715902,Neomicina + Bacitracina 5mg+250ui/g Bisnaga 15 g Pomada,Emmarka - MA,716.0,0.5811999999999999,12.74,0.0,5.34,5.34,2026-09-09 21:08:11,OK,
MA,GD,14569758000150,7896004715902,Neomicina + Bacitracina 5mg+250ui/g Bisnaga 15 g Pomada,Nazaria - MA - Imperatriz,223.0,0.5811999999999999,12.74,0.0,5.34,5.34,2026-09-09 21:08:11,OK,
MA,GD,14569758000150,7896004715902,Neomicina + Bacitracina 5mg+250ui/g Bisnaga 15 g Pomada,Panpharma - CE,2169.0,0.5774,12.74,0.0,5.38,5.38,2026-09-09 21:08:11,OK,
MA,GD,14569758000150,7896004715957,,,0.0,0.0,0.0,0.0,0.0,0.0,2026-09-09 21:08:23,ERRO,Message: Nenhuma distribuidora pôde ser lida no card do produto.
MA,GD,14569758000150,7896004715964,Azitromicina Di-hidratada 900 mg Frasco 22.5 ml Pó Para Suspensão Oral + Seringa,Panpharma - CE,85.0,0.8051,79.94,0.0,15.58,15.58,2026-09-09 21:08:28,OK,
MA,GD,14569758000150,7896004715964,Azitromicina Di-hidratada 900 mg Frasco 22.5 ml Pó Para Suspensão Oral + Seringa,Emmarka - MA,272.0,0.7870999999999999,79.94,0.0,17.02,17.02,2026-09-09 21:08:28,OK,
MA,GD,14569758000150,7896004715964,Azitromicina Di-hidratada 900 mg Frasco 22.5 ml Pó Para Suspensão Oral + Seringa,Nazaria - MA - Imperatriz,64.0,0.7870999999999999,79.94,0.0,17.02,17.02,2026-09-09 21:08:28,OK,
MA,GD,14569758000150,7896004715971,Azitromicina Di-hidratada 600 mg Frasco 15 ml Pó Para Suspensão Oral + Seringa,Panpharma - CE,451.0,0.8162,64.94,0.0,11.94,11.94,2026-09-09 21:08:32,OK,
MA,GD,14569758000150,7896004715971,Azitromicina Di-hidratada 600 mg Frasco 15 ml Pó Para Suspensão Oral + Seringa,Emmarka - MA,543.0,0.7981999999999999,64.94,0.0,13.1,13.1,2026-09-09 21:08:32,OK,
MA,GD,14569758000150,7896004715971,Azitromicina Di-hidratada 600 mg Frasco 15 ml Pó Para Suspensão Oral + Seringa,Nazaria - MA - Imperatriz,218.0,0.7981999999999999,64.94,0.0,13.1,13.1,2026-09-09 21:08:32,OK,
MA,GD,14569758000150,7896004715971,Azitromicina Di-hidratada 600 mg Frasco 15 ml Pó Para Suspensão Oral + Seringa,Total - MA,158.0,0.7687,64.94,0.0,15.02,15.02,2026-09-09 21:08:32,OK,
MA,GD,14569758000150,7896004716138,Espironolactona 100 mg Caixa 30 Comprimidos,Nazaria - MA - Imperatriz,272.0,0.2113,41.53,0.0,32.75,32.75,2026-09-09 21:08:37,OK,
MA,GD,14569758000150,7896004716138,Espironolactona 100 mg Caixa 30 Comprimidos,Nazaria - MA - Timon,82.0,0.2113,41.53,0.0,32.75,32.75,2026-09-09 21:08:37,OK,
MA,GD,14569758000150,7896004716138,Espironolactona 100 mg Caixa 30 Comprimidos,Total - MA,2.0,0.2113,41.53,0.0,32.75,32.75,2026-09-09 21:08:37,OK,
MA,GD,14569758000150,7896004716138,Espironolactona 100 mg Caixa 30 Comprimidos,Panpharma - CE,80.0,0.115,41.53,0.0,36.75,36.75,2026-09-09 21:08:37,OK,
MA,GD,14569758000150,7896004716145,,,0.0,0.0,0.0,0.0,0.0,0.0,2026-09-09 21:08:49,ERRO,Message: Nenhuma distribuidora pôde ser lida no card do produto.
MA,GD,14569758000150,7896004716176,Hidroclorotiazida 25 mg Caixa 30 Comprimidos,Panpharma - CE,550.0,0.7918000000000001,8.13,0.0,1.69,1.69,2026-09-09 21:08:53,OK,
MA,GD,14569758000150,7896004716176,Hidroclorotiazida 25 mg Caixa 30 Comprimidos,Total - MA,1484.0,0.7713,8.13,0.0,1.86,1.86,2026-09-09 21:08:53,OK,
MA,GD,14569758000150,7896004716176,Hidroclorotiazida 25 mg Caixa 30 Comprimidos,Nazaria - MA - Timon,376.0,0.7713,8.13,0.0,1.86,1.86,2026-09-09 21:08:53,OK,
MA,GD,14569758000150,7896004716176,Hidroclorotiazida 25 mg Caixa 30 Comprimidos,Emmarka - MA,336.0,0.7713,8.13,0.0,1.86,1.86,2026-09-09 21:08:53,OK,
MA,GD,14569758000150,7896004716268,Bromazepam 3 mg Caixa 30 Comprimidos,Nazaria - MA - Timon,274.0,0.8128,20.65,0.0,3.87,3.87,2026-09-09 21:08:58,OK,
MA,GD,14569758000150,7896004716268,Bromazepam 3 mg Caixa 30 Comprimidos,Nazaria - MA - Imperatriz,119.0,0.8128,20.65,0.0,3.87,3.87,2026-09-09 21:08:58,OK,
MA,GD,14569758000150,7896004716268,Bromazepam 3 mg Caixa 30 Comprimidos,Emmarka - MA,89.0,0.8128,20.65,0.0,3.87,3.87,2026-09-09 21:08:58,OK,
MA,GD,14569758000150,7896004716299,Paracetamol Bebê 100 mg/ml Frasco 15 ml Gotas,Emmarka - MA,900.0,0.4357,23.63,0.0,13.33,13.33,2026-09-09 21:09:02,OK,
MA,GD,14569758000150,7896004716299,Paracetamol Bebê 100 mg/ml Frasco 15 ml Gotas,Total - MA,184.0,0.4357,23.63,0.0,13.33,13.33,2026-09-09 21:09:02,OK,
MA,GD,14569758000150,7896004716299,Paracetamol Bebê 100 mg/ml Frasco 15 ml Gotas,Nazaria - MA - Imperatriz,179.0,0.4357,23.63,0.0,13.33,13.33,2026-09-09 21:09:02,OK,
MA,GD,14569758000150,7896004716299,Paracetamol Bebê 100 mg/ml Frasco 15 ml Gotas,Nazaria - MA - Timon,165.0,0.4357,23.63,0.0,13.33,13.33,2026-09-09 21:09:02,OK,
MA,GD,14569758000150,7896004716343,Finasterida 1 mg Caixa 60 Comprimidos Revestidos,Panpharma - CE,49.0,0.8053,138.29,0.0,26.93,26.93,2026-09-09 21:09:07,OK,
MA,GD,14569758000150,7896004716343,Finasterida 1 mg Caixa 60 Comprimidos Revestidos,Nazaria - MA - Timon,158.0,0.7873,138.29,0.0,29.41,29.41,2026-09-09 21:09:07,OK,
MA,GD,14569758000150,7896004716343,Finasterida 1 mg Caixa 60 Comprimidos Revestidos,Emmarka - MA,87.0,0.7873,138.29,0.0,29.41,29.41,2026-09-09 21:09:07,OK,
MA,GD,14569758000150,7896004716343,Finasterida 1 mg Caixa 60 Comprimidos Revestidos,Nazaria - MA - Imperatriz,73.0,0.7873,138.29,0.0,29.41,29.41,2026-09-09 21:09:07,OK,
MA,GD,14569758000150,7896004718446,Dipirona Monoidratada 500 mg/ml Frasco 20 ml Gotas,Panpharma - CE,1098.0,0.7245999999999999,14.3,0.0,3.94,3.94,2026-09-09 21:09:11,OK,
MA,GD,14569758000150,7896004718446,Dipirona Monoidratada 500 mg/ml Frasco 20 ml Gotas,Nazaria - MA - Timon,2363.0,0.7067,14.3,0.0,4.19,4.19,2026-09-09 21:09:11,OK,
MA,GD,14569758000150,7896004718446,Dipirona Monoidratada 500 mg/ml Frasco 20 ml Gotas,Nazaria - MA - Imperatriz,1115.0,0.7067,14.3,0.0,4.19,4.19,2026-09-09 21:09:11,OK,
MA,GD,14569758000150,7896004718446,Dipirona Monoidratada 500 mg/ml Frasco 20 ml Gotas,Emmarka - MA,1099.0,0.7067,14.3,0.0,4.19,4.19,2026-09-09 21:09:11,OK,
MA,GD,14569758000150,7896004718453,Clotrimazol 10 mg/g Bisnaga 20 g Creme,Emmarka - MA,442.0,0.5786,16.23,0.0,6.84,6.84,2026-09-09 21:09:16,OK,
MA,GD,14569758000150,7896004718453,Clotrimazol 10 mg/g Bisnaga 20 g Creme,Nazaria - MA - Timon,272.0,0.5786,16.23,0.0,6.84,6.84,2026-09-09 21:09:16,OK,
MA,GD,14569758000150,7896004718453,Clotrimazol 10 mg/g Bisnaga 20 g Creme,Nazaria - MA - Imperatriz,212.0,0.5786,16.23,0.0,6.84,6.84,2026-09-09 21:09:16,OK,
MA,GD,14569758000150,7896004718453,Clotrimazol 10 mg/g Bisnaga 20 g Creme,Total - MA,186.0,0.5786,16.23,0.0,6.84,6.84,2026-09-09 21:09:16,OK,
MA,GD,14569758000150,7896004718453,Clotrimazol 10 mg/g Bisnaga 20 g Creme,Panpharma - CE,421.0,0.5561,16.23,0.0,7.2,7.2,2026-09-09 21:09:16,OK,
MA,GD,14569758000150,7896004718460,Cetoconazol 20 mg/g Bisnaga 30 g Creme,Panpharma - CE,668.0,0.7551000000000001,27.92,0.0,6.84,6.84,2026-09-09 21:09:20,OK,
MA,GD,14569758000150,7896004718460,Cetoconazol 20 mg/g Bisnaga 30 g Creme,Nazaria - MA - Imperatriz,1038.0,0.7371,27.92,0.0,7.34,7.34,2026-09-09 21:09:20,OK,
MA,GD,14569758000150,7896004718460,Cetoconazol 20 mg/g Bisnaga 30 g Creme,Emmarka - MA,489.0,0.7371,27.92,0.0,7.34,7.34,2026-09-09 21:09:20,OK,
MA,GD,14569758000150,7896004718460,Cetoconazol 20 mg/g Bisnaga 30 g Creme,Total - MA,1218.0,0.7222,27.92,0.0,7.76,7.76,2026-09-09 21:09:20,OK,
MA,GD,14569758000150,7896004718804,Alprazolam 0.50 mg Caixa 30 Comprimidos,Panpharma - CE,719.0,0.763,12.71,0.0,3.01,3.01,2026-09-09 21:09:25,OK,
MA,GD,14569758000150,7896004718804,Alprazolam 0.50 mg Caixa 30 Comprimidos,Nazaria - MA - Imperatriz,388.0,0.745,12.71,0.0,3.24,3.24,2026-09-09 21:09:25,OK,
MA,GD,14569758000150,7896004718804,Alprazolam 0.50 mg Caixa 30 Comprimidos,Emmarka - MA,172.0,0.745,12.71,0.0,3.24,3.24,2026-09-09 21:09:25,OK,
MA,GD,14569758000150,7896004718804,Alprazolam 0.50 mg Caixa 30 Comprimidos,Nazaria - MA - Timon,1.0,0.745,12.71,0.0,3.24,3.24,2026-09-09 21:09:25,OK,
MA,GD,14569758000150,7896004718804,Alprazolam 0.50 mg Caixa 30 Comprimidos,Total - MA,674.0,0.6960999999999999,12.71,0.0,3.86,3.86,2026-09-09 21:09:25,OK,
MA,GD,14569758000150,7896004718811,Alprazolam 0.25 mg Caixa 30 Comprimidos,Panpharma - CE,190.0,0.7139,15.03,0.0,4.3,4.3,2026-09-09 21:09:29,OK,
MA,GD,14569758000150,7896004718811,Alprazolam 0.25 mg Caixa 30 Comprimidos,Nazaria - MA - Imperatriz,137.0,0.696,15.03,0.0,4.57,4.57,2026-09-09 21:09:29,OK,
MA,GD,14569758000150,7896004718811,Alprazolam 0.25 mg Caixa 30 Comprimidos,Emmarka - MA,117.0,0.696,15.03,0.0,4.57,4.57,2026-09-09 21:09:29,OK,
MA,GD,14569758000150,7896004718828,Alprazolam 1 mg Caixa 30 Comprimidos,Panpharma - CE,1603.0,0.8378,24.96,0.0,4.05,4.05,2026-09-09 21:09:34,OK,
MA,GD,14569758000150,7896004718828,Alprazolam 1 mg Caixa 30 Comprimidos,Nazaria - MA - Timon,404.0,0.8199,24.96,0.0,4.5,4.5,2026-09-09 21:09:34,OK,
MA,GD,14569758000150,7896004718828,Alprazolam 1 mg Caixa 30 Comprimidos,Emmarka - MA,276.0,0.8199,24.96,0.0,4.5,4.5,2026-09-09 21:09:34,OK,
MA,GD,14569758000150,7896004718828,Alprazolam 1 mg Caixa 30 Comprimidos,Nazaria - MA - Imperatriz,174.0,0.8199,24.96,0.0,4.5,4.5,2026-09-09 21:09:34,OK,
MA,GD,14569758000150,7896004718828,Alprazolam 1 mg Caixa 30 Comprimidos,Total - MA,283.0,0.7994,24.96,0.0,5.01,5.01,2026-09-09 21:09:34,OK,
MA,GD,14569758000150,7896004718842,Alprazolam 2 mg Caixa 30 Comprimidos,Panpharma - CE,1429.0,0.8996,74.62,0.0,7.49,7.49,2026-09-09 21:09:39,OK,
MA,GD,14569758000150,7896004718842,Alprazolam 2 mg Caixa 30 Comprimidos,Total - MA,205.0,0.8901,74.62,0.0,8.19,8.19,2026-09-09 21:09:39,OK,
MA,GD,14569758000150,7896004718842,Alprazolam 2 mg Caixa 30 Comprimidos,Nazaria - MA - Timon,653.0,0.8901,74.62,0.0,8.2,8.2,2026-09-09 21:09:39,OK,
MA,GD,14569758000150,7896004718842,Alprazolam 2 mg Caixa 30 Comprimidos,Emmarka - MA,229.0,0.8901,74.62,0.0,8.2,8.2,2026-09-09 21:09:39,OK,
MA,GD,14569758000150,7896004718842,Alprazolam 2 mg Caixa 30 Comprimidos,Nazaria - MA - Imperatriz,117.0,0.8901,74.62,0.0,8.2,8.2,2026-09-09 21:09:39,OK,
MA,GD,14569758000150,7896004718996,Amoxicilina 500 mg Caixa 30 Cápsulas,Nazaria - MA - Imperatriz,118.0,0.6958,56.69,0.0,17.25,17.25,2026-09-09 21:09:43,OK,
MA,GD,14569758000150,7896004718996,Amoxicilina 500 mg Caixa 30 Cápsulas,Emmarka - MA,73.0,0.6958,56.69,0.0,17.25,17.25,2026-09-09 21:09:43,OK,
MA,GD,14569758000150,7896004718996,Amoxicilina 500 mg Caixa 30 Cápsulas,Nazaria - MA - Timon,43.0,0.6958,56.69,0.0,17.25,17.25,2026-09-09 21:09:43,OK,
MA,GD,14569758000150,7896004719283,Hidrocortisona 10 mg/g Bisnaga 30 g Pomada,Panpharma - CE,140.0,0.2879,28.49,0.0,20.29,20.29,2026-09-09 21:09:47,OK,
MA,GD,14569758000150,7896004719283,Hidrocortisona 10 mg/g Bisnaga 30 g Pomada,Emmarka - MA,172.0,0.2699,28.49,0.0,20.8,20.8,2026-09-09 21:09:47,OK,
MA,GD,14569758000150,7896004719580,Amoxicilina + Clavulanato 875+125 mg Caixa 12 Comprimidos Revestidos,Panpharma - CE,232.0,0.8408,149.48,0.0,23.8,23.8,2026-09-09 21:09:51,OK,
MA,GD,14569758000150,7896004719580,Amoxicilina + Clavulanato 875+125 mg Caixa 12 Comprimidos Revestidos,Emmarka - MA,151.0,0.8228,149.48,0.0,26.49,26.49,2026-09-09 21:09:51,OK,
MA,GD,14569758000150,7896004719580,Amoxicilina + Clavulanato 875+125 mg Caixa 12 Comprimidos Revestidos,Nazaria - MA - Imperatriz,38.0,0.8228,149.48,0.0,26.49,26.49,2026-09-09 21:09:51,OK,
MA,GD,14569758000150,7896004719580,Amoxicilina + Clavulanato 875+125 mg Caixa 12 Comprimidos Revestidos,Total - MA,172.0,0.8106,149.47,0.0,28.3,28.3,2026-09-09 21:09:51,OK,
MA,GD,14569758000150,7896004719597,Amoxicilina + Clavulanato 875+125 mg Caixa 14 Comprimidos Revestidos,Total - MA,31.0,0.7614,164.3,0.0,39.21,39.2,2026-09-09 21:09:56,OK,
MA,GD,14569758000150,7896004719597,Amoxicilina + Clavulanato 875+125 mg Caixa 14 Comprimidos Revestidos,Panpharma - CE,1011.0,0.7589,164.3,0.0,39.61,39.61,2026-09-09 21:09:56,OK,
MA,GD,14569758000150,7896004719597,Amoxicilina + Clavulanato 875+125 mg Caixa 14 Comprimidos Revestidos,Emmarka - MA,730.0,0.7409,164.3,0.0,42.57,42.57,2026-09-09 21:09:56,OK,
MA,GD,14569758000150,7896004719597,Amoxicilina + Clavulanato 875+125 mg Caixa 14 Comprimidos Revestidos,Nazaria - MA - Imperatriz,104.0,0.7409,164.3,0.0,42.57,42.57,2026-09-09 21:09:56,OK,
MA,GD,14569758000150,7896004720241,Bromexina 4mg/5ml Frasco 120 ml Xarope Pediátrico,Emmarka - MA,10.0,0.42219999999999996,14.73,0.0,8.51,8.51,2026-09-09 21:09:59,OK,
MA,GD,14569758000150,7896004720746,Amoxicilina + Clavulanato 400+57mg/5ml Frasco 70 ml Pó P/ Susp. Oral + Seringa + Copo,Panpharma - CE,761.0,0.8056,86.31,0.0,16.78,16.78,2026-09-09 21:10:04,OK,
MA,GD,14569758000150,7896004720746,Amoxicilina + Clavulanato 400+57mg/5ml Frasco 70 ml Pó P/ Susp. Oral + Seringa + Copo,Nazaria - MA - Timon,1081.0,0.7877,86.31,0.0,18.32,18.32,2026-09-09 21:10:04,OK,
MA,GD,14569758000150,7896004720746,Amoxicilina + Clavulanato 400+57mg/5ml Frasco 70 ml Pó P/ Susp. Oral + Seringa + Copo,Emmarka - MA,531.0,0.7877,86.31,0.0,18.32,18.32,2026-09-09 21:10:04,OK,
MA,GD,14569758000150,7896004720746,Amoxicilina + Clavulanato 400+57mg/5ml Frasco 70 ml Pó P/ Susp. Oral + Seringa + Copo,Nazaria - MA - Imperatriz,438.0,0.7877,86.31,0.0,18.32,18.32,2026-09-09 21:10:04,OK,
MA,GD,14569758000150,7896004720746,Amoxicilina + Clavulanato 400+57mg/5ml Frasco 70 ml Pó P/ Susp. Oral + Seringa + Copo,Total - MA,198.0,0.7827,86.31,0.0,18.75,18.75,2026-09-09 21:10:04,OK,
MA,GD,14569758000150,7896004720784,Dexclorfeniramina 10 mg/g Bisnaga 30 g Creme,Panpharma - CE,26.0,0.49439999999999995,15.28,0.0,7.73,7.73,2026-09-09 21:10:08,OK,
MA,GD,14569758000150,7896004720784,Dexclorfeniramina 10 mg/g Bisnaga 30 g Creme,Emmarka - MA,448.0,0.4765,15.28,0.0,8.0,8.0,2026-09-09 21:10:08,OK,
MA,GD,14569758000150,7896004720784,Dexclorfeniramina 10 mg/g Bisnaga 30 g Creme,Nazaria - MA - Timon,226.0,0.4765,15.28,0.0,8.0,8.0,2026-09-09 21:10:08,OK,
MA,GD,14569758000150,7896004720784,Dexclorfeniramina 10 mg/g Bisnaga 30 g Creme,Nazaria - MA - Imperatriz,61.0,0.4765,15.28,0.0,8.0,8.0,2026-09-09 21:10:08,OK,
MA,GD,14569758000150,7896004720869,,,0.0,0.0,0.0,0.0,0.0,0.0,2026-09-09 21:10:21,ERRO,Message: Nenhuma distribuidora pôde ser lida no card do produto.
MA,GD,14569758000150,7896004721125,Sibutramina 15 mg Caixa 30 Cápsulas,Panpharma - CE,161.0,0.8332999999999999,80.48,0.0,13.42,13.42,2026-09-09 21:10:26,OK,
MA,GD,14569758000150,7896004721125,Sibutramina 15 mg Caixa 30 Cápsulas,Nazaria - MA - Imperatriz,159.0,0.8154,80.48,0.0,14.86,14.86,2026-09-09 21:10:26,OK,
MA,GD,14569758000150,7896004721125,Sibutramina 15 mg Caixa 30 Cápsulas,Emmarka - MA,34.0,0.8154,80.48,0.0,14.86,14.86,2026-09-09 21:10:26,OK,
MA,GD,14569758000150,7896004721125,Sibutramina 15 mg Caixa 30 Cápsulas,Nazaria - MA - Timon,11.0,0.8154,80.48,0.0,14.86,14.86,2026-09-09 21:10:26,OK,
MA,GD,14569758000150,7896004721125,Sibutramina 15 mg Caixa 30 Cápsulas,Total - MA,96.0,0.8112999999999999,80.48,0.0,15.19,15.19,2026-09-09 21:10:26,OK,
MA,GD,14569758000150,7896004721255,Risperidona 1 mg/g Frasco 30 ml Solução Oral,Emmarka - MA,344.0,0.5568,63.3,0.0,28.05,28.05,2026-09-09 21:10:31,OK,
MA,GD,14569758000150,7896004721255,Risperidona 1 mg/g Frasco 30 ml Solução Oral,Nazaria - MA - Timon,302.0,0.5568,63.3,0.0,28.05,28.05,2026-09-09 21:10:31,OK,
MA,GD,14569758000150,7896004721255,Risperidona 1 mg/g Frasco 30 ml Solução Oral,Nazaria - MA - Imperatriz,68.0,0.5568,63.3,0.0,28.05,28.05,2026-09-09 21:10:31,OK,
MA,GD,14569758000150,7896004721255,Risperidona 1 mg/g Frasco 30 ml Solução Oral,Total - MA,651.0,0.5567,63.3,0.0,28.06,28.06,2026-09-09 21:10:31,OK,
MA,GD,14569758000150,7896004721255,Risperidona 1 mg/g Frasco 30 ml Solução Oral,Panpharma - CE,91.0,0.5053,63.3,0.0,31.31,31.31,2026-09-09 21:10:31,OK,
MA,GD,14569758000150,7896004721323,Paracetamol + Cafeína 65 mg Caixa 20 Comprimidos Revestidos,Emmarka - MA,1.0,0.4637,24.18,0.0,12.97,12.97,2026-09-09 21:10:34,OK,
MA,GD,14569758000150,7896004721828,Clonazepam 2 mg Caixa 30 Comprimidos,Panpharma - CE,1275.0,0.8119,18.69,0.0,3.52,3.52,2026-09-09 21:10:39,OK,
MA,GD,14569758000150,7896004721828,Clonazepam 2 mg Caixa 30 Comprimidos,Nazaria - MA - Timon,2278.0,0.794,18.69,0.0,3.85,3.85,2026-09-09 21:10:39,OK,
MA,GD,14569758000150,7896004721828,Clonazepam 2 mg Caixa 30 Comprimidos,Nazaria - MA - Imperatriz,273.0,0.794,18.69,0.0,3.85,3.85,2026-09-09 21:10:39,OK,
MA,GD,14569758000150,7896004721828,Clonazepam 2 mg Caixa 30 Comprimidos,Emmarka - MA,247.0,0.794,18.69,0.0,3.85,3.85,2026-09-09 21:10:39,OK,
MA,GD,14569758000150,7896004721828,Clonazepam 2 mg Caixa 30 Comprimidos,Total - MA,326.0,0.7633,18.69,0.0,4.42,4.42,2026-09-09 21:10:39,OK,
MA,GD,14569758000150,7896004721903,Dexametasona 1 mg/g Bisnaga 10 g Creme Dermatológico,Nazaria - MA - Timon,694.0,0.6919,11.53,0.0,3.55,3.55,2026-09-09 21:10:44,OK,
MA,GD,14569758000150,7896004721903,Dexametasona 1 mg/g Bisnaga 10 g Creme Dermatológico,Total - MA,216.0,0.6919,11.53,0.0,3.55,3.55,2026-09-09 21:10:44,OK,
MA,GD,14569758000150,7896004721903,Dexametasona 1 mg/g Bisnaga 10 g Creme Dermatológico,Nazaria - MA - Imperatriz,136.0,0.6919,11.53,0.0,3.55,3.55,2026-09-09 21:10:44,OK,
MA,GD,14569758000150,7896004721903,Dexametasona 1 mg/g Bisnaga 10 g Creme Dermatológico,Emmarka - MA,4.0,0.6919,11.53,0.0,3.55,3.55,2026-09-09 21:10:44,OK,
MA,GD,14569758000150,7896004721903,Dexametasona 1 mg/g Bisnaga 10 g Creme Dermatológico,Panpharma - CE,22.0,0.6858,11.53,0.0,3.62,3.62,2026-09-09 21:10:44,OK,
MA,GD,14569758000150,7896004722122,Aceclofenaco 100 mg Caixa 12 Comprimidos Revestidos,Panpharma - CE,127.0,0.7855,41.91,0.0,8.99,8.99,2026-09-09 21:10:49,OK,
MA,GD,14569758000150,7896004722122,Aceclofenaco 100 mg Caixa 12 Comprimidos Revestidos,Emmarka - MA,762.0,0.7676000000000001,41.91,0.0,9.74,9.74,2026-09-09 21:10:49,OK,
MA,GD,14569758000150,7896004722122,Aceclofenaco 100 mg Caixa 12 Comprimidos Revestidos,Nazaria - MA - Timon,708.0,0.7676000000000001,41.91,0.0,9.74,9.74,2026-09-09 21:10:49,OK,
MA,GD,14569758000150,7896004722122,Aceclofenaco 100 mg Caixa 12 Comprimidos Revestidos,Nazaria - MA - Imperatriz,328.0,0.7676000000000001,41.91,0.0,9.74,9.74,2026-09-09 21:10:49,OK,
MA,GD,14569758000150,7896004722122,Aceclofenaco 100 mg Caixa 12 Comprimidos Revestidos,Total - MA,117.0,0.7354999999999999,41.91,0.0,11.09,11.09,2026-09-09 21:10:49,OK,
MA,GD,14569758000150,7896004722160,Bisoprolol 1.25 mg Caixa 30 Comprimidos Revestidos,Panpharma - CE,41.0,0.8554,70.48,0.0,10.19,10.19,2026-09-09 21:10:54,OK,
MA,GD,14569758000150,7896004722160,Bisoprolol 1.25 mg Caixa 30 Comprimidos Revestidos,Nazaria - MA - Timon,332.0,0.8373999999999999,70.48,0.0,11.46,11.46,2026-09-09 21:10:54,OK,
MA,GD,14569758000150,7896004722160,Bisoprolol 1.25 mg Caixa 30 Comprimidos Revestidos,Nazaria - MA - Imperatriz,287.0,0.8373999999999999,70.48,0.0,11.46,11.46,2026-09-09 21:10:54,OK,
MA,GD,14569758000150,7896004722160,Bisoprolol 1.25 mg Caixa 30 Comprimidos Revestidos,Emmarka - MA,126.0,0.8373999999999999,70.48,0.0,11.46,11.46,2026-09-09 21:10:54,OK,
MA,GD,14569758000150,7896004722160,Bisoprolol 1.25 mg Caixa 30 Comprimidos Revestidos,Total - MA,155.0,0.8201,70.48,0.0,12.68,12.68,2026-09-09 21:10:54,OK,
MA,GD,14569758000150,7896004722177,Bisoprolol 2.5 mg Caixa 30 Comprimidos Revestidos,Panpharma - CE,180.0,0.6681999999999999,43.81,0.0,14.54,14.54,2026-09-09 21:10:58,OK,
MA,GD,14569758000150,7896004722177,Bisoprolol 2.5 mg Caixa 30 Comprimidos Revestidos,Nazaria - MA - Timon,708.0,0.6502,43.81,0.0,15.32,15.32,2026-09-09 21:10:58,OK,
MA,GD,14569758000150,7896004722177,Bisoprolol 2.5 mg Caixa 30 Comprimidos Revestidos,Emmarka - MA,239.0,0.6502,43.81,0.0,15.32,15.32,2026-09-09 21:10:58,OK,
MA,GD,14569758000150,7896004722177,Bisoprolol 2.5 mg Caixa 30 Comprimidos Revestidos,Nazaria - MA - Imperatriz,113.0,0.6502,43.81,0.0,15.32,15.32,2026-09-09 21:10:58,OK,
MA,GD,14569758000150,7896004722177,Bisoprolol 2.5 mg Caixa 30 Comprimidos Revestidos,Total - MA,36.0,0.6349,43.81,0.0,16.0,16.0,2026-09-09 21:10:58,OK,
MA,GD,14569758000150,7896004722337,Paracetamol + Pseudoefedrina 500+30 mg Caixa 24 Comprimidos Revestidos,Total - MA,81.0,0.1605,12.75,0.0,10.7,10.7,2026-09-09 21:11:03,OK,
MA,GD,14569758000150,7896004722337,Paracetamol + Pseudoefedrina 500+30 mg Caixa 24 Comprimidos Revestidos,Emmarka - MA,58.0,0.1605,12.75,0.0,10.7,10.7,2026-09-09 21:11:03,OK,
MA,GD,14569758000150,7896004722337,Paracetamol + Pseudoefedrina 500+30 mg Caixa 24 Comprimidos Revestidos,Nazaria - MA - Imperatriz,25.0,0.1605,12.75,0.0,10.7,10.7,2026-09-09 21:11:03,OK,
MA,GD,14569758000150,7896004722337,Paracetamol + Pseudoefedrina 500+30 mg Caixa 24 Comprimidos Revestidos,Nazaria - MA - Timon,13.0,0.1605,12.75,0.0,10.7,10.7,2026-09-09 21:11:03,OK,
MA,GD,14569758000150,7896004722337,Paracetamol + Pseudoefedrina 500+30 mg Caixa 24 Comprimidos Revestidos,Panpharma - CE,144.0,0.0799,12.75,0.0,11.73,11.73,2026-09-09 21:11:03,OK,
MA,GD,14569758000150,7896004722467,Lidocaína 50 mg/g Bisnaga 25 g Pomada,Panpharma - CE,95.0,0.408,15.74,0.0,9.32,9.32,2026-09-09 21:11:08,OK,
MA,GD,14569758000150,7896004722467,Lidocaína 50 mg/g Bisnaga 25 g Pomada,Nazaria - MA - Timon,98.0,0.3901,15.74,0.0,9.6,9.6,2026-09-09 21:11:08,OK,
MA,GD,14569758000150,7896004722467,Lidocaína 50 mg/g Bisnaga 25 g Pomada,Nazaria - MA - Imperatriz,31.0,0.3901,15.74,0.0,9.6,9.6,2026-09-09 21:11:08,OK,
MA,GD,14569758000150,7896004722467,Lidocaína 50 mg/g Bisnaga 25 g Pomada,Emmarka - MA,19.0,0.3901,15.74,0.0,9.6,9.6,2026-09-09 21:11:08,OK,
MA,GD,14569758000150,7896004722474,Lidocaína 50 mg/g Bisnaga 25 g Pomada Sabor Laranja,Panpharma - CE,730.0,0.42200000000000004,15.04,0.0,8.69,8.69,2026-09-09 21:11:13,OK,
MA,GD,14569758000150,7896004722474,Lidocaína 50 mg/g Bisnaga 25 g Pomada Sabor Laranja,Nazaria - MA - Imperatriz,332.0,0.40409999999999996,15.04,0.0,8.96,8.96,2026-09-09 21:11:13,OK,
MA,GD,14569758000150,7896004722474,Lidocaína 50 mg/g Bisnaga 25 g Pomada Sabor Laranja,Emmarka - MA,98.0,0.40409999999999996,15.04,0.0,8.96,8.96,2026-09-09 21:11:13,OK,
MA,GD,14569758000150,7896004722474,Lidocaína 50 mg/g Bisnaga 25 g Pomada Sabor Laranja,Nazaria - MA - Timon,87.0,0.40409999999999996,15.04,0.0,8.96,8.96,2026-09-09 21:11:13,OK,
MA,GD,14569758000150,7896004722474,Lidocaína 50 mg/g Bisnaga 25 g Pomada Sabor Laranja,Total - MA,13.0,0.3954,15.04,0.0,9.09,9.09,2026-09-09 21:11:13,OK,
MA,GD,14569758000150,7896004722528,Ciprofloxacino + Dexametasona 3.5+1 mg/ml Frasco 5 ml Solução Oftálmica,Panpharma - CE,81.0,0.4249,27.88,0.0,16.03,16.03,2026-09-09 21:11:17,OK,
MA,GD,14569758000150,7896004722528,Ciprofloxacino + Dexametasona 3.5+1 mg/ml Frasco 5 ml Solução Oftálmica,Nazaria - MA - Timon,69.0,0.40700000000000003,27.88,0.0,16.53,16.53,2026-09-09 21:11:17,OK,
MA,GD,14569758000150,7896004722528,Ciprofloxacino + Dexametasona 3.5+1 mg/ml Frasco 5 ml Solução Oftálmica,Nazaria - MA - Imperatriz,28.0,0.40700000000000003,27.88,0.0,16.53,16.53,2026-09-09 21:11:17,OK,
MA,GD,14569758000150,7896004722528,Ciprofloxacino + Dexametasona 3.5+1 mg/ml Frasco 5 ml Solução Oftálmica,Emmarka - MA,14.0,0.40700000000000003,27.88,0.0,16.53,16.53,2026-09-09 21:11:17,OK,
MA,GD,14569758000150,7896004722870,Losartana Potássica 100 mg Caixa 30 Comprimidos Revestidos,Panpharma - CE,110.0,0.4131,44.9,0.0,26.35,26.35,2026-09-09 21:11:20,OK,
MA,GD,14569758000150,7896004723020,Ácido Tranexâmico 250 mg Caixa 12 Comprimidos,Nazaria - MA - Timon,877.0,0.12210000000000001,45.1,0.0,39.59,39.59,2026-09-09 21:11:25,OK,
MA,GD,14569758000150,7896004723020,Ácido Tranexâmico 250 mg Caixa 12 Comprimidos,Nazaria - MA - Imperatriz,543.0,0.12210000000000001,45.1,0.0,39.59,39.59,2026-09-09 21:11:25,OK,
MA,GD,14569758000150,7896004723020,Ácido Tranexâmico 250 mg Caixa 12 Comprimidos,Emmarka - MA,53.0,0.12210000000000001,45.1,0.0,39.59,39.59,2026-09-09 21:11:25,OK,
MA,GD,14569758000150,7896004723020,Ácido Tranexâmico 250 mg Caixa 12 Comprimidos,Panpharma - CE,1556.0,0.0799,45.1,0.0,41.5,41.5,2026-09-09 21:11:25,OK,
MA,GD,14569758000150,7896004723365,Fenofibrato 200 mg Caixa 30 Cápsulas,Nazaria - MA - Imperatriz,46.0,0.33640000000000003,103.91,0.0,68.95,68.95,2026-09-09 21:11:29,OK,
MA,GD,14569758000150,7896004723365,Fenofibrato 200 mg Caixa 30 Cápsulas,Nazaria - MA - Timon,33.0,0.33640000000000003,103.91,0.0,68.95,68.95,2026-09-09 21:11:29,OK,
MA,GD,14569758000150,7896004723365,Fenofibrato 200 mg Caixa 30 Cápsulas,Emmarka - MA,32.0,0.33640000000000003,103.91,0.0,68.95,68.95,2026-09-09 21:11:29,OK,
MA,GD,14569758000150,7896004723365,Fenofibrato 200 mg Caixa 30 Cápsulas,Panpharma - CE,112.0,0.1893,103.91,0.0,84.24,84.24,2026-09-09 21:11:29,OK,
MA,GD,14569758000150,7896004723563,Domperidona 10 mg Caixa 30 Comprimidos,Panpharma - CE,1192.0,0.8111,20.16,0.0,3.81,3.81,2026-09-09 21:11:34,OK,
MA,GD,14569758000150,7896004723563,Domperidona 10 mg Caixa 30 Comprimidos,Emmarka - MA,924.0,0.7972,20.16,0.0,4.09,4.09,2026-09-09 21:11:34,OK,
MA,GD,14569758000150,7896004723563,Domperidona 10 mg Caixa 30 Comprimidos,Nazaria - MA - Imperatriz,671.0,0.7972,20.16,0.0,4.09,4.09,2026-09-09 21:11:34,OK,
MA,GD,14569758000150,7896004723563,Domperidona 10 mg Caixa 30 Comprimidos,Nazaria - MA - Timon,96.0,0.7972,20.16,0.0,4.09,4.09,2026-09-09 21:11:34,OK,
MA,GD,14569758000150,7896004723570,Domperidona 10 mg Caixa 60 Comprimidos,Panpharma - CE,281.0,0.8147,38.26,0.0,7.09,7.09,2026-09-09 21:11:39,OK,
MA,GD,14569758000150,7896004723570,Domperidona 10 mg Caixa 60 Comprimidos,Emmarka - MA,370.0,0.8003,38.26,0.0,7.64,7.64,2026-09-09 21:11:39,OK,
MA,GD,14569758000150,7896004723570,Domperidona 10 mg Caixa 60 Comprimidos,Nazaria - MA - Timon,191.0,0.8003,38.26,0.0,7.64,7.64,2026-09-09 21:11:39,OK,
MA,GD,14569758000150,7896004723570,Domperidona 10 mg Caixa 60 Comprimidos,Nazaria - MA - Imperatriz,83.0,0.8003,38.26,0.0,7.64,7.64,2026-09-09 21:11:39,OK,
MA,GD,14569758000150,7896004723570,Domperidona 10 mg Caixa 60 Comprimidos,Total - MA,73.0,0.8003,38.26,0.0,7.64,7.64,2026-09-09 21:11:39,OK,
MA,GD,14569758000150,7896004724102,Isotretinoína 20 mg Caixa 30 Cápsulas Moles,Emmarka - MA,92.0,0.7959999999999999,185.09,0.0,37.76,37.76,2026-09-09 21:11:42,OK,
MA,GD,14569758000150,7896004724102,Isotretinoína 20 mg Caixa 30 Cápsulas Moles,Total - MA,76.0,0.7803,185.09,0.0,40.65,40.65,2026-09-09 21:11:42,OK,
MA,GD,14569758000150,7896004724508,Latanoprosta 50 mcg/ml Frasco 2.5 ml Solução Oftálmica,Panpharma - CE,85.0,0.1977,131.4,0.0,105.42,105.42,2026-09-09 21:11:46,OK,
MA,GD,14569758000150,7896004724508,Latanoprosta 50 mcg/ml Frasco 2.5 ml Solução Oftálmica,Nazaria - MA - Timon,86.0,0.1797,131.4,0.0,107.79,107.79,2026-09-09 21:11:46,OK,
MA,GD,14569758000150,7896004724508,Latanoprosta 50 mcg/ml Frasco 2.5 ml Solução Oftálmica,Nazaria - MA - Imperatriz,79.0,0.1797,131.4,0.0,107.79,107.79,2026-09-09 21:11:46,OK,
MA,GD,14569758000150,7896004724577,Gliclazida 30 mg Caixa 60 Comprimidos de Liberação Prolongada,Nazaria - MA - Timon,329.0,0.4625,37.25,0.0,20.02,20.02,2026-09-09 21:11:51,OK,
MA,GD,14569758000150,7896004724577,Gliclazida 30 mg Caixa 60 Comprimidos de Liberação Prolongada,Emmarka - MA,195.0,0.4625,37.25,0.0,20.02,20.02,2026-09-09 21:11:51,OK,
MA,GD,14569758000150,7896004724577,Gliclazida 30 mg Caixa 60 Comprimidos de Liberação Prolongada,Nazaria - MA - Imperatriz,115.0,0.4625,37.25,0.0,20.02,20.02,2026-09-09 21:11:51,OK,
MA,GD,14569758000150,7896004724577,Gliclazida 30 mg Caixa 60 Comprimidos de Liberação Prolongada,Panpharma - CE,144.0,0.45270000000000005,37.25,0.0,20.39,20.39,2026-09-09 21:11:51,OK,
MA,GD,14569758000150,7896004724683,Bimatoprosta 0.03% Frasco 5 ml Solução Oftálmica,Panpharma - CE,115.0,0.6399,160.38,0.0,57.75,57.75,2026-09-09 21:11:55,OK,
MA,GD,14569758000150,7896004724683,Bimatoprosta 0.03% Frasco 5 ml Solução Oftálmica,Nazaria - MA - Imperatriz,293.0,0.6219,160.38,0.0,60.64,60.64,2026-09-09 21:11:55,OK,
MA,GD,14569758000150,7896004724683,Bimatoprosta 0.03% Frasco 5 ml Solução Oftálmica,Nazaria - MA - Timon,291.0,0.6219,160.38,0.0,60.64,60.64,2026-09-09 21:11:55,OK,
MA,GD,14569758000150,7896004724683,Bimatoprosta 0.03% Frasco 5 ml Solução Oftálmica,Emmarka - MA,122.0,0.6219,160.38,0.0,60.64,60.64,2026-09-09 21:11:55,OK,
MA,GD,14569758000150,7896004724690,Bimatoprosta 0.03% Frasco 3 ml Solução Oftálmica,Panpharma - CE,122.0,0.7392,106.88,0.0,27.87,27.87,2026-09-09 21:12:00,OK,
MA,GD,14569758000150,7896004724690,Bimatoprosta 0.03% Frasco 3 ml Solução Oftálmica,Emmarka - MA,171.0,0.7212999999999999,106.88,0.0,29.79,29.79,2026-09-09 21:12:00,OK,
MA,GD,14569758000150,7896004724690,Bimatoprosta 0.03% Frasco 3 ml Solução Oftálmica,Nazaria - MA - Timon,93.0,0.7212999999999999,106.88,0.0,29.79,29.79,2026-09-09 21:12:00,OK,
MA,GD,14569758000150,7896004724690,Bimatoprosta 0.03% Frasco 3 ml Solução Oftálmica,Nazaria - MA - Imperatriz,78.0,0.7212999999999999,106.88,0.0,29.79,29.79,2026-09-09 21:12:00,OK,
MA,GD,14569758000150,7896004725000,Zolpidem 10 mg Caixa 20 Comprimidos Revestidos,Nazaria - MA - Timon,61.0,0.9412999999999999,57.4,0.0,3.37,3.37,2026-09-09 21:12:04,OK,
MA,GD,14569758000150,7896004725000,Zolpidem 10 mg Caixa 20 Comprimidos Revestidos,Emmarka - MA,33.0,0.9412999999999999,57.4,0.0,3.37,3.37,2026-09-09 21:12:04,OK,
MA,GD,14569758000150,7896004725000,Zolpidem 10 mg Caixa 20 Comprimidos Revestidos,Nazaria - MA - Imperatriz,19.0,0.9412999999999999,57.4,0.0,3.37,3.37,2026-09-09 21:12:04,OK,
MA,GD,14569758000150,7896004725420,Ipratrópio 0.25 mg/ml Frasco 20 ml Solução Para Inalação,Panpharma - CE,199.0,0.8048000000000001,16.09,0.0,3.14,3.14,2026-09-09 21:12:08,OK,
MA,GD,14569758000150,7896004725420,Ipratrópio 0.25 mg/ml Frasco 20 ml Solução Para Inalação,Emmarka - MA,1275.0,0.7853,16.09,0.0,3.45,3.45,2026-09-09 21:12:08,OK,
MA,GD,14569758000150,7896004725420,Ipratrópio 0.25 mg/ml Frasco 20 ml Solução Para Inalação,Total - MA,325.0,0.7853,16.09,0.0,3.45,3.45,2026-09-09 21:12:08,OK,
MA,GD,14569758000150,7896004725420,Ipratrópio 0.25 mg/ml Frasco 20 ml Solução Para Inalação,Nazaria - MA - Timon,134.0,0.7853,16.09,0.0,3.45,3.45,2026-09-09 21:12:08,OK,
MA,GD,14569758000150,7896004725697,Dorzolamida + Timolol 20+5 mg/ml Frasco 5 ml Gotas,Panpharma - CE,115.0,0.5842,95.51,0.0,39.71,39.71,2026-09-09 21:12:12,OK,
MA,GD,14569758000150,7896004725697,Dorzolamida + Timolol 20+5 mg/ml Frasco 5 ml Gotas,Nazaria - MA - Timon,128.0,0.5841,95.51,0.0,39.72,39.72,2026-09-09 21:12:12,OK,
MA,GD,14569758000150,7896004725697,Dorzolamida + Timolol 20+5 mg/ml Frasco 5 ml Gotas,Nazaria - MA - Imperatriz,95.0,0.5841,95.51,0.0,39.72,39.72,2026-09-09 21:12:12,OK,
MA,GD,14569758000150,7896004726069,Dorzolamida 20 mg/ml Frasco 5 ml Solução Oftálmica,Nazaria - MA - Imperatriz,242.0,0.2597,65.78,0.0,48.7,48.7,2026-09-09 21:12:17,OK,
MA,GD,14569758000150,7896004726069,Dorzolamida 20 mg/ml Frasco 5 ml Solução Oftálmica,Total - MA,96.0,0.2597,65.78,0.0,48.7,48.7,2026-09-09 21:12:17,OK,
MA,GD,14569758000150,7896004726069,Dorzolamida 20 mg/ml Frasco 5 ml Solução Oftálmica,Emmarka - MA,76.0,0.2597,65.78,0.0,48.7,48.7,2026-09-09 21:12:17,OK,
MA,GD,14569758000150,7896004726069,Dorzolamida 20 mg/ml Frasco 5 ml Solução Oftálmica,Nazaria - MA - Timon,59.0,0.2597,65.78,0.0,48.7,48.7,2026-09-09 21:12:17,OK,
MA,GD,14569758000150,7896004726069,Dorzolamida 20 mg/ml Frasco 5 ml Solução Oftálmica,Panpharma - CE,187.0,0.2297,65.78,0.0,50.67,50.67,2026-09-09 21:12:17,OK,
MA,GD,14569758000150,7896004726229,Hidroquinona 40 mg/g Bisnaga 30 g Creme,Nazaria - MA - Imperatriz,167.0,0.2373,49.82,0.0,38.0,38.0,2026-09-09 21:12:22,OK,
MA,GD,14569758000150,7896004726229,Hidroquinona 40 mg/g Bisnaga 30 g Creme,Nazaria - MA - Timon,80.0,0.2373,49.82,0.0,38.0,38.0,2026-09-09 21:12:22,OK,
MA,GD,14569758000150,7896004726229,Hidroquinona 40 mg/g Bisnaga 30 g Creme,Emmarka - MA,52.0,0.2373,49.82,0.0,38.0,38.0,2026-09-09 21:12:22,OK,
MA,GD,14569758000150,7896004726229,Hidroquinona 40 mg/g Bisnaga 30 g Creme,Panpharma - CE,53.0,0.1668,49.82,0.0,41.51,41.51,2026-09-09 21:12:22,OK,
MA,GD,14569758000150,7896004726533,Hidroquinona+Tretinoína+Fluocinolona 0.1+40+0.5 mg/g Creme Bisnaga 30 g,Panpharma - CE,37.0,0.3194,170.9,0.0,116.31,116.31,2026-09-09 21:12:25,OK,
MA,GD,14569758000150,7896004726533,Hidroquinona+Tretinoína+Fluocinolona 0.1+40+0.5 mg/g Creme Bisnaga 30 g,Emmarka - MA,16.0,0.3014,170.9,0.0,119.39,119.39,2026-09-09 21:12:25,OK,
MA,GD,14569758000150,7896004726854,Brimonidina 2 mg/ml Frasco 5 ml Solução Oftálmica,Panpharma - CE,182.0,0.7829,64.64,0.0,14.03,14.03,2026-09-09 21:12:30,OK,
MA,GD,14569758000150,7896004726854,Brimonidina 2 mg/ml Frasco 5 ml Solução Oftálmica,Emmarka - MA,199.0,0.765,64.64,0.0,15.19,15.19,2026-09-09 21:12:30,OK,
MA,GD,14569758000150,7896004726854,Brimonidina 2 mg/ml Frasco 5 ml Solução Oftálmica,Nazaria - MA - Imperatriz,188.0,0.765,64.64,0.0,15.19,15.19,2026-09-09 21:12:30,OK,
MA,GD,14569758000150,7896004726854,Brimonidina 2 mg/ml Frasco 5 ml Solução Oftálmica,Nazaria - MA - Timon,158.0,0.765,64.64,0.0,15.19,15.19,2026-09-09 21:12:30,OK,
MA,GD,14569758000150,7896004726908,Ciclobenzaprina 10 mg Caixa 10 Comprimidos Revestidos,Panpharma - CE,665.0,0.6705,12.26,0.0,4.04,4.04,2026-09-09 21:12:34,OK,
MA,GD,14569758000150,7896004726908,Ciclobenzaprina 10 mg Caixa 10 Comprimidos Revestidos,Nazaria - MA - Imperatriz,620.0,0.6526000000000001,12.26,0.0,4.26,4.26,2026-09-09 21:12:34,OK,
MA,GD,14569758000150,7896004726908,Ciclobenzaprina 10 mg Caixa 10 Comprimidos Revestidos,Emmarka - MA,382.0,0.6526000000000001,12.26,0.0,4.26,4.26,2026-09-09 21:12:34,OK,
MA,GD,14569758000150,7896004726908,Ciclobenzaprina 10 mg Caixa 10 Comprimidos Revestidos,Nazaria - MA - Timon,264.0,0.6526000000000001,12.26,0.0,4.26,4.26,2026-09-09 21:12:34,OK,
MA,GD,14569758000150,7896004727028,Gabapentina 600 mg Caixa 27 Comprimidos Revestidos,Nazaria - MA - Timon,163.0,0.255,189.68,0.0,141.31,141.31,2026-09-09 21:12:39,OK,
MA,GD,14569758000150,7896004727028,Gabapentina 600 mg Caixa 27 Comprimidos Revestidos,Nazaria - MA - Imperatriz,162.0,0.255,189.68,0.0,141.31,141.31,2026-09-09 21:12:39,OK,
MA,GD,14569758000150,7896004727028,Gabapentina 600 mg Caixa 27 Comprimidos Revestidos,Emmarka - MA,55.0,0.255,189.68,0.0,141.31,141.31,2026-09-09 21:12:39,OK,
MA,GD,14569758000150,7896004727233,Ciclopirox Olamina 10 mg/ml Frasco 15 ml Solução Tópica,Nazaria - MA - Timon,575.0,0.6541,29.66,0.0,10.26,10.26,2026-09-09 21:12:43,OK,
MA,GD,14569758000150,7896004727233,Ciclopirox Olamina 10 mg/ml Frasco 15 ml Solução Tópica,Emmarka - MA,293.0,0.6541,29.66,0.0,10.26,10.26,2026-09-09 21:12:43,OK,
MA,GD,14569758000150,7896004727233,Ciclopirox Olamina 10 mg/ml Frasco 15 ml Solução Tópica,Nazaria - MA - Imperatriz,270.0,0.6541,29.66,0.0,10.26,10.26,2026-09-09 21:12:43,OK,
MA,GD,14569758000150,7896004727776,Amitriptilina 25 mg Caixa 30 Comprimidos Revestidos,Panpharma - CE,996.0,0.7279000000000001,19.31,0.0,5.25,5.25,2026-09-09 21:12:48,OK,
MA,GD,14569758000150,7896004727776,Amitriptilina 25 mg Caixa 30 Comprimidos Revestidos,Emmarka - MA,543.0,0.7254,19.31,0.0,5.3,5.3,2026-09-09 21:12:48,OK,
MA,GD,14569758000150,7896004727776,Amitriptilina 25 mg Caixa 30 Comprimidos Revestidos,Nazaria - MA - Timon,479.0,0.7254,19.31,0.0,5.3,5.3,2026-09-09 21:12:48,OK,
MA,GD,14569758000150,7896004727776,Amitriptilina 25 mg Caixa 30 Comprimidos Revestidos,Total - MA,342.0,0.7254,19.3,0.0,5.3,5.3,2026-09-09 21:12:48,OK,
MA,GD,14569758000150,7896004727776,Amitriptilina 25 mg Caixa 30 Comprimidos Revestidos,Nazaria - MA - Imperatriz,305.0,0.7254,19.31,0.0,5.3,5.3,2026-09-09 21:12:48,OK,
MA,GD,14569758000150,7896004727882,Bromoprida 10 mg Caixa 20 Cápsulas,Nazaria - MA - Imperatriz,675.0,0.6673,27.57,0.0,9.17,9.17,2026-09-09 21:12:53,OK,
MA,GD,14569758000150,7896004727882,Bromoprida 10 mg Caixa 20 Cápsulas,Nazaria - MA - Timon,579.0,0.6673,27.57,0.0,9.17,9.17,2026-09-09 21:12:53,OK,
MA,GD,14569758000150,7896004727882,Bromoprida 10 mg Caixa 20 Cápsulas,Emmarka - MA,204.0,0.6673,27.57,0.0,9.17,9.17,2026-09-09 21:12:53,OK,
MA,GD,14569758000150,7896004727882,Bromoprida 10 mg Caixa 20 Cápsulas,Total - MA,18.0,0.6673,27.57,0.0,9.17,9.17,2026-09-09 21:12:53,OK,
MA,GD,14569758000150,7896004727882,Bromoprida 10 mg Caixa 20 Cápsulas,Panpharma - CE,193.0,0.6601,27.57,0.0,9.37,9.37,2026-09-09 21:12:53,OK,
MA,GD,14569758000150,7896004728261,Travoprosta 0.04 mg/ml Frasco 2.5 ml Solução Oftálmica,Panpharma - CE,81.0,0.6784,96.94,0.0,31.18,31.18,2026-09-09 21:12:57,OK,
MA,GD,14569758000150,7896004728261,Travoprosta 0.04 mg/ml Frasco 2.5 ml Solução Oftálmica,Emmarka - MA,152.0,0.6604000000000001,96.94,0.0,32.92,32.92,2026-09-09 21:12:57,OK,
MA,GD,14569758000150,7896004728261,Travoprosta 0.04 mg/ml Frasco 2.5 ml Solução Oftálmica,Nazaria - MA - Imperatriz,45.0,0.6604000000000001,96.94,0.0,32.92,32.92,2026-09-09 21:12:57,OK,
MA,GD,14569758000150,7896004728261,Travoprosta 0.04 mg/ml Frasco 2.5 ml Solução Oftálmica,Nazaria - MA - Timon,30.0,0.6604000000000001,96.94,0.0,32.92,32.92,2026-09-09 21:12:57,OK,
MA,GD,14569758000150,7896004728490,,,0.0,0.0,0.0,0.0,0.0,0.0,2026-09-09 21:13:09,ERRO,Message: Nenhuma distribuidora pôde ser lida no card do produto.
MA,GD,14569758000150,7896004728612,Venlafaxina 150 mg Caixa 30 Cápsulas de Liberação Prolongada,Nazaria - MA - Imperatriz,69.0,0.7929,174.51,0.0,36.14,36.14,2026-09-09 21:13:14,OK,
MA,GD,14569758000150,7896004728612,Venlafaxina 150 mg Caixa 30 Cápsulas de Liberação Prolongada,Emmarka - MA,35.0,0.7929,174.51,0.0,36.14,36.14,2026-09-09 21:13:14,OK,
MA,GD,14569758000150,7896004728612,Venlafaxina 150 mg Caixa 30 Cápsulas de Liberação Prolongada,Nazaria - MA - Timon,29.0,0.7929,174.51,0.0,36.14,36.14,2026-09-09 21:13:14,OK,
MA,GD,14569758000150,7896004728612,Venlafaxina 150 mg Caixa 30 Cápsulas de Liberação Prolongada,Panpharma - CE,76.0,0.7670999999999999,174.51,0.0,40.64,40.64,2026-09-09 21:13:14,OK,
MA,GD,14569758000150,7896004728629,,,0.0,0.0,0.0,0.0,0.0,0.0,2026-09-09 21:13:26,ERRO,Message: Nenhuma distribuidora pôde ser lida no card do produto.
MA,GD,14569758000150,7896004728667,Risedronato Sódico 35 mg Caixa 4 Comprimidos Revestidos,Emmarka - MA,13.0,0.7784,144.81,0.0,32.09,32.09,2026-09-09 21:13:30,OK,
MA,GD,14569758000150,7896004728667,Risedronato Sódico 35 mg Caixa 4 Comprimidos Revestidos,Nazaria - MA - Timon,13.0,0.7784,144.81,0.0,32.09,32.09,2026-09-09 21:13:30,OK,
MA,GD,14569758000150,7896004728827,Indapamida 1.5 mg Caixa 30 Comprimidos Revestidos,Panpharma - CE,172.0,0.7484999999999999,33.9,0.0,8.53,8.53,2026-09-09 21:13:34,OK,
MA,GD,14569758000150,7896004728827,Indapamida 1.5 mg Caixa 30 Comprimidos Revestidos,Emmarka - MA,262.0,0.7304999999999999,33.9,0.0,9.14,9.14,2026-09-09 21:13:34,OK,
MA,GD,14569758000150,7896004728827,Indapamida 1.5 mg Caixa 30 Comprimidos Revestidos,Nazaria - MA - Imperatriz,142.0,0.7304999999999999,33.9,0.0,9.14,9.14,2026-09-09 21:13:34,OK,
MA,GD,14569758000150,7896004728827,Indapamida 1.5 mg Caixa 30 Comprimidos Revestidos,Nazaria - MA - Timon,102.0,0.7304999999999999,33.9,0.0,9.14,9.14,2026-09-09 21:13:34,OK,
MA,GD,14569758000150,7896004728858,Rosuvastatina Cálcica 20 mg Caixa 30 Comprimidos Revestidos,Panpharma - CE,6496.0,0.9519,175.65,0.0,8.45,8.45,2026-09-09 21:13:38,OK,
MA,GD,14569758000150,7896004728858,Rosuvastatina Cálcica 20 mg Caixa 30 Comprimidos Revestidos,Nazaria - MA - Timon,3977.0,0.9373999999999999,175.65,0.0,11.0,11.0,2026-09-09 21:13:38,OK,
MA,GD,14569758000150,7896004728858,Rosuvastatina Cálcica 20 mg Caixa 30 Comprimidos Revestidos,Emmarka - MA,2059.0,0.9373999999999999,175.65,0.0,11.0,11.0,2026-09-09 21:13:38,OK,
MA,GD,14569758000150,7896004729428,Atorvastatina Cálcica 10 mg Caixa 30 Comprimidos Revestidos,Nazaria - MA - Timon,76.0,0.8554,73.6,0.0,10.64,10.64,2026-09-09 21:13:43,OK,
MA,GD,14569758000150,7896004729428,Atorvastatina Cálcica 10 mg Caixa 30 Comprimidos Revestidos,Nazaria - MA - Imperatriz,74.0,0.8554,73.6,0.0,10.64,10.64,2026-09-09 21:13:43,OK,
MA,GD,14569758000150,7896004729428,Atorvastatina Cálcica 10 mg Caixa 30 Comprimidos Revestidos,Emmarka - MA,65.0,0.8554,73.6,0.0,10.64,10.64,2026-09-09 21:13:43,OK,
MA,GD,14569758000150,7896004729428,Atorvastatina Cálcica 10 mg Caixa 30 Comprimidos Revestidos,Panpharma - CE,131.0,0.8476,73.6,0.0,11.22,11.22,2026-09-09 21:13:43,OK,
MA,GD,14569758000150,7896004729435,Atorvastatina Cálcica 20 mg Caixa 30 Comprimidos Revestidos,Panpharma - CE,324.0,0.8995000000000001,73.47,0.0,7.38,7.38,2026-09-09 21:13:47,OK,
MA,GD,14569758000150,7896004729435,Atorvastatina Cálcica 20 mg Caixa 30 Comprimidos Revestidos,Nazaria - MA - Imperatriz,45.0,0.8815999999999999,73.47,0.0,8.7,8.7,2026-09-09 21:13:47,OK,
MA,GD,14569758000150,7896004729435,Atorvastatina Cálcica 20 mg Caixa 30 Comprimidos Revestidos,Emmarka - MA,4.0,0.8815999999999999,73.47,0.0,8.7,8.7,2026-09-09 21:13:47,OK,
MA,GD,14569758000150,7896004729442,Atorvastatina Cálcica 40 mg Caixa 30 Comprimidos Revestidos,Panpharma - CE,2249.0,0.909,147.84,0.0,13.45,13.45,2026-09-09 21:13:51,OK,
MA,GD,14569758000150,7896004729442,Atorvastatina Cálcica 40 mg Caixa 30 Comprimidos Revestidos,Nazaria - MA - Timon,1194.0,0.8909999999999999,147.84,0.0,16.11,16.11,2026-09-09 21:13:51,OK,
MA,GD,14569758000150,7896004729442,Atorvastatina Cálcica 40 mg Caixa 30 Comprimidos Revestidos,Nazaria - MA - Imperatriz,489.0,0.8909999999999999,147.84,0.0,16.11,16.11,2026-09-09 21:13:51,OK,
MA,GD,14569758000150,7896004729442,Atorvastatina Cálcica 40 mg Caixa 30 Comprimidos Revestidos,Emmarka - MA,368.0,0.8909999999999999,147.84,0.0,16.11,16.11,2026-09-09 21:13:51,OK,
MA,GD,14569758000150,7896004729459,Atorvastatina Cálcica 80 mg Caixa 30 Comprimidos Revestidos,Nazaria - MA - Imperatriz,80.0,0.39409999999999995,302.84,0.0,183.49,183.49,2026-09-09 21:13:56,OK,
MA,GD,14569758000150,7896004729459,Atorvastatina Cálcica 80 mg Caixa 30 Comprimidos Revestidos,Emmarka - MA,28.0,0.39409999999999995,302.84,0.0,183.49,183.49,2026-09-09 21:13:56,OK,
MA,GD,14569758000150,7896004729459,Atorvastatina Cálcica 80 mg Caixa 30 Comprimidos Revestidos,Nazaria - MA - Timon,24.0,0.39409999999999995,302.84,0.0,183.49,183.49,2026-09-09 21:13:56,OK,
MA,GD,14569758000150,7896004729459,Atorvastatina Cálcica 80 mg Caixa 30 Comprimidos Revestidos,Panpharma - CE,22.0,0.3657,302.84,0.0,192.09,192.09,2026-09-09 21:13:56,OK,
MA,GD,14569758000150,7896004729640,Rosuvastatina Cálcica 10 mg Caixa 30 Comprimidos Revestidos,Panpharma - CE,814.0,0.9396,96.58,0.0,5.83,5.83,2026-09-09 21:14:00,OK,
MA,GD,14569758000150,7896004729640,Rosuvastatina Cálcica 10 mg Caixa 30 Comprimidos Revestidos,Emmarka - MA,240.0,0.9216,96.58,0.0,7.57,7.57,2026-09-09 21:14:00,OK,
MA,GD,14569758000150,7896004729640,Rosuvastatina Cálcica 10 mg Caixa 30 Comprimidos Revestidos,Nazaria - MA - Timon,203.0,0.9216,96.58,0.0,7.57,7.57,2026-09-09 21:14:00,OK,
MA,GD,14569758000150,7896004729640,Rosuvastatina Cálcica 10 mg Caixa 30 Comprimidos Revestidos,Total - MA,80.0,0.9194,96.58,0.0,7.78,7.78,2026-09-09 21:14:00,OK,
MA,GD,14569758000150,7896004729688,Hidroxizina 25 mg Caixa 30 Comprimidos,Emmarka - MA,570.0,0.1368,34.94,0.0,30.16,30.16,2026-09-09 21:14:04,OK,
MA,GD,14569758000150,7896004729688,Hidroxizina 25 mg Caixa 30 Comprimidos,Nazaria - MA - Imperatriz,150.0,0.1368,34.94,0.0,30.16,30.16,2026-09-09 21:14:04,OK,
MA,GD,14569758000150,7896004729688,Hidroxizina 25 mg Caixa 30 Comprimidos,Panpharma - CE,135.0,0.0823,34.94,0.0,32.06,32.06,2026-09-09 21:14:04,OK,
MA,GD,14569758000150,7896004730059,,,0.0,0.0,0.0,0.0,0.0,0.0,2026-09-09 21:14:17,ERRO,Message: Nenhuma distribuidora pôde ser lida no card do produto.
MA,GD,14569758000150,7896004730080,Sildenafila 25 mg Caixa 4 Comprimidos Revestidos,Emmarka - MA,74.0,0.9136,74.33,0.0,6.42,6.42,2026-09-09 21:14:20,OK,
MA,GD,14569758000150,7896004730103,Sildenafila 50 mg Caixa 4 Comprimidos Revestidos,Panpharma - CE,176.0,0.8412999999999999,17.16,0.0,2.72,2.72,2026-09-09 21:14:25,OK,
MA,GD,14569758000150,7896004730103,Sildenafila 50 mg Caixa 4 Comprimidos Revestidos,Nazaria - MA - Timon,262.0,0.8234,17.16,0.0,3.03,3.03,2026-09-09 21:14:25,OK,
MA,GD,14569758000150,7896004730103,Sildenafila 50 mg Caixa 4 Comprimidos Revestidos,Nazaria - MA - Imperatriz,95.0,0.8234,17.16,0.0,3.03,3.03,2026-09-09 21:14:25,OK,
MA,GD,14569758000150,7896004730103,Sildenafila 50 mg Caixa 4 Comprimidos Revestidos,Emmarka - MA,15.0,0.8234,17.16,0.0,3.03,3.03,2026-09-09 21:14:25,OK,
MA,GD,14569758000150,7896004730189,Ciclobenzaprina 10 mg Caixa 30 Comprimidos Revestidos,Nazaria - MA - Imperatriz,178.0,0.7367,36.81,0.0,9.69,9.69,2026-09-09 21:14:29,OK,
MA,GD,14569758000150,7896004730189,Ciclobenzaprina 10 mg Caixa 30 Comprimidos Revestidos,Emmarka - MA,59.0,0.7367,36.81,0.0,9.69,9.69,2026-09-09 21:14:29,OK,
MA,GD,14569758000150,7896004730189,Ciclobenzaprina 10 mg Caixa 30 Comprimidos Revestidos,Nazaria - MA - Timon,22.0,0.7367,36.81,0.0,9.69,9.69,2026-09-09 21:14:29,OK,
MA,GD,14569758000150,7896004730189,Ciclobenzaprina 10 mg Caixa 30 Comprimidos Revestidos,Total - MA,140.0,0.7108,36.81,0.0,10.65,10.65,2026-09-09 21:14:29,OK,
MA,GD,14569758000150,7896004730196,Ciclobenzaprina 10 mg Caixa 15 Comprimidos Revestidos,Panpharma - CE,1.0,0.7143999999999999,18.41,0.0,5.26,5.26,2026-09-09 21:14:34,OK,
MA,GD,14569758000150,7896004730196,Ciclobenzaprina 10 mg Caixa 15 Comprimidos Revestidos,Nazaria - MA - Imperatriz,348.0,0.6965,18.41,0.0,5.59,5.59,2026-09-09 21:14:34,OK,
MA,GD,14569758000150,7896004730196,Ciclobenzaprina 10 mg Caixa 15 Comprimidos Revestidos,Nazaria - MA - Timon,279.0,0.6965,18.41,0.0,5.59,5.59,2026-09-09 21:14:34,OK,
MA,GD,14569758000150,7896004730196,Ciclobenzaprina 10 mg Caixa 15 Comprimidos Revestidos,Emmarka - MA,66.0,0.6965,18.41,0.0,5.59,5.59,2026-09-09 21:14:34,OK,
MA,GD,14569758000150,7896004730370,Quetiapina 100 mg Caixa 30 Comprimidos Revestidos,Total - MA,19.0,0.8595999999999999,139.1,0.0,19.53,19.53,2026-09-09 21:14:39,OK,
MA,GD,14569758000150,7896004730370,Quetiapina 100 mg Caixa 30 Comprimidos Revestidos,Panpharma - CE,156.0,0.8268000000000001,139.1,0.0,24.09,24.09,2026-09-09 21:14:39,OK,
MA,GD,14569758000150,7896004730370,Quetiapina 100 mg Caixa 30 Comprimidos Revestidos,Nazaria - MA - Timon,2047.0,0.8089,139.1,0.0,26.58,26.58,2026-09-09 21:14:39,OK,
MA,GD,14569758000150,7896004730370,Quetiapina 100 mg Caixa 30 Comprimidos Revestidos,Nazaria - MA - Imperatriz,266.0,0.8089,139.1,0.0,26.58,26.58,2026-09-09 21:14:39,OK,
MA,GD,14569758000150,7896004730370,Quetiapina 100 mg Caixa 30 Comprimidos Revestidos,Emmarka - MA,167.0,0.8089,139.1,0.0,26.58,26.58,2026-09-09 21:14:39,OK,
MA,GD,14569758000150,7896004730387,Quetiapina 200 mg Caixa 30 Comprimidos Revestidos,Nazaria - MA - Timon,45.0,0.8349,269.81,0.0,44.55,44.55,2026-09-09 21:14:43,OK,
MA,GD,14569758000150,7896004730387,Quetiapina 200 mg Caixa 30 Comprimidos Revestidos,Nazaria - MA - Imperatriz,32.0,0.8349,269.81,0.0,44.55,44.55,2026-09-09 21:14:43,OK,
MA,GD,14569758000150,7896004730387,Quetiapina 200 mg Caixa 30 Comprimidos Revestidos,Emmarka - MA,5.0,0.8349,269.81,0.0,44.55,44.55,2026-09-09 21:14:43,OK,
MA,GD,14569758000150,7896004730981,Citalopram 20 mg Caixa 30 Comprimidos Revestidos,Panpharma - CE,77.0,0.8456999999999999,54.18,0.0,8.36,8.36,2026-09-09 21:14:48,OK,
MA,GD,14569758000150,7896004730981,Citalopram 20 mg Caixa 30 Comprimidos Revestidos,Total - MA,103.0,0.8365,54.18,0.0,8.86,8.86,2026-09-09 21:14:48,OK,
MA,GD,14569758000150,7896004730981,Citalopram 20 mg Caixa 30 Comprimidos Revestidos,Nazaria - MA - Imperatriz,73.0,0.8365,54.18,0.0,8.86,8.86,2026-09-09 21:14:48,OK,
MA,GD,14569758000150,7896004730981,Citalopram 20 mg Caixa 30 Comprimidos Revestidos,Emmarka - MA,73.0,0.8365,54.18,0.0,8.86,8.86,2026-09-09 21:14:48,OK,
MA,GD,14569758000150,7896004730981,Citalopram 20 mg Caixa 30 Comprimidos Revestidos,Nazaria - MA - Timon,48.0,0.8365,54.18,0.0,8.86,8.86,2026-09-09 21:14:48,OK,
MA,GD,14569758000150,7896004731261,,,0.0,0.0,0.0,0.0,0.0,0.0,2026-09-09 21:15:00,ERRO,Message: Nenhuma distribuidora pôde ser lida no card do produto.
MA,GD,14569758000150,7896004731285,,,0.0,0.0,0.0,0.0,0.0,0.0,2026-09-09 21:15:12,ERRO,Message: Nenhuma distribuidora pôde ser lida no card do produto.
MA,GD,14569758000150,7896004731308,,,0.0,0.0,0.0,0.0,0.0,0.0,2026-09-09 21:15:24,ERRO,Message: Nenhuma distribuidora pôde ser lida no card do produto.
MA,GD,14569758000150,7896004731322,,,0.0,0.0,0.0,0.0,0.0,0.0,2026-09-09 21:15:36,ERRO,Message: Nenhuma distribuidora pôde ser lida no card do produto.
MA,GD,14569758000150,7896004731568,Escitalopram 10 mg Caixa 30 Comprimidos Revestidos,Panpharma - CE,1541.0,0.9315000000000001,70.23,0.0,4.81,4.81,2026-09-09 21:15:41,OK,
MA,GD,14569758000150,7896004731568,Escitalopram 10 mg Caixa 30 Comprimidos Revestidos,Nazaria - MA - Timon,1605.0,0.9135,70.23,0.0,6.07,6.07,2026-09-09 21:15:41,OK,
MA,GD,14569758000150,7896004731568,Escitalopram 10 mg Caixa 30 Comprimidos Revestidos,Nazaria - MA - Imperatriz,824.0,0.9135,70.23,0.0,6.07,6.07,2026-09-09 21:15:41,OK,
MA,GD,14569758000150,7896004731568,Escitalopram 10 mg Caixa 30 Comprimidos Revestidos,Emmarka - MA,165.0,0.9135,70.23,0.0,6.07,6.07,2026-09-09 21:15:41,OK,
MA,GD,14569758000150,7896004731575,Escitalopram 10 mg Caixa 60 Comprimidos Revestidos,Panpharma - CE,143.0,0.9311,126.44,0.0,8.71,8.71,2026-09-09 21:15:45,OK,
MA,GD,14569758000150,7896004731575,Escitalopram 10 mg Caixa 60 Comprimidos Revestidos,Emmarka - MA,78.0,0.9131,126.44,0.0,10.99,10.99,2026-09-09 21:15:45,OK,
MA,GD,14569758000150,7896004731582,Escitalopram 20 mg Caixa 30 Comprimidos Revestidos,Panpharma - CE,1072.0,0.9338,143.03,0.0,9.47,9.47,2026-09-09 21:15:50,OK,
MA,GD,14569758000150,7896004731582,Escitalopram 20 mg Caixa 30 Comprimidos Revestidos,Nazaria - MA - Timon,1365.0,0.9159,143.03,0.0,12.03,12.03,2026-09-09 21:15:50,OK,
MA,GD,14569758000150,7896004731582,Escitalopram 20 mg Caixa 30 Comprimidos Revestidos,Emmarka - MA,345.0,0.9159,143.03,0.0,12.03,12.03,2026-09-09 21:15:50,OK,
MA,GD,14569758000150,7896004731582,Escitalopram 20 mg Caixa 30 Comprimidos Revestidos,Nazaria - MA - Imperatriz,168.0,0.9159,143.03,0.0,12.03,12.03,2026-09-09 21:15:50,OK,
MA,GD,14569758000150,7896004731582,Escitalopram 20 mg Caixa 30 Comprimidos Revestidos,Total - MA,5.0,0.9086,143.03,0.0,13.07,13.07,2026-09-09 21:15:50,OK,
MA,GD,14569758000150,7896004731698,,,0.0,0.0,0.0,0.0,0.0,0.0,2026-09-09 21:16:02,ERRO,Message: Nenhuma distribuidora pôde ser lida no card do produto.
MA,GD,14569758000150,7896004731704,Pioglitazona 30 mg Caixa 15 Comprimidos,Emmarka - MA,130.0,0.5906,67.55,0.0,27.65,27.65,2026-09-09 21:16:06,OK,
MA,GD,14569758000150,7896004731704,Pioglitazona 30 mg Caixa 15 Comprimidos,Nazaria - MA - Timon,105.0,0.5906,67.55,0.0,27.65,27.65,2026-09-09 21:16:06,OK,
MA,GD,14569758000150,7896004731704,Pioglitazona 30 mg Caixa 15 Comprimidos,Nazaria - MA - Imperatriz,34.0,0.5906,67.55,0.0,27.65,27.65,2026-09-09 21:16:06,OK,
MA,GD,14569758000150,7896004731704,Pioglitazona 30 mg Caixa 15 Comprimidos,Panpharma - CE,59.0,0.5413,67.55,0.0,30.99,30.99,2026-09-09 21:16:06,OK,
MA,GD,14569758000150,7896004732626,Bupropiona 150 mg Caixa 30 Comprimidos de Liberação Lenta,Panpharma - CE,55.0,0.8271999999999999,119.09,0.0,20.58,20.58,2026-09-09 21:16:10,OK,
MA,GD,14569758000150,7896004732626,Bupropiona 150 mg Caixa 30 Comprimidos de Liberação Lenta,Nazaria - MA - Timon,111.0,0.8092,119.09,0.0,22.72,22.72,2026-09-09 21:16:10,OK,
MA,GD,14569758000150,7896004732626,Bupropiona 150 mg Caixa 30 Comprimidos de Liberação Lenta,Emmarka - MA,50.0,0.8092,119.09,0.0,22.72,22.72,2026-09-09 21:16:10,OK,
MA,GD,14569758000150,7896004732633,Bupropiona 150 mg Caixa 60 Comprimidos de Liberação Lenta,Nazaria - MA - Timon,25.0,0.8295999999999999,229.84,0.0,39.16,39.16,2026-09-09 21:16:15,OK,
MA,GD,14569758000150,7896004732633,Bupropiona 150 mg Caixa 60 Comprimidos de Liberação Lenta,Emmarka - MA,21.0,0.8295999999999999,229.84,0.0,39.16,39.16,2026-09-09 21:16:15,OK,
MA,GD,14569758000150,7896004732633,Bupropiona 150 mg Caixa 60 Comprimidos de Liberação Lenta,Total - MA,19.0,0.8295999999999999,229.84,0.0,39.17,39.16,2026-09-09 21:16:15,OK,
MA,GD,14569758000150,7896004732633,Bupropiona 150 mg Caixa 60 Comprimidos de Liberação Lenta,Panpharma - CE,75.0,0.8226,229.84,0.0,40.77,40.77,2026-09-09 21:16:15,OK,
MA,GD,14569758000150,7896004733234,Prednisolona 20 mg Caixa 10 Comprimidos,Panpharma - CE,627.0,0.6912,18.87,0.0,5.83,5.83,2026-09-09 21:16:19,OK,
MA,GD,14569758000150,7896004733234,Prednisolona 20 mg Caixa 10 Comprimidos,Emmarka - MA,742.0,0.6827,18.87,0.0,5.99,5.99,2026-09-09 21:16:19,OK,
MA,GD,14569758000150,7896004733234,Prednisolona 20 mg Caixa 10 Comprimidos,Nazaria - MA - Timon,190.0,0.6827,18.87,0.0,5.99,5.99,2026-09-09 21:16:19,OK,
MA,GD,14569758000150,7896004733234,Prednisolona 20 mg Caixa 10 Comprimidos,Nazaria - MA - Imperatriz,29.0,0.6827,18.87,0.0,5.99,5.99,2026-09-09 21:16:19,OK,
MA,GD,14569758000150,7896004734354,Moxifloxacino 400 mg Caixa 5 Comprimidos Revestidos,Panpharma - CE,26.0,0.7211,148.64,0.0,41.46,41.46,2026-09-09 21:16:23,OK,
MA,GD,14569758000150,7896004734354,Moxifloxacino 400 mg Caixa 5 Comprimidos Revestidos,Emmarka - MA,17.0,0.7136,148.64,0.0,42.57,42.57,2026-09-09 21:16:23,OK,
MA,GD,14569758000150,7896004734361,Moxifloxacino 400 mg Caixa 7 Comprimidos Revestidos,Panpharma - CE,13.0,0.733,188.05,0.0,50.21,50.21,2026-09-09 21:16:28,OK,
MA,GD,14569758000150,7896004734361,Moxifloxacino 400 mg Caixa 7 Comprimidos Revestidos,Emmarka - MA,86.0,0.7218000000000001,188.05,0.0,52.32,52.32,2026-09-09 21:16:28,OK,
MA,GD,14569758000150,7896004734361,Moxifloxacino 400 mg Caixa 7 Comprimidos Revestidos,Nazaria - MA - Imperatriz,19.0,0.7218000000000001,188.05,0.0,52.32,52.32,2026-09-09 21:16:28,OK,
MA,GD,14569758000150,7896004734361,Moxifloxacino 400 mg Caixa 7 Comprimidos Revestidos,Nazaria - MA - Timon,14.0,0.7218000000000001,188.05,0.0,52.32,52.32,2026-09-09 21:16:28,OK,
MA,GD,14569758000150,7896004734392,Drospirenona + Etinilestradiol 3+0.03 mg Caixa 21 Comprimidos Revestidos,Panpharma - CE,563.0,0.8273999999999999,55.62,0.0,9.6,9.6,2026-09-09 21:16:32,OK,
MA,GD,14569758000150,7896004734392,Drospirenona + Etinilestradiol 3+0.03 mg Caixa 21 Comprimidos Revestidos,Nazaria - MA - Timon,560.0,0.8094,55.62,0.0,10.6,10.6,2026-09-09 21:16:32,OK,
MA,GD,14569758000150,7896004734392,Drospirenona + Etinilestradiol 3+0.03 mg Caixa 21 Comprimidos Revestidos,Emmarka - MA,432.0,0.8094,55.62,0.0,10.6,10.6,2026-09-09 21:16:32,OK,
MA,GD,14569758000150,7896004734392,Drospirenona + Etinilestradiol 3+0.03 mg Caixa 21 Comprimidos Revestidos,Nazaria - MA - Imperatriz,405.0,0.8094,55.62,0.0,10.6,10.6,2026-09-09 21:16:32,OK,
MA,GD,14569758000150,7896004737058,Atorvastatina Cálcica 20 mg Caixa 60 Comprimidos Revestidos,Emmarka - MA,52.0,0.8952,130.56,0.0,13.68,13.68,2026-09-09 21:16:35,OK,
MA,GD,14569758000150,7896004737119,Paroxetina 20 mg Caixa 30 Comprimidos Revestidos,Nazaria - MA - Timon,178.0,0.8261,51.19,0.0,8.9,8.9,2026-09-09 21:16:40,OK,
MA,GD,14569758000150,7896004737119,Paroxetina 20 mg Caixa 30 Comprimidos Revestidos,Emmarka - MA,100.0,0.8261,51.19,0.0,8.9,8.9,2026-09-09 21:16:40,OK,
MA,GD,14569758000150,7896004737119,Paroxetina 20 mg Caixa 30 Comprimidos Revestidos,Nazaria - MA - Imperatriz,62.0,0.8261,51.19,0.0,8.9,8.9,2026-09-09 21:16:40,OK,
MA,GD,14569758000150,7896004737119,Paroxetina 20 mg Caixa 30 Comprimidos Revestidos,Panpharma - CE,170.0,0.7994,51.19,0.0,10.27,10.27,2026-09-09 21:16:40,OK,
MA,GD,14569758000150,7896004737218,Orlistate 120 mg Caixa 42 Cápsulas,Nazaria - MA - Timon,696.0,0.6369,185.03,0.0,67.18,67.18,2026-09-09 21:16:45,OK,
MA,GD,14569758000150,7896004737218,Orlistate 120 mg Caixa 42 Cápsulas,Emmarka - MA,192.0,0.6369,185.03,0.0,67.18,67.18,2026-09-09 21:16:45,OK,
MA,GD,14569758000150,7896004737218,Orlistate 120 mg Caixa 42 Cápsulas,Nazaria - MA - Imperatriz,188.0,0.6369,185.03,0.0,67.18,67.18,2026-09-09 21:16:45,OK,
MA,GD,14569758000150,7896004737218,Orlistate 120 mg Caixa 42 Cápsulas,Total - MA,121.0,0.6369,185.03,0.0,67.18,67.18,2026-09-09 21:16:45,OK,
MA,GD,14569758000150,7896004737218,Orlistate 120 mg Caixa 42 Cápsulas,Panpharma - CE,316.0,0.6073,185.03,0.0,72.66,72.66,2026-09-09 21:16:45,OK,
MA,GD,14569758000150,7896004737225,Orlistate 120 mg Caixa 84 Cápsulas,Panpharma - CE,133.0,0.7019,372.13,0.0,110.93,110.93,2026-09-09 21:16:50,OK,
MA,GD,14569758000150,7896004737225,Orlistate 120 mg Caixa 84 Cápsulas,Emmarka - MA,83.0,0.684,372.13,0.0,117.59,117.59,2026-09-09 21:16:50,OK,
MA,GD,14569758000150,7896004737225,Orlistate 120 mg Caixa 84 Cápsulas,Nazaria - MA - Timon,46.0,0.684,372.13,0.0,117.59,117.59,2026-09-09 21:16:50,OK,
MA,GD,14569758000150,7896004737225,Orlistate 120 mg Caixa 84 Cápsulas,Nazaria - MA - Imperatriz,22.0,0.684,372.13,0.0,117.59,117.59,2026-09-09 21:16:50,OK,
MA,GD,14569758000150,7896004737225,Orlistate 120 mg Caixa 84 Cápsulas,Total - MA,66.0,0.6655,372.13,0.0,124.49,124.48,2026-09-09 21:16:50,OK,
MA,GD,14569758000150,7896004738406,Clopidogrel 75 mg Caixa 28 Comprimidos Revestidos,Emmarka - MA,404.0,0.7724,74.62,0.0,16.98,16.98,2026-09-09 21:16:55,OK,
MA,GD,14569758000150,7896004738406,Clopidogrel 75 mg Caixa 28 Comprimidos Revestidos,Total - MA,162.0,0.7723,74.62,0.0,16.98,16.98,2026-09-09 21:16:55,OK,
MA,GD,14569758000150,7896004738406,Clopidogrel 75 mg Caixa 28 Comprimidos Revestidos,Nazaria - MA - Timon,88.0,0.7724,74.62,0.0,16.98,16.98,2026-09-09 21:16:55,OK,
MA,GD,14569758000150,7896004738406,Clopidogrel 75 mg Caixa 28 Comprimidos Revestidos,Nazaria - MA - Imperatriz,23.0,0.7724,74.62,0.0,16.98,16.98,2026-09-09 21:16:55,OK,
MA,GD,14569758000150,7896004738406,Clopidogrel 75 mg Caixa 28 Comprimidos Revestidos,Panpharma - CE,98.0,0.7608,74.62,0.0,17.85,17.85,2026-09-09 21:16:55,OK,
MA,GD,14569758000150,7896004739588,Bisoprolol 5 mg Caixa 30 Comprimidos Revestidos,Nazaria - MA - Timon,1640.0,0.7309,53.31,0.0,14.35,14.35,2026-09-09 21:17:00,OK,
MA,GD,14569758000150,7896004739588,Bisoprolol 5 mg Caixa 30 Comprimidos Revestidos,Emmarka - MA,497.0,0.7309,53.31,0.0,14.35,14.35,2026-09-09 21:17:00,OK,
MA,GD,14569758000150,7896004739588,Bisoprolol 5 mg Caixa 30 Comprimidos Revestidos,Total - MA,293.0,0.7309,53.31,0.0,14.35,14.35,2026-09-09 21:17:00,OK,
MA,GD,14569758000150,7896004739588,Bisoprolol 5 mg Caixa 30 Comprimidos Revestidos,Nazaria - MA - Imperatriz,247.0,0.7309,53.31,0.0,14.35,14.35,2026-09-09 21:17:00,OK,
MA,GD,14569758000150,7896004739588,Bisoprolol 5 mg Caixa 30 Comprimidos Revestidos,Panpharma - CE,201.0,0.715,53.31,0.0,15.19,15.19,2026-09-09 21:17:00,OK,
MA,GD,14569758000150,7896004739595,Bisoprolol 10 mg Caixa 30 Comprimidos Revestidos,Emmarka - MA,4.0,0.8462000000000001,112.44,0.0,17.29,17.29,2026-09-09 21:17:03,OK,
MA,GD,14569758000150,7896004742007,Diclofenaco Sódico 50 mg Caixa 20 Comprimidos Revestidos Lib. Retardada,Nazaria - MA - Imperatriz,241.0,0.9013,26.3,0.0,2.6,2.6,2026-09-09 21:17:07,OK,
MA,GD,14569758000150,7896004742007,Diclofenaco Sódico 50 mg Caixa 20 Comprimidos Revestidos Lib. Retardada,Nazaria - MA - Timon,210.0,0.9013,26.3,0.0,2.6,2.6,2026-09-09 21:17:07,OK,
MA,GD,14569758000150,7896004742007,Diclofenaco Sódico 50 mg Caixa 20 Comprimidos Revestidos Lib. Retardada,Emmarka - MA,144.0,0.9013,26.3,0.0,2.6,2.6,2026-09-09 21:17:07,OK,
MA,GD,14569758000150,7896004742007,Diclofenaco Sódico 50 mg Caixa 20 Comprimidos Revestidos Lib. Retardada,Panpharma - CE,24.0,0.809,26.3,0.0,5.02,5.02,2026-09-09 21:17:07,OK,
MA,GD,14569758000150,7896004742069,,,0.0,0.0,0.0,0.0,0.0,0.0,2026-09-09 21:17:20,ERRO,Message: Nenhuma distribuidora pôde ser lida no card do produto.
MA,GD,14569758000150,7896004742076,,,0.0,0.0,0.0,0.0,0.0,0.0,2026-09-09 21:17:32,ERRO,Message: Nenhuma distribuidora pôde ser lida no card do produto.
MA,GD,14569758000150,7896004742199,Tibolona 2.5 mg Caixa 30 Comprimidos,Panpharma - CE,168.0,0.6222,68.3,0.0,25.8,25.8,2026-09-09 21:17:37,OK,
MA,GD,14569758000150,7896004742199,Tibolona 2.5 mg Caixa 30 Comprimidos,Nazaria - MA - Timon,453.0,0.6043,68.3,0.0,27.03,27.03,2026-09-09 21:17:37,OK,
MA,GD,14569758000150,7896004742199,Tibolona 2.5 mg Caixa 30 Comprimidos,Emmarka - MA,319.0,0.6043,68.3,0.0,27.03,27.03,2026-09-09 21:17:37,OK,
MA,GD,14569758000150,7896004742199,Tibolona 2.5 mg Caixa 30 Comprimidos,Nazaria - MA - Imperatriz,139.0,0.6043,68.3,0.0,27.03,27.03,2026-09-09 21:17:37,OK,
MA,GD,14569758000150,7896004742199,Tibolona 2.5 mg Caixa 30 Comprimidos,Total - MA,84.0,0.6031,68.3,0.0,27.1,27.1,2026-09-09 21:17:37,OK,
MA,GD,14569758000150,7896004743042,Pramipexol 0.250 mg Caixa 30 Comprimidos,Panpharma - CE,34.0,0.7239,81.26,0.0,22.44,22.44,2026-09-09 21:17:41,OK,
MA,GD,14569758000150,7896004743042,Pramipexol 0.250 mg Caixa 30 Comprimidos,Emmarka - MA,49.0,0.7098,81.26,0.0,23.58,23.58,2026-09-09 21:17:41,OK,
MA,GD,14569758000150,7896004743042,Pramipexol 0.250 mg Caixa 30 Comprimidos,Nazaria - MA - Imperatriz,19.0,0.7098,81.26,0.0,23.58,23.58,2026-09-09 21:17:41,OK,
MA,GD,14569758000150,7896004743042,Pramipexol 0.250 mg Caixa 30 Comprimidos,Nazaria - MA - Timon,2.0,0.7098,81.26,0.0,23.58,23.58,2026-09-09 21:17:41,OK,
MA,GD,14569758000150,7896004743745,Rosuvastatina Cálcica 5 mg Caixa 30 Comprimidos Revestidos,Panpharma - CE,85.0,0.8070999999999999,68.32,0.0,13.18,13.18,2026-09-09 21:17:46,OK,
MA,GD,14569758000150,7896004743745,Rosuvastatina Cálcica 5 mg Caixa 30 Comprimidos Revestidos,Nazaria - MA - Timon,148.0,0.7974,68.32,0.0,13.84,13.84,2026-09-09 21:17:46,OK,
MA,GD,14569758000150,7896004743745,Rosuvastatina Cálcica 5 mg Caixa 30 Comprimidos Revestidos,Nazaria - MA - Imperatriz,118.0,0.7974,68.32,0.0,13.84,13.84,2026-09-09 21:17:46,OK,
MA,GD,14569758000150,7896004743745,Rosuvastatina Cálcica 5 mg Caixa 30 Comprimidos Revestidos,Emmarka - MA,44.0,0.7974,68.32,0.0,13.84,13.84,2026-09-09 21:17:46,OK,
MA,GD,14569758000150,7896004743936,,,0.0,0.0,0.0,0.0,0.0,0.0,2026-09-09 21:17:58,ERRO,Message: Nenhuma distribuidora pôde ser lida no card do produto.
MA,GD,14569758000150,7896004743943,Esomeprazol Magnésico 40 mg Caixa 14 Comprimidos Revestidos Lib. Retardada,Panpharma - CE,52.0,0.8456999999999999,137.35,0.0,21.19,21.19,2026-09-09 21:18:02,OK,
MA,GD,14569758000150,7896004743943,Esomeprazol Magnésico 40 mg Caixa 14 Comprimidos Revestidos Lib. Retardada,Nazaria - MA - Timon,18.0,0.8277,137.35,0.0,23.67,23.67,2026-09-09 21:18:02,OK,
MA,GD,14569758000150,7896004743943,Esomeprazol Magnésico 40 mg Caixa 14 Comprimidos Revestidos Lib. Retardada,Emmarka - MA,7.0,0.8277,137.35,0.0,23.67,23.67,2026-09-09 21:18:02,OK,
MA,GD,14569758000150,7896004744360,,,0.0,0.0,0.0,0.0,0.0,0.0,2026-09-09 21:18:14,ERRO,Message: Nenhuma distribuidora pôde ser lida no card do produto.
MA,GD,14569758000150,7896004744957,Drospirenona + Etinilestradiol 3+0.02 mg Caixa 24 Comprimidos Revestidos,Panpharma - CE,550.0,0.8012,60.65,0.0,12.06,12.06,2026-09-09 21:18:19,OK,
MA,GD,14569758000150,7896004744957,Drospirenona + Etinilestradiol 3+0.02 mg Caixa 24 Comprimidos Revestidos,Nazaria - MA - Timon,337.0,0.7831999999999999,60.65,0.0,13.15,13.15,2026-09-09 21:18:19,OK,
MA,GD,14569758000150,7896004744957,Drospirenona + Etinilestradiol 3+0.02 mg Caixa 24 Comprimidos Revestidos,Nazaria - MA - Imperatriz,266.0,0.7831999999999999,60.65,0.0,13.15,13.15,2026-09-09 21:18:19,OK,
MA,GD,14569758000150,7896004744957,Drospirenona + Etinilestradiol 3+0.02 mg Caixa 24 Comprimidos Revestidos,Emmarka - MA,158.0,0.7831999999999999,60.65,0.0,13.15,13.15,2026-09-09 21:18:19,OK,
MA,GD,14569758000150,7896004746388,Venlafaxina 75 mg Caixa 30 Cápsulas de Liberação Prolongada,Nazaria - MA - Timon,75.0,0.7282,89.45,0.0,24.31,24.31,2026-09-09 21:18:23,OK,
MA,GD,14569758000150,7896004746388,Venlafaxina 75 mg Caixa 30 Cápsulas de Liberação Prolongada,Nazaria - MA - Imperatriz,45.0,0.7282,89.45,0.0,24.31,24.31,2026-09-09 21:18:23,OK,
MA,GD,14569758000150,7896004746920,Ezetimiba 10 mg Caixa 60 Comprimidos,Nazaria - MA - Imperatriz,211.0,0.7835,140.3,0.0,30.37,30.37,2026-09-09 21:18:26,OK,
MA,GD,14569758000150,7896004746937,Ezetimiba 10 mg Caixa 30 Comprimidos,Panpharma - CE,270.0,0.8101,84.14,0.0,15.98,15.98,2026-09-09 21:18:30,OK,
MA,GD,14569758000150,7896004746937,Ezetimiba 10 mg Caixa 30 Comprimidos,Emmarka - MA,81.0,0.7922,84.14,0.0,17.48,17.48,2026-09-09 21:18:30,OK,
MA,GD,14569758000150,7896004746937,Ezetimiba 10 mg Caixa 30 Comprimidos,Total - MA,13.0,0.782,84.14,0.0,18.34,18.34,2026-09-09 21:18:30,OK,
MA,GD,14569758000150,7896004747002,Escitalopram 15 mg Caixa 30 Comprimidos Revestidos,Panpharma - CE,335.0,0.9287000000000001,163.18,0.0,11.63,11.63,2026-09-09 21:18:35,OK,
MA,GD,14569758000150,7896004747002,Escitalopram 15 mg Caixa 30 Comprimidos Revestidos,Nazaria - MA - Timon,165.0,0.9107999999999999,163.18,0.0,14.56,14.56,2026-09-09 21:18:35,OK,
MA,GD,14569758000150,7896004747002,Escitalopram 15 mg Caixa 30 Comprimidos Revestidos,Nazaria - MA - Imperatriz,95.0,0.9107999999999999,163.18,0.0,14.56,14.56,2026-09-09 21:18:35,OK,
MA,GD,14569758000150,7896004747002,Escitalopram 15 mg Caixa 30 Comprimidos Revestidos,Emmarka - MA,65.0,0.9107999999999999,163.18,0.0,14.56,14.56,2026-09-09 21:18:35,OK,
MA,GD,14569758000150,7896004747040,Ezetimiba + Sinvastatina 10+10 mg Caixa 30 Comprimidos,Panpharma - CE,27.0,0.7229000000000001,105.97,0.0,29.36,29.36,2026-09-09 21:18:38,OK,
MA,GD,14569758000150,7896004747057,Ezetimiba + Sinvastatina 10+20 mg Caixa 30 Comprimidos,Panpharma - CE,77.0,0.6859999999999999,95.9,0.0,30.11,30.11,2026-09-09 21:18:43,OK,
MA,GD,14569758000150,7896004747057,Ezetimiba + Sinvastatina 10+20 mg Caixa 30 Comprimidos,Emmarka - MA,70.0,0.6681,95.9,0.0,31.83,31.83,2026-09-09 21:18:43,OK,
MA,GD,14569758000150,7896004747057,Ezetimiba + Sinvastatina 10+20 mg Caixa 30 Comprimidos,Nazaria - MA - Imperatriz,14.0,0.6681,95.9,0.0,31.83,31.83,2026-09-09 21:18:43,OK,
MA,GD,14569758000150,7896004747057,Ezetimiba + Sinvastatina 10+20 mg Caixa 30 Comprimidos,Nazaria - MA - Timon,4.0,0.6681,95.9,0.0,31.83,31.83,2026-09-09 21:18:43,OK,
MA,GD,14569758000150,7896004747057,Ezetimiba + Sinvastatina 10+20 mg Caixa 30 Comprimidos,Total - MA,107.0,0.6173,95.9,0.0,36.7,36.7,2026-09-09 21:18:43,OK,
MA,GD,14569758000150,7896004747064,,,0.0,0.0,0.0,0.0,0.0,0.0,2026-09-09 21:18:55,ERRO,Message: Nenhuma distribuidora pôde ser lida no card do produto.
MA,GD,14569758000150,7896004747620,Aripiprazol 10 mg Caixa 30 Comprimidos,Panpharma - CE,180.0,0.7848,250.99,0.0,54.01,54.01,2026-09-09 21:18:59,OK,
MA,GD,14569758000150,7896004747620,Aripiprazol 10 mg Caixa 30 Comprimidos,Emmarka - MA,146.0,0.775,250.99,0.0,56.47,56.47,2026-09-09 21:18:59,OK,
MA,GD,14569758000150,7896004747620,Aripiprazol 10 mg Caixa 30 Comprimidos,Nazaria - MA - Timon,42.0,0.775,250.99,0.0,56.47,56.47,2026-09-09 21:18:59,OK,
MA,GD,14569758000150,7896004747620,Aripiprazol 10 mg Caixa 30 Comprimidos,Nazaria - MA - Imperatriz,23.0,0.775,250.99,0.0,56.47,56.47,2026-09-09 21:18:59,OK,
MA,GD,14569758000150,7896004747637,Aripiprazol 15 mg Caixa 30 Comprimidos,Panpharma - CE,52.0,0.8217,367.88,0.0,65.59,65.59,2026-09-09 21:19:03,OK,
MA,GD,14569758000150,7896004747637,Aripiprazol 15 mg Caixa 30 Comprimidos,Emmarka - MA,32.0,0.8039000000000001,367.88,0.0,72.14,72.14,2026-09-09 21:19:03,OK,
MA,GD,14569758000150,7896004747774,Duloxetina 60 mg Caixa 30 Cápsulas de Liberação Retardada,Panpharma - CE,235.0,0.4932,131.55,0.0,66.67,66.67,2026-09-09 21:19:08,OK,
MA,GD,14569758000150,7896004747774,Duloxetina 60 mg Caixa 30 Cápsulas de Liberação Retardada,Nazaria - MA - Timon,578.0,0.4753,131.55,0.0,69.02,69.02,2026-09-09 21:19:08,OK,
MA,GD,14569758000150,7896004747774,Duloxetina 60 mg Caixa 30 Cápsulas de Liberação Retardada,Emmarka - MA,266.0,0.4753,131.55,0.0,69.02,69.02,2026-09-09 21:19:08,OK,
MA,GD,14569758000150,7896004747774,Duloxetina 60 mg Caixa 30 Cápsulas de Liberação Retardada,Nazaria - MA - Imperatriz,232.0,0.4753,131.55,0.0,69.02,69.02,2026-09-09 21:19:08,OK,
MA,GD,14569758000150,7896004747774,Duloxetina 60 mg Caixa 30 Cápsulas de Liberação Retardada,Total - MA,35.0,0.4594,131.55,0.0,71.12,71.12,2026-09-09 21:19:08,OK,
MA,GD,14569758000150,7896004747880,Celecoxibe 200 mg Caixa 10 Cápsulas,Panpharma - CE,211.0,0.82,42.56,0.0,7.66,7.66,2026-09-09 21:19:12,OK,
MA,GD,14569758000150,7896004747880,Celecoxibe 200 mg Caixa 10 Cápsulas,Nazaria - MA - Imperatriz,95.0,0.802,42.56,0.0,8.43,8.43,2026-09-09 21:19:12,OK,
MA,GD,14569758000150,7896004747880,Celecoxibe 200 mg Caixa 10 Cápsulas,Emmarka - MA,52.0,0.802,42.56,0.0,8.43,8.43,2026-09-09 21:19:12,OK,
MA,GD,14569758000150,7896004747897,Celecoxibe 200 mg Caixa 30 Cápsulas,Panpharma - CE,11.0,0.8293,124.42,0.0,21.24,21.24,2026-09-09 21:19:16,OK,
MA,GD,14569758000150,7896004748214,Quetiapina 25 mg Caixa 30 Comprimidos Revestidos,Panpharma - CE,2005.0,0.8737999999999999,52.18,0.0,6.59,6.59,2026-09-09 21:19:21,OK,
MA,GD,14569758000150,7896004748214,Quetiapina 25 mg Caixa 30 Comprimidos Revestidos,Nazaria - MA - Timon,4752.0,0.8559,52.18,0.0,7.52,7.52,2026-09-09 21:19:21,OK,
MA,GD,14569758000150,7896004748214,Quetiapina 25 mg Caixa 30 Comprimidos Revestidos,Nazaria - MA - Imperatriz,3350.0,0.8559,52.18,0.0,7.52,7.52,2026-09-09 21:19:21,OK,
MA,GD,14569758000150,7896004748214,Quetiapina 25 mg Caixa 30 Comprimidos Revestidos,Emmarka - MA,174.0,0.8559,52.18,0.0,7.52,7.52,2026-09-09 21:19:21,OK,
MA,GD,14569758000150,7896004748214,Quetiapina 25 mg Caixa 30 Comprimidos Revestidos,Total - MA,296.0,0.8493,52.18,0.0,7.86,7.86,2026-09-09 21:19:21,OK,
MA,GD,14569758000150,7896004749303,,,0.0,0.0,0.0,0.0,0.0,0.0,2026-09-09 21:19:33,ERRO,Message: Nenhuma distribuidora pôde ser lida no card do produto.
MA,GD,14569758000150,7896004749358,,,0.0,0.0,0.0,0.0,0.0,0.0,2026-09-09 21:19:45,ERRO,Message: Nenhuma distribuidora pôde ser lida no card do produto.
MA,GD,14569758000150,7896004749624,Tadalafila 5 mg Caixa 30 Comprimidos Revestidos,Nazaria - MA - Imperatriz,1008.0,0.9419,100.21,0.0,5.82,5.82,2026-09-09 21:19:50,OK,
MA,GD,14569758000150,7896004749624,Tadalafila 5 mg Caixa 30 Comprimidos Revestidos,Nazaria - MA - Timon,506.0,0.9419,100.21,0.0,5.82,5.82,2026-09-09 21:19:50,OK,
MA,GD,14569758000150,7896004749624,Tadalafila 5 mg Caixa 30 Comprimidos Revestidos,Emmarka - MA,435.0,0.9419,100.21,0.0,5.82,5.82,2026-09-09 21:19:50,OK,
MA,GD,14569758000150,7896004749624,Tadalafila 5 mg Caixa 30 Comprimidos Revestidos,Total - MA,397.0,0.9315000000000001,100.21,0.0,6.86,6.86,2026-09-09 21:19:50,OK,
MA,GD,14569758000150,7896004749631,,,0.0,0.0,0.0,0.0,0.0,0.0,2026-09-09 21:20:02,ERRO,Message: Nenhuma distribuidora pôde ser lida no card do produto.
MA,GD,14569758000150,7896004749648,Tadalafila 20 mg Caixa 4 Comprimidos Revestidos,Panpharma - CE,1605.0,0.9331,35.58,0.0,2.38,2.38,2026-09-09 21:20:07,OK,
MA,GD,14569758000150,7896004749648,Tadalafila 20 mg Caixa 4 Comprimidos Revestidos,Emmarka - MA,2606.0,0.9152,35.58,0.0,3.02,3.02,2026-09-09 21:20:07,OK,
MA,GD,14569758000150,7896004749648,Tadalafila 20 mg Caixa 4 Comprimidos Revestidos,Nazaria - MA - Timon,1318.0,0.9152,35.58,0.0,3.02,3.02,2026-09-09 21:20:07,OK,
MA,GD,14569758000150,7896004749648,Tadalafila 20 mg Caixa 4 Comprimidos Revestidos,Nazaria - MA - Imperatriz,612.0,0.9152,35.58,0.0,3.02,3.02,2026-09-09 21:20:07,OK,
MA,GD,14569758000150,7896004749648,Tadalafila 20 mg Caixa 4 Comprimidos Revestidos,Total - MA,445.0,0.8936,35.58,0.0,3.79,3.79,2026-09-09 21:20:07,OK,
MA,GD,14569758000150,7896004749655,,,0.0,0.0,0.0,0.0,0.0,0.0,2026-09-09 21:20:19,ERRO,Message: Nenhuma distribuidora pôde ser lida no card do produto.
MA,GD,14569758000150,7896004750330,Olmesartana + Hidroclorotiazida 20+12.5 mg Caixa 30 Comprimidos Revestidos,Panpharma - CE,109.0,0.5877,52.0,0.0,21.44,21.44,2026-09-09 21:20:24,OK,
MA,GD,14569758000150,7896004750330,Olmesartana + Hidroclorotiazida 20+12.5 mg Caixa 30 Comprimidos Revestidos,Total - MA,72.0,0.5824,52.0,0.0,21.71,21.71,2026-09-09 21:20:24,OK,
MA,GD,14569758000150,7896004750330,Olmesartana + Hidroclorotiazida 20+12.5 mg Caixa 30 Comprimidos Revestidos,Emmarka - MA,224.0,0.5824,52.0,0.0,21.72,21.72,2026-09-09 21:20:24,OK,
MA,GD,14569758000150,7896004750330,Olmesartana + Hidroclorotiazida 20+12.5 mg Caixa 30 Comprimidos Revestidos,Nazaria - MA - Timon,144.0,0.5824,52.0,0.0,21.72,21.72,2026-09-09 21:20:24,OK,
MA,GD,14569758000150,7896004750347,Olmesartana + Hidroclorotiazida 40+12.5 mg Caixa 30 Comprimidos Revestidos,Total - MA,209.0,0.615,59.23,0.0,22.81,22.8,2026-09-09 21:20:28,OK,
MA,GD,14569758000150,7896004750347,Olmesartana + Hidroclorotiazida 40+12.5 mg Caixa 30 Comprimidos Revestidos,Panpharma - CE,195.0,0.5656,59.23,0.0,25.73,25.73,2026-09-09 21:20:28,OK,
MA,GD,14569758000150,7896004750347,Olmesartana + Hidroclorotiazida 40+12.5 mg Caixa 30 Comprimidos Revestidos,Nazaria - MA - Timon,1337.0,0.5648,59.23,0.0,25.78,25.78,2026-09-09 21:20:28,OK,
MA,GD,14569758000150,7896004750347,Olmesartana + Hidroclorotiazida 40+12.5 mg Caixa 30 Comprimidos Revestidos,Nazaria - MA - Imperatriz,559.0,0.5648,59.23,0.0,25.78,25.78,2026-09-09 21:20:28,OK,
MA,GD,14569758000150,7896004750347,Olmesartana + Hidroclorotiazida 40+12.5 mg Caixa 30 Comprimidos Revestidos,Emmarka - MA,258.0,0.5648,59.23,0.0,25.78,25.78,2026-09-09 21:20:28,OK,
MA,GD,14569758000150,7896004750354,Olmesartana Medoxomila + Hidroclorotiazida (40+25) mg Caixa 30 Comprimidos Revestidos,Panpharma - CE,1102.0,0.5832999999999999,59.22,0.0,24.68,24.68,2026-09-09 21:20:33,OK,
MA,GD,14569758000150,7896004750354,Olmesartana Medoxomila + Hidroclorotiazida (40+25) mg Caixa 30 Comprimidos Revestidos,Nazaria - MA - Timon,1498.0,0.5653,59.22,0.0,25.74,25.74,2026-09-09 21:20:33,OK,
MA,GD,14569758000150,7896004750354,Olmesartana Medoxomila + Hidroclorotiazida (40+25) mg Caixa 30 Comprimidos Revestidos,Emmarka - MA,463.0,0.5653,59.22,0.0,25.74,25.74,2026-09-09 21:20:33,OK,
MA,GD,14569758000150,7896004750354,Olmesartana Medoxomila + Hidroclorotiazida (40+25) mg Caixa 30 Comprimidos Revestidos,Nazaria - MA - Imperatriz,101.0,0.5653,59.22,0.0,25.74,25.74,2026-09-09 21:20:33,OK,
MA,GD,14569758000150,7896004750354,Olmesartana Medoxomila + Hidroclorotiazida (40+25) mg Caixa 30 Comprimidos Revestidos,Total - MA,509.0,0.5531,59.22,0.0,26.47,26.47,2026-09-09 21:20:33,OK,
MA,GD,14569758000150,7896004750620,Olmesartana + Anlodipino 40+10 mg Caixa 30 Comprimidos Revestidos,Total - MA,87.0,0.4507,53.23,0.0,29.24,29.24,2026-09-09 21:20:38,OK,
MA,GD,14569758000150,7896004750620,Olmesartana + Anlodipino 40+10 mg Caixa 30 Comprimidos Revestidos,Nazaria - MA - Timon,73.0,0.4507,53.23,0.0,29.24,29.24,2026-09-09 21:20:38,OK,
MA,GD,14569758000150,7896004750620,Olmesartana + Anlodipino 40+10 mg Caixa 30 Comprimidos Revestidos,Nazaria - MA - Imperatriz,55.0,0.4507,53.23,0.0,29.24,29.24,2026-09-09 21:20:38,OK,
MA,GD,14569758000150,7896004750620,Olmesartana + Anlodipino 40+10 mg Caixa 30 Comprimidos Revestidos,Emmarka - MA,47.0,0.4507,53.23,0.0,29.24,29.24,2026-09-09 21:20:38,OK,
MA,GD,14569758000150,7896004750620,Olmesartana + Anlodipino 40+10 mg Caixa 30 Comprimidos Revestidos,Panpharma - CE,67.0,0.264,53.23,0.0,39.18,39.18,2026-09-09 21:20:38,OK,
MA,GD,14569758000150,7896004750637,Olmesartana + Anlodipino 40+5 mg Caixa 30 Comprimidos Revestidos,Emmarka - MA,2.0,0.435,53.23,0.0,30.07,30.07,2026-09-09 21:20:42,OK,
MA,GD,14569758000150,7896004750644,Olmesartana + Anlodipino 20+5 mg Caixa 30 Comprimidos Revestidos,Nazaria - MA - Imperatriz,106.0,0.4326,47.08,0.0,26.71,26.71,2026-09-09 21:20:47,OK,
MA,GD,14569758000150,7896004750644,Olmesartana + Anlodipino 20+5 mg Caixa 30 Comprimidos Revestidos,Nazaria - MA - Timon,81.0,0.4326,47.08,0.0,26.71,26.71,2026-09-09 21:20:47,OK,
MA,GD,14569758000150,7896004750644,Olmesartana + Anlodipino 20+5 mg Caixa 30 Comprimidos Revestidos,Total - MA,25.0,0.4326,47.08,0.0,26.71,26.71,2026-09-09 21:20:47,OK,
MA,GD,14569758000150,7896004750644,Olmesartana + Anlodipino 20+5 mg Caixa 30 Comprimidos Revestidos,Emmarka - MA,2.0,0.4326,47.08,0.0,26.71,26.71,2026-09-09 21:20:47,OK,
MA,GD,14569758000150,7896004750644,Olmesartana + Anlodipino 20+5 mg Caixa 30 Comprimidos Revestidos,Panpharma - CE,65.0,0.3009,47.08,0.0,32.91,32.91,2026-09-09 21:20:47,OK,
MA,GD,14569758000150,7896004751009,Desvenlafaxina 50 mg Caixa 30 Comprimidos Lib. Prolongada,Emmarka - MA,10.0,0.7679,141.03,0.0,32.73,32.73,2026-09-09 21:20:50,OK,
MA,GD,14569758000150,7896004751016,Desvenlafaxina 100 mg Caixa 30 Comprimidos Lib. Prolongada,Panpharma - CE,180.0,0.7451000000000001,147.69,0.0,37.65,37.65,2026-09-09 21:20:55,OK,
MA,GD,14569758000150,7896004751016,Desvenlafaxina 100 mg Caixa 30 Comprimidos Lib. Prolongada,Emmarka - MA,117.0,0.7273000000000001,147.69,0.0,40.28,40.28,2026-09-09 21:20:55,OK,
MA,GD,14569758000150,7896004751016,Desvenlafaxina 100 mg Caixa 30 Comprimidos Lib. Prolongada,Nazaria - MA - Timon,24.0,0.7273000000000001,147.69,0.0,40.28,40.28,2026-09-09 21:20:55,OK,
MA,GD,14569758000150,7896004751016,Desvenlafaxina 100 mg Caixa 30 Comprimidos Lib. Prolongada,Nazaria - MA - Imperatriz,12.0,0.7273000000000001,147.69,0.0,40.28,40.28,2026-09-09 21:20:55,OK,
MA,GD,14569758000150,7896004751016,Desvenlafaxina 100 mg Caixa 30 Comprimidos Lib. Prolongada,Total - MA,55.0,0.6516,147.69,0.0,51.45,51.45,2026-09-09 21:20:55,OK,
MA,GD,14569758000150,7896004751641,Desogestrel 75 mcg Caixa 28 Comprimidos Revestidos,Panpharma - CE,36.0,0.7232999999999999,31.65,0.0,8.76,8.76,2026-09-09 21:20:59,OK,
MA,GD,14569758000150,7896004751641,Desogestrel 75 mcg Caixa 28 Comprimidos Revestidos,Emmarka - MA,165.0,0.7214,31.65,0.0,8.82,8.82,2026-09-09 21:20:59,OK,
MA,GD,14569758000150,7896004751641,Desogestrel 75 mcg Caixa 28 Comprimidos Revestidos,Nazaria - MA - Timon,107.0,0.7214,31.65,0.0,8.82,8.82,2026-09-09 21:20:59,OK,
MA,GD,14569758000150,7896004751641,Desogestrel 75 mcg Caixa 28 Comprimidos Revestidos,Nazaria - MA - Imperatriz,63.0,0.7214,31.65,0.0,8.82,8.82,2026-09-09 21:20:59,OK,
MA,GD,14569758000150,7896004752112,Tansulosina 0.4 mg Caixa 20 Comprimidos de Liberação Prolongada,Panpharma - CE,108.0,0.6767,83.51,0.0,27.0,27.0,2026-09-09 21:21:03,OK,
MA,GD,14569758000150,7896004752112,Tansulosina 0.4 mg Caixa 20 Comprimidos de Liberação Prolongada,Emmarka - MA,41.0,0.6587999999999999,83.51,0.0,28.49,28.49,2026-09-09 21:21:03,OK,
MA,GD,14569758000150,7896004752112,Tansulosina 0.4 mg Caixa 20 Comprimidos de Liberação Prolongada,Nazaria - MA - Imperatriz,36.0,0.6587999999999999,83.51,0.0,28.49,28.49,2026-09-09 21:21:03,OK,
MA,GD,14569758000150,7896004752211,Trazodona 50 mg Caixa 60 Comprimidos Revestidos,Panpharma - CE,126.0,0.6586,70.65,0.0,24.12,24.12,2026-09-09 21:21:08,OK,
MA,GD,14569758000150,7896004752211,Trazodona 50 mg Caixa 60 Comprimidos Revestidos,Nazaria - MA - Timon,857.0,0.6467,70.65,0.0,24.96,24.96,2026-09-09 21:21:08,OK,
MA,GD,14569758000150,7896004752211,Trazodona 50 mg Caixa 60 Comprimidos Revestidos,Nazaria - MA - Imperatriz,434.0,0.6467,70.65,0.0,24.96,24.96,2026-09-09 21:21:08,OK,
MA,GD,14569758000150,7896004752211,Trazodona 50 mg Caixa 60 Comprimidos Revestidos,Emmarka - MA,134.0,0.6467,70.65,0.0,24.96,24.96,2026-09-09 21:21:08,OK,
MA,GD,14569758000150,7896004752228,Trazodona 100 mg Caixa 30 Comprimidos Revestidos,Panpharma - CE,36.0,0.6468,70.64,0.0,24.95,24.95,2026-09-09 21:21:12,OK,
MA,GD,14569758000150,7896004752228,Trazodona 100 mg Caixa 30 Comprimidos Revestidos,Emmarka - MA,31.0,0.6289,70.64,0.0,26.21,26.21,2026-09-09 21:21:12,OK,
MA,GD,14569758000150,7896004752471,Ibandronato De Sódio 150 mg Caixa 1 Comprimido Revestido,Panpharma - CE,60.0,0.8006,82.22,0.0,16.39,16.39,2026-09-09 21:21:16,OK,
MA,GD,14569758000150,7896004752471,Ibandronato De Sódio 150 mg Caixa 1 Comprimido Revestido,Nazaria - MA - Timon,44.0,0.7827,82.22,0.0,17.87,17.87,2026-09-09 21:21:16,OK,
MA,GD,14569758000150,7896004752471,Ibandronato De Sódio 150 mg Caixa 1 Comprimido Revestido,Emmarka - MA,28.0,0.7827,82.22,0.0,17.87,17.87,2026-09-09 21:21:16,OK,
MA,GD,14569758000150,7896004752471,Ibandronato De Sódio 150 mg Caixa 1 Comprimido Revestido,Nazaria - MA - Imperatriz,27.0,0.7827,82.22,0.0,17.87,17.87,2026-09-09 21:21:16,OK,
MA,GD,14569758000150,7896004752525,Cetoprofeno 150 mg Caixa 10 Comprimidos de Liberação Prolongada,Panpharma - CE,790.0,0.858,44.84,0.0,6.37,6.37,2026-09-09 21:21:21,OK,
MA,GD,14569758000150,7896004752525,Cetoprofeno 150 mg Caixa 10 Comprimidos de Liberação Prolongada,Nazaria - MA - Timon,1484.0,0.8401000000000001,44.84,0.0,7.17,7.17,2026-09-09 21:21:21,OK,
MA,GD,14569758000150,7896004752525,Cetoprofeno 150 mg Caixa 10 Comprimidos de Liberação Prolongada,Emmarka - MA,752.0,0.8401000000000001,44.84,0.0,7.17,7.17,2026-09-09 21:21:21,OK,
MA,GD,14569758000150,7896004752525,Cetoprofeno 150 mg Caixa 10 Comprimidos de Liberação Prolongada,Nazaria - MA - Imperatriz,478.0,0.8401000000000001,44.84,0.0,7.17,7.17,2026-09-09 21:21:21,OK,
MA,GD,14569758000150,7896004752525,Cetoprofeno 150 mg Caixa 10 Comprimidos de Liberação Prolongada,Total - MA,728.0,0.8197,44.84,0.0,8.08,8.08,2026-09-09 21:21:21,OK,
MA,GD,14569758000150,7896004752730,Gliclazida 60 mg Caixa 30 Comprimidos de Liberação Prolongada,Nazaria - MA - Timon,403.0,0.5463,54.96,0.0,24.94,24.94,2026-09-09 21:21:26,OK,
MA,GD,14569758000150,7896004752730,Gliclazida 60 mg Caixa 30 Comprimidos de Liberação Prolongada,Emmarka - MA,50.0,0.5463,54.96,0.0,24.94,24.94,2026-09-09 21:21:26,OK,
MA,GD,14569758000150,7896004752730,Gliclazida 60 mg Caixa 30 Comprimidos de Liberação Prolongada,Total - MA,21.0,0.5463,54.96,0.0,24.94,24.94,2026-09-09 21:21:26,OK,
MA,GD,14569758000150,7896004752730,Gliclazida 60 mg Caixa 30 Comprimidos de Liberação Prolongada,Panpharma - CE,848.0,0.5223,54.96,0.0,26.25,26.25,2026-09-09 21:21:26,OK,
MA,GD,14569758000150,7896004753089,Lercanidipino 10 mg Caixa 30 Comprimidos Revestidos,Panpharma - CE,8.0,0.2188,99.92,0.0,78.06,78.06,2026-09-09 21:21:29,OK,
MA,GD,14569758000150,7896004753089,Lercanidipino 10 mg Caixa 30 Comprimidos Revestidos,Emmarka - MA,4.0,0.20079999999999998,99.92,0.0,79.86,79.86,2026-09-09 21:21:29,OK,
MA,GD,14569758000150,7896004754154,Metilfenidato 10 mg Caixa 30 Comprimidos,Total - MA,49.0,0.36229999999999996,28.18,0.0,17.97,17.97,2026-09-09 21:21:34,OK,
MA,GD,14569758000150,7896004754154,Metilfenidato 10 mg Caixa 30 Comprimidos,Panpharma - CE,370.0,0.2763,28.18,0.0,20.39,20.39,2026-09-09 21:21:34,OK,
MA,GD,14569758000150,7896004754154,Metilfenidato 10 mg Caixa 30 Comprimidos,Nazaria - MA - Timon,205.0,0.2584,28.18,0.0,20.9,20.9,2026-09-09 21:21:34,OK,
MA,GD,14569758000150,7896004754154,Metilfenidato 10 mg Caixa 30 Comprimidos,Emmarka - MA,166.0,0.2584,28.18,0.0,20.9,20.9,2026-09-09 21:21:34,OK,
MA,GD,14569758000150,7896004754154,Metilfenidato 10 mg Caixa 30 Comprimidos,Nazaria - MA - Imperatriz,49.0,0.2584,28.18,0.0,20.9,20.9,2026-09-09 21:21:34,OK,
MA,GD,14569758000150,7896004754161,Metilfenidato 10 mg Caixa 60 Comprimidos,Total - MA,73.0,0.4122,55.03,0.0,32.35,32.35,2026-09-09 21:21:39,OK,
MA,GD,14569758000150,7896004754161,Metilfenidato 10 mg Caixa 60 Comprimidos,Nazaria - MA - Imperatriz,221.0,0.3069,55.03,0.0,38.14,38.14,2026-09-09 21:21:39,OK,
MA,GD,14569758000150,7896004754161,Metilfenidato 10 mg Caixa 60 Comprimidos,Emmarka - MA,80.0,0.3069,55.03,0.0,38.14,38.14,2026-09-09 21:21:39,OK,
MA,GD,14569758000150,7896004754161,Metilfenidato 10 mg Caixa 60 Comprimidos,Panpharma - CE,87.0,0.2611,55.03,0.0,40.66,40.66,2026-09-09 21:21:39,OK,
MA,GD,14569758000150,7896004754949,Duloxetina 30 mg Caixa 30 Cápsulas de Liberação Retardada,Nazaria - MA - Imperatriz,2244.0,0.4736,70.0,0.0,36.85,36.85,2026-09-09 21:21:43,OK,
MA,GD,14569758000150,7896004754949,Duloxetina 30 mg Caixa 30 Cápsulas de Liberação Retardada,Nazaria - MA - Timon,1834.0,0.4736,70.0,0.0,36.85,36.85,2026-09-09 21:21:43,OK,
MA,GD,14569758000150,7896004754949,Duloxetina 30 mg Caixa 30 Cápsulas de Liberação Retardada,Total - MA,259.0,0.4736,70.0,0.0,36.85,36.85,2026-09-09 21:21:43,OK,
MA,GD,14569758000150,7896004754949,Duloxetina 30 mg Caixa 30 Cápsulas de Liberação Retardada,Panpharma - CE,181.0,0.4643,70.0,0.0,37.5,37.5,2026-09-09 21:21:43,OK,
MA,GD,14569758000150,7896004755342,Rosuvastatina Cálcica 5 mg Caixa 60 Comprimidos Revestidos,Nazaria - MA - Imperatriz,151.0,0.7834,126.53,0.0,27.41,27.41,2026-09-09 21:21:47,OK,
MA,GD,14569758000150,7896004755342,Rosuvastatina Cálcica 5 mg Caixa 60 Comprimidos Revestidos,Emmarka - MA,56.0,0.7834,126.53,0.0,27.41,27.41,2026-09-09 21:21:47,OK,
MA,GD,14569758000150,7896004755342,Rosuvastatina Cálcica 5 mg Caixa 60 Comprimidos Revestidos,Nazaria - MA - Timon,43.0,0.7834,126.53,0.0,27.41,27.41,2026-09-09 21:21:47,OK,
MA,GD,14569758000150,7896004755878,Drospirenona + Etinilestradiol 3+0.03 mg Caixa 63 Comprimidos Revestidos,Nazaria - MA - Imperatriz,59.0,0.7663,131.74,0.0,30.79,30.79,2026-09-09 21:21:52,OK,
MA,GD,14569758000150,7896004755878,Drospirenona + Etinilestradiol 3+0.03 mg Caixa 63 Comprimidos Revestidos,Nazaria - MA - Timon,57.0,0.7663,131.74,0.0,30.79,30.79,2026-09-09 21:21:52,OK,
MA,GD,14569758000150,7896004755878,Drospirenona + Etinilestradiol 3+0.03 mg Caixa 63 Comprimidos Revestidos,Emmarka - MA,34.0,0.7663,131.74,0.0,30.79,30.79,2026-09-09 21:21:52,OK,
MA,GD,14569758000150,7896004755878,Drospirenona + Etinilestradiol 3+0.03 mg Caixa 63 Comprimidos Revestidos,Panpharma - CE,92.0,0.755,131.74,0.0,32.28,32.28,2026-09-09 21:21:52,OK,
MA,GD,14569758000150,7896004756417,Paracetamol + Codeína 500+30 mg Caixa 12 Comprimidos,Emmarka - MA,85.0,0.6041,22.08,0.0,8.74,8.74,2026-09-09 21:21:55,OK,
MA,GD,14569758000150,7896004756424,Paracetamol + Codeína 500+30 mg Caixa 24 Comprimidos,Emmarka - MA,7.0,0.6423000000000001,48.96,0.0,17.51,17.51,2026-09-09 21:21:58,OK,
MA,GD,14569758000150,7896004756431,,,0.0,0.0,0.0,0.0,0.0,0.0,2026-09-09 21:22:10,ERRO,Message: Nenhuma distribuidora pôde ser lida no card do produto.
MA,GD,14569758000150,7896004756875,Clonixinato De Lisina + Ciclobenzaprina 125+5 mg Caixa 15 Comprimidos Revestidos,Nazaria - MA - Imperatriz,178.0,0.3626,30.49,0.0,19.43,19.43,2026-09-09 21:22:15,OK,
MA,GD,14569758000150,7896004756875,Clonixinato De Lisina + Ciclobenzaprina 125+5 mg Caixa 15 Comprimidos Revestidos,Nazaria - MA - Timon,133.0,0.3626,30.49,0.0,19.43,19.43,2026-09-09 21:22:15,OK,
MA,GD,14569758000150,7896004756875,Clonixinato De Lisina + Ciclobenzaprina 125+5 mg Caixa 15 Comprimidos Revestidos,Emmarka - MA,39.0,0.3626,30.49,0.0,19.43,19.43,2026-09-09 21:22:15,OK,
MA,GD,14569758000150,7896004757353,Levocetirizina 5 mg Caixa 10 Comprimidos Revestidos,Nazaria - MA - Imperatriz,95.0,0.573,43.62,0.0,18.63,18.63,2026-09-09 21:22:19,OK,
MA,GD,14569758000150,7896004757353,Levocetirizina 5 mg Caixa 10 Comprimidos Revestidos,Nazaria - MA - Timon,62.0,0.573,43.62,0.0,18.63,18.63,2026-09-09 21:22:19,OK,
MA,GD,14569758000150,7896004757353,Levocetirizina 5 mg Caixa 10 Comprimidos Revestidos,Emmarka - MA,29.0,0.573,43.62,0.0,18.63,18.63,2026-09-09 21:22:19,OK,
MA,GD,14569758000150,7896004757353,Levocetirizina 5 mg Caixa 10 Comprimidos Revestidos,Panpharma - CE,21.0,0.5728,43.62,0.0,18.63,18.63,2026-09-09 21:22:19,OK,
MA,GD,14569758000150,7896004758114,Mirtazapina 15 mg Caixa 30 Comprimidos Orodispersíveis,Panpharma - CE,151.0,0.5094,69.51,0.0,34.1,34.1,2026-09-09 21:22:23,OK,
MA,GD,14569758000150,7896004758114,Mirtazapina 15 mg Caixa 30 Comprimidos Orodispersíveis,Emmarka - MA,169.0,0.5085000000000001,69.51,0.0,34.16,34.16,2026-09-09 21:22:23,OK,
MA,GD,14569758000150,7896004758121,Mirtazapina 30 mg Caixa 30 Comprimidos Orodispersíveis,Emmarka - MA,11.0,0.6674,185.7,0.0,61.76,61.76,2026-09-09 21:22:26,OK,
MA,GD,14569758000150,7896004758268,Budesonida 32 mcg Frasco 120 Doses Suspensão Spray Nasal,Nazaria - MA - Timon,791.0,0.38380000000000003,24.32,0.0,14.99,14.99,2026-09-09 21:22:31,OK,
MA,GD,14569758000150,7896004758268,Budesonida 32 mcg Frasco 120 Doses Suspensão Spray Nasal,Emmarka - MA,469.0,0.38380000000000003,24.32,0.0,14.99,14.99,2026-09-09 21:22:31,OK,
MA,GD,14569758000150,7896004758268,Budesonida 32 mcg Frasco 120 Doses Suspensão Spray Nasal,Total - MA,279.0,0.3837,24.32,0.0,14.99,14.99,2026-09-09 21:22:31,OK,
MA,GD,14569758000150,7896004758268,Budesonida 32 mcg Frasco 120 Doses Suspensão Spray Nasal,Nazaria - MA - Imperatriz,215.0,0.38380000000000003,24.32,0.0,14.99,14.99,2026-09-09 21:22:31,OK,
MA,GD,14569758000150,7896004758268,Budesonida 32 mcg Frasco 120 Doses Suspensão Spray Nasal,Panpharma - CE,119.0,0.31379999999999997,24.32,0.0,16.69,16.69,2026-09-09 21:22:31,OK,
MA,GD,14569758000150,7896004758275,Budesonida 64 mcg Frasco 120 Doses Suspensão Spray Nasal,Emmarka - MA,634.0,0.26839999999999997,29.51,0.0,21.59,21.59,2026-09-09 21:22:36,OK,
MA,GD,14569758000150,7896004758275,Budesonida 64 mcg Frasco 120 Doses Suspensão Spray Nasal,Nazaria - MA - Timon,511.0,0.26839999999999997,29.51,0.0,21.59,21.59,2026-09-09 21:22:36,OK,
MA,GD,14569758000150,7896004758275,Budesonida 64 mcg Frasco 120 Doses Suspensão Spray Nasal,Total - MA,80.0,0.26839999999999997,29.51,0.0,21.59,21.59,2026-09-09 21:22:36,OK,
MA,GD,14569758000150,7896004758275,Budesonida 64 mcg Frasco 120 Doses Suspensão Spray Nasal,Nazaria - MA - Imperatriz,41.0,0.26839999999999997,29.51,0.0,21.59,21.59,2026-09-09 21:22:36,OK,
MA,GD,14569758000150,7896004758275,Budesonida 64 mcg Frasco 120 Doses Suspensão Spray Nasal,Panpharma - CE,409.0,0.2553,29.51,0.0,21.98,21.98,2026-09-09 21:22:36,OK,
MA,GD,14569758000150,7896004759593,Sertralina 100 mg Caixa 30 Comprimidos Revestidos,Panpharma - CE,99.0,0.9102,178.27,0.0,16.01,16.01,2026-09-09 21:22:40,OK,
MA,GD,14569758000150,7896004759593,Sertralina 100 mg Caixa 30 Comprimidos Revestidos,Nazaria - MA - Timon,5.0,0.8998999999999999,178.27,0.0,17.84,17.84,2026-09-09 21:22:40,OK,
MA,GD,14569758000150,7896004759609,Amoxicilina + Clavulanato 875+125 mg Caixa 20 Comprimidos Revestidos,Emmarka - MA,132.0,0.47609999999999997,111.25,0.0,58.28,58.28,2026-09-09 21:22:45,OK,
MA,GD,14569758000150,7896004759609,Amoxicilina + Clavulanato 875+125 mg Caixa 20 Comprimidos Revestidos,Total - MA,51.0,0.47609999999999997,111.25,0.0,58.28,58.28,2026-09-09 21:22:45,OK,
MA,GD,14569758000150,7896004759609,Amoxicilina + Clavulanato 875+125 mg Caixa 20 Comprimidos Revestidos,Nazaria - MA - Timon,43.0,0.47609999999999997,111.25,0.0,58.28,58.28,2026-09-09 21:22:45,OK,
MA,GD,14569758000150,7896004759609,Amoxicilina + Clavulanato 875+125 mg Caixa 20 Comprimidos Revestidos,Nazaria - MA - Imperatriz,38.0,0.47609999999999997,111.25,0.0,58.28,58.28,2026-09-09 21:22:45,OK,
MA,GD,14569758000150,7896004759609,Amoxicilina + Clavulanato 875+125 mg Caixa 20 Comprimidos Revestidos,Panpharma - CE,36.0,0.4752,111.25,0.0,58.38,58.38,2026-09-09 21:22:45,OK,
MA,GD,14569758000150,7896004759678,Azitromicina Di-hidratada 1500 mg Frasco 37.5 ml Pó Para Suspensão Oral + Seringa,Panpharma - CE,76.0,0.1604,39.44,0.0,33.11,33.11,2026-09-09 21:22:49,OK,
MA,GD,14569758000150,7896004759678,Azitromicina Di-hidratada 1500 mg Frasco 37.5 ml Pó Para Suspensão Oral + Seringa,Emmarka - MA,605.0,0.145,39.44,0.0,33.72,33.72,2026-09-09 21:22:49,OK,
MA,GD,14569758000150,7896004759678,Azitromicina Di-hidratada 1500 mg Frasco 37.5 ml Pó Para Suspensão Oral + Seringa,Total - MA,209.0,0.1449,39.44,0.0,33.72,33.72,2026-09-09 21:22:49,OK,
MA,GD,14569758000150,7896004759678,Azitromicina Di-hidratada 1500 mg Frasco 37.5 ml Pó Para Suspensão Oral + Seringa,Nazaria - MA - Imperatriz,49.0,0.145,39.44,0.0,33.72,33.72,2026-09-09 21:22:49,OK,
MA,GD,14569758000150,7896004759678,Azitromicina Di-hidratada 1500 mg Frasco 37.5 ml Pó Para Suspensão Oral + Seringa,Nazaria - MA - Timon,14.0,0.145,39.44,0.0,33.72,33.72,2026-09-09 21:22:49,OK,
MA,GD,14569758000150,7896004759692,Clonazepam 2 mg Caixa 60 Comprimidos,Panpharma - CE,161.0,0.7890999999999999,34.57,0.0,7.29,7.29,2026-09-09 21:22:54,OK,
MA,GD,14569758000150,7896004759692,Clonazepam 2 mg Caixa 60 Comprimidos,Emmarka - MA,72.0,0.7711,34.57,0.0,7.91,7.91,2026-09-09 21:22:54,OK,
MA,GD,14569758000150,7896004759692,Clonazepam 2 mg Caixa 60 Comprimidos,Nazaria - MA - Imperatriz,64.0,0.7711,34.57,0.0,7.91,7.91,2026-09-09 21:22:54,OK,
MA,GD,14569758000150,7896004759692,Clonazepam 2 mg Caixa 60 Comprimidos,Nazaria - MA - Timon,42.0,0.7711,34.57,0.0,7.91,7.91,2026-09-09 21:22:54,OK,
MA,GD,14569758000150,7896004759715,Venlafaxina 37.5 mg Caixa 30 Cápsulas de Liberação Prolongada,Nazaria - MA - Timon,137.0,0.6375,51.94,0.0,18.83,18.83,2026-09-09 21:22:58,OK,
MA,GD,14569758000150,7896004759715,Venlafaxina 37.5 mg Caixa 30 Cápsulas de Liberação Prolongada,Emmarka - MA,131.0,0.6375,51.94,0.0,18.83,18.83,2026-09-09 21:22:58,OK,
MA,GD,14569758000150,7896004759715,Venlafaxina 37.5 mg Caixa 30 Cápsulas de Liberação Prolongada,Nazaria - MA - Imperatriz,24.0,0.6375,51.94,0.0,18.83,18.83,2026-09-09 21:22:58,OK,
MA,GD,14569758000150,7896004759715,Venlafaxina 37.5 mg Caixa 30 Cápsulas de Liberação Prolongada,Panpharma - CE,77.0,0.6153,51.94,0.0,19.98,19.98,2026-09-09 21:22:58,OK,
MA,GD,14569758000150,7896004759722,Drospirenona + Etinilestradiol 3+0.02 mg Caixa 72 Comprimidos (3x24),Panpharma - CE,151.0,0.8195,152.57,0.0,27.54,27.54,2026-09-09 21:23:02,OK,
MA,GD,14569758000150,7896004759722,Drospirenona + Etinilestradiol 3+0.02 mg Caixa 72 Comprimidos (3x24),Emmarka - MA,35.0,0.8077,152.57,0.0,29.34,29.34,2026-09-09 21:23:02,OK,
MA,GD,14569758000150,7896004759722,Drospirenona + Etinilestradiol 3+0.02 mg Caixa 72 Comprimidos (3x24),Nazaria - MA - Imperatriz,27.0,0.8077,152.57,0.0,29.34,29.34,2026-09-09 21:23:02,OK,
MA,GD,14569758000150,7896004759739,Atenolol + Clortalidona 50+12.5 mg Caixa 60 Comprimidos,Panpharma - CE,25.0,0.7535,57.7,0.0,14.22,14.22,2026-09-09 21:23:07,OK,
MA,GD,14569758000150,7896004759739,Atenolol + Clortalidona 50+12.5 mg Caixa 60 Comprimidos,Emmarka - MA,56.0,0.7356,57.7,0.0,15.26,15.26,2026-09-09 21:23:07,OK,
MA,GD,14569758000150,7896004759739,Atenolol + Clortalidona 50+12.5 mg Caixa 60 Comprimidos,Nazaria - MA - Timon,36.0,0.7356,57.7,0.0,15.26,15.26,2026-09-09 21:23:07,OK,
MA,GD,14569758000150,7896004759739,Atenolol + Clortalidona 50+12.5 mg Caixa 60 Comprimidos,Nazaria - MA - Imperatriz,22.0,0.7356,57.7,0.0,15.26,15.26,2026-09-09 21:23:07,OK,
MA,GD,14569758000150,7896004759791,Olanzapina 10 mg Caixa 30 Comprimidos Revestidos,Emmarka - MA,75.0,0.8522,256.35,0.0,37.89,37.89,2026-09-09 21:23:11,OK,
MA,GD,14569758000150,7896004759791,Olanzapina 10 mg Caixa 30 Comprimidos Revestidos,Nazaria - MA - Imperatriz,28.0,0.8522,256.35,0.0,37.89,37.89,2026-09-09 21:23:11,OK,
MA,GD,14569758000150,7896004759791,Olanzapina 10 mg Caixa 30 Comprimidos Revestidos,Nazaria - MA - Timon,25.0,0.8522,256.35,0.0,37.89,37.89,2026-09-09 21:23:11,OK,
MA,GD,14569758000150,7896004759791,Olanzapina 10 mg Caixa 30 Comprimidos Revestidos,Total - MA,54.0,0.8522,256.35,0.0,37.9,37.89,2026-09-09 21:23:11,OK,
MA,GD,14569758000150,7896004759807,Olanzapina 5 mg Caixa 30 Comprimidos Revestidos,Panpharma - CE,170.0,0.8523000000000001,130.75,0.0,19.31,19.31,2026-09-09 21:23:16,OK,
MA,GD,14569758000150,7896004759807,Olanzapina 5 mg Caixa 30 Comprimidos Revestidos,Nazaria - MA - Imperatriz,18.0,0.8344,130.75,0.0,21.65,21.65,2026-09-09 21:23:16,OK,
MA,GD,14569758000150,7896004759807,Olanzapina 5 mg Caixa 30 Comprimidos Revestidos,Emmarka - MA,13.0,0.8344,130.75,0.0,21.65,21.65,2026-09-09 21:23:16,OK,
MA,GD,14569758000150,7896004759814,Olanzapina 2.5 mg Caixa 30 Comprimidos Revestidos,Nazaria - MA - Imperatriz,45.0,0.8377,77.81,0.0,12.63,12.63,2026-09-09 21:23:20,OK,
MA,GD,14569758000150,7896004759814,Olanzapina 2.5 mg Caixa 30 Comprimidos Revestidos,Nazaria - MA - Timon,41.0,0.8377,77.81,0.0,12.63,12.63,2026-09-09 21:23:20,OK,
MA,GD,14569758000150,7896004759814,Olanzapina 2.5 mg Caixa 30 Comprimidos Revestidos,Panpharma - CE,25.0,0.8370000000000001,77.81,0.0,12.68,12.68,2026-09-09 21:23:20,OK,
MA,GD,14569758000150,7896004759845,Sertralina 50 mg Caixa 30 Comprimidos Revestidos,Panpharma - CE,1796.0,0.9190999999999999,83.1,0.0,6.72,6.72,2026-09-09 21:23:24,OK,
MA,GD,14569758000150,7896004759845,Sertralina 50 mg Caixa 30 Comprimidos Revestidos,Nazaria - MA - Timon,2891.0,0.9011,83.1,0.0,8.22,8.22,2026-09-09 21:23:24,OK,
MA,GD,14569758000150,7896004759845,Sertralina 50 mg Caixa 30 Comprimidos Revestidos,Nazaria - MA - Imperatriz,618.0,0.9011,83.1,0.0,8.22,8.22,2026-09-09 21:23:24,OK,
MA,GD,14569758000150,7896004759845,Sertralina 50 mg Caixa 30 Comprimidos Revestidos,Emmarka - MA,244.0,0.9011,83.1,0.0,8.22,8.22,2026-09-09 21:23:24,OK,
MA,GD,14569758000150,7896004761275,Cilostazol 50 mg Caixa 30 Comprimidos,Emmarka - MA,50.0,0.4508,16.3,0.0,8.95,8.95,2026-09-09 21:23:28,OK,
MA,GD,14569758000150,7896004761275,Cilostazol 50 mg Caixa 30 Comprimidos,Nazaria - MA - Timon,10.0,0.4508,16.3,0.0,8.95,8.95,2026-09-09 21:23:28,OK,
MA,GD,14569758000150,7896004761299,Cilostazol 100 mg Caixa 30 Comprimidos,Total - MA,63.0,0.45799999999999996,35.01,0.0,18.97,18.97,2026-09-09 21:23:32,OK,
MA,GD,14569758000150,7896004761299,Cilostazol 100 mg Caixa 30 Comprimidos,Emmarka - MA,47.0,0.45799999999999996,35.01,0.0,18.98,18.98,2026-09-09 21:23:32,OK,
MA,GD,14569758000150,7896004761299,Cilostazol 100 mg Caixa 30 Comprimidos,Panpharma - CE,55.0,0.3604,35.01,0.0,22.39,22.39,2026-09-09 21:23:32,OK,
MA,GD,14569758000150,7896004761305,Cilostazol 100 mg Caixa 60 Comprimidos,Panpharma - CE,33.0,0.3129,49.21,0.0,33.81,33.81,2026-09-09 21:23:36,OK,
MA,GD,14569758000150,7896004761305,Cilostazol 100 mg Caixa 60 Comprimidos,Emmarka - MA,61.0,0.3057,49.21,0.0,34.17,34.17,2026-09-09 21:23:36,OK,
MA,GD,14569758000150,7896004761305,Cilostazol 100 mg Caixa 60 Comprimidos,Nazaria - MA - Imperatriz,52.0,0.3057,49.21,0.0,34.17,34.17,2026-09-09 21:23:36,OK,
MA,GD,14569758000150,7896004761305,Cilostazol 100 mg Caixa 60 Comprimidos,Nazaria - MA - Timon,45.0,0.3057,49.21,0.0,34.17,34.17,2026-09-09 21:23:36,OK,
MA,GD,14569758000150,7896004761817,Tansulosina 0.4 mg Caixa 30 Comprimidos de Liberação Prolongada,Panpharma - CE,635.0,0.6478,97.16,0.0,34.22,34.22,2026-09-09 21:23:41,OK,
MA,GD,14569758000150,7896004761817,Tansulosina 0.4 mg Caixa 30 Comprimidos de Liberação Prolongada,Nazaria - MA - Timon,891.0,0.6297999999999999,97.16,0.0,35.97,35.97,2026-09-09 21:23:41,OK,
MA,GD,14569758000150,7896004761817,Tansulosina 0.4 mg Caixa 30 Comprimidos de Liberação Prolongada,Emmarka - MA,371.0,0.6297999999999999,97.16,0.0,35.97,35.97,2026-09-09 21:23:41,OK,
MA,GD,14569758000150,7896004761817,Tansulosina 0.4 mg Caixa 30 Comprimidos de Liberação Prolongada,Nazaria - MA - Imperatriz,345.0,0.6297999999999999,97.16,0.0,35.97,35.97,2026-09-09 21:23:41,OK,
MA,GD,14569758000150,7896004761817,Tansulosina 0.4 mg Caixa 30 Comprimidos de Liberação Prolongada,Total - MA,145.0,0.6175,97.16,0.0,37.15,37.15,2026-09-09 21:23:41,OK,
MA,GD,14569758000150,7896004761824,Tansulosina 0.4 mg Caixa 60 Comprimidos de Liberação Prolongada,Panpharma - CE,77.0,0.7138,225.21,0.0,64.46,64.46,2026-09-09 21:23:46,OK,
MA,GD,14569758000150,7896004761824,Tansulosina 0.4 mg Caixa 60 Comprimidos de Liberação Prolongada,Total - MA,30.0,0.6992,225.21,0.0,67.73,67.73,2026-09-09 21:23:46,OK,
MA,GD,14569758000150,7896004761824,Tansulosina 0.4 mg Caixa 60 Comprimidos de Liberação Prolongada,Nazaria - MA - Imperatriz,199.0,0.6992,225.21,0.0,67.74,67.74,2026-09-09 21:23:46,OK,
MA,GD,14569758000150,7896004761824,Tansulosina 0.4 mg Caixa 60 Comprimidos de Liberação Prolongada,Nazaria - MA - Timon,199.0,0.6992,225.21,0.0,67.74,67.74,2026-09-09 21:23:46,OK,
MA,GD,14569758000150,7896004761824,Tansulosina 0.4 mg Caixa 60 Comprimidos de Liberação Prolongada,Emmarka - MA,18.0,0.6992,225.21,0.0,67.74,67.74,2026-09-09 21:23:46,OK,
MA,GD,14569758000150,7896004762227,Azitromicina Di-hidratada 500 mg Caixa 5 Comprimidos Revestidos,Nazaria - MA - Timon,460.0,0.8647,51.34,0.0,6.95,6.95,2026-09-09 21:23:51,OK,
MA,GD,14569758000150,7896004762227,Azitromicina Di-hidratada 500 mg Caixa 5 Comprimidos Revestidos,Nazaria - MA - Imperatriz,53.0,0.8647,51.34,0.0,6.95,6.95,2026-09-09 21:23:51,OK,
MA,GD,14569758000150,7896004762227,Azitromicina Di-hidratada 500 mg Caixa 5 Comprimidos Revestidos,Emmarka - MA,25.0,0.8647,51.34,0.0,6.95,6.95,2026-09-09 21:23:51,OK,
MA,GD,14569758000150,7896004762227,Azitromicina Di-hidratada 500 mg Caixa 5 Comprimidos Revestidos,Total - MA,73.0,0.8365,51.34,0.0,8.39,8.39,2026-09-09 21:23:51,OK,
MA,GD,14569758000150,7896004762319,Gliclazida 30 mg Caixa 30 Comprimidos de Liberação Prolongada,Nazaria - MA - Imperatriz,578.0,0.6559999999999999,25.65,0.0,8.82,8.82,2026-09-09 21:23:55,OK,
MA,GD,14569758000150,7896004762319,Gliclazida 30 mg Caixa 30 Comprimidos de Liberação Prolongada,Emmarka - MA,487.0,0.6559999999999999,25.65,0.0,8.82,8.82,2026-09-09 21:23:55,OK,
MA,GD,14569758000150,7896004762319,Gliclazida 30 mg Caixa 30 Comprimidos de Liberação Prolongada,Nazaria - MA - Timon,469.0,0.6559999999999999,25.65,0.0,8.82,8.82,2026-09-09 21:23:55,OK,
MA,GD,14569758000150,7896004762319,Gliclazida 30 mg Caixa 30 Comprimidos de Liberação Prolongada,Panpharma - CE,393.0,0.557,25.65,0.0,11.36,11.36,2026-09-09 21:23:55,OK,
MA,GD,14569758000150,7896004762364,Gliclazida 60 mg Caixa 60 Comprimidos de Liberação Prolongada,Nazaria - MA - Imperatriz,226.0,0.49979999999999997,100.1,0.0,50.07,50.07,2026-09-09 21:23:59,OK,
MA,GD,14569758000150,7896004762364,Gliclazida 60 mg Caixa 60 Comprimidos de Liberação Prolongada,Emmarka - MA,20.0,0.49979999999999997,100.1,0.0,50.07,50.07,2026-09-09 21:23:59,OK,
MA,GD,14569758000150,7896004762364,Gliclazida 60 mg Caixa 60 Comprimidos de Liberação Prolongada,Total - MA,34.0,0.4928,100.1,0.0,50.77,50.77,2026-09-09 21:23:59,OK,
MA,GD,14569758000150,7896004763576,Hidroxicloroquina 400 mg Caixa 30 Comprimidos Revestidos,Total - MA,79.0,0.1245,80.53,0.0,70.5,70.5,2026-09-09 21:24:03,OK,
MA,GD,14569758000150,7896004763576,Hidroxicloroquina 400 mg Caixa 30 Comprimidos Revestidos,Nazaria - MA - Timon,48.0,0.1245,80.53,0.0,70.5,70.5,2026-09-09 21:24:03,OK,
MA,GD,14569758000150,7896004763576,Hidroxicloroquina 400 mg Caixa 30 Comprimidos Revestidos,Emmarka - MA,22.0,0.1245,80.53,0.0,70.5,70.5,2026-09-09 21:24:03,OK,
MA,GD,14569758000150,7896004766980,,,0.0,0.0,0.0,0.0,0.0,0.0,2026-09-09 21:24:16,ERRO,Message: Nenhuma distribuidora pôde ser lida no card do produto.
MA,GD,14569758000150,7896004766997,Rivaroxabana 10 mg Caixa 30 Comprimidos Revestidos,Panpharma - CE,71.0,0.9484,219.91,0.0,11.35,11.35,2026-09-09 21:24:20,OK,
MA,GD,14569758000150,7896004766997,Rivaroxabana 10 mg Caixa 30 Comprimidos Revestidos,Nazaria - MA - Timon,84.0,0.9358,219.91,0.0,14.12,14.12,2026-09-09 21:24:20,OK,
MA,GD,14569758000150,7896004766997,Rivaroxabana 10 mg Caixa 30 Comprimidos Revestidos,Nazaria - MA - Imperatriz,44.0,0.9358,219.91,0.0,14.12,14.12,2026-09-09 21:24:20,OK,
MA,GD,14569758000150,7896004766997,Rivaroxabana 10 mg Caixa 30 Comprimidos Revestidos,Emmarka - MA,32.0,0.9358,219.91,0.0,14.12,14.12,2026-09-09 21:24:20,OK,
MA,GD,14569758000150,7896004767017,Rivaroxabana 15 mg Caixa 14 Comprimidos Revestidos,Emmarka - MA,133.0,0.9133,102.58,0.0,8.89,8.89,2026-09-09 21:24:23,OK,
MA,GD,14569758000150,7896004767055,Rivaroxabana 20 mg Caixa 14 Comprimidos Revestidos,Emmarka - MA,73.0,0.8923000000000001,102.58,0.0,11.05,11.05,2026-09-09 21:24:27,OK,
MA,GD,14569758000150,7896004767130,Zolpidem 10 mg Caixa 30 Comprimidos Revestidos,Panpharma - CE,1057.0,0.9376000000000001,68.08,0.0,4.25,4.25,2026-09-09 21:24:31,OK,
MA,GD,14569758000150,7896004767130,Zolpidem 10 mg Caixa 30 Comprimidos Revestidos,Nazaria - MA - Timon,852.0,0.9196,68.08,0.0,5.47,5.47,2026-09-09 21:24:31,OK,
MA,GD,14569758000150,7896004767130,Zolpidem 10 mg Caixa 30 Comprimidos Revestidos,Emmarka - MA,87.0,0.9196,68.08,0.0,5.47,5.47,2026-09-09 21:24:31,OK,
MA,GD,14569758000150,7896004767130,Zolpidem 10 mg Caixa 30 Comprimidos Revestidos,Nazaria - MA - Imperatriz,20.0,0.9196,68.08,0.0,5.47,5.47,2026-09-09 21:24:31,OK,
MA,GD,14569758000150,7896004768212,Donepezila 5 mg Caixa 30 Comprimidos Revestidos,Panpharma - CE,248.0,0.8734000000000001,150.68,0.0,19.08,19.08,2026-09-09 21:24:35,OK,
MA,GD,14569758000150,7896004768212,Donepezila 5 mg Caixa 30 Comprimidos Revestidos,Emmarka - MA,75.0,0.8554999999999999,150.68,0.0,21.77,21.77,2026-09-09 21:24:35,OK,
MA,GD,14569758000150,7896004768212,Donepezila 5 mg Caixa 30 Comprimidos Revestidos,Nazaria - MA - Imperatriz,32.0,0.8554999999999999,150.68,0.0,21.77,21.77,2026-09-09 21:24:35,OK,
MA,GD,14569758000150,7896004768298,Donepezila 10 mg Caixa 30 Comprimidos Revestidos,Panpharma - CE,156.0,0.8391,166.95,0.0,26.86,26.86,2026-09-09 21:24:40,OK,
MA,GD,14569758000150,7896004768298,Donepezila 10 mg Caixa 30 Comprimidos Revestidos,Nazaria - MA - Timon,310.0,0.8258,166.95,0.0,29.08,29.08,2026-09-09 21:24:40,OK,
MA,GD,14569758000150,7896004768298,Donepezila 10 mg Caixa 30 Comprimidos Revestidos,Nazaria - MA - Imperatriz,217.0,0.8258,166.95,0.0,29.08,29.08,2026-09-09 21:24:40,OK,
MA,GD,14569758000150,7896004768298,Donepezila 10 mg Caixa 30 Comprimidos Revestidos,Emmarka - MA,19.0,0.8258,166.95,0.0,29.08,29.08,2026-09-09 21:24:40,OK,
MA,GD,14569758000150,7896004768687,Desogestrel 75 mcg Caixa 84 Comprimidos Revestidos,Panpharma - CE,123.0,0.727,80.34,0.0,21.93,21.93,2026-09-09 21:24:44,OK,
MA,GD,14569758000150,7896004768687,Desogestrel 75 mcg Caixa 84 Comprimidos Revestidos,Nazaria - MA - Timon,86.0,0.7091,80.34,0.0,23.37,23.37,2026-09-09 21:24:44,OK,
MA,GD,14569758000150,7896004768687,Desogestrel 75 mcg Caixa 84 Comprimidos Revestidos,Emmarka - MA,67.0,0.7091,80.34,0.0,23.37,23.37,2026-09-09 21:24:44,OK,
MA,GD,14569758000150,7896004769622,Desloratadina 0.5 mg/ml Frasco 60 ml Xarope,Emmarka - MA,237.0,0.7779,40.58,0.0,9.01,9.01,2026-09-09 21:24:48,OK,
MA,GD,14569758000150,7896004769622,Desloratadina 0.5 mg/ml Frasco 60 ml Xarope,Nazaria - MA - Timon,109.0,0.7779,40.58,0.0,9.01,9.01,2026-09-09 21:24:48,OK,
MA,GD,14569758000150,7896004769622,Desloratadina 0.5 mg/ml Frasco 60 ml Xarope,Panpharma - CE,24.0,0.7343999999999999,40.58,0.0,10.78,10.78,2026-09-09 21:24:48,OK,
MA,GD,14569758000150,7896004769684,Desloratadina 0.5 mg/ml Frasco 100 ml Xarope,Panpharma - CE,232.0,0.8156,67.0,0.0,12.35,12.35,2026-09-09 21:24:53,OK,
MA,GD,14569758000150,7896004769684,Desloratadina 0.5 mg/ml Frasco 100 ml Xarope,Emmarka - MA,114.0,0.8126000000000001,67.0,0.0,12.56,12.56,2026-09-09 21:24:53,OK,
MA,GD,14569758000150,7896004769684,Desloratadina 0.5 mg/ml Frasco 100 ml Xarope,Nazaria - MA - Timon,98.0,0.8126000000000001,67.0,0.0,12.56,12.56,2026-09-09 21:24:53,OK,
MA,GD,14569758000150,7896004769684,Desloratadina 0.5 mg/ml Frasco 100 ml Xarope,Nazaria - MA - Imperatriz,63.0,0.8126000000000001,67.0,0.0,12.56,12.56,2026-09-09 21:24:53,OK,
MA,GD,14569758000150,7896004771199,Aciclovir 50 mg/g Bisnaga 10 g Creme,Emmarka - MA,247.0,0.7820999999999999,27.58,0.0,6.01,6.01,2026-09-09 21:24:58,OK,
MA,GD,14569758000150,7896004771199,Aciclovir 50 mg/g Bisnaga 10 g Creme,Nazaria - MA - Imperatriz,168.0,0.7820999999999999,27.58,0.0,6.01,6.01,2026-09-09 21:24:58,OK,
MA,GD,14569758000150,7896004771199,Aciclovir 50 mg/g Bisnaga 10 g Creme,Nazaria - MA - Timon,152.0,0.7820999999999999,27.58,0.0,6.01,6.01,2026-09-09 21:24:58,OK,
MA,GD,14569758000150,7896004771199,Aciclovir 50 mg/g Bisnaga 10 g Creme,Total - MA,54.0,0.7820999999999999,27.58,0.0,6.01,6.01,2026-09-09 21:24:58,OK,
MA,GD,14569758000150,7896004771199,Aciclovir 50 mg/g Bisnaga 10 g Creme,Panpharma - CE,269.0,0.7807999999999999,27.58,0.0,6.05,6.05,2026-09-09 21:24:58,OK,
MA,GD,14569758000150,7896004771373,Nebivolol 5 mg Caixa 30 Comprimidos,Panpharma - CE,171.0,0.6674,53.54,0.0,17.81,17.81,2026-09-09 21:25:02,OK,
MA,GD,14569758000150,7896004771373,Nebivolol 5 mg Caixa 30 Comprimidos,Emmarka - MA,275.0,0.6570999999999999,53.54,0.0,18.36,18.36,2026-09-09 21:25:02,OK,
MA,GD,14569758000150,7896004771373,Nebivolol 5 mg Caixa 30 Comprimidos,Nazaria - MA - Imperatriz,239.0,0.6570999999999999,53.54,0.0,18.36,18.36,2026-09-09 21:25:02,OK,
MA,GD,14569758000150,7896004771373,Nebivolol 5 mg Caixa 30 Comprimidos,Nazaria - MA - Timon,89.0,0.6570999999999999,53.54,0.0,18.36,18.36,2026-09-09 21:25:02,OK,
MA,GD,14569758000150,7896004771403,Nebivolol 5 mg Caixa 60 Comprimidos,Panpharma - CE,35.0,0.6958,105.79,0.0,32.18,32.18,2026-09-09 21:25:05,OK,
MA,GD,14569758000150,7896004771762,Cilostazol 50 mg Caixa 60 Comprimidos,Panpharma - CE,18.0,0.3259,24.48,0.0,16.5,16.5,2026-09-09 21:25:10,OK,
MA,GD,14569758000150,7896004771762,Cilostazol 50 mg Caixa 60 Comprimidos,Nazaria - MA - Timon,49.0,0.308,24.48,0.0,16.94,16.94,2026-09-09 21:25:10,OK,
MA,GD,14569758000150,7896004771762,Cilostazol 50 mg Caixa 60 Comprimidos,Emmarka - MA,47.0,0.308,24.48,0.0,16.94,16.94,2026-09-09 21:25:10,OK,
MA,GD,14569758000150,7896004771762,Cilostazol 50 mg Caixa 60 Comprimidos,Nazaria - MA - Imperatriz,11.0,0.308,24.48,0.0,16.94,16.94,2026-09-09 21:25:10,OK,
MA,GD,14569758000150,7896004772332,Cloperastina 3.54 mg/ml Frasco 120 ml Xarope,Panpharma - CE,67.0,0.20170000000000002,20.64,0.0,16.48,16.48,2026-09-09 21:25:15,OK,
MA,GD,14569758000150,7896004772332,Cloperastina 3.54 mg/ml Frasco 120 ml Xarope,Emmarka - MA,517.0,0.1837,20.64,0.0,16.85,16.85,2026-09-09 21:25:15,OK,
MA,GD,14569758000150,7896004772332,Cloperastina 3.54 mg/ml Frasco 120 ml Xarope,Nazaria - MA - Imperatriz,152.0,0.1837,20.64,0.0,16.85,16.85,2026-09-09 21:25:15,OK,
MA,GD,14569758000150,7896004772332,Cloperastina 3.54 mg/ml Frasco 120 ml Xarope,Nazaria - MA - Timon,109.0,0.1837,20.64,0.0,16.85,16.85,2026-09-09 21:25:15,OK,
MA,GD,14569758000150,7896004772332,Cloperastina 3.54 mg/ml Frasco 120 ml Xarope,Total - MA,183.0,0.14679999999999999,20.64,0.0,17.61,17.61,2026-09-09 21:25:15,OK,
MA,GD,14569758000150,7896004772868,Pregabalina 150 mg Caixa 30 Cápsulas,Panpharma - CE,150.0,0.9042,149.27,0.0,14.3,14.3,2026-09-09 21:25:19,OK,
MA,GD,14569758000150,7896004772868,Pregabalina 150 mg Caixa 30 Cápsulas,Nazaria - MA - Timon,715.0,0.8862000000000001,149.27,0.0,16.99,16.99,2026-09-09 21:25:19,OK,
MA,GD,14569758000150,7896004772868,Pregabalina 150 mg Caixa 30 Cápsulas,Nazaria - MA - Imperatriz,95.0,0.8862000000000001,149.27,0.0,16.99,16.99,2026-09-09 21:25:19,OK,
MA,GD,14569758000150,7896004772868,Pregabalina 150 mg Caixa 30 Cápsulas,Emmarka - MA,30.0,0.8862000000000001,149.27,0.0,16.99,16.99,2026-09-09 21:25:19,OK,
MA,GD,14569758000150,7896004773117,Drospirenona + Etinilestradiol 3+0.02 mg Caixa 28 Comprimidos (24+4),Panpharma - CE,82.0,0.8756,60.64,0.0,7.54,7.54,2026-09-09 21:25:22,OK,
MA,GD,14569758000150,7896004773339,Pregabalina 75 mg Caixa 30 Cápsulas,Panpharma - CE,1749.0,0.9043000000000001,93.38,0.0,8.94,8.94,2026-09-09 21:25:27,OK,
MA,GD,14569758000150,7896004773339,Pregabalina 75 mg Caixa 30 Cápsulas,Total - MA,2.0,0.9025,93.38,0.0,9.11,9.1,2026-09-09 21:25:27,OK,
MA,GD,14569758000150,7896004773339,Pregabalina 75 mg Caixa 30 Cápsulas,Nazaria - MA - Timon,3452.0,0.8864,93.38,0.0,10.61,10.61,2026-09-09 21:25:27,OK,
MA,GD,14569758000150,7896004773339,Pregabalina 75 mg Caixa 30 Cápsulas,Nazaria - MA - Imperatriz,832.0,0.8864,93.38,0.0,10.61,10.61,2026-09-09 21:25:27,OK,
MA,GD,14569758000150,7896004773339,Pregabalina 75 mg Caixa 30 Cápsulas,Emmarka - MA,178.0,0.8864,93.38,0.0,10.61,10.61,2026-09-09 21:25:27,OK,
MA,GD,14569758000150,7896004775043,Aciclovir 400 mg Caixa 30 Comprimidos,Emmarka - MA,43.0,0.7775,175.29,0.0,39.0,39.0,2026-09-09 21:25:31,OK,
MA,GD,14569758000150,7896004777184,Tramadol 100 mg Caixa 10 Comprimidos de Liberação Prolongada,Total - MA,395.0,0.4053,86.19,0.0,51.26,51.26,2026-09-09 21:25:35,OK,
MA,GD,14569758000150,7896004777184,Tramadol 100 mg Caixa 10 Comprimidos de Liberação Prolongada,Nazaria - MA - Timon,303.0,0.4053,86.19,0.0,51.26,51.26,2026-09-09 21:25:35,OK,
MA,GD,14569758000150,7896004777184,Tramadol 100 mg Caixa 10 Comprimidos de Liberação Prolongada,Nazaria - MA - Imperatriz,68.0,0.4053,86.19,0.0,51.26,51.26,2026-09-09 21:25:35,OK,
MA,GD,14569758000150,7896004777184,Tramadol 100 mg Caixa 10 Comprimidos de Liberação Prolongada,Panpharma - CE,429.0,0.3223,86.19,0.0,58.41,58.41,2026-09-09 21:25:35,OK,
MA,GD,14569758000150,7896004777535,Fexofenadina 120 mg Caixa 10 Comprimidos Revestidos,Emmarka - MA,183.0,0.8543999999999999,49.63,0.0,7.23,7.23,2026-09-09 21:25:39,OK,
MA,GD,14569758000150,7896004777535,Fexofenadina 120 mg Caixa 10 Comprimidos Revestidos,Nazaria - MA - Timon,181.0,0.8543999999999999,49.63,0.0,7.23,7.23,2026-09-09 21:25:39,OK,
MA,GD,14569758000150,7896004777535,Fexofenadina 120 mg Caixa 10 Comprimidos Revestidos,Total - MA,106.0,0.8543999999999999,49.63,0.0,7.23,7.23,2026-09-09 21:25:39,OK,
MA,GD,14569758000150,7896004777559,Fexofenadina 180 mg Caixa 10 Comprimidos Revestidos,Panpharma - CE,211.0,0.8679000000000001,71.23,0.0,9.41,9.41,2026-09-09 21:25:43,OK,
MA,GD,14569758000150,7896004777559,Fexofenadina 180 mg Caixa 10 Comprimidos Revestidos,Nazaria - MA - Imperatriz,239.0,0.8499,71.23,0.0,10.69,10.69,2026-09-09 21:25:43,OK,
MA,GD,14569758000150,7896004777559,Fexofenadina 180 mg Caixa 10 Comprimidos Revestidos,Emmarka - MA,2.0,0.8499,71.23,0.0,10.69,10.69,2026-09-09 21:25:43,OK,
MA,GD,14569758000150,7896004779713,Dienogeste 2 mg Caixa 30 Comprimidos,Total - MA,417.0,0.7453,68.98,0.0,17.57,17.57,2026-09-09 21:25:48,OK,
MA,GD,14569758000150,7896004779713,Dienogeste 2 mg Caixa 30 Comprimidos,Emmarka - MA,191.0,0.7453,68.99,0.0,17.57,17.57,2026-09-09 21:25:48,OK,
MA,GD,14569758000150,7896004779713,Dienogeste 2 mg Caixa 30 Comprimidos,Nazaria - MA - Timon,95.0,0.7453,68.99,0.0,17.57,17.57,2026-09-09 21:25:48,OK,
MA,GD,14569758000150,7896004779713,Dienogeste 2 mg Caixa 30 Comprimidos,Nazaria - MA - Imperatriz,15.0,0.7453,68.99,0.0,17.57,17.57,2026-09-09 21:25:48,OK,
MA,GD,14569758000150,7896004779713,Dienogeste 2 mg Caixa 30 Comprimidos,Panpharma - CE,402.0,0.7384999999999999,68.99,0.0,18.04,18.04,2026-09-09 21:25:48,OK,
MA,GD,14569758000150,7896004780184,Ácido Ursodesoxicólico 150 mg Caixa 30 Comprimidos,Emmarka - MA,10.0,0.47619999999999996,84.08,0.0,44.04,44.04,2026-09-09 21:25:52,OK,
MA,GD,14569758000150,7896004780184,Ácido Ursodesoxicólico 150 mg Caixa 30 Comprimidos,Total - MA,62.0,0.46759999999999996,84.08,0.0,44.76,44.76,2026-09-09 21:25:52,OK,
MA,GD,14569758000150,7896004780191,Ácido Ursodesoxicólico 300 mg Caixa 30 Comprimidos,Panpharma - CE,1.0,0.39130000000000004,166.21,0.0,101.17,101.17,2026-09-09 21:25:56,OK,
MA,GD,14569758000150,7896004780191,Ácido Ursodesoxicólico 300 mg Caixa 30 Comprimidos,Nazaria - MA - Imperatriz,48.0,0.389,166.21,0.0,101.55,101.55,2026-09-09 21:25:56,OK,
MA,GD,14569758000150,7896004780191,Ácido Ursodesoxicólico 300 mg Caixa 30 Comprimidos,Nazaria - MA - Timon,46.0,0.389,166.21,0.0,101.55,101.55,2026-09-09 21:25:56,OK,
MA,GD,14569758000150,7896004780191,Ácido Ursodesoxicólico 300 mg Caixa 30 Comprimidos,Emmarka - MA,25.0,0.389,166.21,0.0,101.55,101.55,2026-09-09 21:25:56,OK,
MA,GD,14569758000150,7896004780504,Rivaroxabana 15 mg Caixa 30 Comprimidos Revestidos,Panpharma - CE,118.0,0.9523999999999999,217.08,0.0,10.33,10.33,2026-09-09 21:26:01,OK,
MA,GD,14569758000150,7896004780504,Rivaroxabana 15 mg Caixa 30 Comprimidos Revestidos,Nazaria - MA - Imperatriz,286.0,0.9345,217.08,0.0,14.22,14.22,2026-09-09 21:26:01,OK,
MA,GD,14569758000150,7896004780504,Rivaroxabana 15 mg Caixa 30 Comprimidos Revestidos,Nazaria - MA - Timon,154.0,0.9345,217.08,0.0,14.22,14.22,2026-09-09 21:26:01,OK,
MA,GD,14569758000150,7896004780504,Rivaroxabana 15 mg Caixa 30 Comprimidos Revestidos,Emmarka - MA,1.0,0.9345,217.08,0.0,14.22,14.22,2026-09-09 21:26:01,OK,
MA,GD,14569758000150,7896004780511,Rivaroxabana 20 mg Caixa 30 Comprimidos Revestidos,Panpharma - CE,610.0,0.9334,217.08,0.0,14.46,14.46,2026-09-09 21:26:05,OK,
MA,GD,14569758000150,7896004780511,Rivaroxabana 20 mg Caixa 30 Comprimidos Revestidos,Emmarka - MA,285.0,0.9266,217.08,0.0,15.93,15.93,2026-09-09 21:26:05,OK,
MA,GD,14569758000150,7896004780511,Rivaroxabana 20 mg Caixa 30 Comprimidos Revestidos,Nazaria - MA - Imperatriz,230.0,0.9266,217.08,0.0,15.93,15.93,2026-09-09 21:26:05,OK,
MA,GD,14569758000150,7896004780511,Rivaroxabana 20 mg Caixa 30 Comprimidos Revestidos,Nazaria - MA - Timon,104.0,0.9266,217.08,0.0,15.93,15.93,2026-09-09 21:26:05,OK,
MA,GD,14569758000150,7896004781280,,,0.0,0.0,0.0,0.0,0.0,0.0,2026-09-09 21:26:17,ERRO,Message: Nenhuma distribuidora pôde ser lida no card do produto.
MA,GD,14569758000150,7896004781372,,,0.0,0.0,0.0,0.0,0.0,0.0,2026-09-09 21:26:30,ERRO,Message: Nenhuma distribuidora pôde ser lida no card do produto.
MA,GD,14569758000150,7896004781389,,,0.0,0.0,0.0,0.0,0.0,0.0,2026-09-09 21:26:42,ERRO,Message: Nenhuma distribuidora pôde ser lida no card do produto.
MA,GD,14569758000150,7896004781396,Etoricoxibe 90 mg Caixa 7 Comprimidos Revestidos,Emmarka - MA,5.0,0.47590000000000005,42.74,0.0,22.4,22.4,2026-09-09 21:26:45,OK,
MA,GD,14569758000150,7896004781402,,,0.0,0.0,0.0,0.0,0.0,0.0,2026-09-09 21:26:58,ERRO,Message: Nenhuma distribuidora pôde ser lida no card do produto.
MA,GD,14569758000150,7896004782546,,,0.0,0.0,0.0,0.0,0.0,0.0,2026-09-09 21:27:10,ERRO,Message: Nenhuma distribuidora pôde ser lida no card do produto.
MA,GD,14569758000150,7896004782553,,,0.0,0.0,0.0,0.0,0.0,0.0,2026-09-09 21:27:22,ERRO,Message: Nenhuma distribuidora pôde ser lida no card do produto.
MA,GD,14569758000150,7896004782690,Apixabana 2.5 mg Caixa 20 Comprimidos Revestidos,Panpharma - CE,45.0,0.7432,72.31,0.0,18.57,18.57,2026-09-09 21:27:27,OK,
MA,GD,14569758000150,7896004782690,Apixabana 2.5 mg Caixa 20 Comprimidos Revestidos,Nazaria - MA - Timon,106.0,0.7253000000000001,72.31,0.0,19.86,19.86,2026-09-09 21:27:27,OK,
MA,GD,14569758000150,7896004782690,Apixabana 2.5 mg Caixa 20 Comprimidos Revestidos,Emmarka - MA,51.0,0.7253000000000001,72.31,0.0,19.86,19.86,2026-09-09 21:27:27,OK,
MA,GD,14569758000150,7896004782690,Apixabana 2.5 mg Caixa 20 Comprimidos Revestidos,Nazaria - MA - Imperatriz,5.0,0.7253000000000001,72.31,0.0,19.86,19.86,2026-09-09 21:27:27,OK,
MA,GD,14569758000150,7896004782713,Apixabana 2.5 mg Caixa 60 Comprimidos Revestidos,Emmarka - MA,46.0,0.7465999999999999,217.0,0.0,54.99,54.99,2026-09-09 21:27:30,OK,
MA,GD,14569758000150,7896004782713,Apixabana 2.5 mg Caixa 60 Comprimidos Revestidos,Nazaria - MA - Timon,13.0,0.7465999999999999,217.0,0.0,54.99,54.99,2026-09-09 21:27:30,OK,
MA,GD,14569758000150,7896004782744,Apixabana 5 mg Caixa 20 Comprimidos Revestidos,Panpharma - CE,55.0,0.7445999999999999,72.31,0.0,18.47,18.47,2026-09-09 21:27:35,OK,
MA,GD,14569758000150,7896004782744,Apixabana 5 mg Caixa 20 Comprimidos Revestidos,Nazaria - MA - Imperatriz,97.0,0.7267,72.31,0.0,19.76,19.76,2026-09-09 21:27:35,OK,
MA,GD,14569758000150,7896004782744,Apixabana 5 mg Caixa 20 Comprimidos Revestidos,Emmarka - MA,81.0,0.7267,72.31,0.0,19.76,19.76,2026-09-09 21:27:35,OK,
MA,GD,14569758000150,7896004782744,Apixabana 5 mg Caixa 20 Comprimidos Revestidos,Nazaria - MA - Timon,66.0,0.7267,72.31,0.0,19.76,19.76,2026-09-09 21:27:35,OK,
MA,GD,14569758000150,7896004782768,Apixabana 5 mg Caixa 60 Comprimidos Revestidos,Emmarka - MA,24.0,0.7459,217.0,0.0,55.14,55.14,2026-09-09 21:27:39,OK,
MA,GD,14569758000150,7896004782768,Apixabana 5 mg Caixa 60 Comprimidos Revestidos,Nazaria - MA - Imperatriz,6.0,0.7459,217.0,0.0,55.14,55.14,2026-09-09 21:27:39,OK,
MA,GD,14569758000150,7896004782935,Levetiracetam 250 mg Caixa 30 Comprimidos Revestidos,Nazaria - MA - Imperatriz,47.0,0.4936,45.05,0.0,22.81,22.81,2026-09-09 21:27:42,OK,
MA,GD,14569758000150,7896004782935,Levetiracetam 250 mg Caixa 30 Comprimidos Revestidos,Emmarka - MA,2.0,0.4936,45.05,0.0,22.81,22.81,2026-09-09 21:27:42,OK,
MA,GD,14569758000150,7896004782980,Levetiracetam 750 mg Caixa 30 Comprimidos Revestidos,Emmarka - MA,49.0,0.6646,222.17,0.0,74.52,74.52,2026-09-09 21:27:46,OK,
MA,GD,14569758000150,7896004783024,Levetiracetam 500 mg Caixa 30 Comprimidos Revestidos,Nazaria - MA - Imperatriz,55.0,0.5732,96.45,0.0,41.16,41.16,2026-09-09 21:27:49,OK,
MA,GD,14569758000150,7896004783024,Levetiracetam 500 mg Caixa 30 Comprimidos Revestidos,Emmarka - MA,50.0,0.5732,96.45,0.0,41.16,41.16,2026-09-09 21:27:49,OK,
MA,GD,14569758000150,7896004784076,Bilastina 20 mg Caixa 15 Comprimidos,Nazaria - MA - Timon,809.0,0.4081,38.86,0.0,23.0,23.0,2026-09-09 21:27:54,OK,
MA,GD,14569758000150,7896004784076,Bilastina 20 mg Caixa 15 Comprimidos,Emmarka - MA,221.0,0.4081,38.86,0.0,23.0,23.0,2026-09-09 21:27:54,OK,
MA,GD,14569758000150,7896004784076,Bilastina 20 mg Caixa 15 Comprimidos,Nazaria - MA - Imperatriz,41.0,0.4081,38.86,0.0,23.0,23.0,2026-09-09 21:27:54,OK,
MA,GD,14569758000150,7896004784076,Bilastina 20 mg Caixa 15 Comprimidos,Total - MA,162.0,0.3872,38.86,0.0,23.81,23.81,2026-09-09 21:27:54,OK,
MA,GD,14569758000150,7896004784083,Bilastina 20 mg Caixa 30 Comprimidos,Emmarka - MA,357.0,0.5036999999999999,76.65,0.0,38.04,38.04,2026-09-09 21:27:57,OK,
MA,GD,14569758000150,7896004786117,Pitavastatina Cálcica 2 mg Caixa 30 Comprimidos Revestidos,Nazaria - MA - Timon,132.0,0.4265,90.73,0.0,52.03,52.03,2026-09-09 21:28:02,OK,
MA,GD,14569758000150,7896004786117,Pitavastatina Cálcica 2 mg Caixa 30 Comprimidos Revestidos,Total - MA,41.0,0.4265,90.73,0.0,52.03,52.03,2026-09-09 21:28:02,OK,
MA,GD,14569758000150,7896004786117,Pitavastatina Cálcica 2 mg Caixa 30 Comprimidos Revestidos,Emmarka - MA,18.0,0.4265,90.73,0.0,52.03,52.03,2026-09-09 21:28:02,OK,
MA,GD,14569758000150,7896004786117,Pitavastatina Cálcica 2 mg Caixa 30 Comprimidos Revestidos,Panpharma - CE,39.0,0.4239,90.73,0.0,52.27,52.27,2026-09-09 21:28:02,OK,
MA,GD,14569758000150,7896004787329,Tramadol + Paracetamol 37.5+325 mg Caixa 10 Comprimidos,Nazaria - MA - Timon,48.0,0.6862999999999999,33.64,0.0,10.55,10.55,2026-09-09 21:28:07,OK,
MA,GD,14569758000150,7896004787329,Tramadol + Paracetamol 37.5+325 mg Caixa 10 Comprimidos,Emmarka - MA,40.0,0.6862999999999999,33.64,0.0,10.55,10.55,2026-09-09 21:28:07,OK,
MA,GD,14569758000150,7896004787329,Tramadol + Paracetamol 37.5+325 mg Caixa 10 Comprimidos,Nazaria - MA - Imperatriz,22.0,0.6862999999999999,33.64,0.0,10.55,10.55,2026-09-09 21:28:07,OK,
MA,GD,14569758000150,7896004787329,Tramadol + Paracetamol 37.5+325 mg Caixa 10 Comprimidos,Total - MA,2.0,0.6862999999999999,33.64,0.0,10.55,10.55,2026-09-09 21:28:07,OK,
MA,GD,14569758000150,7896004787329,Tramadol + Paracetamol 37.5+325 mg Caixa 10 Comprimidos,Panpharma - CE,33.0,0.5642,33.64,0.0,14.66,14.66,2026-09-09 21:28:07,OK,
MA,GD,14569758000150,7896004787336,Tramadol + Paracetamol 37.5+325 mg Caixa 20 Comprimidos,Panpharma - CE,39.0,0.47700000000000004,51.03,0.0,26.69,26.69,2026-09-09 21:28:11,OK,
MA,GD,14569758000150,7896004787336,Tramadol + Paracetamol 37.5+325 mg Caixa 20 Comprimidos,Emmarka - MA,92.0,0.45899999999999996,51.03,0.0,27.61,27.61,2026-09-09 21:28:11,OK,
MA,GD,14569758000150,7896004787336,Tramadol + Paracetamol 37.5+325 mg Caixa 20 Comprimidos,Nazaria - MA - Timon,11.0,0.45899999999999996,51.03,0.0,27.61,27.61,2026-09-09 21:28:11,OK,
MA,GD,14569758000150,7896004787343,Tramadol + Paracetamol 37.5+325 mg Caixa 30 Comprimidos,Panpharma - CE,58.0,0.4727,66.41,0.0,35.02,35.02,2026-09-09 21:28:16,OK,
MA,GD,14569758000150,7896004787343,Tramadol + Paracetamol 37.5+325 mg Caixa 30 Comprimidos,Emmarka - MA,274.0,0.4547,66.41,0.0,36.21,36.21,2026-09-09 21:28:16,OK,
MA,GD,14569758000150,7896004787343,Tramadol + Paracetamol 37.5+325 mg Caixa 30 Comprimidos,Nazaria - MA - Timon,34.0,0.4547,66.41,0.0,36.21,36.21,2026-09-09 21:28:16,OK,
MA,GD,14569758000150,7896004787343,Tramadol + Paracetamol 37.5+325 mg Caixa 30 Comprimidos,Nazaria - MA - Imperatriz,32.0,0.4547,66.41,0.0,36.21,36.21,2026-09-09 21:28:16,OK,
MA,GD,14569758000150,7896004787343,Tramadol + Paracetamol 37.5+325 mg Caixa 30 Comprimidos,Total - MA,95.0,0.43700000000000006,66.41,0.0,37.39,37.39,2026-09-09 21:28:16,OK,
MA,GD,14569758000150,7896004787725,Naratriptana 2.5 mg Caixa 4 Comprimidos Revestidos,Panpharma - CE,2134.0,0.4225,14.43,0.0,8.33,8.33,2026-09-09 21:28:20,OK,
MA,GD,14569758000150,7896004787725,Naratriptana 2.5 mg Caixa 4 Comprimidos Revestidos,Emmarka - MA,41.0,0.4046,14.43,0.0,8.59,8.59,2026-09-09 21:28:20,OK,
MA,GD,14569758000150,7896004787725,Naratriptana 2.5 mg Caixa 4 Comprimidos Revestidos,Nazaria - MA - Timon,1091.0,0.2216,14.43,0.0,11.23,11.23,2026-09-09 21:28:20,OK,
MA,GD,14569758000150,7896004787725,Naratriptana 2.5 mg Caixa 4 Comprimidos Revestidos,Nazaria - MA - Imperatriz,442.0,0.2216,14.43,0.0,11.23,11.23,2026-09-09 21:28:20,OK,
MA,GD,14569758000150,7896004787725,Naratriptana 2.5 mg Caixa 4 Comprimidos Revestidos,Total - MA,189.0,0.2216,14.43,0.0,11.23,11.23,2026-09-09 21:28:20,OK,
MA,GD,14569758000150,7896004789828,Desloratadina 5 mg Caixa 10 Comprimidos Revestidos,Panpharma - CE,44.0,0.9109,63.96,0.0,5.7,5.7,2026-09-09 21:28:25,OK,
MA,GD,14569758000150,7896004789828,Desloratadina 5 mg Caixa 10 Comprimidos Revestidos,Emmarka - MA,391.0,0.8929,63.96,0.0,6.85,6.85,2026-09-09 21:28:25,OK,
MA,GD,14569758000150,7896004789828,Desloratadina 5 mg Caixa 10 Comprimidos Revestidos,Nazaria - MA - Imperatriz,136.0,0.8929,63.96,0.0,6.85,6.85,2026-09-09 21:28:25,OK,
MA,GD,14569758000150,7896004789828,Desloratadina 5 mg Caixa 10 Comprimidos Revestidos,Nazaria - MA - Timon,3.0,0.8929,63.96,0.0,6.85,6.85,2026-09-09 21:28:25,OK,
MA,GD,14569758000150,7896004789828,Desloratadina 5 mg Caixa 10 Comprimidos Revestidos,Total - MA,232.0,0.8798999999999999,63.96,0.0,7.68,7.68,2026-09-09 21:28:25,OK,
MA,GD,14569758000150,7896004789835,Desloratadina 5 mg Caixa 30 Comprimidos Revestidos,Panpharma - CE,45.0,0.8851,153.61,0.0,17.65,17.65,2026-09-09 21:28:30,OK,
MA,GD,14569758000150,7896004789835,Desloratadina 5 mg Caixa 30 Comprimidos Revestidos,Emmarka - MA,120.0,0.8771,153.61,0.0,18.88,18.88,2026-09-09 21:28:30,OK,
MA,GD,14569758000150,7896004789835,Desloratadina 5 mg Caixa 30 Comprimidos Revestidos,Nazaria - MA - Timon,95.0,0.8771,153.61,0.0,18.88,18.88,2026-09-09 21:28:30,OK,
MA,GD,14569758000150,7896004789835,Desloratadina 5 mg Caixa 30 Comprimidos Revestidos,Nazaria - MA - Imperatriz,55.0,0.8771,153.61,0.0,18.88,18.88,2026-09-09 21:28:30,OK,
MA,GD,14569758000150,7896004790152,Ondansetrona 4 mg Caixa 10 Comprimidos Orodispersíveis,Panpharma - CE,298.0,0.7156,24.65,0.0,7.01,7.01,2026-09-09 21:28:34,OK,
MA,GD,14569758000150,7896004790152,Ondansetrona 4 mg Caixa 10 Comprimidos Orodispersíveis,Nazaria - MA - Imperatriz,186.0,0.6977,24.65,0.0,7.45,7.45,2026-09-09 21:28:34,OK,
MA,GD,14569758000150,7896004790152,Ondansetrona 4 mg Caixa 10 Comprimidos Orodispersíveis,Emmarka - MA,96.0,0.6977,24.65,0.0,7.45,7.45,2026-09-09 21:28:34,OK,
MA,GD,14569758000150,7896004790152,Ondansetrona 4 mg Caixa 10 Comprimidos Orodispersíveis,Nazaria - MA - Timon,82.0,0.6977,24.65,0.0,7.45,7.45,2026-09-09 21:28:34,OK,
MA,GD,14569758000150,7896004790169,Ondansetrona 8 mg Caixa 10 Comprimidos Orodispersíveis,Nazaria - MA - Timon,226.0,0.7306999999999999,47.38,0.0,12.76,12.76,2026-09-09 21:28:39,OK,
MA,GD,14569758000150,7896004790169,Ondansetrona 8 mg Caixa 10 Comprimidos Orodispersíveis,Nazaria - MA - Imperatriz,191.0,0.7306999999999999,47.38,0.0,12.76,12.76,2026-09-09 21:28:39,OK,
MA,GD,14569758000150,7896004790169,Ondansetrona 8 mg Caixa 10 Comprimidos Orodispersíveis,Emmarka - MA,47.0,0.7306999999999999,47.38,0.0,12.76,12.76,2026-09-09 21:28:39,OK,
MA,GD,14569758000150,7896004790169,Ondansetrona 8 mg Caixa 10 Comprimidos Orodispersíveis,Panpharma - CE,1150.0,0.7295,47.38,0.0,12.82,12.82,2026-09-09 21:28:39,OK,
MA,GD,14569758000150,7896004791104,Olmesartana Medoxomila 20 mg Caixa 30 Comprimidos,Panpharma - CE,375.0,0.7039,44.36,0.0,13.13,13.13,2026-09-09 21:28:43,OK,
MA,GD,14569758000150,7896004791104,Olmesartana Medoxomila 20 mg Caixa 30 Comprimidos,Nazaria - MA - Timon,1794.0,0.7023,44.36,0.0,13.21,13.21,2026-09-09 21:28:43,OK,
MA,GD,14569758000150,7896004791104,Olmesartana Medoxomila 20 mg Caixa 30 Comprimidos,Emmarka - MA,472.0,0.7023,44.36,0.0,13.21,13.21,2026-09-09 21:28:43,OK,
MA,GD,14569758000150,7896004791104,Olmesartana Medoxomila 20 mg Caixa 30 Comprimidos,Nazaria - MA - Imperatriz,147.0,0.7023,44.36,0.0,13.21,13.21,2026-09-09 21:28:43,OK,
MA,GD,14569758000150,7896004791111,Olmesartana Medoxomila 40 mg Caixa 30 Comprimidos,Emmarka - MA,347.0,0.618,46.68,0.0,17.83,17.83,2026-09-09 21:28:48,OK,
MA,GD,14569758000150,7896004791111,Olmesartana Medoxomila 40 mg Caixa 30 Comprimidos,Nazaria - MA - Timon,281.0,0.618,46.68,0.0,17.83,17.83,2026-09-09 21:28:48,OK,
MA,GD,14569758000150,7896004791111,Olmesartana Medoxomila 40 mg Caixa 30 Comprimidos,Nazaria - MA - Imperatriz,51.0,0.618,46.68,0.0,17.83,17.83,2026-09-09 21:28:48,OK,
MA,GD,14569758000150,7896004791111,Olmesartana Medoxomila 40 mg Caixa 30 Comprimidos,Total - MA,185.0,0.507,46.68,0.0,23.01,23.01,2026-09-09 21:28:48,OK,
MA,GD,14569758000150,7896004791418,DAPAGLIFLOZINA 10MG X 30 COM REV - LG,Nazaria - MA - Imperatriz,5072.0,0.7228,121.4,0.0,33.65,33.65,2026-09-09 21:28:53,OK,
MA,GD,14569758000150,7896004791418,DAPAGLIFLOZINA 10MG X 30 COM REV - LG,Nazaria - MA - Timon,2631.0,0.7228,121.4,0.0,33.65,33.65,2026-09-09 21:28:53,OK,
MA,GD,14569758000150,7896004791418,DAPAGLIFLOZINA 10MG X 30 COM REV - LG,Emmarka - MA,126.0,0.7228,121.4,0.0,33.65,33.65,2026-09-09 21:28:53,OK,
MA,GD,14569758000150,7896004791418,DAPAGLIFLOZINA 10MG X 30 COM REV - LG,Panpharma - CE,7578.0,0.6953,121.4,0.0,36.99,36.99,2026-09-09 21:28:53,OK,
MA,GD,14569758000150,7896004791418,DAPAGLIFLOZINA 10MG X 30 COM REV - LG,Total - MA,882.0,0.6668999999999999,121.4,0.0,40.44,40.44,2026-09-09 21:28:53,OK,
MA,GD,14569758000150,7896004791456,Risedronato Sódico 150 mg Caixa 1 Comprimido,Panpharma - CE,133.0,0.8427,120.51,0.0,18.96,18.96,2026-09-09 21:28:57,OK,
MA,GD,14569758000150,7896004791456,Risedronato Sódico 150 mg Caixa 1 Comprimido,Emmarka - MA,80.0,0.8247,120.51,0.0,21.13,21.13,2026-09-09 21:28:57,OK,
MA,GD,14569758000150,7896004791456,Risedronato Sódico 150 mg Caixa 1 Comprimido,Nazaria - MA - Imperatriz,29.0,0.8247,120.51,0.0,21.13,21.13,2026-09-09 21:28:57,OK,
MA,GD,14569758000150,7896004791456,Risedronato Sódico 150 mg Caixa 1 Comprimido,Nazaria - MA - Timon,25.0,0.8247,120.51,0.0,21.13,21.13,2026-09-09 21:28:57,OK,
MA,GD,14569758000150,7896004792040,Nitazoxanida 20 mg/ml Frasco 45 ml Pó Para Suspensão,Emmarka - MA,167.0,0.508,19.45,0.0,9.57,9.57,2026-09-09 21:29:02,OK,
MA,GD,14569758000150,7896004792040,Nitazoxanida 20 mg/ml Frasco 45 ml Pó Para Suspensão,Nazaria - MA - Timon,159.0,0.508,19.45,0.0,9.57,9.57,2026-09-09 21:29:02,OK,
MA,GD,14569758000150,7896004792040,Nitazoxanida 20 mg/ml Frasco 45 ml Pó Para Suspensão,Nazaria - MA - Imperatriz,153.0,0.508,19.45,0.0,9.57,9.57,2026-09-09 21:29:02,OK,
MA,GD,14569758000150,7896004792040,Nitazoxanida 20 mg/ml Frasco 45 ml Pó Para Suspensão,Total - MA,30.0,0.508,19.45,0.0,9.57,9.57,2026-09-09 21:29:02,OK,
MA,GD,14569758000150,7896004792040,Nitazoxanida 20 mg/ml Frasco 45 ml Pó Para Suspensão,Panpharma - CE,132.0,0.4757,19.45,0.0,10.2,10.2,2026-09-09 21:29:02,OK,
MA,GD,14569758000150,7896004792057,Nitazoxanida 20 mg/ml Frasco 100 ml Pó Para Suspensão,Emmarka - MA,112.0,0.5526,43.78,0.0,19.59,19.59,2026-09-09 21:29:07,OK,
MA,GD,14569758000150,7896004792057,Nitazoxanida 20 mg/ml Frasco 100 ml Pó Para Suspensão,Total - MA,35.0,0.5526,43.78,0.0,19.59,19.59,2026-09-09 21:29:07,OK,
MA,GD,14569758000150,7896004792057,Nitazoxanida 20 mg/ml Frasco 100 ml Pó Para Suspensão,Nazaria - MA - Imperatriz,33.0,0.5526,43.78,0.0,19.59,19.59,2026-09-09 21:29:07,OK,
MA,GD,14569758000150,7896004792057,Nitazoxanida 20 mg/ml Frasco 100 ml Pó Para Suspensão,Nazaria - MA - Timon,8.0,0.5526,43.78,0.0,19.59,19.59,2026-09-09 21:29:07,OK,
MA,GD,14569758000150,7896004792057,Nitazoxanida 20 mg/ml Frasco 100 ml Pó Para Suspensão,Panpharma - CE,43.0,0.48719999999999997,43.78,0.0,22.45,22.45,2026-09-09 21:29:07,OK,
MA,GD,14569758000150,7896004792286,Lisdexanfetamina 30 mg Caixa 30 Cápsulas,Panpharma - CE,85.0,0.5647,255.37,0.0,111.16,111.16,2026-09-09 21:29:11,OK,
MA,GD,14569758000150,7896004792286,Lisdexanfetamina 30 mg Caixa 30 Cápsulas,Nazaria - MA - Timon,117.0,0.5468,255.37,0.0,115.73,115.73,2026-09-09 21:29:11,OK,
MA,GD,14569758000150,7896004792286,Lisdexanfetamina 30 mg Caixa 30 Cápsulas,Nazaria - MA - Imperatriz,99.0,0.5468,255.37,0.0,115.73,115.73,2026-09-09 21:29:11,OK,
MA,GD,14569758000150,7896004792286,Lisdexanfetamina 30 mg Caixa 30 Cápsulas,Emmarka - MA,5.0,0.5468,255.37,0.0,115.73,115.73,2026-09-09 21:29:11,OK,
MA,GD,14569758000150,7896004792293,Lisdexanfetamina 50 mg Caixa 30 Cápsulas,Panpharma - CE,40.0,0.5657,309.69,0.0,134.5,134.5,2026-09-09 21:29:16,OK,
MA,GD,14569758000150,7896004792293,Lisdexanfetamina 50 mg Caixa 30 Cápsulas,Emmarka - MA,86.0,0.5478000000000001,309.69,0.0,140.04,140.04,2026-09-09 21:29:16,OK,
MA,GD,14569758000150,7896004792293,Lisdexanfetamina 50 mg Caixa 30 Cápsulas,Nazaria - MA - Timon,66.0,0.5478000000000001,309.69,0.0,140.04,140.04,2026-09-09 21:29:16,OK,
MA,GD,14569758000150,7896004792293,Lisdexanfetamina 50 mg Caixa 30 Cápsulas,Nazaria - MA - Imperatriz,52.0,0.5478000000000001,309.69,0.0,140.04,140.04,2026-09-09 21:29:16,OK,
MA,GD,14569758000150,7896004792309,Lisdexanfetamina 70 mg Caixa 30 Cápsulas,Panpharma - CE,109.0,0.5654,309.69,0.0,134.59,134.59,2026-09-09 21:29:20,OK,
MA,GD,14569758000150,7896004792309,Lisdexanfetamina 70 mg Caixa 30 Cápsulas,Nazaria - MA - Timon,178.0,0.5475,309.69,0.0,140.13,140.13,2026-09-09 21:29:20,OK,
MA,GD,14569758000150,7896004792309,Lisdexanfetamina 70 mg Caixa 30 Cápsulas,Nazaria - MA - Imperatriz,85.0,0.5475,309.69,0.0,140.13,140.13,2026-09-09 21:29:20,OK,
MA,GD,14569758000150,7896004792309,Lisdexanfetamina 70 mg Caixa 30 Cápsulas,Emmarka - MA,63.0,0.5475,309.69,0.0,140.13,140.13,2026-09-09 21:29:20,OK,
MA,GD,14569758000150,7896004792316,,,0.0,0.0,0.0,0.0,0.0,0.0,2026-09-09 21:29:32,ERRO,Message: Nenhuma distribuidora pôde ser lida no card do produto.
MA,GD,14569758000150,7896004792323,Levetiracetam 100 mg/ml Frasco 150 ml Solução Oral,Nazaria - MA - Timon,1.0,0.3171,90.27,0.0,61.65,61.65,2026-09-09 21:29:36,OK,
MA,GD,14569758000150,7896004793429,Cetorolaco 10 mg Caixa 10 Comprimidos Sublinguais,Emmarka - MA,645.0,0.7576,28.51,0.0,6.91,6.91,2026-09-09 21:29:40,OK,
MA,GD,14569758000150,7896004793429,Cetorolaco 10 mg Caixa 10 Comprimidos Sublinguais,Total - MA,366.0,0.7576,28.51,0.0,6.91,6.91,2026-09-09 21:29:40,OK,
MA,GD,14569758000150,7896004793429,Cetorolaco 10 mg Caixa 10 Comprimidos Sublinguais,Nazaria - MA - Timon,62.0,0.7576,28.51,0.0,6.91,6.91,2026-09-09 21:29:40,OK,
MA,GD,14569758000150,7896004793429,Cetorolaco 10 mg Caixa 10 Comprimidos Sublinguais,Nazaria - MA - Imperatriz,51.0,0.7576,28.51,0.0,6.91,6.91,2026-09-09 21:29:40,OK,
MA,GD,14569758000150,7896004793429,Cetorolaco 10 mg Caixa 10 Comprimidos Sublinguais,Panpharma - CE,10.0,0.7476,28.51,0.0,7.2,7.2,2026-09-09 21:29:40,OK,
MA,GD,14569758000150,7896004793436,Cetorolaco 10 mg Caixa 20 Comprimidos Sublinguais,Panpharma - CE,27.0,0.7476,54.68,0.0,13.8,13.8,2026-09-09 21:29:44,OK,
MA,GD,14569758000150,7896004793436,Cetorolaco 10 mg Caixa 20 Comprimidos Sublinguais,Emmarka - MA,99.0,0.7462000000000001,54.68,0.0,13.88,13.88,2026-09-09 21:29:44,OK,
MA,GD,14569758000150,7896004793719,Indapamida 1.5 mg Caixa 60 Comprimidos Revestidos Lib. Prolongada,Total - MA,39.0,0.7609,57.96,0.0,13.86,13.86,2026-09-09 21:29:49,OK,
MA,GD,14569758000150,7896004793719,Indapamida 1.5 mg Caixa 60 Comprimidos Revestidos Lib. Prolongada,Nazaria - MA - Timon,37.0,0.7609,57.96,0.0,13.86,13.86,2026-09-09 21:29:49,OK,
MA,GD,14569758000150,7896004793719,Indapamida 1.5 mg Caixa 60 Comprimidos Revestidos Lib. Prolongada,Emmarka - MA,32.0,0.7609,57.96,0.0,13.86,13.86,2026-09-09 21:29:49,OK,
MA,GD,14569758000150,7896004793719,Indapamida 1.5 mg Caixa 60 Comprimidos Revestidos Lib. Prolongada,Nazaria - MA - Imperatriz,30.0,0.7609,57.96,0.0,13.86,13.86,2026-09-09 21:29:49,OK,
MA,GD,14569758000150,7896004793801,Valsartana 80 mg Caixa 30 Comprimidos,Total - MA,156.0,0.8115000000000001,63.75,0.0,12.02,12.02,2026-09-09 21:29:54,OK,
MA,GD,14569758000150,7896004793801,Valsartana 80 mg Caixa 30 Comprimidos,Emmarka - MA,104.0,0.7404000000000001,63.75,0.0,16.55,16.55,2026-09-09 21:29:54,OK,
MA,GD,14569758000150,7896004793801,Valsartana 80 mg Caixa 30 Comprimidos,Nazaria - MA - Timon,77.0,0.7404000000000001,63.75,0.0,16.55,16.55,2026-09-09 21:29:54,OK,
MA,GD,14569758000150,7896004793801,Valsartana 80 mg Caixa 30 Comprimidos,Nazaria - MA - Imperatriz,48.0,0.7404000000000001,63.75,0.0,16.55,16.55,2026-09-09 21:29:54,OK,
MA,GD,14569758000150,7896004793801,Valsartana 80 mg Caixa 30 Comprimidos,Panpharma - CE,14.0,0.6534,63.75,0.0,22.1,22.1,2026-09-09 21:29:54,OK,
MA,GD,14569758000150,7896004793818,Valsartana 160 mg Caixa 30 Comprimidos,Nazaria - MA - Timon,404.0,0.7081999999999999,63.79,0.0,18.61,18.61,2026-09-09 21:29:58,OK,
MA,GD,14569758000150,7896004793818,Valsartana 160 mg Caixa 30 Comprimidos,Nazaria - MA - Imperatriz,164.0,0.7081999999999999,63.79,0.0,18.61,18.61,2026-09-09 21:29:58,OK,
MA,GD,14569758000150,7896004793818,Valsartana 160 mg Caixa 30 Comprimidos,Emmarka - MA,110.0,0.7081999999999999,63.79,0.0,18.61,18.61,2026-09-09 21:29:58,OK,
MA,GD,14569758000150,7896004793818,Valsartana 160 mg Caixa 30 Comprimidos,Total - MA,67.0,0.7081999999999999,63.79,0.0,18.61,18.61,2026-09-09 21:29:58,OK,
MA,GD,14569758000150,7896004793818,Valsartana 160 mg Caixa 30 Comprimidos,Panpharma - CE,52.0,0.6228,63.79,0.0,24.06,24.06,2026-09-09 21:29:58,OK,
MA,GD,14569758000150,7896004793825,Valsartana 320 mg Caixa 30 Comprimidos,Nazaria - MA - Timon,196.0,0.5984,75.48,0.0,30.31,30.31,2026-09-09 21:30:03,OK,
MA,GD,14569758000150,7896004793825,Valsartana 320 mg Caixa 30 Comprimidos,Total - MA,62.0,0.5984,75.48,0.0,30.31,30.31,2026-09-09 21:30:03,OK,
MA,GD,14569758000150,7896004793825,Valsartana 320 mg Caixa 30 Comprimidos,Emmarka - MA,3.0,0.5984,75.48,0.0,30.31,30.31,2026-09-09 21:30:03,OK,
MA,GD,14569758000150,7896004793931,Rosuvastatina Cálcica 40 mg Caixa 30 Comprimidos Revestidos,Nazaria - MA - Imperatriz,80.0,0.6074,135.71,0.0,53.28,53.28,2026-09-09 21:30:07,OK,
MA,GD,14569758000150,7896004793931,Rosuvastatina Cálcica 40 mg Caixa 30 Comprimidos Revestidos,Emmarka - MA,18.0,0.6074,135.71,0.0,53.28,53.28,2026-09-09 21:30:07,OK,
MA,GD,14569758000150,7896004793931,Rosuvastatina Cálcica 40 mg Caixa 30 Comprimidos Revestidos,Panpharma - CE,18.0,0.6024,135.71,0.0,53.96,53.96,2026-09-09 21:30:07,OK,
MA,GD,14569758000150,7896004794044,Duloxetina 30 mg Caixa 60 Cápsulas,Panpharma - CE,1.0,0.48829999999999996,123.1,0.0,62.99,62.99,2026-09-09 21:30:11,OK,
MA,GD,14569758000150,7896004794044,Duloxetina 30 mg Caixa 60 Cápsulas,Nazaria - MA - Timon,96.0,0.4703,123.1,0.0,65.21,65.21,2026-09-09 21:30:11,OK,
MA,GD,14569758000150,7896004794044,Duloxetina 30 mg Caixa 60 Cápsulas,Emmarka - MA,23.0,0.4703,123.1,0.0,65.21,65.21,2026-09-09 21:30:11,OK,
MA,GD,14569758000150,7896004794044,Duloxetina 30 mg Caixa 60 Cápsulas,Nazaria - MA - Imperatriz,5.0,0.4703,123.1,0.0,65.21,65.21,2026-09-09 21:30:11,OK,
MA,GD,14569758000150,7896004794051,Duloxetina 60 mg Caixa 60 Cápsulas,Panpharma - CE,5.0,0.46,220.66,0.0,119.16,119.16,2026-09-09 21:30:15,OK,
MA,GD,14569758000150,7896004794051,Duloxetina 60 mg Caixa 60 Cápsulas,Nazaria - MA - Timon,90.0,0.4421,220.66,0.0,123.11,123.11,2026-09-09 21:30:15,OK,
MA,GD,14569758000150,7896004794051,Duloxetina 60 mg Caixa 60 Cápsulas,Nazaria - MA - Imperatriz,23.0,0.4421,220.66,0.0,123.11,123.11,2026-09-09 21:30:15,OK,
MA,GD,14569758000150,7896004794051,Duloxetina 60 mg Caixa 60 Cápsulas,Emmarka - MA,18.0,0.4421,220.66,0.0,123.11,123.11,2026-09-09 21:30:15,OK,
MA,GD,14569758000150,7896004794068,Bupropiona 300 mg Caixa 30 Comprimidos,Panpharma - CE,67.0,0.5774,161.04,0.0,68.06,68.06,2026-09-09 21:30:20,OK,
MA,GD,14569758000150,7896004794068,Bupropiona 300 mg Caixa 30 Comprimidos,Emmarka - MA,119.0,0.5374,161.04,0.0,74.5,74.5,2026-09-09 21:30:20,OK,
MA,GD,14569758000150,7896004794068,Bupropiona 300 mg Caixa 30 Comprimidos,Nazaria - MA - Imperatriz,15.0,0.5374,161.04,0.0,74.5,74.5,2026-09-09 21:30:20,OK,
MA,GD,14569758000150,7896004794068,Bupropiona 300 mg Caixa 30 Comprimidos,Nazaria - MA - Timon,14.0,0.5374,161.04,0.0,74.5,74.5,2026-09-09 21:30:20,OK,
MA,GD,14569758000150,7896004794075,Fexofenadina 6 mg/ml Frasco 150 ml,Panpharma - CE,51.0,0.5394,50.6,0.0,23.31,23.31,2026-09-09 21:30:24,OK,
MA,GD,14569758000150,7896004794075,Fexofenadina 6 mg/ml Frasco 150 ml,Nazaria - MA - Timon,402.0,0.5214,50.6,0.0,24.22,24.22,2026-09-09 21:30:24,OK,
MA,GD,14569758000150,7896004794075,Fexofenadina 6 mg/ml Frasco 150 ml,Emmarka - MA,52.0,0.5214,50.6,0.0,24.22,24.22,2026-09-09 21:30:24,OK,
MA,GD,14569758000150,7896004794075,Fexofenadina 6 mg/ml Frasco 150 ml,Nazaria - MA - Imperatriz,9.0,0.5214,50.6,0.0,24.22,24.22,2026-09-09 21:30:24,OK,
MA,GD,14569758000150,7896004794174,Fexofenadina 6 mg/ml Frasco 60 ml,Emmarka - MA,145.0,0.5181,22.27,0.0,10.73,10.73,2026-09-09 21:30:28,OK,
MA,GD,14569758000150,7896004794198,Escitalopram 20 mg com 60 Comprimidos,Panpharma - CE,14.0,0.8701000000000001,163.38,0.0,21.22,21.22,2026-09-09 21:30:32,OK,
MA,GD,14569758000150,7896004794198,Escitalopram 20 mg com 60 Comprimidos,Nazaria - MA - Timon,54.0,0.8559,163.38,0.0,23.54,23.54,2026-09-09 21:30:32,OK,
MA,GD,14569758000150,7896004794198,Escitalopram 20 mg com 60 Comprimidos,Nazaria - MA - Imperatriz,44.0,0.8559,163.38,0.0,23.54,23.54,2026-09-09 21:30:32,OK,
MA,GD,14569758000150,7896004794198,Escitalopram 20 mg com 60 Comprimidos,Emmarka - MA,5.0,0.8559,163.38,0.0,23.54,23.54,2026-09-09 21:30:32,OK,
MA,GD,14569758000150,7896004795041,BROMIDRATO DE VORTIOXETINA 5MG X 30CPR,Emmarka - MA,59.0,0.47009999999999996,70.22,0.0,37.21,37.21,2026-09-09 21:30:37,OK,
MA,GD,14569758000150,7896004795041,BROMIDRATO DE VORTIOXETINA 5MG X 30CPR,Nazaria - MA - Timon,43.0,0.47009999999999996,70.22,0.0,37.21,37.21,2026-09-09 21:30:37,OK,
MA,GD,14569758000150,7896004795041,BROMIDRATO DE VORTIOXETINA 5MG X 30CPR,Nazaria - MA - Imperatriz,33.0,0.47009999999999996,70.22,0.0,37.21,37.21,2026-09-09 21:30:37,OK,
MA,GD,14569758000150,7896004795041,BROMIDRATO DE VORTIOXETINA 5MG X 30CPR,Panpharma - CE,62.0,0.4647,70.22,0.0,37.59,37.59,2026-09-09 21:30:37,OK,
MA,GD,14569758000150,7896004795058,BROMIDRATO DE VORTIOXETINA 10MG + 30CPR,Emmarka - MA,41.0,0.4894,115.72,0.0,59.09,59.09,2026-09-09 21:30:41,OK,
MA,GD,14569758000150,7896004795058,BROMIDRATO DE VORTIOXETINA 10MG + 30CPR,Nazaria - MA - Imperatriz,39.0,0.4894,115.72,0.0,59.09,59.09,2026-09-09 21:30:41,OK,
MA,GD,14569758000150,7896004795058,BROMIDRATO DE VORTIOXETINA 10MG + 30CPR,Nazaria - MA - Timon,37.0,0.4894,115.72,0.0,59.09,59.09,2026-09-09 21:30:41,OK,
MA,GD,14569758000150,7896004795065,BROMIDRATO DE VORTIOXETINA 10MG + 60CPR,Nazaria - MA - Imperatriz,55.0,0.426,208.28,0.0,119.55,119.55,2026-09-09 21:30:45,OK,
MA,GD,14569758000150,7896004795065,BROMIDRATO DE VORTIOXETINA 10MG + 60CPR,Emmarka - MA,55.0,0.426,208.28,0.0,119.55,119.55,2026-09-09 21:30:45,OK,
MA,GD,14569758000150,7896004795065,BROMIDRATO DE VORTIOXETINA 10MG + 60CPR,Nazaria - MA - Timon,44.0,0.426,208.28,0.0,119.55,119.55,2026-09-09 21:30:45,OK,
MA,GD,14569758000150,7896004795065,BROMIDRATO DE VORTIOXETINA 10MG + 60CPR,Panpharma - CE,29.0,0.4213,208.28,0.0,120.53,120.53,2026-09-09 21:30:45,OK,
MA,GD,14569758000150,7896004795188,Zolpidem 5MG X 30 SL,Emmarka - MA,61.0,0.7583,88.3,0.0,21.34,21.34,2026-09-09 21:30:49,OK,
MA,GD,14569758000150,7896004795188,Zolpidem 5MG X 30 SL,Panpharma - CE,34.0,0.7042,88.3,0.0,26.12,26.12,2026-09-09 21:30:49,OK,
MA,GD,14569758000150,7896004795232,AMOXICILINA + CLAVULANATO DE POTÁSSIO 500MG X 125MG X 21COR,Panpharma - CE,12.0,0.7401000000000001,159.94,0.0,41.57,41.57,2026-09-09 21:30:53,OK,
MA,GD,14569758000150,7896004795232,AMOXICILINA + CLAVULANATO DE POTÁSSIO 500MG X 125MG X 21COR,Emmarka - MA,238.0,0.7247,159.94,0.0,44.03,44.03,2026-09-09 21:30:53,OK,
MA,GD,14569758000150,7896004795232,AMOXICILINA + CLAVULANATO DE POTÁSSIO 500MG X 125MG X 21COR,Nazaria - MA - Timon,45.0,0.7247,159.94,0.0,44.03,44.03,2026-09-09 21:30:53,OK,
MA,GD,14569758000150,7896004795232,AMOXICILINA + CLAVULANATO DE POTÁSSIO 500MG X 125MG X 21COR,Nazaria - MA - Imperatriz,7.0,0.7247,159.94,0.0,44.03,44.03,2026-09-09 21:30:53,OK,
MA,GD,14569758000150,7896004795461,"CLOR.DE NARATRIPTANA 2,5MG C/8 COM REV-LG",Panpharma - CE,786.0,0.433,28.12,0.0,15.94,15.94,2026-09-09 21:30:58,OK,
MA,GD,14569758000150,7896004795461,"CLOR.DE NARATRIPTANA 2,5MG C/8 COM REV-LG",Nazaria - MA - Timon,236.0,0.42979999999999996,28.12,0.0,16.03,16.03,2026-09-09 21:30:58,OK,
MA,GD,14569758000150,7896004795461,"CLOR.DE NARATRIPTANA 2,5MG C/8 COM REV-LG",Nazaria - MA - Imperatriz,59.0,0.42979999999999996,28.12,0.0,16.03,16.03,2026-09-09 21:30:58,OK,
MA,GD,14569758000150,7896004796284,DICL.TRIMETAZIDINA 35MG C/60 COM REV-LG,Emmarka - MA,102.0,0.5777,104.38,0.0,44.08,44.08,2026-09-09 21:31:01,OK,
MA,GD,14569758000150,7896004796284,DICL.TRIMETAZIDINA 35MG C/60 COM REV-LG,Panpharma - CE,42.0,0.4927,104.38,0.0,52.95,52.95,2026-09-09 21:31:01,OK,
MA,GD,14569758000150,7896004796291,DICL.TRIMETAZIDINA 35MG C/30 COM REV-LG,Emmarka - MA,73.0,0.5468,52.18,0.0,23.65,23.65,2026-09-09 21:31:05,OK,
MA,GD,14569758000150,7896004796307,BES. LEVANLODIPINO 5MG C/30COMP -LG,Emmarka - MA,120.0,0.4789,80.95,0.0,42.18,42.18,2026-09-09 21:31:09,OK,
MA,GD,14569758000150,7896004796307,BES. LEVANLODIPINO 5MG C/30COMP -LG,Total - MA,46.0,0.4789,80.95,0.0,42.18,42.18,2026-09-09 21:31:09,OK,
MA,GD,14569758000150,7896004796307,BES. LEVANLODIPINO 5MG C/30COMP -LG,Panpharma - CE,73.0,0.4144,80.95,0.0,47.4,47.4,2026-09-09 21:31:09,OK,
MA,GD,14569758000150,7896004796314,"BES. LEVANLODIPINO 2,5MG C/30COMP-LG",Emmarka - MA,128.0,0.507,41.68,0.0,20.55,20.55,2026-09-09 21:31:13,OK,
MA,GD,14569758000150,7896004796314,"BES. LEVANLODIPINO 2,5MG C/30COMP-LG",Total - MA,38.0,0.507,41.68,0.0,20.55,20.55,2026-09-09 21:31:13,OK,
MA,GD,14569758000150,7896004796314,"BES. LEVANLODIPINO 2,5MG C/30COMP-LG",Panpharma - CE,45.0,0.4696,41.68,0.0,22.11,22.11,2026-09-09 21:31:13,OK,
MA,GD,14569758000150,7896004796352,GUAIFENESINA + OXOMEMAZINA + POTASSIO IODETO + SODIO BENZOATO x 120ML,Panpharma - CE,4613.0,0.7313,42.13,0.0,11.32,11.32,2026-09-09 21:31:18,OK,
MA,GD,14569758000150,7896004796352,GUAIFENESINA + OXOMEMAZINA + POTASSIO IODETO + SODIO BENZOATO x 120ML,Total - MA,2928.0,0.7139,42.13,0.0,12.05,12.05,2026-09-09 21:31:18,OK,
MA,GD,14569758000150,7896004796352,GUAIFENESINA + OXOMEMAZINA + POTASSIO IODETO + SODIO BENZOATO x 120ML,Nazaria - MA - Timon,1530.0,0.7139,42.13,0.0,12.05,12.05,2026-09-09 21:31:18,OK,
MA,GD,14569758000150,7896004796352,GUAIFENESINA + OXOMEMAZINA + POTASSIO IODETO + SODIO BENZOATO x 120ML,Emmarka - MA,1028.0,0.7139,42.13,0.0,12.05,12.05,2026-09-09 21:31:18,OK,
MA,GD,14569758000150,7896004796352,GUAIFENESINA + OXOMEMAZINA + POTASSIO IODETO + SODIO BENZOATO x 120ML,Nazaria - MA - Imperatriz,260.0,0.7139,42.13,0.0,12.05,12.05,2026-09-09 21:31:18,OK,
MT,GD,22183946000173,7894916372770,Loratadina 1 mg/ml Frasco 100 ml Xarope,Profarma - MT,4.0,0.74,35.9,0.0,10.88,9.33,2026-09-09 20:53:00,OK,
MT,GD,22183946000173,7894916372770,Loratadina 1 mg/ml Frasco 100 ml Xarope,Norte Sul Real - MT,114.0,0.7225,35.9,0.0,12.0,9.96,2026-09-09 20:53:00,OK,
MT,GD,22183946000173,7894916372770,Loratadina 1 mg/ml Frasco 100 ml Xarope,Panpharma / Santa Cruz - MT,21.0,0.7139,35.9,0.0,12.25,10.27,2026-09-09 20:53:00,OK,
MT,GD,22183946000173,7894916372787,Xarope Cloridrato de Ambroxol Infantil 15mg/5ml Frasco 120 ml,Profarma - MT,132.0,0.4301,17.82,0.0,9.98,9.98,2026-09-09 20:53:04,OK,
MT,GD,22183946000173,7894916372855,Anastrozol 1 mg Caixa 30 Comprimidos Revestidos,Panpharma / Santa Cruz - MT,17.0,0.8649,762.07,0.0,102.96,102.96,2026-09-09 20:53:07,OK,
MT,GD,22183946000173,7896004700038,Paracetamol 200 mg/ml Frasco 15 ml Gotas,Norte Sul Real - MT,821.0,0.5962,10.74,0.0,4.72,4.34,2026-09-09 20:53:11,OK,
MT,GD,22183946000173,7896004700038,Paracetamol 200 mg/ml Frasco 15 ml Gotas,Profarma - MT,674.0,0.54,10.07,0.0,4.88,4.63,2026-09-09 20:53:11,OK,
MT,GD,22183946000173,7896004700038,Paracetamol 200 mg/ml Frasco 15 ml Gotas,Panpharma / Santa Cruz - MT,513.0,0.5257999999999999,10.74,0.0,5.5,5.09,2026-09-09 20:53:11,OK,
MT,GD,22183946000173,7896004700250,,,0.0,0.0,0.0,0.0,0.0,0.0,2026-09-09 20:53:23,ERRO,Message: Nenhuma distribuidora pôde ser lida no card do produto.
MT,GD,22183946000173,7896004700274,Tenoxicam 20 mg Caixa 10 Comprimidos Revestidos,Profarma - MT,116.0,0.664,42.77,0.0,15.78,14.37,2026-09-09 20:53:27,OK,
MT,GD,22183946000173,7896004700274,Tenoxicam 20 mg Caixa 10 Comprimidos Revestidos,Norte Sul Real - MT,113.0,0.6722,42.77,0.0,16.21,14.02,2026-09-09 20:53:27,OK,
MT,GD,22183946000173,7896004700274,Tenoxicam 20 mg Caixa 10 Comprimidos Revestidos,Panpharma / Santa Cruz - MT,270.0,0.6639,42.77,0.0,16.5,14.37,2026-09-09 20:53:27,OK,
MT,GD,22183946000173,7896004700403,Diltiazem 60 mg Caixa 50 Comprimidos,Profarma - MT,33.0,0.2325,37.11,0.0,27.74,27.74,2026-09-09 20:53:31,OK,
MT,GD,22183946000173,7896004700403,Diltiazem 60 mg Caixa 50 Comprimidos,Norte Sul Real - MT,109.0,0.25129999999999997,37.11,0.0,27.79,27.78,2026-09-09 20:53:31,OK,
MT,GD,22183946000173,7896004700403,Diltiazem 60 mg Caixa 50 Comprimidos,Panpharma / Santa Cruz - MT,118.0,0.2324,37.11,0.0,28.49,28.49,2026-09-09 20:53:31,OK,
MT,GD,22183946000173,7896004700410,,,0.0,0.0,0.0,0.0,0.0,0.0,2026-09-09 20:53:43,ERRO,Message: Nenhuma distribuidora pôde ser lida no card do produto.
MT,GD,22183946000173,7896004700427,Amoxicilina 500 mg Caixa 21 Cápsulas,Norte Sul Real - MT,950.0,0.7120000000000001,33.22,0.0,11.49,9.57,2026-09-09 20:53:47,OK,
MT,GD,22183946000173,7896004700427,Amoxicilina 500 mg Caixa 21 Cápsulas,Profarma - MT,170.0,0.6914,33.23,0.0,11.51,10.25,2026-09-09 20:53:47,OK,
MT,GD,22183946000173,7896004700441,Amoxicilina 500 mg Caixa 15 Cápsulas,Profarma - MT,92.0,0.6164000000000001,24.48,0.0,10.01,9.39,2026-09-09 20:53:51,OK,
MT,GD,22183946000173,7896004700441,Amoxicilina 500 mg Caixa 15 Cápsulas,Norte Sul Real - MT,157.0,0.6164000000000001,24.48,0.0,10.4,9.39,2026-09-09 20:53:51,OK,
MT,GD,22183946000173,7896004700441,Amoxicilina 500 mg Caixa 15 Cápsulas,Panpharma / Santa Cruz - MT,142.0,0.6163000000000001,24.48,0.0,10.4,9.39,2026-09-09 20:53:51,OK,
MT,GD,22183946000173,7896004700458,Amoxicilina 250mg/5ml Frasco 150 ml Pó Para Suspensão Oral + Copo,Profarma - MT,204.0,0.5851,26.93,0.0,11.7,11.17,2026-09-09 20:53:55,OK,
MT,GD,22183946000173,7896004700458,Amoxicilina 250mg/5ml Frasco 150 ml Pó Para Suspensão Oral + Copo,Norte Sul Real - MT,249.0,0.5851,26.93,0.0,12.15,11.17,2026-09-09 20:53:55,OK,
MT,GD,22183946000173,7896004700458,Amoxicilina 250mg/5ml Frasco 150 ml Pó Para Suspensão Oral + Copo,Panpharma / Santa Cruz - MT,389.0,0.585,26.93,0.0,12.16,11.18,2026-09-09 20:53:55,OK,
MT,GD,22183946000173,7896004700526,Enalapril 5 mg Caixa 30 Comprimidos,Profarma - MT,109.0,0.8236,20.63,0.0,4.88,3.64,2026-09-09 20:53:58,OK,
MT,GD,22183946000173,7896004700526,Enalapril 5 mg Caixa 30 Comprimidos,Norte Sul Real - MT,58.0,0.8318000000000001,20.63,0.0,5.08,3.47,2026-09-09 20:53:58,OK,
MT,GD,22183946000173,7896004700533,Enalapril 10 mg Caixa 30 Comprimidos,Profarma - MT,3.0,0.8441,19.72,0.0,3.61,3.07,2026-09-09 20:54:02,OK,
MT,GD,22183946000173,7896004700533,Enalapril 10 mg Caixa 30 Comprimidos,Panpharma / Santa Cruz - MT,444.0,0.8440000000000001,19.72,0.0,3.95,3.08,2026-09-09 20:54:02,OK,
MT,GD,22183946000173,7896004700533,Enalapril 10 mg Caixa 30 Comprimidos,Norte Sul Real - MT,555.0,0.8547,19.72,0.0,4.49,2.87,2026-09-09 20:54:02,OK,
MT,GD,22183946000173,7896004700540,Enalapril 20 mg Caixa 30 Comprimidos,Norte Sul Real - MT,1465.0,0.8469,29.96,0.0,7.01,4.59,2026-09-09 20:54:06,OK,
MT,GD,22183946000173,7896004700564,,,0.0,0.0,0.0,0.0,0.0,0.0,2026-09-09 20:54:18,ERRO,Message: Nenhuma distribuidora pôde ser lida no card do produto.
MT,GD,22183946000173,7896004700571,Carbocisteína 50 mg/ml Frasco 100 ml Xarope Adulto,Profarma - MT,7.0,0.5247999999999999,30.56,0.0,14.73,14.52,2026-09-09 20:54:22,OK,
MT,GD,22183946000173,7896004700571,Carbocisteína 50 mg/ml Frasco 100 ml Xarope Adulto,Norte Sul Real - MT,125.0,0.5291,30.56,0.0,15.12,14.39,2026-09-09 20:54:22,OK,
MT,GD,22183946000173,7896004700571,Carbocisteína 50 mg/ml Frasco 100 ml Xarope Adulto,Panpharma / Santa Cruz - MT,98.0,0.5246999999999999,30.56,0.0,15.24,14.53,2026-09-09 20:54:22,OK,
MT,GD,22183946000173,7896004700656,Betametasona + Ácido Salicílico 0.5+30 mg/g Bisnaga 30 g Pomada,Panpharma / Santa Cruz - MT,116.0,0.7237,21.49,0.0,7.16,5.94,2026-09-09 20:54:26,OK,
MT,GD,22183946000173,7896004700656,Betametasona + Ácido Salicílico 0.5+30 mg/g Bisnaga 30 g Pomada,Norte Sul Real - MT,106.0,0.6751,21.49,0.0,8.02,6.98,2026-09-09 20:54:26,OK,
MT,GD,22183946000173,7896004700953,Pentoxifilina 400 mg Caixa 20 Comprimidos Revestidos,Profarma - MT,59.0,0.1405,49.24,0.0,41.34,41.34,2026-09-09 20:54:29,OK,
MT,GD,22183946000173,7896004700953,Pentoxifilina 400 mg Caixa 20 Comprimidos Revestidos,Panpharma / Santa Cruz - MT,171.0,0.1404,49.24,0.0,42.33,42.33,2026-09-09 20:54:29,OK,
MT,GD,22183946000173,7896004700984,Cetoconazol 20 mg/g Frasco 100 ml Shampoo Anticaspa,Profarma - MT,2.0,0.6041,55.61,0.0,23.98,22.02,2026-09-09 20:54:33,OK,
MT,GD,22183946000173,7896004700984,Cetoconazol 20 mg/g Frasco 100 ml Shampoo Anticaspa,Panpharma / Santa Cruz - MT,310.0,0.604,58.48,0.0,26.18,23.16,2026-09-09 20:54:33,OK,
MT,GD,22183946000173,7896004700991,Claritromicina 500 mg Caixa 14 Comprimidos Revestidos,Norte Sul Real - MT,92.0,0.5869,207.55,0.0,93.34,85.74,2026-09-09 20:54:37,OK,
MT,GD,22183946000173,7896004700991,Claritromicina 500 mg Caixa 14 Comprimidos Revestidos,Profarma - MT,3.0,0.5617,207.55,0.0,94.23,90.97,2026-09-09 20:54:37,OK,
MT,GD,22183946000173,7896004700991,Claritromicina 500 mg Caixa 14 Comprimidos Revestidos,Panpharma / Santa Cruz - MT,259.0,0.5715,207.55,0.0,95.99,88.94,2026-09-09 20:54:37,OK,
MT,GD,22183946000173,7896004701035,Terbinafina 10 mg/g Bisnaga 20 g Creme,Profarma - MT,70.0,0.4147,33.66,0.0,19.29,19.29,2026-09-09 20:54:40,OK,
MT,GD,22183946000173,7896004701035,Terbinafina 10 mg/g Bisnaga 20 g Creme,Panpharma / Santa Cruz - MT,451.0,0.4146,33.66,0.0,19.85,19.7,2026-09-09 20:54:40,OK,
MT,GD,22183946000173,7896004701172,Claritromicina 500 mg Caixa 10 Comprimidos Revestidos,Profarma - MT,35.0,0.6334000000000001,141.61,0.0,55.87,51.91,2026-09-09 20:54:44,OK,
MT,GD,22183946000173,7896004701172,Claritromicina 500 mg Caixa 10 Comprimidos Revestidos,Norte Sul Real - MT,95.0,0.6223,141.61,0.0,59.51,53.49,2026-09-09 20:54:44,OK,
MT,GD,22183946000173,7896004701233,Bromoprida 4 mg/ml Frasco 20 ml Gotas,Norte Sul Real - MT,750.0,0.705,18.46,0.0,6.44,5.45,2026-09-09 20:54:48,OK,
MT,GD,22183946000173,7896004701233,Bromoprida 4 mg/ml Frasco 20 ml Gotas,Profarma - MT,320.0,0.6840999999999999,18.46,0.0,6.45,5.83,2026-09-09 20:54:48,OK,
MT,GD,22183946000173,7896004701233,Bromoprida 4 mg/ml Frasco 20 ml Gotas,Panpharma / Santa Cruz - MT,451.0,0.684,18.46,0.0,6.76,5.83,2026-09-09 20:54:48,OK,
MT,GD,22183946000173,7896004701288,Hidróxido De Alumínio 61.5 mg/ml Frasco 240 ml Suspensão Oral,Profarma - MT,854.0,0.215,16.54,0.0,13.48,12.98,2026-09-09 20:54:52,OK,
MT,GD,22183946000173,7896004701288,Hidróxido De Alumínio 61.5 mg/ml Frasco 240 ml Suspensão Oral,Norte Sul Real - MT,477.0,0.20120000000000002,20.61,0.0,17.1,16.46,2026-09-09 20:54:52,OK,
MT,GD,22183946000173,7896004701288,Hidróxido De Alumínio 61.5 mg/ml Frasco 240 ml Suspensão Oral,Panpharma / Santa Cruz - MT,287.0,0.20120000000000002,20.61,0.0,17.1,16.46,2026-09-09 20:54:52,OK,
MT,GD,22183946000173,7896004701301,,,0.0,0.0,0.0,0.0,0.0,0.0,2026-09-09 20:55:04,ERRO,Message: Nenhuma distribuidora pôde ser lida no card do produto.
MT,GD,22183946000173,7896004701462,Lorazepam 2 mg Caixa 20 Comprimidos,Profarma - MT,24.0,0.82,16.95,0.0,4.06,3.05,2026-09-09 20:55:08,OK,
MT,GD,22183946000173,7896004701462,Lorazepam 2 mg Caixa 20 Comprimidos,Norte Sul Real - MT,297.0,0.8101999999999999,16.95,0.0,4.48,3.22,2026-09-09 20:55:08,OK,
MT,GD,22183946000173,7896004701820,,,0.0,0.0,0.0,0.0,0.0,0.0,2026-09-09 20:55:20,ERRO,Message: Nenhuma distribuidora pôde ser lida no card do produto.
MT,GD,22183946000173,7896004701943,Sinvastatina 10 mg Caixa 30 Comprimidos Revestidos,Panpharma / Santa Cruz - MT,27.0,0.7770999999999999,24.14,0.0,6.17,5.38,2026-09-09 20:55:23,OK,
MT,GD,22183946000173,7896004701967,Omeprazol Magnésico 20 mg Caixa 28 Cápsulas,Profarma - MT,318.0,0.784,26.63,0.0,7.17,5.75,2026-09-09 20:55:27,OK,
MT,GD,22183946000173,7896004701967,Omeprazol Magnésico 20 mg Caixa 28 Cápsulas,Panpharma / Santa Cruz - MT,414.0,0.7839,26.63,0.0,7.62,5.75,2026-09-09 20:55:27,OK,
MT,GD,22183946000173,7896004701967,Omeprazol Magnésico 20 mg Caixa 28 Cápsulas,Norte Sul Real - MT,104.0,0.7725,26.63,0.0,7.87,6.06,2026-09-09 20:55:27,OK,
MT,GD,22183946000173,7896004702032,Nistatina 100000 ui/ml Frasco 50 ml Suspensão Oral,Profarma - MT,191.0,0.6781999999999999,29.8,0.0,10.64,9.59,2026-09-09 20:55:31,OK,
MT,GD,22183946000173,7896004702032,Nistatina 100000 ui/ml Frasco 50 ml Suspensão Oral,Norte Sul Real - MT,205.0,0.6848000000000001,29.8,0.0,10.98,9.39,2026-09-09 20:55:31,OK,
MT,GD,22183946000173,7896004702032,Nistatina 100000 ui/ml Frasco 50 ml Suspensão Oral,Panpharma / Santa Cruz - MT,125.0,0.6781,29.8,0.0,11.14,9.59,2026-09-09 20:55:31,OK,
MT,GD,22183946000173,7896004702049,Benzoilmetronidazol 40 mg/ml Frasco 120 ml Suspensão Oral,Norte Sul Real - MT,182.0,0.20989999999999998,13.49,0.0,10.66,10.66,2026-09-09 20:55:35,OK,
MT,GD,22183946000173,7896004702049,Benzoilmetronidazol 40 mg/ml Frasco 120 ml Suspensão Oral,Panpharma / Santa Cruz - MT,112.0,0.1999,13.49,0.0,10.79,10.79,2026-09-09 20:55:35,OK,
MT,GD,22183946000173,7896004702452,Albendazol 40 mg/ml Frasco 10 ml Suspensão Oral,Norte Sul Real - MT,444.0,0.5505,10.18,0.0,4.88,4.58,2026-09-09 20:55:38,OK,
MT,GD,22183946000173,7896004702452,Albendazol 40 mg/ml Frasco 10 ml Suspensão Oral,Profarma - MT,338.0,0.49670000000000003,10.18,0.0,5.17,5.12,2026-09-09 20:55:38,OK,
MT,GD,22183946000173,7896004702452,Albendazol 40 mg/ml Frasco 10 ml Suspensão Oral,Panpharma / Santa Cruz - MT,58.0,0.4966,10.18,0.0,5.34,5.12,2026-09-09 20:55:38,OK,
MT,GD,22183946000173,7896004703275,Cefadroxila 500 mg Caixa 8 Cápsulas,Norte Sul Real - MT,87.0,0.7391,52.36,0.0,16.93,13.66,2026-09-09 20:55:42,OK,
MT,GD,22183946000173,7896004703275,Cefadroxila 500 mg Caixa 8 Cápsulas,Profarma - MT,176.0,0.7117,52.36,0.0,17.25,15.1,2026-09-09 20:55:42,OK,
MT,GD,22183946000173,7896004703305,Anlodipino 5 mg Caixa 30 Comprimidos,Norte Sul Real - MT,90.0,0.8708,26.55,0.0,5.68,3.43,2026-09-09 20:55:45,OK,
MT,GD,22183946000173,7896004703312,Anlodipino 10 mg Caixa 30 Comprimidos,Norte Sul Real - MT,122.0,0.9109999999999999,49.81,0.0,9.0,4.43,2026-09-09 20:55:49,OK,
MT,GD,22183946000173,7896004703312,Anlodipino 10 mg Caixa 30 Comprimidos,Panpharma / Santa Cruz - MT,100.0,0.8292,49.81,0.0,12.38,8.51,2026-09-09 20:55:49,OK,
MT,GD,22183946000173,7896004703336,Fluconazol 150 mg Caixa 1 Cápsula,Norte Sul Real - MT,45.0,0.8284999999999999,11.67,0.0,2.91,2.0,2026-09-09 20:55:52,OK,
MT,GD,22183946000173,7896004703343,Fluconazol 150 mg Caixa 2 Cápsulas,Profarma - MT,219.0,0.6436,19.64,0.0,7.59,7.0,2026-09-09 20:55:56,OK,
MT,GD,22183946000173,7896004703343,Fluconazol 150 mg Caixa 2 Cápsulas,Panpharma / Santa Cruz - MT,405.0,0.6435,19.64,0.0,7.91,7.0,2026-09-09 20:55:56,OK,
MT,GD,22183946000173,7896004703381,,,0.0,0.0,0.0,0.0,0.0,0.0,2026-09-09 20:56:08,ERRO,Message: Nenhuma distribuidora pôde ser lida no card do produto.
MT,GD,22183946000173,7896004703398,Dipirona Monoidratada 500 mg Display 240 Comprimidos,Norte Sul Real - MT,2596.0,0.8011,181.18,0.0,48.75,36.04,2026-09-09 20:56:12,OK,
MT,GD,22183946000173,7896004703398,Dipirona Monoidratada 500 mg Display 240 Comprimidos,Profarma - MT,234.0,0.7047,181.18,0.0,60.24,53.5,2026-09-09 20:56:12,OK,
MT,GD,22183946000173,7896004703398,Dipirona Monoidratada 500 mg Display 240 Comprimidos,Panpharma / Santa Cruz - MT,350.0,0.7045999999999999,181.18,0.0,63.26,53.52,2026-09-09 20:56:12,OK,
MT,GD,22183946000173,7896004703404,Amoxicilina + Clavulanato 500+125 mg Caixa 12 Comprimidos Revestidos,Profarma - MT,149.0,0.6333,84.89,0.0,33.5,31.13,2026-09-09 20:56:16,OK,
MT,GD,22183946000173,7896004703404,Amoxicilina + Clavulanato 500+125 mg Caixa 12 Comprimidos Revestidos,Norte Sul Real - MT,149.0,0.6333,84.89,0.0,34.9,31.13,2026-09-09 20:56:16,OK,
MT,GD,22183946000173,7896004703404,Amoxicilina + Clavulanato 500+125 mg Caixa 12 Comprimidos Revestidos,Panpharma / Santa Cruz - MT,207.0,0.6332,84.89,0.0,34.92,31.14,2026-09-09 20:56:16,OK,
MT,GD,22183946000173,7896004703411,Amoxicilina + Clavulanato 500+125 mg Caixa 18 Comprimidos Revestidos,Profarma - MT,125.0,0.6334000000000001,127.01,0.0,50.11,46.56,2026-09-09 20:56:20,OK,
MT,GD,22183946000173,7896004703411,Amoxicilina + Clavulanato 500+125 mg Caixa 18 Comprimidos Revestidos,Norte Sul Real - MT,968.0,0.6334000000000001,127.01,0.0,52.21,46.56,2026-09-09 20:56:20,OK,
MT,GD,22183946000173,7896004703411,Amoxicilina + Clavulanato 500+125 mg Caixa 18 Comprimidos Revestidos,Panpharma / Santa Cruz - MT,373.0,0.6333,127.01,0.0,52.22,46.57,2026-09-09 20:56:20,OK,
MT,GD,22183946000173,7896004703428,Amoxicilina + Clavulanato 250+62.5mg/5ml Frasco 75 ml Pó P/ Susp. Oral + Copo,Profarma - MT,537.0,0.4571,59.23,0.0,32.04,32.04,2026-09-09 20:56:24,OK,
MT,GD,22183946000173,7896004703428,Amoxicilina + Clavulanato 250+62.5mg/5ml Frasco 75 ml Pó P/ Susp. Oral + Copo,Norte Sul Real - MT,634.0,0.4622,59.23,0.0,32.76,31.85,2026-09-09 20:56:24,OK,
MT,GD,22183946000173,7896004703428,Amoxicilina + Clavulanato 250+62.5mg/5ml Frasco 75 ml Pó P/ Susp. Oral + Copo,Panpharma / Santa Cruz - MT,1112.0,0.457,59.23,0.0,33.02,32.16,2026-09-09 20:56:24,OK,
MT,GD,22183946000173,7896004703466,,,0.0,0.0,0.0,0.0,0.0,0.0,2026-09-09 20:56:36,ERRO,Message: Nenhuma distribuidora pôde ser lida no card do produto.
MT,GD,22183946000173,7896004703473,Metildopa 500 mg Caixa 30 Comprimidos Revestidos,Norte Sul Real - MT,930.0,0.07440000000000001,43.43,0.0,40.2,40.2,2026-09-09 20:56:40,OK,
MT,GD,22183946000173,7896004703473,Metildopa 500 mg Caixa 30 Comprimidos Revestidos,Profarma - MT,141.0,0.04019999999999999,43.43,0.0,40.81,40.81,2026-09-09 20:56:40,OK,
MT,GD,22183946000173,7896004703480,Metildopa 250 mg Caixa 30 Comprimidos Revestidos,Norte Sul Real - MT,931.0,0.0677,23.33,0.0,21.75,21.75,2026-09-09 20:56:44,OK,
MT,GD,22183946000173,7896004703480,Metildopa 250 mg Caixa 30 Comprimidos Revestidos,Profarma - MT,504.0,0.04019999999999999,23.33,0.0,21.92,21.92,2026-09-09 20:56:44,OK,
MT,GD,22183946000173,7896004703480,Metildopa 250 mg Caixa 30 Comprimidos Revestidos,Panpharma / Santa Cruz - MT,943.0,0.0401,23.33,0.0,22.39,22.39,2026-09-09 20:56:44,OK,
MT,GD,22183946000173,7896004703497,Claritromicina 250mg/5ml Frasco 60 ml Granulado Para Suspensão Oral + Diluente + Seringa,Profarma - MT,123.0,0.1462,122.28,0.0,101.95,101.95,2026-09-09 20:56:48,OK,
MT,GD,22183946000173,7896004703497,Claritromicina 250mg/5ml Frasco 60 ml Granulado Para Suspensão Oral + Diluente + Seringa,Panpharma / Santa Cruz - MT,285.0,0.1461,122.28,0.0,104.41,104.41,2026-09-09 20:56:48,OK,
MT,GD,22183946000173,7896004703497,Claritromicina 250mg/5ml Frasco 60 ml Granulado Para Suspensão Oral + Diluente + Seringa,Norte Sul Real - MT,170.0,0.1301,122.28,0.0,106.37,106.37,2026-09-09 20:56:48,OK,
MT,GD,22183946000173,7896004703565,Dexametasona 0.1 mg/ml Frasco 120 ml Elixir + Copo Dosador,Norte Sul Real - MT,365.0,0.6847,15.37,0.0,5.66,4.85,2026-09-09 20:56:51,OK,
MT,GD,22183946000173,7896004703596,Paracetamol 750 mg Caixa 20 Comprimidos Revestidos,Norte Sul Real - MT,74.0,0.6308,18.55,0.0,7.62,6.85,2026-09-09 20:56:54,OK,
MT,GD,22183946000173,7896004703633,Lansoprazol 30 mg Caixa 28 Cápsulas de Liberação Retardada,Norte Sul Real - MT,165.0,0.6572,107.57,0.0,42.1,36.87,2026-09-09 20:56:58,OK,
MT,GD,22183946000173,7896004703633,Lansoprazol 30 mg Caixa 28 Cápsulas de Liberação Retardada,Profarma - MT,11.0,0.6265,107.57,0.0,43.05,40.18,2026-09-09 20:56:58,OK,
MT,GD,22183946000173,7896004703633,Lansoprazol 30 mg Caixa 28 Cápsulas de Liberação Retardada,Panpharma / Santa Cruz - MT,105.0,0.6264,107.57,0.0,44.85,40.19,2026-09-09 20:56:58,OK,
MT,GD,22183946000173,7896004703732,Sulfametoxazol+Trimetoprima 200+40mg/5ml Frasco 100 ml Susp. Oral + Copo,Norte Sul Real - MT,881.0,0.6472,14.81,0.0,5.92,5.22,2026-09-09 20:57:02,OK,
MT,GD,22183946000173,7896004703732,Sulfametoxazol+Trimetoprima 200+40mg/5ml Frasco 100 ml Susp. Oral + Copo,Profarma - MT,19.0,0.6004999999999999,14.81,0.0,6.24,5.92,2026-09-09 20:57:02,OK,
MT,GD,22183946000173,7896004703732,Sulfametoxazol+Trimetoprima 200+40mg/5ml Frasco 100 ml Susp. Oral + Copo,Panpharma / Santa Cruz - MT,276.0,0.6103999999999999,14.81,0.0,6.37,5.77,2026-09-09 20:57:02,OK,
MT,GD,22183946000173,7896004703794,Terbinafina 250 mg Caixa 14 Comprimidos,Profarma - MT,33.0,0.7597,117.43,0.0,34.02,28.22,2026-09-09 20:57:05,OK,
MT,GD,22183946000173,7896004703794,Terbinafina 250 mg Caixa 14 Comprimidos,Panpharma / Santa Cruz - MT,143.0,0.7595999999999999,117.43,0.0,35.98,28.23,2026-09-09 20:57:05,OK,
MT,GD,22183946000173,7896004704036,Nimesulida 100 mg Caixa 12 Comprimidos,Profarma - MT,1466.0,0.8785,17.8,0.0,3.39,2.16,2026-09-09 20:57:09,OK,
MT,GD,22183946000173,7896004704036,Nimesulida 100 mg Caixa 12 Comprimidos,Norte Sul Real - MT,478.0,0.888,17.8,0.0,3.56,1.99,2026-09-09 20:57:09,OK,
MT,GD,22183946000173,7896004704036,Nimesulida 100 mg Caixa 12 Comprimidos,Panpharma / Santa Cruz - MT,2795.0,0.8784000000000001,17.8,0.0,3.69,2.16,2026-09-09 20:57:09,OK,
MT,GD,22183946000173,7896004704043,,,0.0,0.0,0.0,0.0,0.0,0.0,2026-09-09 20:57:22,ERRO,Message: Nenhuma distribuidora pôde ser lida no card do produto.
MT,GD,22183946000173,7896004704180,,,0.0,0.0,0.0,0.0,0.0,0.0,2026-09-09 20:57:34,ERRO,Message: Nenhuma distribuidora pôde ser lida no card do produto.
MT,GD,22183946000173,7896004704210,,,0.0,0.0,0.0,0.0,0.0,0.0,2026-09-09 20:57:46,ERRO,Message: Nenhuma distribuidora pôde ser lida no card do produto.
MT,GD,22183946000173,7896004704326,Captopril 25 mg Caixa 30 Comprimidos,Panpharma / Santa Cruz - MT,69.0,0.8059000000000001,12.53,0.0,2.9,2.43,2026-09-09 20:57:49,OK,
MT,GD,22183946000173,7896004704326,Captopril 25 mg Caixa 30 Comprimidos,Norte Sul Real - MT,482.0,0.7958,12.53,0.0,3.46,2.56,2026-09-09 20:57:49,OK,
MT,GD,22183946000173,7896004704364,Cefalexina 250mg/5ml Frasco 100 ml Suspensão Oral + Copo,Norte Sul Real - MT,2281.0,0.6034,53.01,0.0,23.11,21.02,2026-09-09 20:57:53,OK,
MT,GD,22183946000173,7896004704364,Cefalexina 250mg/5ml Frasco 100 ml Suspensão Oral + Copo,Profarma - MT,219.0,0.5639,53.01,0.0,23.97,23.12,2026-09-09 20:57:53,OK,
MT,GD,22183946000173,7896004704364,Cefalexina 250mg/5ml Frasco 100 ml Suspensão Oral + Copo,Panpharma / Santa Cruz - MT,13.0,0.5738,53.01,0.0,24.41,22.59,2026-09-09 20:57:53,OK,
MT,GD,22183946000173,7896004704586,,,0.0,0.0,0.0,0.0,0.0,0.0,2026-09-09 20:58:06,ERRO,Message: Nenhuma distribuidora pôde ser lida no card do produto.
MT,GD,22183946000173,7896004704593,Amoxicilina 400mg/5ml Frasco 100 ml Pó Para Suspensão Oral + Seringa,Norte Sul Real - MT,228.0,0.5921,41.42,0.0,18.44,16.9,2026-09-09 20:58:10,OK,
MT,GD,22183946000173,7896004704593,Amoxicilina 400mg/5ml Frasco 100 ml Pó Para Suspensão Oral + Seringa,Profarma - MT,222.0,0.5457,41.42,0.0,19.35,18.82,2026-09-09 20:58:10,OK,
MT,GD,22183946000173,7896004704593,Amoxicilina 400mg/5ml Frasco 100 ml Pó Para Suspensão Oral + Seringa,Panpharma / Santa Cruz - MT,81.0,0.5456,41.42,0.0,20.05,18.82,2026-09-09 20:58:10,OK,
MT,GD,22183946000173,7896004704623,Dexclorfeniramina + Betametasona 0.4+0.05 mg/ml Frasco 120 ml Xarope,Profarma - MT,108.0,0.6359,19.63,0.0,7.65,7.15,2026-09-09 20:58:14,OK,
MT,GD,22183946000173,7896004704623,Dexclorfeniramina + Betametasona 0.4+0.05 mg/ml Frasco 120 ml Xarope,Norte Sul Real - MT,152.0,0.6479,19.63,0.0,7.78,6.91,2026-09-09 20:58:14,OK,
MT,GD,22183946000173,7896004704623,Dexclorfeniramina + Betametasona 0.4+0.05 mg/ml Frasco 120 ml Xarope,Panpharma / Santa Cruz - MT,260.0,0.6358,19.63,0.0,7.97,7.15,2026-09-09 20:58:14,OK,
MT,GD,22183946000173,7896004704692,Cefalexina 500 mg Caixa 10 Comprimidos Revestidos,Norte Sul Real - MT,1248.0,0.5854,25.93,0.0,11.69,10.75,2026-09-09 20:58:17,OK,
MT,GD,22183946000173,7896004704692,Cefalexina 500 mg Caixa 10 Comprimidos Revestidos,Profarma - MT,174.0,0.5096,25.93,0.0,12.9,12.72,2026-09-09 20:58:17,OK,
MT,GD,22183946000173,7896004704999,Dexclorfeniramina 2mg/5ml Frasco 120 ml Solução Oral,Profarma - MT,93.0,0.6515000000000001,19.38,0.0,7.29,6.75,2026-09-09 20:58:21,OK,
MT,GD,22183946000173,7896004704999,Dexclorfeniramina 2mg/5ml Frasco 120 ml Solução Oral,Panpharma / Santa Cruz - MT,186.0,0.6514,19.38,0.0,7.62,6.76,2026-09-09 20:58:21,OK,
MT,GD,22183946000173,7896004704999,Dexclorfeniramina 2mg/5ml Frasco 120 ml Solução Oral,Norte Sul Real - MT,112.0,0.6515000000000001,19.38,0.0,7.62,6.75,2026-09-09 20:58:21,OK,
MT,GD,22183946000173,7896004705057,Diclofenaco Dietilamônio 11.6 mg/g Bisnaga 60 g Gel,Norte Sul Real - MT,180.0,0.4208,14.36,0.0,8.4,8.32,2026-09-09 20:58:25,OK,
MT,GD,22183946000173,7896004705057,Diclofenaco Dietilamônio 11.6 mg/g Bisnaga 60 g Gel,Profarma - MT,137.0,0.2883,14.36,0.0,9.93,9.93,2026-09-09 20:58:25,OK,
MT,GD,22183946000173,7896004705057,Diclofenaco Dietilamônio 11.6 mg/g Bisnaga 60 g Gel,Panpharma / Santa Cruz - MT,18.0,0.2882,14.36,0.0,10.22,10.22,2026-09-09 20:58:25,OK,
MT,GD,22183946000173,7896004705071,Piroxicam 20 mg Caixa 15 Cápsulas,Norte Sul Real - MT,447.0,0.7287,25.4,0.0,8.43,6.89,2026-09-09 20:58:29,OK,
MT,GD,22183946000173,7896004705071,Piroxicam 20 mg Caixa 15 Cápsulas,Panpharma / Santa Cruz - MT,317.0,0.6981,25.4,0.0,9.08,7.67,2026-09-09 20:58:29,OK,
MT,GD,22183946000173,7896004705088,,,0.0,0.0,0.0,0.0,0.0,0.0,2026-09-09 20:58:41,ERRO,Message: Nenhuma distribuidora pôde ser lida no card do produto.
MT,GD,22183946000173,7896004705118,Cetoconazol + Betametasona 20+0.5 mg/g Bisnaga 30 g Pomada,Profarma - MT,42.0,0.7469,24.91,0.0,7.4,6.3,2026-09-09 20:58:45,OK,
MT,GD,22183946000173,7896004705118,Cetoconazol + Betametasona 20+0.5 mg/g Bisnaga 30 g Pomada,Norte Sul Real - MT,40.0,0.7469,24.91,0.0,7.82,6.3,2026-09-09 20:58:45,OK,
MT,GD,22183946000173,7896004705118,Cetoconazol + Betametasona 20+0.5 mg/g Bisnaga 30 g Pomada,Panpharma / Santa Cruz - MT,86.0,0.7468,24.91,0.0,7.83,6.31,2026-09-09 20:58:45,OK,
MT,GD,22183946000173,7896004705125,Cetoconazol + Betametasona 20+0.5 mg/g Bisnaga 30 g Creme,Panpharma / Santa Cruz - MT,130.0,0.7337,25.41,0.0,8.26,6.77,2026-09-09 20:58:48,OK,
MT,GD,22183946000173,7896004705125,Cetoconazol + Betametasona 20+0.5 mg/g Bisnaga 30 g Creme,Norte Sul Real - MT,54.0,0.7198,25.41,0.0,8.55,7.12,2026-09-09 20:58:48,OK,
MT,GD,22183946000173,7896004705132,,,0.0,0.0,0.0,0.0,0.0,0.0,2026-09-09 20:59:00,ERRO,Message: Nenhuma distribuidora pôde ser lida no card do produto.
MT,GD,22183946000173,7896004705323,,,0.0,0.0,0.0,0.0,0.0,0.0,2026-09-09 20:59:13,ERRO,Message: Nenhuma distribuidora pôde ser lida no card do produto.
MT,GD,22183946000173,7896004705330,Simeticona 75 mg/ml Frasco 15 ml Gotas,Norte Sul Real - MT,403.0,0.8195,21.86,0.0,4.09,3.95,2026-09-09 20:59:17,OK,
MT,GD,22183946000173,7896004705330,Simeticona 75 mg/ml Frasco 15 ml Gotas,Panpharma / Santa Cruz - MT,805.0,0.8044,21.86,0.0,4.45,4.28,2026-09-09 20:59:17,OK,
MT,GD,22183946000173,7896004705330,Simeticona 75 mg/ml Frasco 15 ml Gotas,Profarma - MT,102.0,0.8045,20.62,0.0,5.46,4.03,2026-09-09 20:59:17,OK,
MT,GD,22183946000173,7896004705347,,,0.0,0.0,0.0,0.0,0.0,0.0,2026-09-09 20:59:29,ERRO,Message: Nenhuma distribuidora pôde ser lida no card do produto.
MT,GD,22183946000173,7896004705477,Amoxicilina 500mg/5ml Frasco 150 ml Pó Para Suspensão Oral + Copo,Profarma - MT,64.0,0.5942000000000001,62.42,0.0,26.66,25.33,2026-09-09 20:59:33,OK,
MT,GD,22183946000173,7896004705477,Amoxicilina 500mg/5ml Frasco 150 ml Pó Para Suspensão Oral + Copo,Norte Sul Real - MT,227.0,0.5982999999999999,62.42,0.0,27.48,25.07,2026-09-09 20:59:33,OK,
MT,GD,22183946000173,7896004705477,Amoxicilina 500mg/5ml Frasco 150 ml Pó Para Suspensão Oral + Copo,Panpharma / Santa Cruz - MT,44.0,0.5941,62.42,0.0,27.7,25.34,2026-09-09 20:59:33,OK,
MT,GD,22183946000173,7896004705583,Clortalidona 50 mg Caixa 30 Comprimidos,Norte Sul Real - MT,396.0,0.17809999999999998,22.19,0.0,18.23,18.23,2026-09-09 20:59:36,OK,
MT,GD,22183946000173,7896004705583,Clortalidona 50 mg Caixa 30 Comprimidos,Profarma - MT,77.0,0.0646,22.19,0.0,20.32,20.32,2026-09-09 20:59:36,OK,
MT,GD,22183946000173,7896004705590,Cetoconazol+Betametasona+Neomicina 20+0.5+2.5 mg/g Pomada Bisnaga 30 g,Profarma - MT,58.0,0.6973999999999999,28.85,0.0,9.76,8.73,2026-09-09 20:59:40,OK,
MT,GD,22183946000173,7896004705590,Cetoconazol+Betametasona+Neomicina 20+0.5+2.5 mg/g Pomada Bisnaga 30 g,Norte Sul Real - MT,165.0,0.6973,28.85,0.0,10.24,8.73,2026-09-09 20:59:40,OK,
MT,GD,22183946000173,7896004705590,Cetoconazol+Betametasona+Neomicina 20+0.5+2.5 mg/g Pomada Bisnaga 30 g,Panpharma / Santa Cruz - MT,146.0,0.6973,28.85,0.0,10.25,8.73,2026-09-09 20:59:40,OK,
MT,GD,22183946000173,7896004705606,Cetoconazol+Betametasona+Neomicina 20+0.5+2.5 mg/g Creme Bisnaga 30 g,Norte Sul Real - MT,167.0,0.6806,25.65,0.0,9.47,8.19,2026-09-09 20:59:44,OK,
MT,GD,22183946000173,7896004705606,Cetoconazol+Betametasona+Neomicina 20+0.5+2.5 mg/g Creme Bisnaga 30 g,Profarma - MT,137.0,0.6229,25.65,0.0,10.27,9.67,2026-09-09 20:59:44,OK,
MT,GD,22183946000173,7896004705606,Cetoconazol+Betametasona+Neomicina 20+0.5+2.5 mg/g Creme Bisnaga 30 g,Panpharma / Santa Cruz - MT,367.0,0.6228,25.65,0.0,10.7,9.68,2026-09-09 20:59:44,OK,
MT,GD,22183946000173,7896004705736,Cetoprofeno 50 mg Caixa 24 Cápsulas,Profarma - MT,33.0,0.6618999999999999,30.65,0.0,11.36,10.36,2026-09-09 20:59:48,OK,
MT,GD,22183946000173,7896004705736,Cetoprofeno 50 mg Caixa 24 Cápsulas,Norte Sul Real - MT,201.0,0.6618,30.65,0.0,11.87,10.37,2026-09-09 20:59:48,OK,
MT,GD,22183946000173,7896004705736,Cetoprofeno 50 mg Caixa 24 Cápsulas,Panpharma / Santa Cruz - MT,53.0,0.6618,30.65,0.0,11.88,10.37,2026-09-09 20:59:48,OK,
MT,GD,22183946000173,7896004705781,Atenolol 25 mg Caixa 30 Comprimidos,Norte Sul Real - MT,67.0,0.8831,18.01,0.0,3.01,2.11,2026-09-09 20:59:52,OK,
MT,GD,22183946000173,7896004705781,Atenolol 25 mg Caixa 30 Comprimidos,Panpharma / Santa Cruz - MT,237.0,0.873,18.01,0.0,3.17,2.29,2026-09-09 20:59:52,OK,
MT,GD,22183946000173,7896004705866,,,0.0,0.0,0.0,0.0,0.0,0.0,2026-09-09 21:00:04,ERRO,Message: Nenhuma distribuidora pôde ser lida no card do produto.
MT,GD,22183946000173,7896004705873,Atenolol 50 mg Caixa 30 Comprimidos,Profarma - MT,97.0,0.8101,21.49,0.0,5.33,4.08,2026-09-09 21:00:08,OK,
MT,GD,22183946000173,7896004705873,Atenolol 50 mg Caixa 30 Comprimidos,Norte Sul Real - MT,265.0,0.8151,21.49,0.0,5.59,3.97,2026-09-09 21:00:08,OK,
MT,GD,22183946000173,7896004705873,Atenolol 50 mg Caixa 30 Comprimidos,Panpharma / Santa Cruz - MT,402.0,0.81,21.49,0.0,5.69,4.08,2026-09-09 21:00:08,OK,
MT,GD,22183946000173,7896004705880,,,0.0,0.0,0.0,0.0,0.0,0.0,2026-09-09 21:00:20,ERRO,Message: Nenhuma distribuidora pôde ser lida no card do produto.
MT,GD,22183946000173,7896004705989,,,0.0,0.0,0.0,0.0,0.0,0.0,2026-09-09 21:00:32,ERRO,Message: Nenhuma distribuidora pôde ser lida no card do produto.
MT,GD,22183946000173,7896004706009,,,0.0,0.0,0.0,0.0,0.0,0.0,2026-09-09 21:00:44,ERRO,Message: Nenhuma distribuidora pôde ser lida no card do produto.
MT,GD,22183946000173,7896004706290,Xarope Cloridrato de Ambroxol Adulto 30mg/5ml Frasco 120 ml,Profarma - MT,131.0,0.6652,28.77,0.0,10.5,9.63,2026-09-09 21:00:48,OK,
MT,GD,22183946000173,7896004706290,Xarope Cloridrato de Ambroxol Adulto 30mg/5ml Frasco 120 ml,Norte Sul Real - MT,188.0,0.6838,28.77,0.0,10.54,9.1,2026-09-09 21:00:48,OK,
MT,GD,22183946000173,7896004706290,Xarope Cloridrato de Ambroxol Adulto 30mg/5ml Frasco 120 ml,Panpharma / Santa Cruz - MT,59.0,0.6751,28.77,0.0,10.75,9.35,2026-09-09 21:00:48,OK,
MT,GD,22183946000173,7896004706306,Prednisona 5 mg Caixa 20 Comprimidos,Panpharma / Santa Cruz - MT,63.0,0.6803,14.89,0.0,5.54,4.76,2026-09-09 21:00:52,OK,
MT,GD,22183946000173,7896004706313,Prednisona 20 mg Caixa 10 Comprimidos,Profarma - MT,412.0,0.7563,21.69,0.0,6.35,5.29,2026-09-09 21:00:55,OK,
MT,GD,22183946000173,7896004706313,Prednisona 20 mg Caixa 10 Comprimidos,Panpharma / Santa Cruz - MT,720.0,0.7562000000000001,21.69,0.0,6.71,5.29,2026-09-09 21:00:55,OK,
MT,GD,22183946000173,7896004706368,Clortalidona 25 mg Caixa 60 Comprimidos,Profarma - MT,198.0,0.06559999999999999,29.13,0.0,26.64,26.64,2026-09-09 21:00:59,OK,
MT,GD,22183946000173,7896004706368,Clortalidona 25 mg Caixa 60 Comprimidos,Norte Sul Real - MT,707.0,0.0655,29.13,0.0,27.21,27.21,2026-09-09 21:00:59,OK,
MT,GD,22183946000173,7896004706368,Clortalidona 25 mg Caixa 60 Comprimidos,Panpharma / Santa Cruz - MT,607.0,0.0655,29.13,0.0,27.22,27.22,2026-09-09 21:00:59,OK,
MT,GD,22183946000173,7896004706375,Clortalidona 12.5 mg Caixa 60 Comprimidos,Profarma - MT,359.0,0.1282,16.57,0.0,14.12,14.12,2026-09-09 21:01:03,OK,
MT,GD,22183946000173,7896004706375,Clortalidona 12.5 mg Caixa 60 Comprimidos,Norte Sul Real - MT,213.0,0.1282,16.57,0.0,14.44,14.44,2026-09-09 21:01:03,OK,
MT,GD,22183946000173,7896004706375,Clortalidona 12.5 mg Caixa 60 Comprimidos,Panpharma / Santa Cruz - MT,292.0,0.1281,16.57,0.0,14.45,14.45,2026-09-09 21:01:03,OK,
MT,GD,22183946000173,7896004706382,Amoxicilina 875 mg Caixa 14 Comprimidos Revestidos,Norte Sul Real - MT,67.0,0.6425,62.81,0.0,25.34,22.45,2026-09-09 21:01:07,OK,
MT,GD,22183946000173,7896004706382,Amoxicilina 875 mg Caixa 14 Comprimidos Revestidos,Profarma - MT,27.0,0.5590999999999999,62.81,0.0,28.65,27.69,2026-09-09 21:01:07,OK,
MT,GD,22183946000173,7896004706382,Amoxicilina 875 mg Caixa 14 Comprimidos Revestidos,Panpharma / Santa Cruz - MT,22.0,0.5589999999999999,62.81,0.0,29.7,27.7,2026-09-09 21:01:07,OK,
MT,GD,22183946000173,7896004706405,Finasterida 1 mg Caixa 30 Comprimidos Revestidos,Profarma - MT,80.0,0.7734000000000001,61.49,0.0,16.93,13.93,2026-09-09 21:01:11,OK,
MT,GD,22183946000173,7896004706405,Finasterida 1 mg Caixa 30 Comprimidos Revestidos,Panpharma / Santa Cruz - MT,80.0,0.7733,61.49,0.0,17.96,13.94,2026-09-09 21:01:11,OK,
MT,GD,22183946000173,7896004706474,Glibenclamida 5 mg Caixa 30 Comprimidos,Profarma - MT,314.0,0.8079000000000001,12.07,0.0,2.58,2.32,2026-09-09 21:01:15,OK,
MT,GD,22183946000173,7896004706474,Glibenclamida 5 mg Caixa 30 Comprimidos,Panpharma / Santa Cruz - MT,482.0,0.8178,12.07,0.0,2.68,2.2,2026-09-09 21:01:15,OK,
MT,GD,22183946000173,7896004706474,Glibenclamida 5 mg Caixa 30 Comprimidos,Norte Sul Real - MT,146.0,0.8209000000000001,12.07,0.0,3.08,2.16,2026-09-09 21:01:15,OK,
MT,GD,22183946000173,7896004706665,Diclofenaco Sódico 100 mg Caixa 10 Comprimidos Revestidos Lib. Lenta,Profarma - MT,198.0,0.7936,26.77,0.0,7.0,5.53,2026-09-09 21:01:19,OK,
MT,GD,22183946000173,7896004706665,Diclofenaco Sódico 100 mg Caixa 10 Comprimidos Revestidos Lib. Lenta,Norte Sul Real - MT,347.0,0.7936,26.77,0.0,7.44,5.53,2026-09-09 21:01:19,OK,
MT,GD,22183946000173,7896004706665,Diclofenaco Sódico 100 mg Caixa 10 Comprimidos Revestidos Lib. Lenta,Panpharma / Santa Cruz - MT,230.0,0.7935,26.77,0.0,7.45,5.53,2026-09-09 21:01:19,OK,
MT,GD,22183946000173,7896004706733,Diltiazem 30 mg Caixa 50 Comprimidos,Profarma - MT,87.0,0.17350000000000002,20.24,0.0,16.33,16.33,2026-09-09 21:01:23,OK,
MT,GD,22183946000173,7896004706733,Diltiazem 30 mg Caixa 50 Comprimidos,Norte Sul Real - MT,182.0,0.17350000000000002,20.24,0.0,16.72,16.72,2026-09-09 21:01:23,OK,
MT,GD,22183946000173,7896004706733,Diltiazem 30 mg Caixa 50 Comprimidos,Panpharma / Santa Cruz - MT,185.0,0.1734,20.24,0.0,16.73,16.73,2026-09-09 21:01:23,OK,
MT,GD,22183946000173,7896004706795,Losartana Potássica 50 mg Caixa 30 Comprimidos Revestidos,Profarma - MT,2273.0,0.8551000000000001,17.1,0.0,2.98,2.48,2026-09-09 21:01:26,OK,
MT,GD,22183946000173,7896004706795,Losartana Potássica 50 mg Caixa 30 Comprimidos Revestidos,Norte Sul Real - MT,66.0,0.8814,17.1,0.0,3.51,2.03,2026-09-09 21:01:26,OK,
MT,GD,22183946000173,7896004706856,,,0.0,0.0,0.0,0.0,0.0,0.0,2026-09-09 21:01:39,ERRO,Message: Nenhuma distribuidora pôde ser lida no card do produto.
MT,GD,22183946000173,7896004706900,Cetorolaco 5 mg/ml Frasco 5 ml Solução Oftálmica,Profarma - MT,97.0,0.2638,43.43,0.0,31.1,31.1,2026-09-09 21:01:42,OK,
MT,GD,22183946000173,7896004706900,Cetorolaco 5 mg/ml Frasco 5 ml Solução Oftálmica,Panpharma / Santa Cruz - MT,145.0,0.2637,43.43,0.0,31.98,31.98,2026-09-09 21:01:42,OK,
MT,GD,22183946000173,7896004707310,Verapamil 80 mg Caixa 30 Comprimidos Revestidos,Norte Sul Real - MT,53.0,0.6014,27.42,0.0,12.0,10.93,2026-09-09 21:01:46,OK,
MT,GD,22183946000173,7896004707310,Verapamil 80 mg Caixa 30 Comprimidos Revestidos,Panpharma / Santa Cruz - MT,37.0,0.5981000000000001,27.42,0.0,12.08,11.02,2026-09-09 21:01:46,OK,
MT,GD,22183946000173,7896004708058,,,0.0,0.0,0.0,0.0,0.0,0.0,2026-09-09 21:01:58,ERRO,Message: Nenhuma distribuidora pôde ser lida no card do produto.
MT,GD,22183946000173,7896004708072,Itraconazol 100 mg Caixa 15 Cápsulas,Norte Sul Real - MT,169.0,0.862,143.3,0.0,31.72,19.78,2026-09-09 21:02:01,OK,
MT,GD,22183946000173,7896004708652,Simeticona 125 mg Caixa 10 Cápsulas Moles,Norte Sul Real - MT,258.0,0.831,26.78,0.0,4.71,4.53,2026-09-09 21:02:05,OK,
MT,GD,22183946000173,7896004708652,Simeticona 125 mg Caixa 10 Cápsulas Moles,Panpharma / Santa Cruz - MT,495.0,0.8207,26.78,0.0,4.98,4.8,2026-09-09 21:02:05,OK,
MT,GD,22183946000173,7896004708652,Simeticona 125 mg Caixa 10 Cápsulas Moles,Profarma - MT,66.0,0.8208,25.24,0.0,6.35,4.52,2026-09-09 21:02:05,OK,
MT,GD,22183946000173,7896004708706,Acetilcisteína 200 mg Caixa 5 g Granulado,Norte Sul Real - MT,160.0,0.5915,35.84,0.0,15.88,14.64,2026-09-09 21:02:09,OK,
MT,GD,22183946000173,7896004708706,Acetilcisteína 200 mg Caixa 5 g Granulado,Profarma - MT,50.0,0.39380000000000004,35.84,0.0,21.17,21.17,2026-09-09 21:02:09,OK,
MT,GD,22183946000173,7896004708706,Acetilcisteína 200 mg Caixa 5 g Granulado,Panpharma / Santa Cruz - MT,11.0,0.3937,35.84,0.0,21.77,21.73,2026-09-09 21:02:09,OK,
MT,GD,22183946000173,7896004708744,,,0.0,0.0,0.0,0.0,0.0,0.0,2026-09-09 21:02:21,ERRO,Message: Nenhuma distribuidora pôde ser lida no card do produto.
MT,GD,22183946000173,7896004708942,Espironolactona 25 mg Caixa 30 Comprimidos,Norte Sul Real - MT,1294.0,0.685,21.89,0.0,8.06,6.9,2026-09-09 21:02:25,OK,
MT,GD,22183946000173,7896004708942,Espironolactona 25 mg Caixa 30 Comprimidos,Panpharma / Santa Cruz - MT,581.0,0.6241,21.89,0.0,8.37,8.23,2026-09-09 21:02:25,OK,
MT,GD,22183946000173,7896004708973,,,0.0,0.0,0.0,0.0,0.0,0.0,2026-09-09 21:02:37,ERRO,Message: Nenhuma distribuidora pôde ser lida no card do produto.
MT,GD,22183946000173,7896004709123,,,0.0,0.0,0.0,0.0,0.0,0.0,2026-09-09 21:02:49,ERRO,Message: Nenhuma distribuidora pôde ser lida no card do produto.
MT,GD,22183946000173,7896004709130,Atenolol + Clortalidona 50+12.5 mg Caixa 30 Comprimidos,Profarma - MT,87.0,0.8151999999999999,31.31,0.0,7.62,5.79,2026-09-09 21:02:53,OK,
MT,GD,22183946000173,7896004709130,Atenolol + Clortalidona 50+12.5 mg Caixa 30 Comprimidos,Norte Sul Real - MT,270.0,0.8189,31.31,0.0,8.05,5.67,2026-09-09 21:02:53,OK,
MT,GD,22183946000173,7896004709130,Atenolol + Clortalidona 50+12.5 mg Caixa 30 Comprimidos,Panpharma / Santa Cruz - MT,334.0,0.8151,31.31,0.0,8.16,5.79,2026-09-09 21:02:53,OK,
MT,GD,22183946000173,7896004709291,Deflazacorte 30 mg Caixa 10 Comprimidos,Norte Sul Real - MT,124.0,0.11630000000000001,117.3,0.0,103.66,103.66,2026-09-09 21:02:57,OK,
MT,GD,22183946000173,7896004709291,Deflazacorte 30 mg Caixa 10 Comprimidos,Panpharma / Santa Cruz - MT,83.0,0.1002,117.3,0.0,105.55,105.55,2026-09-09 21:02:57,OK,
MT,GD,22183946000173,7896004709307,Deflazacorte 6 mg Caixa 20 Comprimidos,Norte Sul Real - MT,134.0,0.21539999999999998,49.1,0.0,38.52,38.52,2026-09-09 21:03:01,OK,
MT,GD,22183946000173,7896004709307,Deflazacorte 6 mg Caixa 20 Comprimidos,Profarma - MT,13.0,0.1537,49.1,0.0,40.57,40.57,2026-09-09 21:03:01,OK,
MT,GD,22183946000173,7896004709307,Deflazacorte 6 mg Caixa 20 Comprimidos,Panpharma / Santa Cruz - MT,146.0,0.1536,49.1,0.0,41.56,41.56,2026-09-09 21:03:01,OK,
MT,GD,22183946000173,7896004709567,,,0.0,0.0,0.0,0.0,0.0,0.0,2026-09-09 21:03:13,ERRO,Message: Nenhuma distribuidora pôde ser lida no card do produto.
MT,GD,22183946000173,7896004709710,,,0.0,0.0,0.0,0.0,0.0,0.0,2026-09-09 21:03:25,ERRO,Message: Nenhuma distribuidora pôde ser lida no card do produto.
MT,GD,22183946000173,7896004709956,Enalapril + Hidroclorotiazida 20+12.5 mg Caixa 30 Comprimidos,Norte Sul Real - MT,35.0,0.848,73.87,0.0,17.21,11.23,2026-09-09 21:03:29,OK,
MT,GD,22183946000173,7896004710402,Desonida 0.5 mg/g Bisnaga 30 g Creme,Norte Sul Real - MT,35.0,0.6734,33.58,0.0,12.59,10.97,2026-09-09 21:03:33,OK,
MT,GD,22183946000173,7896004710402,Desonida 0.5 mg/g Bisnaga 30 g Creme,Profarma - MT,75.0,0.631,33.58,0.0,13.22,12.39,2026-09-09 21:03:33,OK,
MT,GD,22183946000173,7896004710402,Desonida 0.5 mg/g Bisnaga 30 g Creme,Panpharma / Santa Cruz - MT,95.0,0.6309,33.58,0.0,13.77,12.39,2026-09-09 21:03:33,OK,
MT,GD,22183946000173,7896004710419,Rifamicina 10 mg/ml Frasco 20 ml Solução Tópica Spray,Norte Sul Real - MT,343.0,0.2869,22.0,0.0,15.69,15.69,2026-09-09 21:03:36,OK,
MT,GD,22183946000173,7896004710419,Rifamicina 10 mg/ml Frasco 20 ml Solução Tópica Spray,Panpharma / Santa Cruz - MT,101.0,0.1605,22.0,0.0,18.47,18.47,2026-09-09 21:03:36,OK,
MT,GD,22183946000173,7896004710464,Acebrofilina 25mg/5ml Frasco 120 ml Xarope Pediátrico,Profarma - MT,48.0,0.5841,23.11,0.0,10.06,9.61,2026-09-09 21:03:40,OK,
MT,GD,22183946000173,7896004710464,Acebrofilina 25mg/5ml Frasco 120 ml Xarope Pediátrico,Panpharma / Santa Cruz - MT,52.0,0.584,23.11,0.0,10.45,9.61,2026-09-09 21:03:40,OK,
MT,GD,22183946000173,7896004710471,Acebrofilina 50mg/5ml Frasco 120 ml Xarope Adulto,Profarma - MT,119.0,0.5498,32.64,0.0,15.14,14.69,2026-09-09 21:03:44,OK,
MT,GD,22183946000173,7896004710471,Acebrofilina 50mg/5ml Frasco 120 ml Xarope Adulto,Panpharma / Santa Cruz - MT,51.0,0.5497,32.64,0.0,15.69,14.7,2026-09-09 21:03:44,OK,
MT,GD,22183946000173,7896004710525,Bezafibrato 200 mg Caixa 20 Comprimidos Revestidos,Profarma - MT,68.0,0.0632,31.64,0.0,29.01,29.01,2026-09-09 21:03:47,OK,
MT,GD,22183946000173,7896004710525,Bezafibrato 200 mg Caixa 20 Comprimidos Revestidos,Panpharma / Santa Cruz - MT,33.0,0.06309999999999999,31.64,0.0,29.64,29.64,2026-09-09 21:03:47,OK,
MT,GD,22183946000173,7896004710679,Meloxicam 15 mg Caixa 10 Comprimidos,Profarma - MT,340.0,0.8781,32.52,0.0,6.22,3.96,2026-09-09 21:03:51,OK,
MT,GD,22183946000173,7896004710679,Meloxicam 15 mg Caixa 10 Comprimidos,Norte Sul Real - MT,452.0,0.8974,32.52,0.0,6.24,3.34,2026-09-09 21:03:51,OK,
MT,GD,22183946000173,7896004710679,Meloxicam 15 mg Caixa 10 Comprimidos,Panpharma / Santa Cruz - MT,417.0,0.878,32.52,0.0,6.77,3.97,2026-09-09 21:03:51,OK,
MT,GD,22183946000173,7896004710761,Sinvastatina 20 mg Caixa 30 Comprimidos Revestidos,Norte Sul Real - MT,115.0,0.9007,41.4,0.0,7.83,4.11,2026-09-09 21:03:54,OK,
MT,GD,22183946000173,7896004710860,,,0.0,0.0,0.0,0.0,0.0,0.0,2026-09-09 21:04:07,ERRO,Message: Nenhuma distribuidora pôde ser lida no card do produto.
MT,GD,22183946000173,7896004710891,Ácido Acetilsalicílico 100 mg Caixa 30 Comprimidos,Norte Sul Real - MT,727.0,0.33649999999999997,10.76,0.0,7.14,7.14,2026-09-09 21:04:11,OK,
MT,GD,22183946000173,7896004710891,Ácido Acetilsalicílico 100 mg Caixa 30 Comprimidos,Profarma - MT,552.0,0.18600000000000003,10.76,0.0,8.54,8.54,2026-09-09 21:04:11,OK,
MT,GD,22183946000173,7896004710891,Ácido Acetilsalicílico 100 mg Caixa 30 Comprimidos,Panpharma / Santa Cruz - MT,328.0,0.1859,10.76,0.0,8.76,8.76,2026-09-09 21:04:11,OK,
MT,GD,22183946000173,7896004710907,Ácido Acetilsalicílico 100 mg Display 200 Comprimidos,Norte Sul Real - MT,201.0,0.4201,68.11,0.0,39.86,39.5,2026-09-09 21:04:14,OK,
MT,GD,22183946000173,7896004710907,Ácido Acetilsalicílico 100 mg Display 200 Comprimidos,Panpharma / Santa Cruz - MT,34.0,0.42,68.11,0.0,39.86,39.5,2026-09-09 21:04:14,OK,
MT,GD,22183946000173,7896004711034,Espironolactona 50 mg Caixa 30 Comprimidos,Norte Sul Real - MT,547.0,0.5716,35.2,0.0,16.28,15.08,2026-09-09 21:04:18,OK,
MT,GD,22183946000173,7896004711034,Espironolactona 50 mg Caixa 30 Comprimidos,Profarma - MT,134.0,0.5436,35.2,0.0,16.52,16.07,2026-09-09 21:04:18,OK,
MT,GD,22183946000173,7896004711034,Espironolactona 50 mg Caixa 30 Comprimidos,Panpharma / Santa Cruz - MT,73.0,0.5435,35.2,0.0,17.1,16.07,2026-09-09 21:04:18,OK,
MT,GD,22183946000173,7896004711188,Sinvastatina 40 mg Caixa 30 Comprimidos Revestidos,Profarma - MT,758.0,0.8631,49.28,0.0,8.24,6.75,2026-09-09 21:04:22,OK,
MT,GD,22183946000173,7896004711188,Sinvastatina 40 mg Caixa 30 Comprimidos Revestidos,Panpharma / Santa Cruz - MT,273.0,0.863,49.28,0.0,9.06,6.75,2026-09-09 21:04:22,OK,
MT,GD,22183946000173,7896004711188,Sinvastatina 40 mg Caixa 30 Comprimidos Revestidos,Norte Sul Real - MT,47.0,0.8691,49.28,0.0,10.62,6.45,2026-09-09 21:04:22,OK,
MT,GD,22183946000173,7896004711195,Nistatina + Óxido De Zinco 100.000ui+200mg/g Bisnaga 60 g Pomada,Profarma - MT,478.0,0.6019,28.5,0.0,11.91,11.35,2026-09-09 21:04:26,OK,
MT,GD,22183946000173,7896004711195,Nistatina + Óxido De Zinco 100.000ui+200mg/g Bisnaga 60 g Pomada,Panpharma / Santa Cruz - MT,1487.0,0.6018,28.5,0.0,12.38,11.35,2026-09-09 21:04:26,OK,
MT,GD,22183946000173,7896004711195,Nistatina + Óxido De Zinco 100.000ui+200mg/g Bisnaga 60 g Pomada,Norte Sul Real - MT,525.0,0.5997,28.5,0.0,12.43,11.41,2026-09-09 21:04:26,OK,
MT,GD,22183946000173,7896004711218,,,0.0,0.0,0.0,0.0,0.0,0.0,2026-09-09 21:04:38,ERRO,Message: Nenhuma distribuidora pôde ser lida no card do produto.
MT,GD,22183946000173,7896004711225,,,0.0,0.0,0.0,0.0,0.0,0.0,2026-09-09 21:04:51,ERRO,Message: Nenhuma distribuidora pôde ser lida no card do produto.
MT,GD,22183946000173,7896004711232,Glimepirida 4 mg Caixa 30 Comprimidos,Norte Sul Real - MT,101.0,0.8288,52.82,0.0,13.15,9.04,2026-09-09 21:04:54,OK,
MT,GD,22183946000173,7896004711287,Dexclorfeniramina 2 mg Caixa 20 Comprimidos,Norte Sul Real - MT,61.0,0.6225999999999999,12.98,0.0,5.42,4.9,2026-09-09 21:04:58,OK,
MT,GD,22183946000173,7896004711287,Dexclorfeniramina 2 mg Caixa 20 Comprimidos,Profarma - MT,7.0,0.5526,12.98,0.0,5.96,5.81,2026-09-09 21:04:58,OK,
MT,GD,22183946000173,7896004711287,Dexclorfeniramina 2 mg Caixa 20 Comprimidos,Panpharma / Santa Cruz - MT,134.0,0.5525,12.98,0.0,6.17,5.81,2026-09-09 21:04:58,OK,
MT,GD,22183946000173,7896004711423,Clotrimazol 10 mg/g Bisnaga 35 g Creme Vaginal + 6 Aplicadores,Profarma - MT,793.0,0.6018,50.28,0.0,21.01,20.02,2026-09-09 21:05:02,OK,
MT,GD,22183946000173,7896004711423,Clotrimazol 10 mg/g Bisnaga 35 g Creme Vaginal + 6 Aplicadores,Panpharma / Santa Cruz - MT,989.0,0.6017,50.28,0.0,21.85,20.03,2026-09-09 21:05:02,OK,
MT,GD,22183946000173,7896004711454,Amilorida + Hidroclorotiazida 5+50 mg Caixa 30 Comprimidos,Profarma - MT,8.0,0.25730000000000003,17.64,0.0,12.75,12.75,2026-09-09 21:05:06,OK,
MT,GD,22183946000173,7896004711454,Amilorida + Hidroclorotiazida 5+50 mg Caixa 30 Comprimidos,Panpharma / Santa Cruz - MT,124.0,0.2572,17.64,0.0,13.1,13.1,2026-09-09 21:05:06,OK,
MT,GD,22183946000173,7896004711454,Amilorida + Hidroclorotiazida 5+50 mg Caixa 30 Comprimidos,Norte Sul Real - MT,16.0,0.25730000000000003,17.64,0.0,13.1,13.1,2026-09-09 21:05:06,OK,
MT,GD,22183946000173,7896004711485,Dexclorfeniramina + Betametasona 2+0.25 mg Caixa 20 Comprimidos,Norte Sul Real - MT,89.0,0.4855,19.67,0.0,10.44,10.12,2026-09-09 21:05:10,OK,
MT,GD,22183946000173,7896004711485,Dexclorfeniramina + Betametasona 2+0.25 mg Caixa 20 Comprimidos,Profarma - MT,7.0,0.3406,19.67,0.0,12.58,12.58,2026-09-09 21:05:10,OK,
MT,GD,22183946000173,7896004711485,Dexclorfeniramina + Betametasona 2+0.25 mg Caixa 20 Comprimidos,Panpharma / Santa Cruz - MT,72.0,0.34049999999999997,19.67,0.0,12.97,12.97,2026-09-09 21:05:10,OK,
MT,GD,22183946000173,7896004711539,Diclofenaco Colestiramina 70 mg Caixa 14 Cápsulas,Norte Sul Real - MT,37.0,0.7138,27.92,0.0,9.61,7.99,2026-09-09 21:05:14,OK,
MT,GD,22183946000173,7896004711690,Betametasona + Gentamicina 0.5+1 mg/g Bisnaga 30 g Creme,Profarma - MT,25.0,0.7364,24.99,0.0,7.65,6.59,2026-09-09 21:05:18,OK,
MT,GD,22183946000173,7896004711690,Betametasona + Gentamicina 0.5+1 mg/g Bisnaga 30 g Creme,Norte Sul Real - MT,26.0,0.743,24.99,0.0,7.93,6.42,2026-09-09 21:05:18,OK,
MT,GD,22183946000173,7896004711690,Betametasona + Gentamicina 0.5+1 mg/g Bisnaga 30 g Creme,Panpharma / Santa Cruz - MT,130.0,0.7363,24.99,0.0,8.07,6.59,2026-09-09 21:05:18,OK,
MT,GD,22183946000173,7896004711744,,,0.0,0.0,0.0,0.0,0.0,0.0,2026-09-09 21:05:30,ERRO,Message: Nenhuma distribuidora pôde ser lida no card do produto.
MT,GD,22183946000173,7896004711850,Betametasona 0.5 mg/g Bisnaga 30 g Creme,Profarma - MT,117.0,0.21600000000000003,27.85,0.0,21.27,21.27,2026-09-09 21:05:34,OK,
MT,GD,22183946000173,7896004711850,Betametasona 0.5 mg/g Bisnaga 30 g Creme,Norte Sul Real - MT,39.0,0.21600000000000003,27.85,0.0,21.83,21.83,2026-09-09 21:05:34,OK,
MT,GD,22183946000173,7896004711850,Betametasona 0.5 mg/g Bisnaga 30 g Creme,Panpharma / Santa Cruz - MT,111.0,0.2159,27.85,0.0,21.84,21.84,2026-09-09 21:05:34,OK,
MT,GD,22183946000173,7896004712048,Triancinolona Acetonida 1 mg/g Bisnaga 10 g Pomada Bucal,Norte Sul Real - MT,377.0,0.7109000000000001,12.8,0.0,4.44,3.7,2026-09-09 21:05:38,OK,
MT,GD,22183946000173,7896004712048,Triancinolona Acetonida 1 mg/g Bisnaga 10 g Pomada Bucal,Profarma - MT,45.0,0.6806,12.8,0.0,4.55,4.09,2026-09-09 21:05:38,OK,
MT,GD,22183946000173,7896004712048,Triancinolona Acetonida 1 mg/g Bisnaga 10 g Pomada Bucal,Panpharma / Santa Cruz - MT,339.0,0.6805,12.8,0.0,4.76,4.09,2026-09-09 21:05:38,OK,
MT,GD,22183946000173,7896004712147,Dexametasona 4 mg Caixa 10 Comprimidos,Profarma - MT,177.0,0.6235,12.51,0.0,5.04,4.71,2026-09-09 21:05:42,OK,
MT,GD,22183946000173,7896004712147,Dexametasona 4 mg Caixa 10 Comprimidos,Norte Sul Real - MT,1048.0,0.6235,12.51,0.0,5.24,4.71,2026-09-09 21:05:42,OK,
MT,GD,22183946000173,7896004712147,Dexametasona 4 mg Caixa 10 Comprimidos,Panpharma / Santa Cruz - MT,1333.0,0.6234000000000001,12.51,0.0,5.25,4.71,2026-09-09 21:05:42,OK,
MT,GD,22183946000173,7896004712413,Clobetasol 0.5 mg/g Bisnaga 30 g Creme,Profarma - MT,27.0,0.6661,21.28,0.0,7.81,7.11,2026-09-09 21:05:46,OK,
MT,GD,22183946000173,7896004712413,Clobetasol 0.5 mg/g Bisnaga 30 g Creme,Norte Sul Real - MT,252.0,0.6715000000000001,21.28,0.0,8.07,6.99,2026-09-09 21:05:46,OK,
MT,GD,22183946000173,7896004712413,Clobetasol 0.5 mg/g Bisnaga 30 g Creme,Panpharma / Santa Cruz - MT,283.0,0.6659999999999999,21.28,0.0,8.17,7.11,2026-09-09 21:05:46,OK,
MT,GD,22183946000173,7896004712499,Doxazosina 2 mg Caixa 30 Comprimidos,Norte Sul Real - MT,350.0,0.868,42.71,0.0,9.24,5.64,2026-09-09 21:05:50,OK,
MT,GD,22183946000173,7896004712581,Cefalexina 1 g Caixa 8 Comprimidos Revestidos,Profarma - MT,294.0,0.2832,77.69,0.0,54.14,54.14,2026-09-09 21:05:54,OK,
MT,GD,22183946000173,7896004712581,Cefalexina 1 g Caixa 8 Comprimidos Revestidos,Norte Sul Real - MT,472.0,0.2832,77.69,0.0,55.68,55.68,2026-09-09 21:05:54,OK,
MT,GD,22183946000173,7896004712581,Cefalexina 1 g Caixa 8 Comprimidos Revestidos,Panpharma / Santa Cruz - MT,313.0,0.28309999999999996,77.69,0.0,55.7,55.7,2026-09-09 21:05:54,OK,
MT,GD,22183946000173,7896004712932,Clonazepam 2.5 mg/ml Frasco 20 ml Gotas,Profarma - MT,1048.0,0.6426000000000001,14.43,0.0,5.58,5.16,2026-09-09 21:05:58,OK,
MT,GD,22183946000173,7896004712932,Clonazepam 2.5 mg/ml Frasco 20 ml Gotas,Panpharma / Santa Cruz - MT,2544.0,0.6425,14.43,0.0,5.82,5.16,2026-09-09 21:05:58,OK,
MT,GD,22183946000173,7896004712932,Clonazepam 2.5 mg/ml Frasco 20 ml Gotas,Norte Sul Real - MT,1389.0,0.6426000000000001,14.43,0.0,5.82,5.16,2026-09-09 21:05:58,OK,
MT,GD,22183946000173,7896004712963,,,0.0,0.0,0.0,0.0,0.0,0.0,2026-09-09 21:06:10,ERRO,Message: Nenhuma distribuidora pôde ser lida no card do produto.
MT,GD,22183946000173,7896004713007,Topiramato 100 mg Caixa 60 Comprimidos Revestidos,Norte Sul Real - MT,37.0,0.8045,226.93,0.0,61.04,44.36,2026-09-09 21:06:14,OK,
MT,GD,22183946000173,7896004713007,Topiramato 100 mg Caixa 60 Comprimidos Revestidos,Profarma - MT,21.0,0.7665000000000001,226.93,0.0,64.45,52.99,2026-09-09 21:06:14,OK,
MT,GD,22183946000173,7896004713007,Topiramato 100 mg Caixa 60 Comprimidos Revestidos,Panpharma / Santa Cruz - MT,6.0,0.7664,226.93,0.0,68.24,53.01,2026-09-09 21:06:14,OK,
MT,GD,22183946000173,7896004713014,Topiramato 50 mg Caixa 60 Comprimidos Revestidos,Profarma - MT,121.0,0.8298000000000001,154.64,0.0,35.8,26.32,2026-09-09 21:06:18,OK,
MT,GD,22183946000173,7896004713014,Topiramato 50 mg Caixa 60 Comprimidos Revestidos,Norte Sul Real - MT,248.0,0.8452,154.63,0.0,36.39,23.94,2026-09-09 21:06:18,OK,
MT,GD,22183946000173,7896004713021,Topiramato 25 mg Caixa 60 Comprimidos Revestidos,Profarma - MT,66.0,0.8334,85.07,0.0,19.44,14.17,2026-09-09 21:06:22,OK,
MT,GD,22183946000173,7896004713021,Topiramato 25 mg Caixa 60 Comprimidos Revestidos,Norte Sul Real - MT,64.0,0.8506,85.07,0.0,19.64,12.71,2026-09-09 21:06:22,OK,
MT,GD,22183946000173,7896004713120,,,0.0,0.0,0.0,0.0,0.0,0.0,2026-09-09 21:06:34,ERRO,Message: Nenhuma distribuidora pôde ser lida no card do produto.
MT,GD,22183946000173,7896004713137,,,0.0,0.0,0.0,0.0,0.0,0.0,2026-09-09 21:06:46,ERRO,Message: Nenhuma distribuidora pôde ser lida no card do produto.
MT,GD,22183946000173,7896004713182,Ácido Acetilsalicílico 100 mg Display 100 Comprimidos,Panpharma / Santa Cruz - MT,47.0,0.34049999999999997,36.96,0.0,24.38,24.38,2026-09-09 21:06:49,OK,
MT,GD,22183946000173,7896004713250,Gabapentina 300 mg Caixa 30 Cápsulas,Panpharma / Santa Cruz - MT,48.0,0.7803,94.65,0.0,27.37,20.79,2026-09-09 21:06:53,OK,
MT,GD,22183946000173,7896004713267,,,0.0,0.0,0.0,0.0,0.0,0.0,2026-09-09 21:07:05,ERRO,Message: Nenhuma distribuidora pôde ser lida no card do produto.
MT,GD,22183946000173,7896004713342,Acetilcisteína 600 mg Caixa 5 g Granulado,Norte Sul Real - MT,20704.0,0.764,64.97,0.0,19.48,15.33,2026-09-09 21:07:09,OK,
MT,GD,22183946000173,7896004713342,Acetilcisteína 600 mg Caixa 5 g Granulado,Profarma - MT,660.0,0.6772,64.97,0.0,23.08,20.97,2026-09-09 21:07:09,OK,
MT,GD,22183946000173,7896004713342,Acetilcisteína 600 mg Caixa 5 g Granulado,Panpharma / Santa Cruz - MT,484.0,0.6770999999999999,64.97,0.0,24.16,20.98,2026-09-09 21:07:09,OK,
MT,GD,22183946000173,7896004713366,Acetilcisteína 40mg/ml Frasco 120 ml Xarope Adulto,Norte Sul Real - MT,1182.0,0.7806000000000001,42.05,0.0,12.03,9.23,2026-09-09 21:07:13,OK,
MT,GD,22183946000173,7896004713366,Acetilcisteína 40mg/ml Frasco 120 ml Xarope Adulto,Profarma - MT,387.0,0.7486,42.05,0.0,12.45,10.57,2026-09-09 21:07:13,OK,
MT,GD,22183946000173,7896004713366,Acetilcisteína 40mg/ml Frasco 120 ml Xarope Adulto,Panpharma / Santa Cruz - MT,812.0,0.7484999999999999,42.05,0.0,13.15,10.58,2026-09-09 21:07:13,OK,
MT,GD,22183946000173,7896004713571,,,0.0,0.0,0.0,0.0,0.0,0.0,2026-09-09 21:07:25,ERRO,Message: Nenhuma distribuidora pôde ser lida no card do produto.
MT,GD,22183946000173,7896004713618,Algestona + Estradiol 150+10mg/ml Ampola 1 ml Solução Injetável,Profarma - MT,302.0,0.0582,12.52,0.0,11.54,11.54,2026-09-09 21:07:29,OK,
MT,GD,22183946000173,7896004713618,Algestona + Estradiol 150+10mg/ml Ampola 1 ml Solução Injetável,Panpharma / Santa Cruz - MT,114.0,0.0381,12.52,0.0,12.04,12.04,2026-09-09 21:07:29,OK,
MT,GD,22183946000173,7896004713618,Algestona + Estradiol 150+10mg/ml Ampola 1 ml Solução Injetável,Norte Sul Real - MT,720.0,0.0192,12.52,0.0,12.28,12.28,2026-09-09 21:07:29,OK,
MT,GD,22183946000173,7896004713717,Oximetazolina 0.25 mg/ml Frasco 20 ml Solução Nasal Pediátrico,Panpharma / Santa Cruz - MT,23.0,0.3064,9.57,0.0,6.64,6.64,2026-09-09 21:07:33,OK,
MT,GD,22183946000173,7896004713724,Oximetazolina 0.5 mg/ml Frasco 30 ml Solução Nasal Adulto,Profarma - MT,273.0,0.3406,13.75,0.0,8.79,8.79,2026-09-09 21:07:37,OK,
MT,GD,22183946000173,7896004713724,Oximetazolina 0.5 mg/ml Frasco 30 ml Solução Nasal Adulto,Norte Sul Real - MT,176.0,0.3406,13.75,0.0,9.06,9.06,2026-09-09 21:07:37,OK,
MT,GD,22183946000173,7896004713724,Oximetazolina 0.5 mg/ml Frasco 30 ml Solução Nasal Adulto,Panpharma / Santa Cruz - MT,177.0,0.34049999999999997,13.75,0.0,9.07,9.07,2026-09-09 21:07:37,OK,
MT,GD,22183946000173,7896004713731,,,0.0,0.0,0.0,0.0,0.0,0.0,2026-09-09 21:07:49,ERRO,Message: Nenhuma distribuidora pôde ser lida no card do produto.
MT,GD,22183946000173,7896004713762,,,0.0,0.0,0.0,0.0,0.0,0.0,2026-09-09 21:08:01,ERRO,Message: Nenhuma distribuidora pôde ser lida no card do produto.
MT,GD,22183946000173,7896004713915,Losartana + Hidroclorotiazida 100+25 mg Caixa 30 Comprimidos Revestidos,Norte Sul Real - MT,119.0,0.8321,87.54,0.0,21.55,14.7,2026-09-09 21:08:05,OK,
MT,GD,22183946000173,7896004713915,Losartana + Hidroclorotiazida 100+25 mg Caixa 30 Comprimidos Revestidos,Panpharma / Santa Cruz - MT,159.0,0.764,87.54,0.0,26.5,20.66,2026-09-09 21:08:05,OK,
MT,GD,22183946000173,7896004713922,Losartana + Hidroclorotiazida 50+12.5 mg Caixa 30 Comprimidos Revestidos,Profarma - MT,11.0,0.7352,54.63,0.0,16.95,14.47,2026-09-09 21:08:09,OK,
MT,GD,22183946000173,7896004713922,Losartana + Hidroclorotiazida 50+12.5 mg Caixa 30 Comprimidos Revestidos,Panpharma / Santa Cruz - MT,117.0,0.7351000000000001,54.63,0.0,17.85,14.47,2026-09-09 21:08:09,OK,
MT,GD,22183946000173,7896004715292,Acetilcisteína 20mg/ml Frasco 120 ml Xarope Pediátrico,Norte Sul Real - MT,323.0,0.722,31.53,0.0,10.56,8.77,2026-09-09 21:08:13,OK,
MT,GD,22183946000173,7896004715292,Acetilcisteína 20mg/ml Frasco 120 ml Xarope Pediátrico,Profarma - MT,1583.0,0.6708,31.54,0.0,11.37,10.38,2026-09-09 21:08:13,OK,
MT,GD,22183946000173,7896004715292,Acetilcisteína 20mg/ml Frasco 120 ml Xarope Pediátrico,Panpharma / Santa Cruz - MT,737.0,0.6707,31.53,0.0,11.9,10.38,2026-09-09 21:08:13,OK,
MT,GD,22183946000173,7896004715322,Alendronato De Sódio 70 mg Caixa 4 Comprimidos,Panpharma / Santa Cruz - MT,173.0,0.9408,78.87,0.0,9.42,4.67,2026-09-09 21:08:17,OK,
MT,GD,22183946000173,7896004715322,Alendronato De Sódio 70 mg Caixa 4 Comprimidos,Norte Sul Real - MT,108.0,0.9706,78.87,0.0,10.35,2.32,2026-09-09 21:08:17,OK,
MT,GD,22183946000173,7896004715537,Mometasona 1 mg/g Bisnaga 20 g Creme,Norte Sul Real - MT,425.0,0.6639,33.42,0.0,12.89,11.23,2026-09-09 21:08:21,OK,
MT,GD,22183946000173,7896004715537,Mometasona 1 mg/g Bisnaga 20 g Creme,Profarma - MT,123.0,0.5518,33.42,0.0,15.45,14.98,2026-09-09 21:08:21,OK,
MT,GD,22183946000173,7896004715537,Mometasona 1 mg/g Bisnaga 20 g Creme,Panpharma / Santa Cruz - MT,444.0,0.5517,33.42,0.0,16.0,14.98,2026-09-09 21:08:21,OK,
MT,GD,22183946000173,7896004715674,Dipirona Monoidratada 50 mg/ml Frasco 100 ml Solução Oral,Profarma - MT,405.0,0.585,16.8,0.0,7.25,6.97,2026-09-09 21:08:25,OK,
MT,GD,22183946000173,7896004715674,Dipirona Monoidratada 50 mg/ml Frasco 100 ml Solução Oral,Norte Sul Real - MT,1442.0,0.585,16.8,0.0,7.53,6.97,2026-09-09 21:08:25,OK,
MT,GD,22183946000173,7896004715674,Dipirona Monoidratada 50 mg/ml Frasco 100 ml Solução Oral,Panpharma / Santa Cruz - MT,895.0,0.5849,16.8,0.0,7.54,6.97,2026-09-09 21:08:25,OK,
MT,GD,22183946000173,7896004715711,Timolol 5 mg/ml Frasco 5 ml Solução Oftálmica,Profarma - MT,742.0,0.6572,11.54,0.0,3.91,3.91,2026-09-09 21:08:29,OK,
MT,GD,22183946000173,7896004715711,Timolol 5 mg/ml Frasco 5 ml Solução Oftálmica,Panpharma / Santa Cruz - MT,130.0,0.6570999999999999,11.54,0.0,4.1,3.96,2026-09-09 21:08:29,OK,
MT,GD,22183946000173,7896004715711,Timolol 5 mg/ml Frasco 5 ml Solução Oftálmica,Norte Sul Real - MT,221.0,0.6689,11.54,0.0,4.4,3.82,2026-09-09 21:08:29,OK,
MT,GD,22183946000173,7896004715803,Cefalexina 500 mg Caixa 8 Comprimidos Revestidos,Norte Sul Real - MT,220.0,0.5715,27.0,0.0,12.49,11.57,2026-09-09 21:08:32,OK,
MT,GD,22183946000173,7896004715841,Dipirona Monoidratada 500 mg/ml Frasco 10 ml Gotas,Norte Sul Real - MT,453.0,0.674,7.22,0.0,2.7,2.35,2026-09-09 21:08:36,OK,
MT,GD,22183946000173,7896004715841,Dipirona Monoidratada 500 mg/ml Frasco 10 ml Gotas,Profarma - MT,422.0,0.6401,7.22,0.0,2.79,2.6,2026-09-09 21:08:36,OK,
MT,GD,22183946000173,7896004715841,Dipirona Monoidratada 500 mg/ml Frasco 10 ml Gotas,Panpharma / Santa Cruz - MT,94.0,0.65,7.22,0.0,2.85,2.53,2026-09-09 21:08:36,OK,
MT,GD,22183946000173,7896004715902,Neomicina + Bacitracina 5mg+250ui/g Bisnaga 15 g Pomada,Norte Sul Real - MT,751.0,0.588,11.82,0.0,5.27,4.87,2026-09-09 21:08:40,OK,
MT,GD,22183946000173,7896004715902,Neomicina + Bacitracina 5mg+250ui/g Bisnaga 15 g Pomada,Profarma - MT,409.0,0.5475,11.82,0.0,5.47,5.35,2026-09-09 21:08:40,OK,
MT,GD,22183946000173,7896004715902,Neomicina + Bacitracina 5mg+250ui/g Bisnaga 15 g Pomada,Panpharma / Santa Cruz - MT,475.0,0.5374,11.82,0.0,5.77,5.47,2026-09-09 21:08:40,OK,
MT,GD,22183946000173,7896004715957,,,0.0,0.0,0.0,0.0,0.0,0.0,2026-09-09 21:08:52,ERRO,Message: Nenhuma distribuidora pôde ser lida no card do produto.
MT,GD,22183946000173,7896004715964,Azitromicina Di-hidratada 900 mg Frasco 22.5 ml Pó Para Suspensão Oral + Seringa,Profarma - MT,103.0,0.7652,74.16,0.0,21.14,17.41,2026-09-09 21:08:56,OK,
MT,GD,22183946000173,7896004715964,Azitromicina Di-hidratada 900 mg Frasco 22.5 ml Pó Para Suspensão Oral + Seringa,Panpharma / Santa Cruz - MT,82.0,0.7651,74.16,0.0,22.38,17.42,2026-09-09 21:08:56,OK,
MT,GD,22183946000173,7896004715971,Azitromicina Di-hidratada 600 mg Frasco 15 ml Pó Para Suspensão Oral + Seringa,Norte Sul Real - MT,194.0,0.7763,60.24,0.0,17.61,13.48,2026-09-09 21:08:59,OK,
MT,GD,22183946000173,7896004716138,Espironolactona 100 mg Caixa 30 Comprimidos,Norte Sul Real - MT,498.0,0.0751,38.53,0.0,35.63,35.63,2026-09-09 21:09:03,OK,
MT,GD,22183946000173,7896004716138,Espironolactona 100 mg Caixa 30 Comprimidos,Panpharma / Santa Cruz - MT,11.0,0.075,38.53,0.0,35.64,35.64,2026-09-09 21:09:03,OK,
MT,GD,22183946000173,7896004716145,,,0.0,0.0,0.0,0.0,0.0,0.0,2026-09-09 21:09:15,ERRO,Message: Nenhuma distribuidora pôde ser lida no card do produto.
MT,GD,22183946000173,7896004716176,Hidroclorotiazida 25 mg Caixa 30 Comprimidos,Profarma - MT,491.0,0.7519,7.54,0.0,1.96,1.87,2026-09-09 21:09:19,OK,
MT,GD,22183946000173,7896004716176,Hidroclorotiazida 25 mg Caixa 30 Comprimidos,Panpharma / Santa Cruz - MT,455.0,0.7518,7.54,0.0,2.08,1.87,2026-09-09 21:09:19,OK,
MT,GD,22183946000173,7896004716268,Bromazepam 3 mg Caixa 30 Comprimidos,Norte Sul Real - MT,5.0,0.7820999999999999,19.16,0.0,5.51,4.17,2026-09-09 21:09:22,OK,
MT,GD,22183946000173,7896004716299,Paracetamol Bebê 100 mg/ml Frasco 15 ml Gotas,Norte Sul Real - MT,429.0,0.5406,21.92,0.0,10.64,10.07,2026-09-09 21:09:26,OK,
MT,GD,22183946000173,7896004716299,Paracetamol Bebê 100 mg/ml Frasco 15 ml Gotas,Profarma - MT,288.0,0.3514,21.13,0.0,13.54,13.54,2026-09-09 21:09:26,OK,
MT,GD,22183946000173,7896004716343,Finasterida 1 mg Caixa 60 Comprimidos Revestidos,Panpharma / Santa Cruz - MT,114.0,0.7525,128.29,0.0,39.69,31.75,2026-09-09 21:09:30,OK,
MT,GD,22183946000173,7896004716343,Finasterida 1 mg Caixa 60 Comprimidos Revestidos,Norte Sul Real - MT,124.0,0.725,128.29,0.0,42.61,35.28,2026-09-09 21:09:30,OK,
MT,GD,22183946000173,7896004718446,Dipirona Monoidratada 500 mg/ml Frasco 20 ml Gotas,Norte Sul Real - MT,193.0,0.7006,13.27,0.0,4.68,3.97,2026-09-09 21:09:34,OK,
MT,GD,22183946000173,7896004718446,Dipirona Monoidratada 500 mg/ml Frasco 20 ml Gotas,Profarma - MT,539.0,0.6747,13.27,0.0,4.74,4.32,2026-09-09 21:09:34,OK,
MT,GD,22183946000173,7896004718446,Dipirona Monoidratada 500 mg/ml Frasco 20 ml Gotas,Panpharma / Santa Cruz - MT,110.0,0.6846,13.27,0.0,4.86,4.19,2026-09-09 21:09:34,OK,
MT,GD,22183946000173,7896004718453,Clotrimazol 10 mg/g Bisnaga 20 g Creme,Profarma - MT,119.0,0.53,15.06,0.0,7.2,7.08,2026-09-09 21:09:38,OK,
MT,GD,22183946000173,7896004718453,Clotrimazol 10 mg/g Bisnaga 20 g Creme,Norte Sul Real - MT,657.0,0.5376,15.06,0.0,7.35,6.96,2026-09-09 21:09:38,OK,
MT,GD,22183946000173,7896004718453,Clotrimazol 10 mg/g Bisnaga 20 g Creme,Panpharma / Santa Cruz - MT,222.0,0.5161,15.06,0.0,7.62,7.29,2026-09-09 21:09:38,OK,
MT,GD,22183946000173,7896004718460,Cetoconazol 20 mg/g Bisnaga 30 g Creme,Norte Sul Real - MT,1000.0,0.7461,25.9,0.0,8.15,6.58,2026-09-09 21:09:42,OK,
MT,GD,22183946000173,7896004718460,Cetoconazol 20 mg/g Bisnaga 30 g Creme,Profarma - MT,292.0,0.7152,24.9,0.0,8.43,7.09,2026-09-09 21:09:42,OK,
MT,GD,22183946000173,7896004718460,Cetoconazol 20 mg/g Bisnaga 30 g Creme,Panpharma / Santa Cruz - MT,1088.0,0.7151000000000001,25.9,0.0,9.21,7.38,2026-09-09 21:09:42,OK,
MT,GD,22183946000173,7896004718804,Alprazolam 0.50 mg Caixa 30 Comprimidos,Norte Sul Real - MT,464.0,0.7572,11.8,0.0,3.64,2.87,2026-09-09 21:09:46,OK,
MT,GD,22183946000173,7896004718804,Alprazolam 0.50 mg Caixa 30 Comprimidos,Profarma - MT,128.0,0.7231000000000001,11.8,0.0,3.77,3.27,2026-09-09 21:09:46,OK,
MT,GD,22183946000173,7896004718804,Alprazolam 0.50 mg Caixa 30 Comprimidos,Panpharma / Santa Cruz - MT,677.0,0.723,11.8,0.0,3.97,3.27,2026-09-09 21:09:46,OK,
MT,GD,22183946000173,7896004718811,Alprazolam 0.25 mg Caixa 30 Comprimidos,Norte Sul Real - MT,431.0,0.685,13.94,0.0,5.13,4.39,2026-09-09 21:09:50,OK,
MT,GD,22183946000173,7896004718811,Alprazolam 0.25 mg Caixa 30 Comprimidos,Panpharma / Santa Cruz - MT,76.0,0.6739,13.94,0.0,5.27,4.55,2026-09-09 21:09:50,OK,
MT,GD,22183946000173,7896004718828,Alprazolam 1 mg Caixa 30 Comprimidos,Norte Sul Real - MT,1231.0,0.8569,23.16,0.0,5.22,3.31,2026-09-09 21:09:54,OK,
MT,GD,22183946000173,7896004718828,Alprazolam 1 mg Caixa 30 Comprimidos,Profarma - MT,241.0,0.7979999999999999,23.16,0.0,5.97,4.68,2026-09-09 21:09:54,OK,
MT,GD,22183946000173,7896004718828,Alprazolam 1 mg Caixa 30 Comprimidos,Panpharma / Santa Cruz - MT,456.0,0.7979,23.16,0.0,6.35,4.68,2026-09-09 21:09:54,OK,
MT,GD,22183946000173,7896004718842,Alprazolam 2 mg Caixa 30 Comprimidos,Norte Sul Real - MT,528.0,0.8970999999999999,69.23,0.0,13.31,7.12,2026-09-09 21:09:58,OK,
MT,GD,22183946000173,7896004718842,Alprazolam 2 mg Caixa 30 Comprimidos,Profarma - MT,11.0,0.8597,69.23,0.0,14.31,9.71,2026-09-09 21:09:58,OK,
MT,GD,22183946000173,7896004718842,Alprazolam 2 mg Caixa 30 Comprimidos,Panpharma / Santa Cruz - MT,802.0,0.8595999999999999,69.23,0.0,15.47,9.72,2026-09-09 21:09:58,OK,
MT,GD,22183946000173,7896004718996,Amoxicilina 500 mg Caixa 30 Cápsulas,Profarma - MT,40.0,0.6738,52.59,0.0,18.98,17.15,2026-09-09 21:10:02,OK,
MT,GD,22183946000173,7896004718996,Amoxicilina 500 mg Caixa 30 Cápsulas,Norte Sul Real - MT,160.0,0.6738,52.59,0.0,19.85,17.15,2026-09-09 21:10:02,OK,
MT,GD,22183946000173,7896004718996,Amoxicilina 500 mg Caixa 30 Cápsulas,Panpharma / Santa Cruz - MT,48.0,0.6737000000000001,52.59,0.0,19.86,17.16,2026-09-09 21:10:02,OK,
MT,GD,22183946000173,7896004719283,Hidrocortisona 10 mg/g Bisnaga 30 g Pomada,Norte Sul Real - MT,271.0,0.32799999999999996,26.43,0.0,17.76,17.76,2026-09-09 21:10:06,OK,
MT,GD,22183946000173,7896004719283,Hidrocortisona 10 mg/g Bisnaga 30 g Pomada,Profarma - MT,226.0,0.248,26.43,0.0,19.35,19.35,2026-09-09 21:10:06,OK,
MT,GD,22183946000173,7896004719283,Hidrocortisona 10 mg/g Bisnaga 30 g Pomada,Panpharma / Santa Cruz - MT,288.0,0.24789999999999998,26.43,0.0,19.88,19.88,2026-09-09 21:10:06,OK,
MT,GD,22183946000173,7896004719580,Amoxicilina + Clavulanato 875+125 mg Caixa 12 Comprimidos Revestidos,Profarma - MT,122.0,0.8009000000000001,138.67,0.0,35.43,27.61,2026-09-09 21:10:10,OK,
MT,GD,22183946000173,7896004719580,Amoxicilina + Clavulanato 875+125 mg Caixa 12 Comprimidos Revestidos,Norte Sul Real - MT,169.0,0.8059000000000001,138.67,0.0,37.15,26.92,2026-09-09 21:10:10,OK,
MT,GD,22183946000173,7896004719580,Amoxicilina + Clavulanato 875+125 mg Caixa 12 Comprimidos Revestidos,Panpharma / Santa Cruz - MT,394.0,0.8008,138.67,0.0,37.73,27.62,2026-09-09 21:10:10,OK,
MT,GD,22183946000173,7896004719597,Amoxicilina + Clavulanato 875+125 mg Caixa 14 Comprimidos Revestidos,Profarma - MT,70.0,0.7190000000000001,152.42,0.0,49.3,42.83,2026-09-09 21:10:14,OK,
MT,GD,22183946000173,7896004719597,Amoxicilina + Clavulanato 875+125 mg Caixa 14 Comprimidos Revestidos,Panpharma / Santa Cruz - MT,343.0,0.7189,152.42,0.0,51.85,42.85,2026-09-09 21:10:14,OK,
MT,GD,22183946000173,7896004719597,Amoxicilina + Clavulanato 875+125 mg Caixa 14 Comprimidos Revestidos,Norte Sul Real - MT,129.0,0.7181000000000001,152.41,0.0,51.94,42.96,2026-09-09 21:10:14,OK,
MT,GD,22183946000173,7896004720241,,,0.0,0.0,0.0,0.0,0.0,0.0,2026-09-09 21:10:26,ERRO,Message: Nenhuma distribuidora pôde ser lida no card do produto.
MT,GD,22183946000173,7896004720746,Amoxicilina + Clavulanato 400+57mg/5ml Frasco 70 ml Pó P/ Susp. Oral + Seringa + Copo,Profarma - MT,212.0,0.7658,80.07,0.0,22.78,18.75,2026-09-09 21:10:30,OK,
MT,GD,22183946000173,7896004720746,Amoxicilina + Clavulanato 400+57mg/5ml Frasco 70 ml Pó P/ Susp. Oral + Seringa + Copo,Panpharma / Santa Cruz - MT,1877.0,0.7656999999999999,80.07,0.0,24.12,18.76,2026-09-09 21:10:30,OK,
MT,GD,22183946000173,7896004720746,Amoxicilina + Clavulanato 400+57mg/5ml Frasco 70 ml Pó P/ Susp. Oral + Seringa + Copo,Norte Sul Real - MT,2275.0,0.7569,80.07,0.0,24.7,19.47,2026-09-09 21:10:30,OK,
MT,GD,22183946000173,7896004720784,Dexclorfeniramina 10 mg/g Bisnaga 30 g Creme,Norte Sul Real - MT,163.0,0.5323,14.18,0.0,6.98,6.63,2026-09-09 21:10:35,OK,
MT,GD,22183946000173,7896004720784,Dexclorfeniramina 10 mg/g Bisnaga 30 g Creme,Profarma - MT,78.0,0.4545,14.18,0.0,7.66,7.66,2026-09-09 21:10:35,OK,
MT,GD,22183946000173,7896004720784,Dexclorfeniramina 10 mg/g Bisnaga 30 g Creme,Panpharma / Santa Cruz - MT,64.0,0.45439999999999997,14.18,0.0,7.89,7.74,2026-09-09 21:10:35,OK,
MT,GD,22183946000173,7896004720869,,,0.0,0.0,0.0,0.0,0.0,0.0,2026-09-09 21:10:47,ERRO,Message: Nenhuma distribuidora pôde ser lida no card do produto.
MT,GD,22183946000173,7896004721125,Sibutramina 15 mg Caixa 30 Cápsulas,Norte Sul Real - MT,243.0,0.7934,74.66,0.0,20.56,15.42,2026-09-09 21:10:51,OK,
MT,GD,22183946000173,7896004721125,Sibutramina 15 mg Caixa 30 Cápsulas,Panpharma / Santa Cruz - MT,107.0,0.7933,74.66,0.0,20.57,15.43,2026-09-09 21:10:51,OK,
MT,GD,22183946000173,7896004721255,Risperidona 1 mg/g Frasco 30 ml Solução Oral,Profarma - MT,73.0,0.4654,58.72,0.0,31.35,31.35,2026-09-09 21:10:54,OK,
MT,GD,22183946000173,7896004721323,,,0.0,0.0,0.0,0.0,0.0,0.0,2026-09-09 21:11:06,ERRO,Message: Nenhuma distribuidora pôde ser lida no card do produto.
MT,GD,22183946000173,7896004721828,Clonazepam 2 mg Caixa 30 Comprimidos,Norte Sul Real - MT,387.0,0.7959999999999999,17.34,0.0,4.79,3.54,2026-09-09 21:11:10,OK,
MT,GD,22183946000173,7896004721828,Clonazepam 2 mg Caixa 30 Comprimidos,Profarma - MT,527.0,0.772,17.34,0.0,4.84,3.95,2026-09-09 21:11:10,OK,
MT,GD,22183946000173,7896004721828,Clonazepam 2 mg Caixa 30 Comprimidos,Panpharma / Santa Cruz - MT,1110.0,0.7719,17.34,0.0,5.14,3.96,2026-09-09 21:11:10,OK,
MT,GD,22183946000173,7896004721903,Dexametasona 1 mg/g Bisnaga 10 g Creme Dermatológico,Norte Sul Real - MT,526.0,0.6747,10.7,0.0,4.03,3.48,2026-09-09 21:11:14,OK,
MT,GD,22183946000173,7896004721903,Dexametasona 1 mg/g Bisnaga 10 g Creme Dermatológico,Profarma - MT,112.0,0.6459,10.7,0.0,4.11,3.79,2026-09-09 21:11:14,OK,
MT,GD,22183946000173,7896004721903,Dexametasona 1 mg/g Bisnaga 10 g Creme Dermatológico,Panpharma / Santa Cruz - MT,1069.0,0.6457999999999999,10.7,0.0,4.29,3.79,2026-09-09 21:11:14,OK,
MT,GD,22183946000173,7896004722122,Aceclofenaco 100 mg Caixa 12 Comprimidos Revestidos,Profarma - MT,14.0,0.7456,38.88,0.0,11.71,9.89,2026-09-09 21:11:18,OK,
MT,GD,22183946000173,7896004722122,Aceclofenaco 100 mg Caixa 12 Comprimidos Revestidos,Norte Sul Real - MT,330.0,0.7578,38.88,0.0,11.97,9.42,2026-09-09 21:11:18,OK,
MT,GD,22183946000173,7896004722122,Aceclofenaco 100 mg Caixa 12 Comprimidos Revestidos,Panpharma / Santa Cruz - MT,18.0,0.7454999999999999,38.88,0.0,12.36,9.89,2026-09-09 21:11:18,OK,
MT,GD,22183946000173,7896004722160,Bisoprolol 1.25 mg Caixa 30 Comprimidos Revestidos,Profarma - MT,1.0,0.8155,65.39,0.0,15.91,12.06,2026-09-09 21:11:22,OK,
MT,GD,22183946000173,7896004722160,Bisoprolol 1.25 mg Caixa 30 Comprimidos Revestidos,Panpharma / Santa Cruz - MT,74.0,0.8154,65.39,0.0,17.01,12.07,2026-09-09 21:11:22,OK,
MT,GD,22183946000173,7896004722160,Bisoprolol 1.25 mg Caixa 30 Comprimidos Revestidos,Norte Sul Real - MT,109.0,0.8040999999999999,65.39,0.0,17.62,12.81,2026-09-09 21:11:22,OK,
MT,GD,22183946000173,7896004722177,Bisoprolol 2.5 mg Caixa 30 Comprimidos Revestidos,Profarma - MT,76.0,0.6283,40.64,0.0,16.21,15.11,2026-09-09 21:11:26,OK,
MT,GD,22183946000173,7896004722177,Bisoprolol 2.5 mg Caixa 30 Comprimidos Revestidos,Norte Sul Real - MT,172.0,0.6331,40.64,0.0,16.72,14.91,2026-09-09 21:11:26,OK,
MT,GD,22183946000173,7896004722177,Bisoprolol 2.5 mg Caixa 30 Comprimidos Revestidos,Panpharma / Santa Cruz - MT,875.0,0.6282,40.64,0.0,16.88,15.11,2026-09-09 21:11:26,OK,
MT,GD,22183946000173,7896004722337,Paracetamol + Pseudoefedrina 500+30 mg Caixa 24 Comprimidos Revestidos,Norte Sul Real - MT,298.0,0.083,11.83,0.0,10.85,10.85,2026-09-09 21:11:30,OK,
MT,GD,22183946000173,7896004722337,Paracetamol + Pseudoefedrina 500+30 mg Caixa 24 Comprimidos Revestidos,Profarma - MT,476.0,0.04,11.83,0.0,11.36,11.36,2026-09-09 21:11:30,OK,
MT,GD,22183946000173,7896004722337,Paracetamol + Pseudoefedrina 500+30 mg Caixa 24 Comprimidos Revestidos,Panpharma / Santa Cruz - MT,173.0,0.039900000000000005,11.83,0.0,11.36,11.36,2026-09-09 21:11:30,OK,
MT,GD,22183946000173,7896004722467,Lidocaína 50 mg/g Bisnaga 25 g Pomada,Profarma - MT,141.0,0.36810000000000004,14.6,0.0,8.98,8.98,2026-09-09 21:11:34,OK,
MT,GD,22183946000173,7896004722467,Lidocaína 50 mg/g Bisnaga 25 g Pomada,Panpharma / Santa Cruz - MT,171.0,0.368,14.6,0.0,9.23,9.23,2026-09-09 21:11:34,OK,
MT,GD,22183946000173,7896004722474,Lidocaína 50 mg/g Bisnaga 25 g Pomada Sabor Laranja,Profarma - MT,284.0,0.3821,13.95,0.0,8.41,8.41,2026-09-09 21:11:38,OK,
MT,GD,22183946000173,7896004722474,Lidocaína 50 mg/g Bisnaga 25 g Pomada Sabor Laranja,Norte Sul Real - MT,534.0,0.389,13.95,0.0,8.56,8.52,2026-09-09 21:11:38,OK,
MT,GD,22183946000173,7896004722474,Lidocaína 50 mg/g Bisnaga 25 g Pomada Sabor Laranja,Panpharma / Santa Cruz - MT,380.0,0.382,13.95,0.0,8.64,8.62,2026-09-09 21:11:38,OK,
MT,GD,22183946000173,7896004722528,Ciprofloxacino + Dexametasona 3.5+1 mg/ml Frasco 5 ml Solução Oftálmica,Panpharma / Santa Cruz - MT,230.0,0.3849,25.87,0.0,15.97,15.91,2026-09-09 21:11:41,OK,
MT,GD,22183946000173,7896004722870,Losartana Potássica 100 mg Caixa 30 Comprimidos Revestidos,Profarma - MT,94.0,0.3732,41.65,0.0,25.43,25.43,2026-09-09 21:11:45,OK,
MT,GD,22183946000173,7896004722870,Losartana Potássica 100 mg Caixa 30 Comprimidos Revestidos,Panpharma / Santa Cruz - MT,50.0,0.37310000000000004,41.65,0.0,26.12,26.11,2026-09-09 21:11:45,OK,
MT,GD,22183946000173,7896004723020,Ácido Tranexâmico 250 mg Caixa 12 Comprimidos,Profarma - MT,54.0,0.04,41.84,0.0,39.33,39.33,2026-09-09 21:11:49,OK,
MT,GD,22183946000173,7896004723020,Ácido Tranexâmico 250 mg Caixa 12 Comprimidos,Norte Sul Real - MT,1223.0,0.04,41.84,0.0,40.16,40.16,2026-09-09 21:11:49,OK,
MT,GD,22183946000173,7896004723020,Ácido Tranexâmico 250 mg Caixa 12 Comprimidos,Panpharma / Santa Cruz - MT,3725.0,0.039900000000000005,41.84,0.0,40.17,40.17,2026-09-09 21:11:49,OK,
MT,GD,22183946000173,7896004723365,Fenofibrato 200 mg Caixa 30 Cápsulas,Norte Sul Real - MT,309.0,0.23600000000000002,96.4,0.0,73.65,73.65,2026-09-09 21:11:53,OK,
MT,GD,22183946000173,7896004723365,Fenofibrato 200 mg Caixa 30 Cápsulas,Profarma - MT,82.0,0.1494,96.4,0.0,80.07,80.07,2026-09-09 21:11:53,OK,
MT,GD,22183946000173,7896004723365,Fenofibrato 200 mg Caixa 30 Cápsulas,Panpharma / Santa Cruz - MT,146.0,0.1493,96.4,0.0,82.01,82.01,2026-09-09 21:11:53,OK,
MT,GD,22183946000173,7896004723563,Domperidona 10 mg Caixa 30 Comprimidos,Profarma - MT,153.0,0.7712,18.7,0.0,5.19,4.28,2026-09-09 21:11:57,OK,
MT,GD,22183946000173,7896004723563,Domperidona 10 mg Caixa 30 Comprimidos,Norte Sul Real - MT,542.0,0.7861,18.7,0.0,5.26,4.0,2026-09-09 21:11:57,OK,
MT,GD,22183946000173,7896004723563,Domperidona 10 mg Caixa 30 Comprimidos,Panpharma / Santa Cruz - MT,530.0,0.7711,18.7,0.0,5.49,4.28,2026-09-09 21:11:57,OK,
MT,GD,22183946000173,7896004723570,Domperidona 10 mg Caixa 60 Comprimidos,Profarma - MT,151.0,0.7748,35.5,0.0,9.73,7.99,2026-09-09 21:12:01,OK,
MT,GD,22183946000173,7896004723570,Domperidona 10 mg Caixa 60 Comprimidos,Norte Sul Real - MT,237.0,0.7748,35.5,0.0,10.32,7.99,2026-09-09 21:12:01,OK,
MT,GD,22183946000173,7896004723570,Domperidona 10 mg Caixa 60 Comprimidos,Panpharma / Santa Cruz - MT,689.0,0.7746999999999999,35.5,0.0,10.33,8.0,2026-09-09 21:12:01,OK,
MT,GD,22183946000173,7896004724102,Isotretinoína 20 mg Caixa 30 Cápsulas Moles,Norte Sul Real - MT,130.0,0.8066,171.71,0.0,45.9,33.21,2026-09-09 21:12:04,OK,
MT,GD,22183946000173,7896004724102,Isotretinoína 20 mg Caixa 30 Cápsulas Moles,Profarma - MT,119.0,0.774,171.71,0.0,47.71,38.81,2026-09-09 21:12:04,OK,
MT,GD,22183946000173,7896004724102,Isotretinoína 20 mg Caixa 30 Cápsulas Moles,Panpharma / Santa Cruz - MT,16.0,0.7739,171.71,0.0,50.56,38.82,2026-09-09 21:12:04,OK,
MT,GD,22183946000173,7896004724508,Latanoprosta 50 mcg/ml Frasco 2.5 ml Solução Oftálmica,Profarma - MT,197.0,0.54,121.9,0.0,57.53,56.07,2026-09-09 21:12:08,OK,
MT,GD,22183946000173,7896004724508,Latanoprosta 50 mcg/ml Frasco 2.5 ml Solução Oftálmica,Panpharma / Santa Cruz - MT,41.0,0.1577,121.9,0.0,102.68,102.68,2026-09-09 21:12:08,OK,
MT,GD,22183946000173,7896004724577,Gliclazida 30 mg Caixa 60 Comprimidos de Liberação Prolongada,Norte Sul Real - MT,744.0,0.5969,34.54,0.0,15.25,13.92,2026-09-09 21:12:12,OK,
MT,GD,22183946000173,7896004724577,Gliclazida 30 mg Caixa 60 Comprimidos de Liberação Prolongada,Profarma - MT,256.0,0.4128,34.55,0.0,19.96,19.96,2026-09-09 21:12:12,OK,
MT,GD,22183946000173,7896004724577,Gliclazida 30 mg Caixa 60 Comprimidos de Liberação Prolongada,Panpharma / Santa Cruz - MT,132.0,0.4127,34.55,0.0,20.53,20.29,2026-09-09 21:12:12,OK,
MT,GD,22183946000173,7896004724683,Bimatoprosta 0.03% Frasco 5 ml Solução Oftálmica,Profarma - MT,53.0,0.5247999999999999,148.78,0.0,72.1,70.7,2026-09-09 21:12:16,OK,
MT,GD,22183946000173,7896004724683,Bimatoprosta 0.03% Frasco 5 ml Solução Oftálmica,Panpharma / Santa Cruz - MT,64.0,0.5246999999999999,148.78,0.0,74.6,70.72,2026-09-09 21:12:16,OK,
MT,GD,22183946000173,7896004724690,Bimatoprosta 0.03% Frasco 3 ml Solução Oftálmica,Norte Sul Real - MT,62.0,0.7009000000000001,99.16,0.0,35.21,29.66,2026-09-09 21:12:19,OK,
MT,GD,22183946000173,7896004724690,Bimatoprosta 0.03% Frasco 3 ml Solução Oftálmica,Panpharma / Santa Cruz - MT,93.0,0.6992,99.16,0.0,35.35,29.83,2026-09-09 21:12:19,OK,
MT,GD,22183946000173,7896004725000,Zolpidem 10 mg Caixa 20 Comprimidos Revestidos,Norte Sul Real - MT,167.0,0.9423999999999999,53.25,0.0,8.24,3.07,2026-09-09 21:12:23,OK,
MT,GD,22183946000173,7896004725000,Zolpidem 10 mg Caixa 20 Comprimidos Revestidos,Profarma - MT,39.0,0.9074,53.25,0.0,8.89,4.93,2026-09-09 21:12:23,OK,
MT,GD,22183946000173,7896004725420,Ipratrópio 0.25 mg/ml Frasco 20 ml Solução Para Inalação,Profarma - MT,1194.0,0.7648999999999999,14.93,0.0,3.71,3.51,2026-09-09 21:12:26,OK,
MT,GD,22183946000173,7896004725420,Ipratrópio 0.25 mg/ml Frasco 20 ml Solução Para Inalação,Panpharma / Santa Cruz - MT,2022.0,0.7648,14.93,0.0,3.96,3.51,2026-09-09 21:12:26,OK,
MT,GD,22183946000173,7896004725697,Dorzolamida + Timolol 20+5 mg/ml Frasco 5 ml Gotas,Profarma - MT,18.0,0.5443,88.6,0.0,41.52,40.38,2026-09-09 21:12:30,OK,
MT,GD,22183946000173,7896004726069,Dorzolamida 20 mg/ml Frasco 5 ml Solução Oftálmica,Norte Sul Real - MT,166.0,0.5311,61.02,0.0,30.27,28.61,2026-09-09 21:12:34,OK,
MT,GD,22183946000173,7896004726069,Dorzolamida 20 mg/ml Frasco 5 ml Solução Oftálmica,Profarma - MT,186.0,0.1898,61.02,0.0,48.22,48.22,2026-09-09 21:12:34,OK,
MT,GD,22183946000173,7896004726069,Dorzolamida 20 mg/ml Frasco 5 ml Solução Oftálmica,Panpharma / Santa Cruz - MT,219.0,0.18969999999999998,61.02,0.0,49.44,49.44,2026-09-09 21:12:34,OK,
MT,GD,22183946000173,7896004726229,Hidroquinona 40 mg/g Bisnaga 30 g Creme,Norte Sul Real - MT,103.0,0.1911,46.22,0.0,37.39,37.39,2026-09-09 21:12:38,OK,
MT,GD,22183946000173,7896004726229,Hidroquinona 40 mg/g Bisnaga 30 g Creme,Profarma - MT,66.0,0.12689999999999999,46.22,0.0,39.43,39.43,2026-09-09 21:12:38,OK,
MT,GD,22183946000173,7896004726229,Hidroquinona 40 mg/g Bisnaga 30 g Creme,Panpharma / Santa Cruz - MT,48.0,0.1268,46.22,0.0,40.36,40.36,2026-09-09 21:12:38,OK,
MT,GD,22183946000173,7896004726533,Hidroquinona+Tretinoína+Fluocinolona 0.1+40+0.5 mg/g Creme Bisnaga 30 g,Profarma - MT,31.0,0.27949999999999997,158.55,0.0,111.07,111.07,2026-09-09 21:12:41,OK,
MT,GD,22183946000173,7896004726533,Hidroquinona+Tretinoína+Fluocinolona 0.1+40+0.5 mg/g Creme Bisnaga 30 g,Norte Sul Real - MT,171.0,0.27940000000000004,158.55,0.0,114.23,114.23,2026-09-09 21:12:41,OK,
MT,GD,22183946000173,7896004726854,Brimonidina 2 mg/ml Frasco 5 ml Solução Oftálmica,Profarma - MT,104.0,0.743,59.96,0.0,18.2,15.41,2026-09-09 21:12:45,OK,
MT,GD,22183946000173,7896004726854,Brimonidina 2 mg/ml Frasco 5 ml Solução Oftálmica,Panpharma / Santa Cruz - MT,103.0,0.7429000000000001,59.96,0.0,19.21,15.42,2026-09-09 21:12:45,OK,
MT,GD,22183946000173,7896004726908,Ciclobenzaprina 10 mg Caixa 10 Comprimidos Revestidos,Norte Sul Real - MT,57.0,0.6520999999999999,11.37,0.0,4.47,3.96,2026-09-09 21:12:49,OK,
MT,GD,22183946000173,7896004726908,Ciclobenzaprina 10 mg Caixa 10 Comprimidos Revestidos,Profarma - MT,340.0,0.6306,11.37,0.0,4.48,4.2,2026-09-09 21:12:49,OK,
MT,GD,22183946000173,7896004726908,Ciclobenzaprina 10 mg Caixa 10 Comprimidos Revestidos,Panpharma / Santa Cruz - MT,249.0,0.6305,11.37,0.0,4.67,4.2,2026-09-09 21:12:49,OK,
MT,GD,22183946000173,7896004727028,Gabapentina 600 mg Caixa 27 Comprimidos Revestidos,Profarma - MT,11.0,0.23309999999999997,175.96,0.0,131.42,131.42,2026-09-09 21:12:52,OK,
MT,GD,22183946000173,7896004727233,Ciclopirox Olamina 10 mg/ml Frasco 15 ml Solução Tópica,Norte Sul Real - MT,568.0,0.6553,27.51,0.0,10.73,9.48,2026-09-09 21:12:55,OK,
MT,GD,22183946000173,7896004727776,Amitriptilina 25 mg Caixa 30 Comprimidos Revestidos,Norte Sul Real - MT,797.0,0.7372,17.92,0.0,5.82,4.71,2026-09-09 21:12:59,OK,
MT,GD,22183946000173,7896004727776,Amitriptilina 25 mg Caixa 30 Comprimidos Revestidos,Profarma - MT,438.0,0.688,17.92,0.0,6.25,5.59,2026-09-09 21:12:59,OK,
MT,GD,22183946000173,7896004727776,Amitriptilina 25 mg Caixa 30 Comprimidos Revestidos,Panpharma / Santa Cruz - MT,1103.0,0.6879000000000001,17.92,0.0,6.55,5.59,2026-09-09 21:12:59,OK,
MT,GD,22183946000173,7896004727882,Bromoprida 10 mg Caixa 20 Cápsulas,Norte Sul Real - MT,269.0,0.6797,25.58,0.0,9.46,8.19,2026-09-09 21:13:03,OK,
MT,GD,22183946000173,7896004727882,Bromoprida 10 mg Caixa 20 Cápsulas,Profarma - MT,34.0,0.6202000000000001,25.58,0.0,10.3,9.72,2026-09-09 21:13:03,OK,
MT,GD,22183946000173,7896004727882,Bromoprida 10 mg Caixa 20 Cápsulas,Panpharma / Santa Cruz - MT,195.0,0.6201,25.58,0.0,10.73,9.72,2026-09-09 21:13:03,OK,
MT,GD,22183946000173,7896004728261,Travoprosta 0.04 mg/ml Frasco 2.5 ml Solução Oftálmica,Profarma - MT,8.0,0.74,89.93,0.0,27.52,23.38,2026-09-09 21:13:07,OK,
MT,GD,22183946000173,7896004728261,Travoprosta 0.04 mg/ml Frasco 2.5 ml Solução Oftálmica,Norte Sul Real - MT,250.0,0.6385000000000001,89.93,0.0,36.59,32.51,2026-09-09 21:13:07,OK,
MT,GD,22183946000173,7896004728261,Travoprosta 0.04 mg/ml Frasco 2.5 ml Solução Oftálmica,Panpharma / Santa Cruz - MT,62.0,0.6384000000000001,89.93,0.0,36.6,32.52,2026-09-09 21:13:07,OK,
MT,GD,22183946000173,7896004728490,,,0.0,0.0,0.0,0.0,0.0,0.0,2026-09-09 21:13:19,ERRO,Message: Nenhuma distribuidora pôde ser lida no card do produto.
MT,GD,22183946000173,7896004728612,Venlafaxina 150 mg Caixa 30 Cápsulas de Liberação Prolongada,Norte Sul Real - MT,293.0,0.7272,161.89,0.0,53.95,44.16,2026-09-09 21:13:23,OK,
MT,GD,22183946000173,7896004728612,Venlafaxina 150 mg Caixa 30 Cápsulas de Liberação Prolongada,Panpharma / Santa Cruz - MT,265.0,0.7271,161.89,0.0,53.96,44.18,2026-09-09 21:13:23,OK,
MT,GD,22183946000173,7896004728629,,,0.0,0.0,0.0,0.0,0.0,0.0,2026-09-09 21:13:35,ERRO,Message: Nenhuma distribuidora pôde ser lida no card do produto.
MT,GD,22183946000173,7896004728667,Risedronato Sódico 35 mg Caixa 4 Comprimidos Revestidos,Profarma - MT,12.0,0.7565000000000001,134.34,0.0,39.27,32.71,2026-09-09 21:13:38,OK,
MT,GD,22183946000173,7896004728827,Indapamida 1.5 mg Caixa 30 Comprimidos Revestidos,Norte Sul Real - MT,131.0,0.7642,31.45,0.0,9.51,7.42,2026-09-09 21:13:42,OK,
MT,GD,22183946000173,7896004728827,Indapamida 1.5 mg Caixa 30 Comprimidos Revestidos,Profarma - MT,37.0,0.7086,31.45,0.0,10.44,9.16,2026-09-09 21:13:42,OK,
MT,GD,22183946000173,7896004728827,Indapamida 1.5 mg Caixa 30 Comprimidos Revestidos,Panpharma / Santa Cruz - MT,62.0,0.7084999999999999,31.45,0.0,10.97,9.17,2026-09-09 21:13:42,OK,
MT,GD,22183946000173,7896004728858,,,0.0,0.0,0.0,0.0,0.0,0.0,2026-09-09 21:13:55,ERRO,Message: Nenhuma distribuidora pôde ser lida no card do produto.
MT,GD,22183946000173,7896004729428,Atorvastatina Cálcica 10 mg Caixa 30 Comprimidos Revestidos,Norte Sul Real - MT,150.0,0.8937,68.28,0.0,13.32,7.26,2026-09-09 21:13:58,OK,
MT,GD,22183946000173,7896004729428,Atorvastatina Cálcica 10 mg Caixa 30 Comprimidos Revestidos,Panpharma / Santa Cruz - MT,143.0,0.8076000000000001,68.28,0.0,18.2,13.14,2026-09-09 21:13:58,OK,
MT,GD,22183946000173,7896004729435,,,0.0,0.0,0.0,0.0,0.0,0.0,2026-09-09 21:14:10,ERRO,Message: Nenhuma distribuidora pôde ser lida no card do produto.
MT,GD,22183946000173,7896004729442,Atorvastatina Cálcica 40 mg Caixa 30 Comprimidos Revestidos,Profarma - MT,201.0,0.8691,137.16,0.0,27.27,17.95,2026-09-09 21:14:15,OK,
MT,GD,22183946000173,7896004729442,Atorvastatina Cálcica 40 mg Caixa 30 Comprimidos Revestidos,Panpharma / Santa Cruz - MT,24.0,0.8690000000000001,137.16,0.0,29.57,17.97,2026-09-09 21:14:15,OK,
MT,GD,22183946000173,7896004729442,Atorvastatina Cálcica 40 mg Caixa 30 Comprimidos Revestidos,Norte Sul Real - MT,363.0,0.8678,137.16,0.0,29.7,18.13,2026-09-09 21:14:15,OK,
MT,GD,22183946000173,7896004729459,Atorvastatina Cálcica 80 mg Caixa 30 Comprimidos Revestidos,Profarma - MT,44.0,0.3258,280.95,0.0,183.8,183.8,2026-09-09 21:14:19,OK,
MT,GD,22183946000173,7896004729459,Atorvastatina Cálcica 80 mg Caixa 30 Comprimidos Revestidos,Norte Sul Real - MT,113.0,0.3258,280.95,0.0,189.41,189.41,2026-09-09 21:14:19,OK,
MT,GD,22183946000173,7896004729459,Atorvastatina Cálcica 80 mg Caixa 30 Comprimidos Revestidos,Panpharma / Santa Cruz - MT,45.0,0.3257,280.95,0.0,189.44,189.44,2026-09-09 21:14:19,OK,
MT,GD,22183946000173,7896004729640,Rosuvastatina Cálcica 10 mg Caixa 30 Comprimidos Revestidos,Profarma - MT,108.0,0.8996999999999999,89.6,0.0,15.55,8.99,2026-09-09 21:14:23,OK,
MT,GD,22183946000173,7896004729640,Rosuvastatina Cálcica 10 mg Caixa 30 Comprimidos Revestidos,Norte Sul Real - MT,220.0,0.9152,89.6,0.0,15.88,7.6,2026-09-09 21:14:23,OK,
MT,GD,22183946000173,7896004729640,Rosuvastatina Cálcica 10 mg Caixa 30 Comprimidos Revestidos,Panpharma / Santa Cruz - MT,28.0,0.8996,89.6,0.0,17.04,9.0,2026-09-09 21:14:23,OK,
MT,GD,22183946000173,7896004729688,Hidroxizina 25 mg Caixa 30 Comprimidos,Norte Sul Real - MT,481.0,0.0812,32.4,0.0,29.78,29.77,2026-09-09 21:14:27,OK,
MT,GD,22183946000173,7896004729688,Hidroxizina 25 mg Caixa 30 Comprimidos,Profarma - MT,68.0,0.0424,32.41,0.0,30.39,30.39,2026-09-09 21:14:27,OK,
MT,GD,22183946000173,7896004729688,Hidroxizina 25 mg Caixa 30 Comprimidos,Panpharma / Santa Cruz - MT,156.0,0.042300000000000004,32.41,0.0,31.04,31.04,2026-09-09 21:14:27,OK,
MT,GD,22183946000173,7896004730059,,,0.0,0.0,0.0,0.0,0.0,0.0,2026-09-09 21:14:39,ERRO,Message: Nenhuma distribuidora pôde ser lida no card do produto.
MT,GD,22183946000173,7896004730080,,,0.0,0.0,0.0,0.0,0.0,0.0,2026-09-09 21:14:51,ERRO,Message: Nenhuma distribuidora pôde ser lida no card do produto.
MT,GD,22183946000173,7896004730103,Sildenafila 50 mg Caixa 4 Comprimidos Revestidos,Profarma - MT,20.0,0.8014,15.92,0.0,4.02,3.16,2026-09-09 21:14:55,OK,
MT,GD,22183946000173,7896004730103,Sildenafila 50 mg Caixa 4 Comprimidos Revestidos,Norte Sul Real - MT,206.0,0.8192,15.92,0.0,4.04,2.88,2026-09-09 21:14:55,OK,
MT,GD,22183946000173,7896004730103,Sildenafila 50 mg Caixa 4 Comprimidos Revestidos,Panpharma / Santa Cruz - MT,96.0,0.8012999999999999,15.92,0.0,4.28,3.16,2026-09-09 21:14:55,OK,
MT,GD,22183946000173,7896004730189,Ciclobenzaprina 10 mg Caixa 30 Comprimidos Revestidos,Norte Sul Real - MT,583.0,0.7252,34.15,0.0,11.34,9.38,2026-09-09 21:14:59,OK,
MT,GD,22183946000173,7896004730189,Ciclobenzaprina 10 mg Caixa 30 Comprimidos Revestidos,Panpharma / Santa Cruz - MT,224.0,0.7145999999999999,34.15,0.0,11.64,9.75,2026-09-09 21:14:59,OK,
MT,GD,22183946000173,7896004730196,Ciclobenzaprina 10 mg Caixa 15 Comprimidos Revestidos,Profarma - MT,15.0,0.6745,17.08,0.0,6.11,5.56,2026-09-09 21:15:03,OK,
MT,GD,22183946000173,7896004730196,Ciclobenzaprina 10 mg Caixa 15 Comprimidos Revestidos,Norte Sul Real - MT,287.0,0.6862999999999999,17.07,0.0,6.22,5.35,2026-09-09 21:15:03,OK,
MT,GD,22183946000173,7896004730196,Ciclobenzaprina 10 mg Caixa 15 Comprimidos Revestidos,Panpharma / Santa Cruz - MT,335.0,0.6744,17.08,0.0,6.38,5.56,2026-09-09 21:15:03,OK,
MT,GD,22183946000173,7896004730370,Quetiapina 100 mg Caixa 30 Comprimidos Revestidos,Norte Sul Real - MT,105.0,0.8582,129.05,0.0,28.6,18.3,2026-09-09 21:15:07,OK,
MT,GD,22183946000173,7896004730370,Quetiapina 100 mg Caixa 30 Comprimidos Revestidos,Profarma - MT,112.0,0.7868999999999999,129.05,0.0,34.1,27.5,2026-09-09 21:15:07,OK,
MT,GD,22183946000173,7896004730370,Quetiapina 100 mg Caixa 30 Comprimidos Revestidos,Panpharma / Santa Cruz - MT,1.0,0.7868,129.05,0.0,36.25,27.51,2026-09-09 21:15:07,OK,
MT,GD,22183946000173,7896004730387,Quetiapina 200 mg Caixa 30 Comprimidos Revestidos,Panpharma / Santa Cruz - MT,26.0,0.8129000000000001,250.31,0.0,64.89,46.83,2026-09-09 21:15:10,OK,
MT,GD,22183946000173,7896004730981,Citalopram 20 mg Caixa 30 Comprimidos Revestidos,Profarma - MT,46.0,0.8058,50.27,0.0,12.63,9.76,2026-09-09 21:15:14,OK,
MT,GD,22183946000173,7896004730981,Citalopram 20 mg Caixa 30 Comprimidos Revestidos,Norte Sul Real - MT,240.0,0.8201,50.27,0.0,12.88,9.04,2026-09-09 21:15:14,OK,
MT,GD,22183946000173,7896004730981,Citalopram 20 mg Caixa 30 Comprimidos Revestidos,Panpharma / Santa Cruz - MT,165.0,0.8057,50.27,0.0,13.48,9.77,2026-09-09 21:15:14,OK,
MT,GD,22183946000173,7896004731261,,,0.0,0.0,0.0,0.0,0.0,0.0,2026-09-09 21:15:27,ERRO,Message: Nenhuma distribuidora pôde ser lida no card do produto.
MT,GD,22183946000173,7896004731285,,,0.0,0.0,0.0,0.0,0.0,0.0,2026-09-09 21:15:39,ERRO,Message: Nenhuma distribuidora pôde ser lida no card do produto.
MT,GD,22183946000173,7896004731308,,,0.0,0.0,0.0,0.0,0.0,0.0,2026-09-09 21:15:51,ERRO,Message: Nenhuma distribuidora pôde ser lida no card do produto.
MT,GD,22183946000173,7896004731322,Carvedilol 25 mg Caixa 30 Comprimidos,Norte Sul Real - MT,1.0,0.9305,91.58,0.0,15.07,6.36,2026-09-09 21:15:54,OK,
MT,GD,22183946000173,7896004731568,Escitalopram 10 mg Caixa 30 Comprimidos Revestidos,Profarma - MT,63.0,0.8916,65.16,0.0,11.74,7.06,2026-09-09 21:15:58,OK,
MT,GD,22183946000173,7896004731568,Escitalopram 10 mg Caixa 30 Comprimidos Revestidos,Norte Sul Real - MT,177.0,0.898,65.16,0.0,12.47,6.65,2026-09-09 21:15:58,OK,
MT,GD,22183946000173,7896004731568,Escitalopram 10 mg Caixa 30 Comprimidos Revestidos,Panpharma / Santa Cruz - MT,590.0,0.8915000000000001,65.16,0.0,12.83,7.07,2026-09-09 21:15:58,OK,
MT,GD,22183946000173,7896004731575,,,0.0,0.0,0.0,0.0,0.0,0.0,2026-09-09 21:16:11,ERRO,Message: Nenhuma distribuidora pôde ser lida no card do produto.
MT,GD,22183946000173,7896004731582,Escitalopram 20 mg Caixa 30 Comprimidos Revestidos,Profarma - MT,72.0,0.8939,132.69,0.0,23.67,14.08,2026-09-09 21:16:14,OK,
MT,GD,22183946000173,7896004731582,Escitalopram 20 mg Caixa 30 Comprimidos Revestidos,Norte Sul Real - MT,125.0,0.9006000000000001,132.69,0.0,25.12,13.19,2026-09-09 21:16:14,OK,
MT,GD,22183946000173,7896004731698,,,0.0,0.0,0.0,0.0,0.0,0.0,2026-09-09 21:16:27,ERRO,Message: Nenhuma distribuidora pôde ser lida no card do produto.
MT,GD,22183946000173,7896004731704,Pioglitazona 30 mg Caixa 15 Comprimidos,Profarma - MT,8.0,0.5014,62.66,0.0,31.58,31.24,2026-09-09 21:16:30,OK,
MT,GD,22183946000173,7896004731704,Pioglitazona 30 mg Caixa 15 Comprimidos,Panpharma / Santa Cruz - MT,61.0,0.5013000000000001,62.66,0.0,32.63,31.25,2026-09-09 21:16:30,OK,
MT,GD,22183946000173,7896004732626,Bupropiona 150 mg Caixa 30 Comprimidos de Liberação Lenta,Profarma - MT,84.0,0.7873,110.48,0.0,29.47,23.5,2026-09-09 21:16:34,OK,
MT,GD,22183946000173,7896004732626,Bupropiona 150 mg Caixa 30 Comprimidos de Liberação Lenta,Panpharma / Santa Cruz - MT,106.0,0.7872,110.48,0.0,31.31,23.51,2026-09-09 21:16:34,OK,
MT,GD,22183946000173,7896004732633,Bupropiona 150 mg Caixa 60 Comprimidos de Liberação Lenta,Norte Sul Real - MT,206.0,0.8299,213.23,0.0,52.89,36.27,2026-09-09 21:16:38,OK,
MT,GD,22183946000173,7896004732633,Bupropiona 150 mg Caixa 60 Comprimidos de Liberação Lenta,Profarma - MT,11.0,0.7827,213.23,0.0,57.7,46.33,2026-09-09 21:16:38,OK,
MT,GD,22183946000173,7896004732633,Bupropiona 150 mg Caixa 60 Comprimidos de Liberação Lenta,Panpharma / Santa Cruz - MT,166.0,0.7826000000000001,213.23,0.0,61.26,46.36,2026-09-09 21:16:38,OK,
MT,GD,22183946000173,7896004733234,Prednisolona 20 mg Caixa 10 Comprimidos,Norte Sul Real - MT,682.0,0.6751999999999999,17.51,0.0,6.59,5.69,2026-09-09 21:16:42,OK,
MT,GD,22183946000173,7896004733234,Prednisolona 20 mg Caixa 10 Comprimidos,Profarma - MT,540.0,0.6513,17.51,0.0,6.65,6.11,2026-09-09 21:16:42,OK,
MT,GD,22183946000173,7896004733234,Prednisolona 20 mg Caixa 10 Comprimidos,Panpharma / Santa Cruz - MT,765.0,0.6512,17.51,0.0,6.94,6.11,2026-09-09 21:16:42,OK,
MT,GD,22183946000173,7896004734354,,,0.0,0.0,0.0,0.0,0.0,0.0,2026-09-09 21:16:55,ERRO,Message: Nenhuma distribuidora pôde ser lida no card do produto.
MT,GD,22183946000173,7896004734361,Moxifloxacino 400 mg Caixa 7 Comprimidos Revestidos,Profarma - MT,42.0,0.6931,174.46,0.0,60.18,53.54,2026-09-09 21:16:58,OK,
MT,GD,22183946000173,7896004734361,Moxifloxacino 400 mg Caixa 7 Comprimidos Revestidos,Panpharma / Santa Cruz - MT,20.0,0.693,174.46,0.0,63.09,53.56,2026-09-09 21:16:58,OK,
MT,GD,22183946000173,7896004734392,Drospirenona + Etinilestradiol 3+0.03 mg Caixa 21 Comprimidos Revestidos,Profarma - MT,78.0,0.7875,51.6,0.0,13.75,10.97,2026-09-09 21:17:02,OK,
MT,GD,22183946000173,7896004734392,Drospirenona + Etinilestradiol 3+0.03 mg Caixa 21 Comprimidos Revestidos,Norte Sul Real - MT,149.0,0.7875,51.6,0.0,14.61,10.97,2026-09-09 21:17:02,OK,
MT,GD,22183946000173,7896004737058,Atorvastatina Cálcica 20 mg Caixa 60 Comprimidos Revestidos,Norte Sul Real - MT,52.0,0.8762000000000001,121.12,0.0,25.39,14.99,2026-09-09 21:17:05,OK,
MT,GD,22183946000173,7896004737119,Paroxetina 20 mg Caixa 30 Comprimidos Revestidos,Norte Sul Real - MT,96.0,0.7867000000000001,47.49,0.0,13.48,10.13,2026-09-09 21:17:09,OK,
MT,GD,22183946000173,7896004737119,Paroxetina 20 mg Caixa 30 Comprimidos Revestidos,Profarma - MT,40.0,0.7595000000000001,47.49,0.0,13.76,11.42,2026-09-09 21:17:09,OK,
MT,GD,22183946000173,7896004737119,Paroxetina 20 mg Caixa 30 Comprimidos Revestidos,Panpharma / Santa Cruz - MT,109.0,0.7594,47.49,0.0,14.56,11.43,2026-09-09 21:17:09,OK,
MT,GD,22183946000173,7896004737218,Orlistate 120 mg Caixa 42 Cápsulas,Profarma - MT,280.0,0.5674,171.66,0.0,76.64,74.26,2026-09-09 21:17:13,OK,
MT,GD,22183946000173,7896004737218,Orlistate 120 mg Caixa 42 Cápsulas,Norte Sul Real - MT,275.0,0.5674,171.66,0.0,79.48,74.26,2026-09-09 21:17:13,OK,
MT,GD,22183946000173,7896004737218,Orlistate 120 mg Caixa 42 Cápsulas,Panpharma / Santa Cruz - MT,455.0,0.5672999999999999,171.66,0.0,79.5,74.28,2026-09-09 21:17:13,OK,
MT,GD,22183946000173,7896004737225,Orlistate 120 mg Caixa 84 Cápsulas,Profarma - MT,44.0,0.662,345.23,0.0,127.02,116.69,2026-09-09 21:17:17,OK,
MT,GD,22183946000173,7896004737225,Orlistate 120 mg Caixa 84 Cápsulas,Panpharma / Santa Cruz - MT,37.0,0.6618999999999999,345.23,0.0,132.77,116.72,2026-09-09 21:17:17,OK,
MT,GD,22183946000173,7896004738406,Clopidogrel 75 mg Caixa 28 Comprimidos Revestidos,Norte Sul Real - MT,65.0,0.7768999999999999,69.23,0.0,20.22,15.45,2026-09-09 21:17:21,OK,
MT,GD,22183946000173,7896004738406,Clopidogrel 75 mg Caixa 28 Comprimidos Revestidos,Profarma - MT,57.0,0.7209,69.23,0.0,22.29,19.32,2026-09-09 21:17:21,OK,
MT,GD,22183946000173,7896004738406,Clopidogrel 75 mg Caixa 28 Comprimidos Revestidos,Panpharma / Santa Cruz - MT,116.0,0.7208,69.23,0.0,23.44,19.33,2026-09-09 21:17:21,OK,
MT,GD,22183946000173,7896004739588,Bisoprolol 5 mg Caixa 30 Comprimidos Revestidos,Profarma - MT,4.0,0.6751999999999999,49.46,0.0,17.79,16.06,2026-09-09 21:17:25,OK,
MT,GD,22183946000173,7896004739588,Bisoprolol 5 mg Caixa 30 Comprimidos Revestidos,Panpharma / Santa Cruz - MT,790.0,0.6751,49.46,0.0,18.62,16.07,2026-09-09 21:17:25,OK,
MT,GD,22183946000173,7896004739588,Bisoprolol 5 mg Caixa 30 Comprimidos Revestidos,Norte Sul Real - MT,501.0,0.6636,49.46,0.0,19.09,16.64,2026-09-09 21:17:25,OK,
MT,GD,22183946000173,7896004739595,,,0.0,0.0,0.0,0.0,0.0,0.0,2026-09-09 21:17:37,ERRO,Message: Nenhuma distribuidora pôde ser lida no card do produto.
MT,GD,22183946000173,7896004742007,Diclofenaco Sódico 50 mg Caixa 20 Comprimidos Revestidos Lib. Retardada,Norte Sul Real - MT,83.0,0.7855,24.4,0.0,6.95,5.23,2026-09-09 21:17:41,OK,
MT,GD,22183946000173,7896004742007,Diclofenaco Sódico 50 mg Caixa 20 Comprimidos Revestidos Lib. Retardada,Panpharma / Santa Cruz - MT,23.0,0.769,24.4,0.0,7.29,5.64,2026-09-09 21:17:41,OK,
MT,GD,22183946000173,7896004742069,,,0.0,0.0,0.0,0.0,0.0,0.0,2026-09-09 21:17:53,ERRO,Message: Nenhuma distribuidora pôde ser lida no card do produto.
MT,GD,22183946000173,7896004742076,Esomeprazol Magnésico 40 mg Caixa 28 Comprimidos Revestidos Lib. Retardada,Norte Sul Real - MT,414.0,0.8120999999999999,226.78,0.0,59.6,42.61,2026-09-09 21:17:57,OK,
MT,GD,22183946000173,7896004742076,Esomeprazol Magnésico 40 mg Caixa 28 Comprimidos Revestidos Lib. Retardada,Profarma - MT,253.0,0.7781999999999999,226.78,0.0,62.21,50.3,2026-09-09 21:17:57,OK,
MT,GD,22183946000173,7896004742076,Esomeprazol Magnésico 40 mg Caixa 28 Comprimidos Revestidos Lib. Retardada,Panpharma / Santa Cruz - MT,222.0,0.7781,226.78,0.0,66.0,50.32,2026-09-09 21:17:57,OK,
MT,GD,22183946000173,7896004742199,Tibolona 2.5 mg Caixa 30 Comprimidos,Norte Sul Real - MT,439.0,0.6149,63.36,0.0,27.02,24.4,2026-09-09 21:18:01,OK,
MT,GD,22183946000173,7896004742199,Tibolona 2.5 mg Caixa 30 Comprimidos,Profarma - MT,224.0,0.5822999999999999,63.36,0.0,27.69,26.47,2026-09-09 21:18:01,OK,
MT,GD,22183946000173,7896004742199,Tibolona 2.5 mg Caixa 30 Comprimidos,Panpharma / Santa Cruz - MT,535.0,0.5821999999999999,63.36,0.0,28.74,26.47,2026-09-09 21:18:01,OK,
MT,GD,22183946000173,7896004743042,Pramipexol 0.250 mg Caixa 30 Comprimidos,Profarma - MT,35.0,0.684,75.39,0.0,26.57,23.82,2026-09-09 21:18:05,OK,
MT,GD,22183946000173,7896004743042,Pramipexol 0.250 mg Caixa 30 Comprimidos,Panpharma / Santa Cruz - MT,47.0,0.6839,75.39,0.0,27.83,23.83,2026-09-09 21:18:05,OK,
MT,GD,22183946000173,7896004743042,Pramipexol 0.250 mg Caixa 30 Comprimidos,Norte Sul Real - MT,50.0,0.6837000000000001,75.39,0.0,27.85,23.85,2026-09-09 21:18:05,OK,
MT,GD,22183946000173,7896004743745,Rosuvastatina Cálcica 5 mg Caixa 30 Comprimidos Revestidos,Norte Sul Real - MT,129.0,0.8341,63.39,0.0,15.5,10.52,2026-09-09 21:18:09,OK,
MT,GD,22183946000173,7896004743745,Rosuvastatina Cálcica 5 mg Caixa 30 Comprimidos Revestidos,Profarma - MT,33.0,0.8,63.39,0.0,16.24,12.68,2026-09-09 21:18:09,OK,
MT,GD,22183946000173,7896004743745,Rosuvastatina Cálcica 5 mg Caixa 30 Comprimidos Revestidos,Panpharma / Santa Cruz - MT,19.0,0.7670999999999999,63.39,0.0,19.02,14.76,2026-09-09 21:18:09,OK,
MT,GD,22183946000173,7896004743936,,,0.0,0.0,0.0,0.0,0.0,0.0,2026-09-09 21:18:21,ERRO,Message: Nenhuma distribuidora pôde ser lida no card do produto.
MT,GD,22183946000173,7896004743943,Esomeprazol Magnésico 40 mg Caixa 14 Comprimidos Revestidos Lib. Retardada,Norte Sul Real - MT,63.0,0.8058,127.42,0.0,34.15,24.74,2026-09-09 21:18:25,OK,
MT,GD,22183946000173,7896004743943,Esomeprazol Magnésico 40 mg Caixa 14 Comprimidos Revestidos Lib. Retardada,Panpharma / Santa Cruz - MT,24.0,0.8057,127.42,0.0,34.16,24.76,2026-09-09 21:18:25,OK,
MT,GD,22183946000173,7896004744360,Fluoxetina 20 mg Caixa 30 Cápsulas,Profarma - MT,2.0,0.8887999999999999,54.73,0.0,10.0,6.09,2026-09-09 21:18:29,OK,
MT,GD,22183946000173,7896004744360,Fluoxetina 20 mg Caixa 30 Cápsulas,Norte Sul Real - MT,309.0,0.9062,54.73,0.0,10.11,5.13,2026-09-09 21:18:29,OK,
MT,GD,22183946000173,7896004744360,Fluoxetina 20 mg Caixa 30 Cápsulas,Panpharma / Santa Cruz - MT,391.0,0.8887,54.73,0.0,10.9,6.09,2026-09-09 21:18:29,OK,
MT,GD,22183946000173,7896004744957,Drospirenona + Etinilestradiol 3+0.02 mg Caixa 24 Comprimidos Revestidos,Norte Sul Real - MT,114.0,0.7661,56.27,0.0,16.93,13.16,2026-09-09 21:18:33,OK,
MT,GD,22183946000173,7896004744957,Drospirenona + Etinilestradiol 3+0.02 mg Caixa 24 Comprimidos Revestidos,Panpharma / Santa Cruz - MT,78.0,0.7612000000000001,56.27,0.0,17.17,13.44,2026-09-09 21:18:33,OK,
MT,GD,22183946000173,7896004746388,Venlafaxina 75 mg Caixa 30 Cápsulas de Liberação Prolongada,Profarma - MT,79.0,0.6479,82.99,0.0,31.74,29.22,2026-09-09 21:18:37,OK,
MT,GD,22183946000173,7896004746388,Venlafaxina 75 mg Caixa 30 Cápsulas de Liberação Prolongada,Norte Sul Real - MT,64.0,0.6479,82.99,0.0,33.11,29.22,2026-09-09 21:18:37,OK,
MT,GD,22183946000173,7896004746388,Venlafaxina 75 mg Caixa 30 Cápsulas de Liberação Prolongada,Panpharma / Santa Cruz - MT,139.0,0.6478,82.99,0.0,33.13,29.23,2026-09-09 21:18:37,OK,
MT,GD,22183946000173,7896004746920,Ezetimiba 10 mg Caixa 60 Comprimidos,Profarma - MT,20.0,0.7615000000000001,130.16,0.0,37.52,31.04,2026-09-09 21:18:41,OK,
MT,GD,22183946000173,7896004746920,Ezetimiba 10 mg Caixa 60 Comprimidos,Norte Sul Real - MT,126.0,0.7675,130.16,0.0,39.02,30.26,2026-09-09 21:18:41,OK,
MT,GD,22183946000173,7896004746920,Ezetimiba 10 mg Caixa 60 Comprimidos,Panpharma / Santa Cruz - MT,117.0,0.7614,130.16,0.0,39.68,31.06,2026-09-09 21:18:41,OK,
MT,GD,22183946000173,7896004746937,,,0.0,0.0,0.0,0.0,0.0,0.0,2026-09-09 21:18:53,ERRO,Message: Nenhuma distribuidora pôde ser lida no card do produto.
MT,GD,22183946000173,7896004747002,Escitalopram 15 mg Caixa 30 Comprimidos Revestidos,Profarma - MT,78.0,0.8887999999999999,151.39,0.0,27.62,16.83,2026-09-09 21:18:57,OK,
MT,GD,22183946000173,7896004747002,Escitalopram 15 mg Caixa 30 Comprimidos Revestidos,Norte Sul Real - MT,99.0,0.9065000000000001,151.38,0.0,27.92,14.15,2026-09-09 21:18:57,OK,
MT,GD,22183946000173,7896004747002,Escitalopram 15 mg Caixa 30 Comprimidos Revestidos,Panpharma / Santa Cruz - MT,19.0,0.8887,151.39,0.0,30.16,16.85,2026-09-09 21:18:57,OK,
MT,GD,22183946000173,7896004747040,Ezetimiba + Sinvastatina 10+10 mg Caixa 30 Comprimidos,Norte Sul Real - MT,125.0,0.7404999999999999,98.31,0.0,31.68,25.51,2026-09-09 21:19:00,OK,
MT,GD,22183946000173,7896004747040,Ezetimiba + Sinvastatina 10+10 mg Caixa 30 Comprimidos,Panpharma / Santa Cruz - MT,64.0,0.6829000000000001,98.31,0.0,36.37,31.17,2026-09-09 21:19:00,OK,
MT,GD,22183946000173,7896004747057,Ezetimiba + Sinvastatina 10+20 mg Caixa 30 Comprimidos,Profarma - MT,33.0,0.6461,88.96,0.0,34.15,31.48,2026-09-09 21:19:04,OK,
MT,GD,22183946000173,7896004747057,Ezetimiba + Sinvastatina 10+20 mg Caixa 30 Comprimidos,Norte Sul Real - MT,56.0,0.6461,88.96,0.0,35.63,31.48,2026-09-09 21:19:04,OK,
MT,GD,22183946000173,7896004747057,Ezetimiba + Sinvastatina 10+20 mg Caixa 30 Comprimidos,Panpharma / Santa Cruz - MT,113.0,0.6459999999999999,88.96,0.0,35.64,31.49,2026-09-09 21:19:04,OK,
MT,GD,22183946000173,7896004747064,,,0.0,0.0,0.0,0.0,0.0,0.0,2026-09-09 21:19:17,ERRO,Message: Nenhuma distribuidora pôde ser lida no card do produto.
MT,GD,22183946000173,7896004747620,Aripiprazol 10 mg Caixa 30 Comprimidos,Norte Sul Real - MT,101.0,0.7562000000000001,232.84,0.0,71.98,56.77,2026-09-09 21:19:20,OK,
MT,GD,22183946000173,7896004747620,Aripiprazol 10 mg Caixa 30 Comprimidos,Panpharma / Santa Cruz - MT,326.0,0.7448,232.84,0.0,74.19,59.42,2026-09-09 21:19:20,OK,
MT,GD,22183946000173,7896004747637,Aripiprazol 15 mg Caixa 30 Comprimidos,Profarma - MT,27.0,0.7818999999999999,341.29,0.0,92.58,74.44,2026-09-09 21:19:24,OK,
MT,GD,22183946000173,7896004747637,Aripiprazol 15 mg Caixa 30 Comprimidos,Norte Sul Real - MT,92.0,0.7818,341.29,0.0,98.24,74.47,2026-09-09 21:19:24,OK,
MT,GD,22183946000173,7896004747637,Aripiprazol 15 mg Caixa 30 Comprimidos,Panpharma / Santa Cruz - MT,164.0,0.7818,341.29,0.0,98.27,74.47,2026-09-09 21:19:24,OK,
MT,GD,22183946000173,7896004747774,Duloxetina 60 mg Caixa 30 Cápsulas de Liberação Retardada,Norte Sul Real - MT,512.0,0.5276,122.04,0.0,60.89,57.65,2026-09-09 21:19:28,OK,
MT,GD,22183946000173,7896004747774,Duloxetina 60 mg Caixa 30 Cápsulas de Liberação Retardada,Profarma - MT,137.0,0.4533,122.04,0.0,66.39,66.39,2026-09-09 21:19:28,OK,
MT,GD,22183946000173,7896004747774,Duloxetina 60 mg Caixa 30 Cápsulas de Liberação Retardada,Panpharma / Santa Cruz - MT,786.0,0.4532,122.04,0.0,68.43,66.73,2026-09-09 21:19:28,OK,
MT,GD,22183946000173,7896004747880,Celecoxibe 200 mg Caixa 10 Cápsulas,Profarma - MT,45.0,0.7801,39.48,0.0,10.77,8.68,2026-09-09 21:19:32,OK,
MT,GD,22183946000173,7896004747880,Celecoxibe 200 mg Caixa 10 Cápsulas,Norte Sul Real - MT,196.0,0.7903,39.47,0.0,11.09,8.28,2026-09-09 21:19:32,OK,
MT,GD,22183946000173,7896004747880,Celecoxibe 200 mg Caixa 10 Cápsulas,Panpharma / Santa Cruz - MT,162.0,0.78,39.48,0.0,11.43,8.69,2026-09-09 21:19:32,OK,
MT,GD,22183946000173,7896004747897,Celecoxibe 200 mg Caixa 30 Cápsulas,Profarma - MT,12.0,0.7894,115.42,0.0,30.59,24.31,2026-09-09 21:19:36,OK,
MT,GD,22183946000173,7896004747897,Celecoxibe 200 mg Caixa 30 Cápsulas,Panpharma / Santa Cruz - MT,40.0,0.7893000000000001,115.42,0.0,32.52,24.32,2026-09-09 21:19:36,OK,
MT,GD,22183946000173,7896004748214,,,0.0,0.0,0.0,0.0,0.0,0.0,2026-09-09 21:19:48,ERRO,Message: Nenhuma distribuidora pôde ser lida no card do produto.
MT,GD,22183946000173,7896004749303,Pantoprazol 20 mg Caixa 42 Comprimidos Revestidos Lib. Retardada,Norte Sul Real - MT,150.0,0.8199,50.14,0.0,12.85,9.03,2026-09-09 21:19:51,OK,
MT,GD,22183946000173,7896004749358,,,0.0,0.0,0.0,0.0,0.0,0.0,2026-09-09 21:20:03,ERRO,Message: Nenhuma distribuidora pôde ser lida no card do produto.
MT,GD,22183946000173,7896004749624,Tadalafila 5 mg Caixa 30 Comprimidos Revestidos,Profarma - MT,515.0,0.92,92.96,0.0,14.56,7.44,2026-09-09 21:20:08,OK,
MT,GD,22183946000173,7896004749624,Tadalafila 5 mg Caixa 30 Comprimidos Revestidos,Norte Sul Real - MT,631.0,0.9301,92.96,0.0,15.32,6.5,2026-09-09 21:20:08,OK,
MT,GD,22183946000173,7896004749624,Tadalafila 5 mg Caixa 30 Comprimidos Revestidos,Panpharma / Santa Cruz - MT,670.0,0.9198999999999999,92.96,0.0,16.11,7.45,2026-09-09 21:20:08,OK,
MT,GD,22183946000173,7896004749631,,,0.0,0.0,0.0,0.0,0.0,0.0,2026-09-09 21:20:20,ERRO,Message: Nenhuma distribuidora pôde ser lida no card do produto.
MT,GD,22183946000173,7896004749648,Tadalafila 20 mg Caixa 4 Comprimidos Revestidos,Profarma - MT,1159.0,0.8931999999999999,33.01,0.0,5.91,3.53,2026-09-09 21:20:24,OK,
MT,GD,22183946000173,7896004749648,Tadalafila 20 mg Caixa 4 Comprimidos Revestidos,Norte Sul Real - MT,1806.0,0.9035,33.01,0.0,6.17,3.19,2026-09-09 21:20:24,OK,
MT,GD,22183946000173,7896004749648,Tadalafila 20 mg Caixa 4 Comprimidos Revestidos,Panpharma / Santa Cruz - MT,1351.0,0.8931,33.01,0.0,6.46,3.53,2026-09-09 21:20:24,OK,
MT,GD,22183946000173,7896004749655,,,0.0,0.0,0.0,0.0,0.0,0.0,2026-09-09 21:20:36,ERRO,Message: Nenhuma distribuidora pôde ser lida no card do produto.
MT,GD,22183946000173,7896004750330,Olmesartana + Hidroclorotiazida 20+12.5 mg Caixa 30 Comprimidos Revestidos,Profarma - MT,293.0,0.5478000000000001,48.24,0.0,22.46,21.81,2026-09-09 21:20:40,OK,
MT,GD,22183946000173,7896004750330,Olmesartana + Hidroclorotiazida 20+12.5 mg Caixa 30 Comprimidos Revestidos,Panpharma / Santa Cruz - MT,488.0,0.5477000000000001,48.24,0.0,23.26,21.82,2026-09-09 21:20:40,OK,
MT,GD,22183946000173,7896004750347,Olmesartana + Hidroclorotiazida 40+12.5 mg Caixa 30 Comprimidos Revestidos,Norte Sul Real - MT,507.0,0.5632,54.95,0.0,25.79,24.0,2026-09-09 21:20:44,OK,
MT,GD,22183946000173,7896004750347,Olmesartana + Hidroclorotiazida 40+12.5 mg Caixa 30 Comprimidos Revestidos,Profarma - MT,60.0,0.5257000000000001,54.95,0.0,26.59,26.06,2026-09-09 21:20:44,OK,
MT,GD,22183946000173,7896004750347,Olmesartana + Hidroclorotiazida 40+12.5 mg Caixa 30 Comprimidos Revestidos,Panpharma / Santa Cruz - MT,464.0,0.5256000000000001,54.95,0.0,27.51,26.07,2026-09-09 21:20:44,OK,
MT,GD,22183946000173,7896004750354,Olmesartana Medoxomila + Hidroclorotiazida (40+25) mg Caixa 30 Comprimidos Revestidos,Profarma - MT,554.0,0.5434,54.94,0.0,25.78,25.09,2026-09-09 21:20:48,OK,
MT,GD,22183946000173,7896004750354,Olmesartana Medoxomila + Hidroclorotiazida (40+25) mg Caixa 30 Comprimidos Revestidos,Panpharma / Santa Cruz - MT,533.0,0.5433,54.94,0.0,26.69,25.09,2026-09-09 21:20:48,OK,
MT,GD,22183946000173,7896004750354,Olmesartana Medoxomila + Hidroclorotiazida (40+25) mg Caixa 30 Comprimidos Revestidos,Norte Sul Real - MT,414.0,0.5428999999999999,54.94,0.0,26.7,25.11,2026-09-09 21:20:48,OK,
MT,GD,22183946000173,7896004750620,Olmesartana + Anlodipino 40+10 mg Caixa 30 Comprimidos Revestidos,Norte Sul Real - MT,123.0,0.37579999999999997,49.39,0.0,30.87,30.83,2026-09-09 21:20:52,OK,
MT,GD,22183946000173,7896004750620,Olmesartana + Anlodipino 40+10 mg Caixa 30 Comprimidos Revestidos,Profarma - MT,8.0,0.25,49.39,0.0,36.05,36.05,2026-09-09 21:20:52,OK,
MT,GD,22183946000173,7896004750620,Olmesartana + Anlodipino 40+10 mg Caixa 30 Comprimidos Revestidos,Panpharma / Santa Cruz - MT,79.0,0.22399999999999998,49.39,0.0,38.33,38.33,2026-09-09 21:20:52,OK,
MT,GD,22183946000173,7896004750637,Olmesartana + Anlodipino 40+5 mg Caixa 30 Comprimidos Revestidos,Norte Sul Real - MT,53.0,0.39409999999999995,49.39,0.0,30.11,29.93,2026-09-09 21:20:55,OK,
MT,GD,22183946000173,7896004750644,Olmesartana + Anlodipino 20+5 mg Caixa 30 Comprimidos Revestidos,Norte Sul Real - MT,55.0,0.261,43.67,0.0,32.27,32.27,2026-09-09 21:20:58,OK,
MT,GD,22183946000173,7896004751009,,,0.0,0.0,0.0,0.0,0.0,0.0,2026-09-09 21:21:10,ERRO,Message: Nenhuma distribuidora pôde ser lida no card do produto.
MT,GD,22183946000173,7896004751016,Desvenlafaxina 100 mg Caixa 30 Comprimidos Lib. Prolongada,Norte Sul Real - MT,78.0,0.7518,137.01,0.0,42.87,34.01,2026-09-09 21:21:14,OK,
MT,GD,22183946000173,7896004751016,Desvenlafaxina 100 mg Caixa 30 Comprimidos Lib. Prolongada,Panpharma / Santa Cruz - MT,197.0,0.7051999999999999,137.01,0.0,48.16,40.39,2026-09-09 21:21:14,OK,
MT,GD,22183946000173,7896004751641,Desogestrel 75 mcg Caixa 28 Comprimidos Revestidos,Norte Sul Real - MT,179.0,0.7429000000000001,29.36,0.0,9.4,7.55,2026-09-09 21:21:18,OK,
MT,GD,22183946000173,7896004751641,Desogestrel 75 mcg Caixa 28 Comprimidos Revestidos,Profarma - MT,42.0,0.6834,29.36,0.0,10.37,9.3,2026-09-09 21:21:18,OK,
MT,GD,22183946000173,7896004751641,Desogestrel 75 mcg Caixa 28 Comprimidos Revestidos,Panpharma / Santa Cruz - MT,278.0,0.6833,29.36,0.0,10.86,9.3,2026-09-09 21:21:18,OK,
MT,GD,22183946000173,7896004752112,Tansulosina 0.4 mg Caixa 20 Comprimidos de Liberação Prolongada,Norte Sul Real - MT,174.0,0.7518,77.47,0.0,24.24,19.23,2026-09-09 21:21:22,OK,
MT,GD,22183946000173,7896004752112,Tansulosina 0.4 mg Caixa 20 Comprimidos de Liberação Prolongada,Profarma - MT,110.0,0.6368,77.47,0.0,30.35,28.14,2026-09-09 21:21:22,OK,
MT,GD,22183946000173,7896004752112,Tansulosina 0.4 mg Caixa 20 Comprimidos de Liberação Prolongada,Panpharma / Santa Cruz - MT,3.0,0.6367,77.47,0.0,31.64,28.14,2026-09-09 21:21:22,OK,
MT,GD,22183946000173,7896004752211,Trazodona 50 mg Caixa 60 Comprimidos Revestidos,Profarma - MT,221.0,0.6187,65.54,0.0,26.65,24.99,2026-09-09 21:21:26,OK,
MT,GD,22183946000173,7896004752211,Trazodona 50 mg Caixa 60 Comprimidos Revestidos,Norte Sul Real - MT,381.0,0.6187,65.54,0.0,27.74,24.99,2026-09-09 21:21:26,OK,
MT,GD,22183946000173,7896004752211,Trazodona 50 mg Caixa 60 Comprimidos Revestidos,Panpharma / Santa Cruz - MT,588.0,0.6186,65.54,0.0,27.75,25.0,2026-09-09 21:21:26,OK,
MT,GD,22183946000173,7896004752228,,,0.0,0.0,0.0,0.0,0.0,0.0,2026-09-09 21:21:39,ERRO,Message: Nenhuma distribuidora pôde ser lida no card do produto.
MT,GD,22183946000173,7896004752471,Ibandronato De Sódio 150 mg Caixa 1 Comprimido Revestido,Norte Sul Real - MT,142.0,0.7606,76.28,0.0,23.29,18.26,2026-09-09 21:21:42,OK,
MT,GD,22183946000173,7896004752471,Ibandronato De Sódio 150 mg Caixa 1 Comprimido Revestido,Panpharma / Santa Cruz - MT,67.0,0.7606,76.28,0.0,23.31,18.26,2026-09-09 21:21:42,OK,
MT,GD,22183946000173,7896004752525,,,0.0,0.0,0.0,0.0,0.0,0.0,2026-09-09 21:21:55,ERRO,Message: Nenhuma distribuidora pôde ser lida no card do produto.
MT,GD,22183946000173,7896004752730,Gliclazida 60 mg Caixa 30 Comprimidos de Liberação Prolongada,Profarma - MT,184.0,0.5,50.99,0.0,25.76,25.5,2026-09-09 21:21:59,OK,
MT,GD,22183946000173,7896004752730,Gliclazida 60 mg Caixa 30 Comprimidos de Liberação Prolongada,Norte Sul Real - MT,655.0,0.5166,50.99,0.0,25.9,24.65,2026-09-09 21:21:59,OK,
MT,GD,22183946000173,7896004752730,Gliclazida 60 mg Caixa 30 Comprimidos de Liberação Prolongada,Panpharma / Santa Cruz - MT,1285.0,0.48229999999999995,50.99,0.0,27.36,26.4,2026-09-09 21:21:59,OK,
MT,GD,22183946000173,7896004753089,Lercanidipino 10 mg Caixa 30 Comprimidos Revestidos,Profarma - MT,35.0,0.1789,92.7,0.0,74.27,74.27,2026-09-09 21:22:02,OK,
MT,GD,22183946000173,7896004754154,Metilfenidato 10 mg Caixa 30 Comprimidos,Profarma - MT,188.0,0.2364,26.14,0.0,19.44,19.44,2026-09-09 21:22:06,OK,
MT,GD,22183946000173,7896004754154,Metilfenidato 10 mg Caixa 30 Comprimidos,Panpharma / Santa Cruz - MT,440.0,0.23629999999999998,26.14,0.0,19.96,19.96,2026-09-09 21:22:06,OK,
MT,GD,22183946000173,7896004754154,Metilfenidato 10 mg Caixa 30 Comprimidos,Norte Sul Real - MT,291.0,0.2364,26.14,0.0,19.96,19.96,2026-09-09 21:22:06,OK,
MT,GD,22183946000173,7896004754161,Metilfenidato 10 mg Caixa 60 Comprimidos,Profarma - MT,78.0,0.2212,51.05,0.0,38.74,38.74,2026-09-09 21:22:10,OK,
MT,GD,22183946000173,7896004754161,Metilfenidato 10 mg Caixa 60 Comprimidos,Norte Sul Real - MT,147.0,0.2212,51.05,0.0,39.75,39.75,2026-09-09 21:22:10,OK,
MT,GD,22183946000173,7896004754161,Metilfenidato 10 mg Caixa 60 Comprimidos,Panpharma / Santa Cruz - MT,184.0,0.2211,51.05,0.0,39.76,39.76,2026-09-09 21:22:10,OK,
MT,GD,22183946000173,7896004754949,Duloxetina 30 mg Caixa 30 Cápsulas de Liberação Retardada,Norte Sul Real - MT,345.0,0.4714,64.94,0.0,35.43,34.33,2026-09-09 21:22:14,OK,
MT,GD,22183946000173,7896004754949,Duloxetina 30 mg Caixa 30 Cápsulas de Liberação Retardada,Profarma - MT,9.0,0.4244,64.94,0.0,36.89,36.89,2026-09-09 21:22:14,OK,
MT,GD,22183946000173,7896004754949,Duloxetina 30 mg Caixa 30 Cápsulas de Liberação Retardada,Panpharma / Santa Cruz - MT,841.0,0.4243,64.94,0.0,37.97,37.39,2026-09-09 21:22:14,OK,
MT,GD,22183946000173,7896004755342,Rosuvastatina Cálcica 5 mg Caixa 60 Comprimidos Revestidos,Norte Sul Real - MT,262.0,0.8388,117.39,0.0,28.25,18.92,2026-09-09 21:22:18,OK,
MT,GD,22183946000173,7896004755342,Rosuvastatina Cálcica 5 mg Caixa 60 Comprimidos Revestidos,Profarma - MT,22.0,0.7615000000000001,117.39,0.0,33.83,28.0,2026-09-09 21:22:18,OK,
MT,GD,22183946000173,7896004755878,Drospirenona + Etinilestradiol 3+0.03 mg Caixa 63 Comprimidos Revestidos,Norte Sul Real - MT,97.0,0.7151000000000001,122.22,0.0,41.95,34.82,2026-09-09 21:22:21,OK,
MT,GD,22183946000173,7896004756417,,,0.0,0.0,0.0,0.0,0.0,0.0,2026-09-09 21:22:33,ERRO,Message: Nenhuma distribuidora pôde ser lida no card do produto.
MT,GD,22183946000173,7896004756424,,,0.0,0.0,0.0,0.0,0.0,0.0,2026-09-09 21:22:45,ERRO,Message: Nenhuma distribuidora pôde ser lida no card do produto.
MT,GD,22183946000173,7896004756431,,,0.0,0.0,0.0,0.0,0.0,0.0,2026-09-09 21:22:57,ERRO,Message: Nenhuma distribuidora pôde ser lida no card do produto.
MT,GD,22183946000173,7896004756875,,,0.0,0.0,0.0,0.0,0.0,0.0,2026-09-09 21:23:10,ERRO,Message: Nenhuma distribuidora pôde ser lida no card do produto.
MT,GD,22183946000173,7896004757353,Levocetirizina 5 mg Caixa 10 Comprimidos Revestidos,Norte Sul Real - MT,200.0,0.5989,40.47,0.0,17.68,16.23,2026-09-09 21:23:14,OK,
MT,GD,22183946000173,7896004757353,Levocetirizina 5 mg Caixa 10 Comprimidos Revestidos,Profarma - MT,74.0,0.5329,40.47,0.0,19.22,18.9,2026-09-09 21:23:14,OK,
MT,GD,22183946000173,7896004757353,Levocetirizina 5 mg Caixa 10 Comprimidos Revestidos,Panpharma / Santa Cruz - MT,251.0,0.5328,40.47,0.0,19.91,18.91,2026-09-09 21:23:14,OK,
MT,GD,22183946000173,7896004758114,Mirtazapina 15 mg Caixa 30 Comprimidos Orodispersíveis,Panpharma / Santa Cruz - MT,650.0,0.4694,64.48,0.0,35.28,34.21,2026-09-09 21:23:17,OK,
MT,GD,22183946000173,7896004758121,,,0.0,0.0,0.0,0.0,0.0,0.0,2026-09-09 21:23:29,ERRO,Message: Nenhuma distribuidora pôde ser lida no card do produto.
MT,GD,22183946000173,7896004758268,Budesonida 32 mcg Frasco 120 Doses Suspensão Spray Nasal,Profarma - MT,448.0,0.27390000000000003,22.57,0.0,15.94,15.94,2026-09-09 21:23:33,OK,
MT,GD,22183946000173,7896004758268,Budesonida 32 mcg Frasco 120 Doses Suspensão Spray Nasal,Panpharma / Santa Cruz - MT,190.0,0.2738,22.57,0.0,16.39,16.39,2026-09-09 21:23:33,OK,
MT,GD,22183946000173,7896004758268,Budesonida 32 mcg Frasco 120 Doses Suspensão Spray Nasal,Norte Sul Real - MT,142.0,0.24170000000000003,22.57,0.0,17.11,17.11,2026-09-09 21:23:33,OK,
MT,GD,22183946000173,7896004758275,Budesonida 64 mcg Frasco 120 Doses Suspensão Spray Nasal,Profarma - MT,189.0,0.22,27.37,0.0,20.8,20.8,2026-09-09 21:23:37,OK,
MT,GD,22183946000173,7896004758275,Budesonida 64 mcg Frasco 120 Doses Suspensão Spray Nasal,Norte Sul Real - MT,629.0,0.21530000000000002,27.37,0.0,21.47,21.47,2026-09-09 21:23:37,OK,
MT,GD,22183946000173,7896004759593,,,0.0,0.0,0.0,0.0,0.0,0.0,2026-09-09 21:23:49,ERRO,Message: Nenhuma distribuidora pôde ser lida no card do produto.
MT,GD,22183946000173,7896004759609,Amoxicilina + Clavulanato 875+125 mg Caixa 20 Comprimidos Revestidos,Profarma - MT,48.0,0.4353,103.2,0.0,57.68,57.68,2026-09-09 21:23:53,OK,
MT,GD,22183946000173,7896004759609,Amoxicilina + Clavulanato 875+125 mg Caixa 20 Comprimidos Revestidos,Panpharma / Santa Cruz - MT,110.0,0.43520000000000003,103.2,0.0,59.4,58.29,2026-09-09 21:23:53,OK,
MT,GD,22183946000173,7896004759609,Amoxicilina + Clavulanato 875+125 mg Caixa 20 Comprimidos Revestidos,Norte Sul Real - MT,309.0,0.4276,103.2,0.0,60.05,59.07,2026-09-09 21:23:53,OK,
MT,GD,22183946000173,7896004759678,Azitromicina Di-hidratada 1500 mg Frasco 37.5 ml Pó Para Suspensão Oral + Seringa,Norte Sul Real - MT,435.0,0.3257,36.59,0.0,24.67,24.67,2026-09-09 21:23:57,OK,
MT,GD,22183946000173,7896004759678,Azitromicina Di-hidratada 1500 mg Frasco 37.5 ml Pó Para Suspensão Oral + Seringa,Profarma - MT,141.0,0.12050000000000001,36.59,0.0,31.45,31.45,2026-09-09 21:23:57,OK,
MT,GD,22183946000173,7896004759678,Azitromicina Di-hidratada 1500 mg Frasco 37.5 ml Pó Para Suspensão Oral + Seringa,Panpharma / Santa Cruz - MT,167.0,0.1204,36.59,0.0,32.18,32.18,2026-09-09 21:23:57,OK,
MT,GD,22183946000173,7896004759692,Clonazepam 2 mg Caixa 60 Comprimidos,Norte Sul Real - MT,78.0,0.7492,32.07,0.0,10.1,8.04,2026-09-09 21:24:01,OK,
MT,GD,22183946000173,7896004759692,Clonazepam 2 mg Caixa 60 Comprimidos,Panpharma / Santa Cruz - MT,150.0,0.7491,32.07,0.0,10.11,8.05,2026-09-09 21:24:01,OK,
MT,GD,22183946000173,7896004759715,Venlafaxina 37.5 mg Caixa 30 Cápsulas de Liberação Prolongada,Norte Sul Real - MT,70.0,0.6373,48.18,0.0,19.64,17.47,2026-09-09 21:24:05,OK,
MT,GD,22183946000173,7896004759715,Venlafaxina 37.5 mg Caixa 30 Cápsulas de Liberação Prolongada,Panpharma / Santa Cruz - MT,55.0,0.5753,48.18,0.0,22.13,20.46,2026-09-09 21:24:05,OK,
MT,GD,22183946000173,7896004759722,Drospirenona + Etinilestradiol 3+0.02 mg Caixa 72 Comprimidos (3x24),Profarma - MT,1.0,0.7796,141.54,0.0,38.67,31.2,2026-09-09 21:24:09,OK,
MT,GD,22183946000173,7896004759722,Drospirenona + Etinilestradiol 3+0.02 mg Caixa 72 Comprimidos (3x24),Norte Sul Real - MT,72.0,0.7920999999999999,141.54,0.0,39.54,29.43,2026-09-09 21:24:09,OK,
MT,GD,22183946000173,7896004759739,Atenolol + Clortalidona 50+12.5 mg Caixa 60 Comprimidos,Norte Sul Real - MT,4.0,0.8290000000000001,53.53,0.0,13.32,9.15,2026-09-09 21:24:12,OK,
MT,GD,22183946000173,7896004759739,Atenolol + Clortalidona 50+12.5 mg Caixa 60 Comprimidos,Panpharma / Santa Cruz - MT,48.0,0.7134999999999999,53.53,0.0,18.45,15.34,2026-09-09 21:24:12,OK,
MT,GD,22183946000173,7896004759791,Olanzapina 10 mg Caixa 30 Comprimidos Revestidos,Norte Sul Real - MT,102.0,0.8490000000000001,237.82,0.0,55.21,35.91,2026-09-09 21:24:16,OK,
MT,GD,22183946000173,7896004759791,Olanzapina 10 mg Caixa 30 Comprimidos Revestidos,Profarma - MT,11.0,0.8140999999999999,237.82,0.0,58.15,44.21,2026-09-09 21:24:16,OK,
MT,GD,22183946000173,7896004759791,Olanzapina 10 mg Caixa 30 Comprimidos Revestidos,Panpharma / Santa Cruz - MT,99.0,0.8140000000000001,237.82,0.0,62.12,44.23,2026-09-09 21:24:16,OK,
MT,GD,22183946000173,7896004759807,Olanzapina 5 mg Caixa 30 Comprimidos Revestidos,Profarma - MT,19.0,0.8123999999999999,121.3,0.0,29.83,22.76,2026-09-09 21:24:20,OK,
MT,GD,22183946000173,7896004759807,Olanzapina 5 mg Caixa 30 Comprimidos Revestidos,Norte Sul Real - MT,101.0,0.8175,121.3,0.0,31.33,22.14,2026-09-09 21:24:20,OK,
MT,GD,22183946000173,7896004759807,Olanzapina 5 mg Caixa 30 Comprimidos Revestidos,Panpharma / Santa Cruz - MT,46.0,0.8123,121.3,0.0,31.86,22.77,2026-09-09 21:24:20,OK,
MT,GD,22183946000173,7896004759814,Olanzapina 2.5 mg Caixa 30 Comprimidos Revestidos,Norte Sul Real - MT,73.0,0.8144,72.18,0.0,18.82,13.4,2026-09-09 21:24:24,OK,
MT,GD,22183946000173,7896004759814,Olanzapina 2.5 mg Caixa 30 Comprimidos Revestidos,Panpharma / Santa Cruz - MT,35.0,0.797,72.18,0.0,19.87,14.65,2026-09-09 21:24:24,OK,
MT,GD,22183946000173,7896004759845,Sertralina 50 mg Caixa 30 Comprimidos Revestidos,Profarma - MT,123.0,0.8792,77.1,0.0,14.69,9.31,2026-09-09 21:24:28,OK,
MT,GD,22183946000173,7896004759845,Sertralina 50 mg Caixa 30 Comprimidos Revestidos,Norte Sul Real - MT,313.0,0.8829,77.1,0.0,15.72,9.03,2026-09-09 21:24:28,OK,
MT,GD,22183946000173,7896004759845,Sertralina 50 mg Caixa 30 Comprimidos Revestidos,Panpharma / Santa Cruz - MT,469.0,0.8791,77.1,0.0,15.98,9.32,2026-09-09 21:24:28,OK,
MT,GD,22183946000173,7896004761275,,,0.0,0.0,0.0,0.0,0.0,0.0,2026-09-09 21:24:40,ERRO,Message: Nenhuma distribuidora pôde ser lida no card do produto.
MT,GD,22183946000173,7896004761299,Cilostazol 100 mg Caixa 30 Comprimidos,Profarma - MT,5.0,0.32049999999999995,32.48,0.0,21.42,21.42,2026-09-09 21:24:44,OK,
MT,GD,22183946000173,7896004761299,Cilostazol 100 mg Caixa 30 Comprimidos,Norte Sul Real - MT,131.0,0.3204,32.48,0.0,22.07,22.07,2026-09-09 21:24:44,OK,
MT,GD,22183946000173,7896004761299,Cilostazol 100 mg Caixa 30 Comprimidos,Panpharma / Santa Cruz - MT,22.0,0.3204,32.48,0.0,22.07,22.07,2026-09-09 21:24:44,OK,
MT,GD,22183946000173,7896004761305,Cilostazol 100 mg Caixa 60 Comprimidos,Norte Sul Real - MT,135.0,0.2865,45.65,0.0,32.57,32.57,2026-09-09 21:24:48,OK,
MT,GD,22183946000173,7896004761305,Cilostazol 100 mg Caixa 60 Comprimidos,Panpharma / Santa Cruz - MT,61.0,0.2729,45.65,0.0,33.19,33.19,2026-09-09 21:24:48,OK,
MT,GD,22183946000173,7896004761817,Tansulosina 0.4 mg Caixa 30 Comprimidos de Liberação Prolongada,Norte Sul Real - MT,507.0,0.7019,90.13,0.0,31.93,26.87,2026-09-09 21:24:52,OK,
MT,GD,22183946000173,7896004761817,Tansulosina 0.4 mg Caixa 30 Comprimidos de Liberação Prolongada,Profarma - MT,375.0,0.6079,90.13,0.0,37.47,35.34,2026-09-09 21:24:52,OK,
MT,GD,22183946000173,7896004761817,Tansulosina 0.4 mg Caixa 30 Comprimidos de Liberação Prolongada,Panpharma / Santa Cruz - MT,704.0,0.6078,90.13,0.0,38.97,35.35,2026-09-09 21:24:52,OK,
MT,GD,22183946000173,7896004761824,Tansulosina 0.4 mg Caixa 60 Comprimidos de Liberação Prolongada,Profarma - MT,7.0,0.6739,208.93,0.0,75.4,68.13,2026-09-09 21:24:56,OK,
MT,GD,22183946000173,7896004761824,Tansulosina 0.4 mg Caixa 60 Comprimidos de Liberação Prolongada,Norte Sul Real - MT,144.0,0.6869,208.93,0.0,76.62,65.42,2026-09-09 21:24:56,OK,
MT,GD,22183946000173,7896004761824,Tansulosina 0.4 mg Caixa 60 Comprimidos de Liberação Prolongada,Panpharma / Santa Cruz - MT,23.0,0.6738,208.93,0.0,78.88,68.15,2026-09-09 21:24:56,OK,
MT,GD,22183946000173,7896004762227,Azitromicina Di-hidratada 500 mg Caixa 5 Comprimidos Revestidos,Profarma - MT,176.0,0.8428,47.63,0.0,10.52,7.49,2026-09-09 21:25:00,OK,
MT,GD,22183946000173,7896004762227,Azitromicina Di-hidratada 500 mg Caixa 5 Comprimidos Revestidos,Norte Sul Real - MT,680.0,0.8478,47.63,0.0,11.1,7.25,2026-09-09 21:25:00,OK,
MT,GD,22183946000173,7896004762227,Azitromicina Di-hidratada 500 mg Caixa 5 Comprimidos Revestidos,Panpharma / Santa Cruz - MT,340.0,0.8427,47.63,0.0,11.31,7.49,2026-09-09 21:25:00,OK,
MT,GD,22183946000173,7896004762319,Gliclazida 30 mg Caixa 30 Comprimidos de Liberação Prolongada,Profarma - MT,33.0,0.5171,23.8,0.0,11.68,11.49,2026-09-09 21:25:04,OK,
MT,GD,22183946000173,7896004762319,Gliclazida 30 mg Caixa 30 Comprimidos de Liberação Prolongada,Panpharma / Santa Cruz - MT,311.0,0.517,23.8,0.0,12.08,11.5,2026-09-09 21:25:04,OK,
MT,GD,22183946000173,7896004762364,,,0.0,0.0,0.0,0.0,0.0,0.0,2026-09-09 21:25:16,ERRO,Message: Nenhuma distribuidora pôde ser lida no card do produto.
MT,GD,22183946000173,7896004763576,,,0.0,0.0,0.0,0.0,0.0,0.0,2026-09-09 21:25:28,ERRO,Message: Nenhuma distribuidora pôde ser lida no card do produto.
MT,GD,22183946000173,7896004766980,,,0.0,0.0,0.0,0.0,0.0,0.0,2026-09-09 21:25:40,ERRO,Message: Nenhuma distribuidora pôde ser lida no card do produto.
MT,GD,22183946000173,7896004766997,Rivaroxabana 10 mg Caixa 30 Comprimidos Revestidos,Profarma - MT,29.0,0.9085,204.01,0.0,33.9,18.67,2026-09-09 21:25:43,OK,
MT,GD,22183946000173,7896004767017,,,0.0,0.0,0.0,0.0,0.0,0.0,2026-09-09 21:25:56,ERRO,Message: Nenhuma distribuidora pôde ser lida no card do produto.
MT,GD,22183946000173,7896004767055,,,0.0,0.0,0.0,0.0,0.0,0.0,2026-09-09 21:26:08,ERRO,Message: Nenhuma distribuidora pôde ser lida no card do produto.
MT,GD,22183946000173,7896004767130,Zolpidem 10 mg Caixa 30 Comprimidos Revestidos,Profarma - MT,277.0,0.8976999999999999,63.16,0.0,11.07,6.46,2026-09-09 21:26:11,OK,
MT,GD,22183946000173,7896004767130,Zolpidem 10 mg Caixa 30 Comprimidos Revestidos,Norte Sul Real - MT,195.0,0.9118999999999999,63.16,0.0,11.37,5.56,2026-09-09 21:26:11,OK,
MT,GD,22183946000173,7896004768212,Donepezila 5 mg Caixa 30 Comprimidos Revestidos,Profarma - MT,59.0,0.8334999999999999,139.78,0.0,31.92,23.27,2026-09-09 21:26:15,OK,
MT,GD,22183946000173,7896004768212,Donepezila 5 mg Caixa 30 Comprimidos Revestidos,Norte Sul Real - MT,85.0,0.8375,139.78,0.0,33.78,22.71,2026-09-09 21:26:15,OK,
MT,GD,22183946000173,7896004768298,Donepezila 10 mg Caixa 30 Comprimidos Revestidos,Profarma - MT,1.0,0.7992,154.88,0.0,39.79,31.1,2026-09-09 21:26:19,OK,
MT,GD,22183946000173,7896004768298,Donepezila 10 mg Caixa 30 Comprimidos Revestidos,Norte Sul Real - MT,80.0,0.7992,154.88,0.0,42.35,31.1,2026-09-09 21:26:19,OK,
MT,GD,22183946000173,7896004768298,Donepezila 10 mg Caixa 30 Comprimidos Revestidos,Panpharma / Santa Cruz - MT,38.0,0.7990999999999999,154.88,0.0,42.38,31.12,2026-09-09 21:26:19,OK,
MT,GD,22183946000173,7896004768687,Desogestrel 75 mcg Caixa 84 Comprimidos Revestidos,Norte Sul Real - MT,83.0,0.7734000000000001,74.53,0.0,21.98,16.89,2026-09-09 21:26:23,OK,
MT,GD,22183946000173,7896004768687,Desogestrel 75 mcg Caixa 84 Comprimidos Revestidos,Profarma - MT,19.0,0.6870999999999999,74.53,0.0,26.08,23.32,2026-09-09 21:26:23,OK,
MT,GD,22183946000173,7896004768687,Desogestrel 75 mcg Caixa 84 Comprimidos Revestidos,Panpharma / Santa Cruz - MT,78.0,0.687,74.53,0.0,27.32,23.33,2026-09-09 21:26:23,OK,
MT,GD,22183946000173,7896004769622,Desloratadina 0.5 mg/ml Frasco 60 ml Xarope,Profarma - MT,9.0,0.6945,37.65,0.0,12.83,11.5,2026-09-09 21:26:27,OK,
MT,GD,22183946000173,7896004769622,Desloratadina 0.5 mg/ml Frasco 60 ml Xarope,Panpharma / Santa Cruz - MT,24.0,0.6944,37.65,0.0,13.47,11.51,2026-09-09 21:26:27,OK,
MT,GD,22183946000173,7896004769684,Desloratadina 0.5 mg/ml Frasco 100 ml Xarope,Profarma - MT,38.0,0.7757,62.15,0.0,17.0,13.94,2026-09-09 21:26:30,OK,
MT,GD,22183946000173,7896004769684,Desloratadina 0.5 mg/ml Frasco 100 ml Xarope,Panpharma / Santa Cruz - MT,12.0,0.7756000000000001,62.15,0.0,18.04,13.95,2026-09-09 21:26:30,OK,
MT,GD,22183946000173,7896004771199,Aciclovir 50 mg/g Bisnaga 10 g Creme,Norte Sul Real - MT,447.0,0.7513,25.59,0.0,7.94,6.36,2026-09-09 21:26:34,OK,
MT,GD,22183946000173,7896004771199,Aciclovir 50 mg/g Bisnaga 10 g Creme,Panpharma / Santa Cruz - MT,198.0,0.7408,25.59,0.0,8.16,6.63,2026-09-09 21:26:34,OK,
MT,GD,22183946000173,7896004771373,Nebivolol 5 mg Caixa 30 Comprimidos,Norte Sul Real - MT,338.0,0.6275,49.67,0.0,20.52,18.5,2026-09-09 21:26:37,OK,
MT,GD,22183946000173,7896004771373,Nebivolol 5 mg Caixa 30 Comprimidos,Panpharma / Santa Cruz - MT,211.0,0.6274000000000001,49.67,0.0,20.52,18.51,2026-09-09 21:26:37,OK,
MT,GD,22183946000173,7896004771403,Nebivolol 5 mg Caixa 60 Comprimidos,Profarma - MT,31.0,0.6559,98.14,0.0,36.6,33.77,2026-09-09 21:26:41,OK,
MT,GD,22183946000173,7896004771403,Nebivolol 5 mg Caixa 60 Comprimidos,Norte Sul Real - MT,299.0,0.6559,98.14,0.0,38.23,33.77,2026-09-09 21:26:41,OK,
MT,GD,22183946000173,7896004771403,Nebivolol 5 mg Caixa 60 Comprimidos,Panpharma / Santa Cruz - MT,58.0,0.6557999999999999,98.14,0.0,38.24,33.78,2026-09-09 21:26:41,OK,
MT,GD,22183946000173,7896004771762,,,0.0,0.0,0.0,0.0,0.0,0.0,2026-09-09 21:26:54,ERRO,Message: Nenhuma distribuidora pôde ser lida no card do produto.
MT,GD,22183946000173,7896004772332,Cloperastina 3.54 mg/ml Frasco 120 ml Xarope,Profarma - MT,48.0,0.14150000000000001,19.15,0.0,16.06,16.06,2026-09-09 21:26:58,OK,
MT,GD,22183946000173,7896004772332,Cloperastina 3.54 mg/ml Frasco 120 ml Xarope,Panpharma / Santa Cruz - MT,541.0,0.1414,19.15,0.0,16.44,16.44,2026-09-09 21:26:58,OK,
MT,GD,22183946000173,7896004772332,Cloperastina 3.54 mg/ml Frasco 120 ml Xarope,Norte Sul Real - MT,323.0,0.0962,19.14,0.0,17.3,17.3,2026-09-09 21:26:58,OK,
MT,GD,22183946000173,7896004772868,Pregabalina 150 mg Caixa 30 Cápsulas,Profarma - MT,83.0,0.8643000000000001,138.48,0.0,28.09,18.79,2026-09-09 21:27:02,OK,
MT,GD,22183946000173,7896004772868,Pregabalina 150 mg Caixa 30 Cápsulas,Norte Sul Real - MT,214.0,0.8837,138.47,0.0,28.16,16.1,2026-09-09 21:27:02,OK,
MT,GD,22183946000173,7896004772868,Pregabalina 150 mg Caixa 30 Cápsulas,Panpharma / Santa Cruz - MT,339.0,0.8642,138.48,0.0,30.4,18.81,2026-09-09 21:27:02,OK,
MT,GD,22183946000173,7896004773117,,,0.0,0.0,0.0,0.0,0.0,0.0,2026-09-09 21:27:14,ERRO,Message: Nenhuma distribuidora pôde ser lida no card do produto.
MT,GD,22183946000173,7896004773339,Pregabalina 75 mg Caixa 30 Cápsulas,Profarma - MT,105.0,0.8644,86.63,0.0,17.57,11.75,2026-09-09 21:27:18,OK,
MT,GD,22183946000173,7896004773339,Pregabalina 75 mg Caixa 30 Cápsulas,Norte Sul Real - MT,407.0,0.8759999999999999,86.63,0.0,18.17,10.74,2026-09-09 21:27:18,OK,
MT,GD,22183946000173,7896004773339,Pregabalina 75 mg Caixa 30 Cápsulas,Panpharma / Santa Cruz - MT,325.0,0.8643000000000001,86.63,0.0,19.01,11.76,2026-09-09 21:27:18,OK,
MT,GD,22183946000173,7896004775043,Aciclovir 400 mg Caixa 30 Comprimidos,Profarma - MT,38.0,0.7555,162.61,0.0,47.67,39.76,2026-09-09 21:27:21,OK,
MT,GD,22183946000173,7896004775043,Aciclovir 400 mg Caixa 30 Comprimidos,Panpharma / Santa Cruz - MT,42.0,0.7554000000000001,162.61,0.0,50.38,39.77,2026-09-09 21:27:21,OK,
MT,GD,22183946000173,7896004777184,Tramadol 100 mg Caixa 10 Comprimidos de Liberação Prolongada,Norte Sul Real - MT,625.0,0.41840000000000005,79.95,0.0,47.14,46.5,2026-09-09 21:27:25,OK,
MT,GD,22183946000173,7896004777184,Tramadol 100 mg Caixa 10 Comprimidos de Liberação Prolongada,Profarma - MT,80.0,0.2824,79.96,0.0,55.78,55.78,2026-09-09 21:27:25,OK,
MT,GD,22183946000173,7896004777184,Tramadol 100 mg Caixa 10 Comprimidos de Liberação Prolongada,Panpharma / Santa Cruz - MT,786.0,0.2823,79.96,0.0,57.39,57.39,2026-09-09 21:27:25,OK,
MT,GD,22183946000173,7896004777535,Fexofenadina 120 mg Caixa 10 Comprimidos Revestidos,Profarma - MT,64.0,0.825,46.04,0.0,10.72,8.06,2026-09-09 21:27:29,OK,
MT,GD,22183946000173,7896004777535,Fexofenadina 120 mg Caixa 10 Comprimidos Revestidos,Norte Sul Real - MT,383.0,0.8443,46.04,0.0,10.74,7.17,2026-09-09 21:27:29,OK,
MT,GD,22183946000173,7896004777559,Fexofenadina 180 mg Caixa 10 Comprimidos Revestidos,Profarma - MT,275.0,0.828,66.08,0.0,15.21,11.37,2026-09-09 21:27:33,OK,
MT,GD,22183946000173,7896004777559,Fexofenadina 180 mg Caixa 10 Comprimidos Revestidos,Panpharma / Santa Cruz - MT,520.0,0.8279000000000001,66.08,0.0,16.31,11.37,2026-09-09 21:27:33,OK,
MT,GD,22183946000173,7896004779713,Dienogeste 2 mg Caixa 30 Comprimidos,Profarma - MT,63.0,0.6986,64.0,0.0,21.6,19.29,2026-09-09 21:27:36,OK,
MT,GD,22183946000173,7896004779713,Dienogeste 2 mg Caixa 30 Comprimidos,Norte Sul Real - MT,159.0,0.7054,64.0,0.0,22.3,18.85,2026-09-09 21:27:36,OK,
MT,GD,22183946000173,7896004780184,Ácido Ursodesoxicólico 150 mg Caixa 30 Comprimidos,Profarma - MT,3.0,0.4543,78.0,0.0,42.36,42.36,2026-09-09 21:27:40,OK,
MT,GD,22183946000173,7896004780184,Ácido Ursodesoxicólico 150 mg Caixa 30 Comprimidos,Norte Sul Real - MT,109.0,0.4543,78.0,0.0,43.66,42.56,2026-09-09 21:27:40,OK,
MT,GD,22183946000173,7896004780184,Ácido Ursodesoxicólico 150 mg Caixa 30 Comprimidos,Panpharma / Santa Cruz - MT,8.0,0.4542,78.0,0.0,43.66,42.57,2026-09-09 21:27:40,OK,
MT,GD,22183946000173,7896004780191,Ácido Ursodesoxicólico 300 mg Caixa 30 Comprimidos,Norte Sul Real - MT,135.0,0.4155,154.19,0.0,91.27,90.12,2026-09-09 21:27:44,OK,
MT,GD,22183946000173,7896004780191,Ácido Ursodesoxicólico 300 mg Caixa 30 Comprimidos,Profarma - MT,11.0,0.3514,154.19,0.0,96.93,96.93,2026-09-09 21:27:44,OK,
MT,GD,22183946000173,7896004780191,Ácido Ursodesoxicólico 300 mg Caixa 30 Comprimidos,Panpharma / Santa Cruz - MT,82.0,0.3513,154.19,0.0,100.02,100.02,2026-09-09 21:27:44,OK,
MT,GD,22183946000173,7896004780504,Rivaroxabana 15 mg Caixa 30 Comprimidos Revestidos,Norte Sul Real - MT,97.0,0.9262999999999999,201.39,0.0,33.83,14.84,2026-09-09 21:27:48,OK,
MT,GD,22183946000173,7896004780504,Rivaroxabana 15 mg Caixa 30 Comprimidos Revestidos,Panpharma / Santa Cruz - MT,56.0,0.9124,201.39,0.0,36.16,17.64,2026-09-09 21:27:48,OK,
MT,GD,22183946000173,7896004780511,Rivaroxabana 20 mg Caixa 30 Comprimidos Revestidos,Profarma - MT,344.0,0.8935,201.39,0.0,35.97,21.45,2026-09-09 21:27:52,OK,
MT,GD,22183946000173,7896004780511,Rivaroxabana 20 mg Caixa 30 Comprimidos Revestidos,Norte Sul Real - MT,195.0,0.9015000000000001,201.39,0.0,37.97,19.84,2026-09-09 21:27:52,OK,
MT,GD,22183946000173,7896004780511,Rivaroxabana 20 mg Caixa 30 Comprimidos Revestidos,Panpharma / Santa Cruz - MT,116.0,0.8934000000000001,201.39,0.0,39.34,21.47,2026-09-09 21:27:52,OK,
MT,GD,22183946000173,7896004781280,,,0.0,0.0,0.0,0.0,0.0,0.0,2026-09-09 21:28:04,ERRO,Message: Nenhuma distribuidora pôde ser lida no card do produto.
MT,GD,22183946000173,7896004781372,,,0.0,0.0,0.0,0.0,0.0,0.0,2026-09-09 21:28:16,ERRO,Message: Nenhuma distribuidora pôde ser lida no card do produto.
MT,GD,22183946000173,7896004781389,,,0.0,0.0,0.0,0.0,0.0,0.0,2026-09-09 21:28:28,ERRO,Message: Nenhuma distribuidora pôde ser lida no card do produto.
MT,GD,22183946000173,7896004781396,Etoricoxibe 90 mg Caixa 7 Comprimidos Revestidos,Norte Sul Real - MT,527.0,0.4539,39.65,0.0,22.2,21.65,2026-09-09 21:28:32,OK,
MT,GD,22183946000173,7896004781402,Etoricoxibe 90 mg Caixa 14 Comprimidos Revestidos,Panpharma / Santa Cruz - MT,148.0,0.4689,76.94,0.0,42.13,40.86,2026-09-09 21:28:35,OK,
MT,GD,22183946000173,7896004782546,,,0.0,0.0,0.0,0.0,0.0,0.0,2026-09-09 21:28:47,ERRO,Message: Nenhuma distribuidora pôde ser lida no card do produto.
MT,GD,22183946000173,7896004782553,,,0.0,0.0,0.0,0.0,0.0,0.0,2026-09-09 21:29:00,ERRO,Message: Nenhuma distribuidora pôde ser lida no card do produto.
MT,GD,22183946000173,7896004782690,Apixabana 2.5 mg Caixa 20 Comprimidos Revestidos,Norte Sul Real - MT,192.0,0.7243,67.08,0.0,22.52,18.49,2026-09-09 21:29:04,OK,
MT,GD,22183946000173,7896004782690,Apixabana 2.5 mg Caixa 20 Comprimidos Revestidos,Profarma - MT,66.0,0.7033,67.08,0.0,22.57,19.9,2026-09-09 21:29:04,OK,
MT,GD,22183946000173,7896004782690,Apixabana 2.5 mg Caixa 20 Comprimidos Revestidos,Panpharma / Santa Cruz - MT,133.0,0.7031999999999999,67.08,0.0,23.7,19.91,2026-09-09 21:29:04,OK,
MT,GD,22183946000173,7896004782713,Apixabana 2.5 mg Caixa 60 Comprimidos Revestidos,Norte Sul Real - MT,89.0,0.7245,201.31,0.0,67.52,55.46,2026-09-09 21:29:07,OK,
MT,GD,22183946000173,7896004782744,Apixabana 5 mg Caixa 20 Comprimidos Revestidos,Norte Sul Real - MT,167.0,0.7047,67.08,0.0,23.6,19.81,2026-09-09 21:29:10,OK,
MT,GD,22183946000173,7896004782768,Apixabana 5 mg Caixa 60 Comprimidos Revestidos,Profarma - MT,7.0,0.7240000000000001,201.31,0.0,64.28,55.56,2026-09-09 21:29:14,OK,
MT,GD,22183946000173,7896004782935,,,0.0,0.0,0.0,0.0,0.0,0.0,2026-09-09 21:29:26,ERRO,Message: Nenhuma distribuidora pôde ser lida no card do produto.
MT,GD,22183946000173,7896004782980,Levetiracetam 750 mg Caixa 30 Comprimidos Revestidos,Norte Sul Real - MT,7.0,0.6426000000000001,206.11,0.0,82.56,73.66,2026-09-09 21:29:29,OK,
MT,GD,22183946000173,7896004783024,,,0.0,0.0,0.0,0.0,0.0,0.0,2026-09-09 21:29:42,ERRO,Message: Nenhuma distribuidora pôde ser lida no card do produto.
MT,GD,22183946000173,7896004784076,Bilastina 20 mg Caixa 15 Comprimidos,Norte Sul Real - MT,210.0,0.4069,36.04,0.0,21.49,21.38,2026-09-09 21:29:45,OK,
MT,GD,22183946000173,7896004784076,Bilastina 20 mg Caixa 15 Comprimidos,Profarma - MT,14.0,0.3861,36.05,0.0,21.52,21.52,2026-09-09 21:29:45,OK,
MT,GD,22183946000173,7896004784083,Bilastina 20 mg Caixa 30 Comprimidos,Norte Sul Real - MT,20.0,0.4888,71.11,0.0,37.56,36.35,2026-09-09 21:29:49,OK,
MT,GD,22183946000173,7896004784083,Bilastina 20 mg Caixa 30 Comprimidos,Panpharma / Santa Cruz - MT,80.0,0.4449,71.11,0.0,40.15,39.47,2026-09-09 21:29:49,OK,
MT,GD,22183946000173,7896004786117,Pitavastatina Cálcica 2 mg Caixa 30 Comprimidos Revestidos,Profarma - MT,32.0,0.384,84.17,0.0,50.39,50.39,2026-09-09 21:29:52,OK,
MT,GD,22183946000173,7896004787329,Tramadol + Paracetamol 37.5+325 mg Caixa 10 Comprimidos,Norte Sul Real - MT,151.0,0.6705,31.21,0.0,11.78,10.28,2026-09-09 21:29:56,OK,
MT,GD,22183946000173,7896004787329,Tramadol + Paracetamol 37.5+325 mg Caixa 10 Comprimidos,Profarma - MT,75.0,0.5243,31.21,0.0,15.05,14.85,2026-09-09 21:29:56,OK,
MT,GD,22183946000173,7896004787329,Tramadol + Paracetamol 37.5+325 mg Caixa 10 Comprimidos,Panpharma / Santa Cruz - MT,102.0,0.5242,31.21,0.0,15.58,14.85,2026-09-09 21:29:56,OK,
MT,GD,22183946000173,7896004787336,Tramadol + Paracetamol 37.5+325 mg Caixa 20 Comprimidos,Norte Sul Real - MT,5.0,0.5924,47.34,0.0,20.94,19.3,2026-09-09 21:30:00,OK,
MT,GD,22183946000173,7896004787336,Tramadol + Paracetamol 37.5+325 mg Caixa 20 Comprimidos,Panpharma / Santa Cruz - MT,25.0,0.43700000000000006,47.34,0.0,27.04,26.65,2026-09-09 21:30:00,OK,
MT,GD,22183946000173,7896004787343,Tramadol + Paracetamol 37.5+325 mg Caixa 30 Comprimidos,Norte Sul Real - MT,157.0,0.6408,61.61,0.0,24.77,22.13,2026-09-09 21:30:04,OK,
MT,GD,22183946000173,7896004787343,Tramadol + Paracetamol 37.5+325 mg Caixa 30 Comprimidos,Profarma - MT,13.0,0.4328,61.61,0.0,34.4,34.4,2026-09-09 21:30:04,OK,
MT,GD,22183946000173,7896004787343,Tramadol + Paracetamol 37.5+325 mg Caixa 30 Comprimidos,Panpharma / Santa Cruz - MT,44.0,0.43270000000000003,61.61,0.0,35.42,34.95,2026-09-09 21:30:04,OK,
MT,GD,22183946000173,7896004787725,Naratriptana 2.5 mg Caixa 4 Comprimidos Revestidos,Profarma - MT,142.0,0.3826,13.39,0.0,8.07,8.07,2026-09-09 21:30:08,OK,
MT,GD,22183946000173,7896004787725,Naratriptana 2.5 mg Caixa 4 Comprimidos Revestidos,Norte Sul Real - MT,465.0,0.39390000000000003,13.39,0.0,8.17,8.12,2026-09-09 21:30:08,OK,
MT,GD,22183946000173,7896004787725,Naratriptana 2.5 mg Caixa 4 Comprimidos Revestidos,Panpharma / Santa Cruz - MT,83.0,0.3825,13.39,0.0,8.29,8.27,2026-09-09 21:30:08,OK,
MT,GD,22183946000173,7896004789828,Desloratadina 5 mg Caixa 10 Comprimidos Revestidos,Profarma - MT,163.0,0.871,59.34,0.0,11.53,7.65,2026-09-09 21:30:12,OK,
MT,GD,22183946000173,7896004789828,Desloratadina 5 mg Caixa 10 Comprimidos Revestidos,Norte Sul Real - MT,264.0,0.8856999999999999,59.34,0.0,11.8,6.78,2026-09-09 21:30:12,OK,
MT,GD,22183946000173,7896004789828,Desloratadina 5 mg Caixa 10 Comprimidos Revestidos,Panpharma / Santa Cruz - MT,105.0,0.8709,59.34,0.0,12.53,7.66,2026-09-09 21:30:12,OK,
MT,GD,22183946000173,7896004789835,Desloratadina 5 mg Caixa 30 Comprimidos Revestidos,Norte Sul Real - MT,111.0,0.8722,142.5,0.0,29.92,18.21,2026-09-09 21:30:16,OK,
MT,GD,22183946000173,7896004789835,Desloratadina 5 mg Caixa 30 Comprimidos Revestidos,Profarma - MT,8.0,0.8452,142.5,0.0,30.76,22.06,2026-09-09 21:30:16,OK,
MT,GD,22183946000173,7896004789835,Desloratadina 5 mg Caixa 30 Comprimidos Revestidos,Panpharma / Santa Cruz - MT,48.0,0.8451000000000001,142.5,0.0,33.14,22.07,2026-09-09 21:30:16,OK,
MT,GD,22183946000173,7896004790152,Ondansetrona 4 mg Caixa 10 Comprimidos Orodispersíveis,Norte Sul Real - MT,252.0,0.7459,22.87,0.0,7.26,5.81,2026-09-09 21:30:20,OK,
MT,GD,22183946000173,7896004790152,Ondansetrona 4 mg Caixa 10 Comprimidos Orodispersíveis,Panpharma / Santa Cruz - MT,212.0,0.6756,22.87,0.0,8.6,7.42,2026-09-09 21:30:20,OK,
MT,GD,22183946000173,7896004790169,Ondansetrona 8 mg Caixa 10 Comprimidos Orodispersíveis,Norte Sul Real - MT,194.0,0.7745000000000001,43.95,0.0,12.92,9.91,2026-09-09 21:30:24,OK,
MT,GD,22183946000173,7896004790169,Ondansetrona 8 mg Caixa 10 Comprimidos Orodispersíveis,Profarma - MT,79.0,0.6896,43.95,0.0,15.29,13.64,2026-09-09 21:30:24,OK,
MT,GD,22183946000173,7896004790169,Ondansetrona 8 mg Caixa 10 Comprimidos Orodispersíveis,Panpharma / Santa Cruz - MT,285.0,0.6895,43.95,0.0,16.03,13.65,2026-09-09 21:30:24,OK,
MT,GD,22183946000173,7896004791104,Olmesartana Medoxomila 20 mg Caixa 30 Comprimidos,Profarma - MT,174.0,0.6640999999999999,41.16,0.0,15.2,13.83,2026-09-09 21:30:28,OK,
MT,GD,22183946000173,7896004791104,Olmesartana Medoxomila 20 mg Caixa 30 Comprimidos,Norte Sul Real - MT,147.0,0.664,41.16,0.0,15.87,13.83,2026-09-09 21:30:28,OK,
MT,GD,22183946000173,7896004791104,Olmesartana Medoxomila 20 mg Caixa 30 Comprimidos,Panpharma / Santa Cruz - MT,204.0,0.664,41.16,0.0,15.88,13.83,2026-09-09 21:30:28,OK,
MT,GD,22183946000173,7896004791111,Olmesartana Medoxomila 40 mg Caixa 30 Comprimidos,Profarma - MT,157.0,0.5761,43.3,0.0,19.14,18.35,2026-09-09 21:30:31,OK,
MT,GD,22183946000173,7896004791418,DAPAGLIFLOZINA 10MG X 30 COM REV - LG,Norte Sul Real - MT,11168.0,0.7021999999999999,112.63,0.0,35.75,33.54,2026-09-09 21:30:35,OK,
MT,GD,22183946000173,7896004791418,DAPAGLIFLOZINA 10MG X 30 COM REV - LG,Panpharma / Santa Cruz - MT,4221.0,0.6543000000000001,112.63,0.0,40.24,38.94,2026-09-09 21:30:35,OK,
MT,GD,22183946000173,7896004791418,DAPAGLIFLOZINA 10MG X 30 COM REV - LG,Profarma - MT,2384.0,0.6544,112.63,0.0,44.33,38.92,2026-09-09 21:30:35,OK,
MT,GD,22183946000173,7896004791456,Risedronato Sódico 150 mg Caixa 1 Comprimido,Norte Sul Real - MT,156.0,0.8255,111.8,0.0,28.13,19.51,2026-09-09 21:30:39,OK,
MT,GD,22183946000173,7896004791456,Risedronato Sódico 150 mg Caixa 1 Comprimido,Profarma - MT,24.0,0.8028,111.8,0.0,28.38,22.05,2026-09-09 21:30:39,OK,
MT,GD,22183946000173,7896004791456,Risedronato Sódico 150 mg Caixa 1 Comprimido,Panpharma / Santa Cruz - MT,57.0,0.8027,111.8,0.0,30.25,22.06,2026-09-09 21:30:39,OK,
MT,GD,22183946000173,7896004792040,Nitazoxanida 20 mg/ml Frasco 45 ml Pó Para Suspensão,Norte Sul Real - MT,97.0,0.4744,18.04,0.0,9.75,9.48,2026-09-09 21:30:43,OK,
MT,GD,22183946000173,7896004792040,Nitazoxanida 20 mg/ml Frasco 45 ml Pó Para Suspensão,Profarma - MT,39.0,0.43579999999999997,18.04,0.0,10.03,10.03,2026-09-09 21:30:43,OK,
MT,GD,22183946000173,7896004792040,Nitazoxanida 20 mg/ml Frasco 45 ml Pó Para Suspensão,Panpharma / Santa Cruz - MT,38.0,0.4357,18.04,0.0,10.33,10.18,2026-09-09 21:30:43,OK,
MT,GD,22183946000173,7896004792057,Nitazoxanida 20 mg/ml Frasco 100 ml Pó Para Suspensão,Norte Sul Real - MT,90.0,0.4951,40.61,0.0,21.24,20.5,2026-09-09 21:30:47,OK,
MT,GD,22183946000173,7896004792057,Nitazoxanida 20 mg/ml Frasco 100 ml Pó Para Suspensão,Profarma - MT,27.0,0.4473,40.61,0.0,22.18,22.18,2026-09-09 21:30:47,OK,
MT,GD,22183946000173,7896004792057,Nitazoxanida 20 mg/ml Frasco 100 ml Pó Para Suspensão,Panpharma / Santa Cruz - MT,3.0,0.4472,40.61,0.0,22.85,22.45,2026-09-09 21:30:47,OK,
MT,GD,22183946000173,7896004792286,Lisdexanfetamina 30 mg Caixa 30 Cápsulas,Profarma - MT,36.0,0.5249,236.91,0.0,114.12,112.56,2026-09-09 21:30:51,OK,
MT,GD,22183946000173,7896004792286,Lisdexanfetamina 30 mg Caixa 30 Cápsulas,Norte Sul Real - MT,46.0,0.5249,236.91,0.0,118.05,112.56,2026-09-09 21:30:51,OK,
MT,GD,22183946000173,7896004792286,Lisdexanfetamina 30 mg Caixa 30 Cápsulas,Panpharma / Santa Cruz - MT,310.0,0.5247999999999999,236.91,0.0,118.07,112.58,2026-09-09 21:30:51,OK,
MT,GD,22183946000173,7896004792293,Lisdexanfetamina 50 mg Caixa 30 Cápsulas,Profarma - MT,21.0,0.5257999999999999,287.31,0.0,138.18,136.24,2026-09-09 21:30:55,OK,
MT,GD,22183946000173,7896004792293,Lisdexanfetamina 50 mg Caixa 30 Cápsulas,Panpharma / Santa Cruz - MT,28.0,0.5257000000000001,287.31,0.0,142.97,136.27,2026-09-09 21:30:55,OK,
MT,GD,22183946000173,7896004792293,Lisdexanfetamina 50 mg Caixa 30 Cápsulas,Norte Sul Real - MT,198.0,0.5101,287.31,0.0,146.69,140.75,2026-09-09 21:30:55,OK,
MT,GD,22183946000173,7896004792309,Lisdexanfetamina 70 mg Caixa 30 Cápsulas,Profarma - MT,23.0,0.5255,287.31,0.0,138.25,136.33,2026-09-09 21:30:59,OK,
MT,GD,22183946000173,7896004792309,Lisdexanfetamina 70 mg Caixa 30 Cápsulas,Norte Sul Real - MT,229.0,0.5255,287.31,0.0,143.02,136.33,2026-09-09 21:30:59,OK,
MT,GD,22183946000173,7896004792309,Lisdexanfetamina 70 mg Caixa 30 Cápsulas,Panpharma / Santa Cruz - MT,340.0,0.5254,287.31,0.0,143.05,136.36,2026-09-09 21:30:59,OK,
MT,GD,22183946000173,7896004792316,,,0.0,0.0,0.0,0.0,0.0,0.0,2026-09-09 21:31:12,ERRO,Message: Nenhuma distribuidora pôde ser lida no card do produto.
MT,GD,22183946000173,7896004792323,Levetiracetam 100 mg/ml Frasco 150 ml Solução Oral,Norte Sul Real - MT,170.0,0.7286,83.75,0.0,27.57,22.73,2026-09-09 21:31:15,OK,
MT,GD,22183946000173,7896004793429,Cetorolaco 10 mg Caixa 10 Comprimidos Sublinguais,Norte Sul Real - MT,404.0,0.7425,26.45,0.0,8.48,6.81,2026-09-09 21:31:19,OK,
MT,GD,22183946000173,7896004793429,Cetorolaco 10 mg Caixa 10 Comprimidos Sublinguais,Profarma - MT,138.0,0.7077,26.45,0.0,8.81,7.73,2026-09-09 21:31:19,OK,
MT,GD,22183946000173,7896004793436,Cetorolaco 10 mg Caixa 20 Comprimidos Sublinguais,Profarma - MT,37.0,0.7077,50.72,0.0,16.89,14.83,2026-09-09 21:31:23,OK,
MT,GD,22183946000173,7896004793436,Cetorolaco 10 mg Caixa 20 Comprimidos Sublinguais,Norte Sul Real - MT,84.0,0.7236,50.72,0.0,17.05,14.02,2026-09-09 21:31:23,OK,
MT,GD,22183946000173,7896004793436,Cetorolaco 10 mg Caixa 20 Comprimidos Sublinguais,Panpharma / Santa Cruz - MT,63.0,0.7076,50.72,0.0,17.73,14.83,2026-09-09 21:31:23,OK,
MT,GD,22183946000173,7896004793719,Indapamida 1.5 mg Caixa 60 Comprimidos Revestidos Lib. Prolongada,Norte Sul Real - MT,4.0,0.7304,53.77,0.0,17.78,14.5,2026-09-09 21:31:27,OK,
MT,GD,22183946000173,7896004793719,Indapamida 1.5 mg Caixa 60 Comprimidos Revestidos Lib. Prolongada,Panpharma / Santa Cruz - MT,31.0,0.7206999999999999,53.77,0.0,18.21,15.02,2026-09-09 21:31:27,OK,
MT,GD,22183946000173,7896004793801,Valsartana 80 mg Caixa 30 Comprimidos,Norte Sul Real - MT,111.0,0.762,59.14,0.0,18.0,14.08,2026-09-09 21:31:31,OK,
MT,GD,22183946000173,7896004793801,Valsartana 80 mg Caixa 30 Comprimidos,Panpharma / Santa Cruz - MT,55.0,0.6134000000000001,59.14,0.0,25.29,22.86,2026-09-09 21:31:31,OK,
MT,GD,22183946000173,7896004793818,Valsartana 160 mg Caixa 30 Comprimidos,Norte Sul Real - MT,158.0,0.6764,59.18,0.0,22.22,19.15,2026-09-09 21:31:34,OK,
MT,GD,22183946000173,7896004793825,Valsartana 320 mg Caixa 30 Comprimidos,Norte Sul Real - MT,118.0,0.5623,70.02,0.0,32.92,30.65,2026-09-09 21:31:38,OK,
MT,GD,22183946000173,7896004793825,Valsartana 320 mg Caixa 30 Comprimidos,Profarma - MT,52.0,0.41,70.02,0.0,40.61,40.61,2026-09-09 21:31:38,OK,
MT,GD,22183946000173,7896004793931,Rosuvastatina Cálcica 40 mg Caixa 30 Comprimidos Revestidos,Profarma - MT,71.0,0.5625,125.9,0.0,57.07,55.08,2026-09-09 21:31:41,OK,
MT,GD,22183946000173,7896004794044,Duloxetina 30 mg Caixa 60 Cápsulas,Profarma - MT,72.0,0.4484,114.2,0.0,62.59,62.59,2026-09-09 21:31:45,OK,
MT,GD,22183946000173,7896004794044,Duloxetina 30 mg Caixa 60 Cápsulas,Panpharma / Santa Cruz - MT,1.0,0.4483,114.2,0.0,64.49,63.0,2026-09-09 21:31:45,OK,
MT,GD,22183946000173,7896004794051,Duloxetina 60 mg Caixa 60 Cápsulas,Profarma - MT,13.0,0.4201,204.71,0.0,117.0,117.0,2026-09-09 21:31:48,OK,
MT,GD,22183946000173,7896004794051,Duloxetina 60 mg Caixa 60 Cápsulas,Panpharma / Santa Cruz - MT,107.0,0.42,204.71,0.0,120.42,118.73,2026-09-09 21:31:48,OK,
MT,GD,22183946000173,7896004794068,Bupropiona 300 mg Caixa 30 Comprimidos,Profarma - MT,54.0,0.539,149.4,0.0,70.64,68.87,2026-09-09 21:31:52,OK,
MT,GD,22183946000173,7896004794068,Bupropiona 300 mg Caixa 30 Comprimidos,Panpharma / Santa Cruz - MT,101.0,0.5389,149.4,0.0,73.14,68.89,2026-09-09 21:31:52,OK,
MT,GD,22183946000173,7896004794075,Fexofenadina 6 mg/ml Frasco 150 ml,Panpharma / Santa Cruz - MT,94.0,0.49939999999999996,46.94,0.0,24.38,23.5,2026-09-09 21:31:56,OK,
MT,GD,22183946000173,7896004794075,Fexofenadina 6 mg/ml Frasco 150 ml,Profarma - MT,22.0,0.49950000000000006,56.54,0.0,29.41,28.3,2026-09-09 21:31:56,OK,
MT,GD,22183946000173,7896004794075,Fexofenadina 6 mg/ml Frasco 150 ml,Norte Sul Real - MT,228.0,0.3701,46.94,0.0,29.56,29.56,2026-09-09 21:31:56,OK,
MT,GD,22183946000173,7896004794174,,,0.0,0.0,0.0,0.0,0.0,0.0,2026-09-09 21:32:08,ERRO,Message: Nenhuma distribuidora pôde ser lida no card do produto.
MT,GD,22183946000173,7896004794198,Escitalopram 20 mg com 60 Comprimidos,Profarma - MT,88.0,0.8301999999999999,151.57,0.0,35.04,25.74,2026-09-09 21:32:12,OK,
MT,GD,22183946000173,7896004794198,Escitalopram 20 mg com 60 Comprimidos,Panpharma / Santa Cruz - MT,1.0,0.8301000000000001,151.57,0.0,37.56,25.75,2026-09-09 21:32:12,OK,
MT,GD,22183946000173,7896004795041,BROMIDRATO DE VORTIOXETINA 5MG X 30CPR,Profarma - MT,16.0,0.42479999999999996,65.15,0.0,36.79,36.79,2026-09-09 21:32:16,OK,
MT,GD,22183946000173,7896004795041,BROMIDRATO DE VORTIOXETINA 5MG X 30CPR,Panpharma / Santa Cruz - MT,48.0,0.42469999999999997,65.15,0.0,37.88,37.48,2026-09-09 21:32:16,OK,
MT,GD,22183946000173,7896004795058,BROMIDRATO DE VORTIOXETINA 10MG + 30CPR,Panpharma / Santa Cruz - MT,14.0,0.4434,107.35,0.0,60.75,59.75,2026-09-09 21:32:19,OK,
MT,GD,22183946000173,7896004795065,,,0.0,0.0,0.0,0.0,0.0,0.0,2026-09-09 21:32:31,ERRO,Message: Nenhuma distribuidora pôde ser lida no card do produto.
MT,GD,22183946000173,7896004795188,Zolpidem 5MG X 30 SL,Norte Sul Real - MT,183.0,0.7696999999999999,81.92,0.0,24.41,18.87,2026-09-09 21:32:35,OK,
MT,GD,22183946000173,7896004795188,Zolpidem 5MG X 30 SL,Profarma - MT,149.0,0.6643000000000001,81.92,0.0,30.21,27.5,2026-09-09 21:32:35,OK,
MT,GD,22183946000173,7896004795188,Zolpidem 5MG X 30 SL,Panpharma / Santa Cruz - MT,55.0,0.6642,81.92,0.0,31.58,27.51,2026-09-09 21:32:35,OK,
MT,GD,22183946000173,7896004795232,AMOXICILINA + CLAVULANATO DE POTÁSSIO 500MG X 125MG X 21COR,Profarma - MT,42.0,0.7001999999999999,148.37,0.0,52.6,44.48,2026-09-09 21:32:39,OK,
MT,GD,22183946000173,7896004795232,AMOXICILINA + CLAVULANATO DE POTÁSSIO 500MG X 125MG X 21COR,Norte Sul Real - MT,553.0,0.7004,148.37,0.0,52.75,44.45,2026-09-09 21:32:39,OK,
MT,GD,22183946000173,7896004795232,AMOXICILINA + CLAVULANATO DE POTÁSSIO 500MG X 125MG X 21COR,Panpharma / Santa Cruz - MT,82.0,0.7001000000000001,148.37,0.0,52.78,44.5,2026-09-09 21:32:39,OK,
MT,GD,22183946000173,7896004795461,"CLOR.DE NARATRIPTANA 2,5MG C/8 COM REV-LG",Profarma - MT,213.0,0.3931,26.08,0.0,15.5,15.5,2026-09-09 21:32:43,OK,
MT,GD,22183946000173,7896004795461,"CLOR.DE NARATRIPTANA 2,5MG C/8 COM REV-LG",Panpharma / Santa Cruz - MT,1737.0,0.39299999999999996,26.08,0.0,15.93,15.83,2026-09-09 21:32:43,OK,
MT,GD,22183946000173,7896004796284,DICL.TRIMETAZIDINA 35MG C/60 COM REV-LG,Norte Sul Real - MT,40.0,0.5245000000000001,96.83,0.0,48.56,46.04,2026-09-09 21:32:47,OK,
MT,GD,22183946000173,7896004796284,DICL.TRIMETAZIDINA 35MG C/60 COM REV-LG,Profarma - MT,54.0,0.55,96.83,0.0,52.94,43.57,2026-09-09 21:32:47,OK,
MT,GD,22183946000173,7896004796291,DICL.TRIMETAZIDINA 35MG C/30 COM REV-LG,Norte Sul Real - MT,1.0,0.48960000000000004,48.41,0.0,25.68,24.71,2026-09-09 21:32:50,OK,
MT,GD,22183946000173,7896004796307,BES. LEVANLODIPINO 5MG C/30COMP -LG,Norte Sul Real - MT,25.0,0.5239,75.09,0.0,37.47,35.75,2026-09-09 21:32:54,OK,
MT,GD,22183946000173,7896004796307,BES. LEVANLODIPINO 5MG C/30COMP -LG,Panpharma / Santa Cruz - MT,7.0,0.37439999999999996,75.09,0.0,46.98,46.98,2026-09-09 21:32:54,OK,
MT,GD,22183946000173,7896004796314,"BES. LEVANLODIPINO 2,5MG C/30COMP-LG",Norte Sul Real - MT,61.0,0.5397,38.65,0.0,18.79,17.79,2026-09-09 21:32:57,OK,
MT,GD,22183946000173,7896004796352,GUAIFENESINA + OXOMEMAZINA + POTASSIO IODETO + SODIO BENZOATO x 120ML,Panpharma / Santa Cruz - MT,2752.0,0.6912999999999999,39.08,0.0,12.53,12.06,2026-09-09 21:33:01,OK,
MT,GD,22183946000173,7896004796352,GUAIFENESINA + OXOMEMAZINA + POTASSIO IODETO + SODIO BENZOATO x 120ML,Norte Sul Real - MT,15435.0,0.72,39.08,0.0,13.14,10.94,2026-09-09 21:33:01,OK,
MT,GD,22183946000173,7896004796352,GUAIFENESINA + OXOMEMAZINA + POTASSIO IODETO + SODIO BENZOATO x 120ML,Profarma - MT,999.0,0.6914,39.08,0.0,13.42,12.06,2026-09-09 21:33:01,OK,
PA,GD,36346498000781,7894916372770,,,0.0,0.0,0.0,0.0,0.0,0.0,2026-09-09 20:53:40,ERRO,Message: Nenhuma distribuidora pôde ser lida no card do produto.
PA,GD,36346498000781,7894916372787,Xarope Cloridrato de Ambroxol Infantil 15mg/5ml Frasco 120 ml,Total - PA,240.0,0.4396,18.26,0.0,10.23,10.23,2026-09-09 20:53:44,OK,
PA,GD,36346498000781,7894916372787,Xarope Cloridrato de Ambroxol Infantil 15mg/5ml Frasco 120 ml,Nazaria - PA,103.0,0.3897,18.26,0.0,11.14,11.14,2026-09-09 20:53:44,OK,
PA,GD,36346498000781,7894916372855,Anastrozol 1 mg Caixa 30 Comprimidos Revestidos,Panpharma - PA,26.0,0.8848999999999999,780.89,0.0,89.88,89.88,2026-09-09 20:53:48,OK,
PA,GD,36346498000781,7894916372855,Anastrozol 1 mg Caixa 30 Comprimidos Revestidos,Nazaria - PA,88.0,0.7687,780.89,0.0,180.62,180.62,2026-09-09 20:53:48,OK,
PA,GD,36346498000781,7896004700038,Paracetamol 200 mg/ml Frasco 15 ml Gotas,Total - PA,305.0,0.5637,11.0,0.0,4.8,4.8,2026-09-09 20:53:52,OK,
PA,GD,36346498000781,7896004700038,Paracetamol 200 mg/ml Frasco 15 ml Gotas,Nazaria - PA,9221.0,0.5085000000000001,11.0,0.0,5.41,5.41,2026-09-09 20:53:52,OK,
PA,GD,36346498000781,7896004700250,,,0.0,0.0,0.0,0.0,0.0,0.0,2026-09-09 20:54:04,ERRO,Message: Nenhuma distribuidora pôde ser lida no card do produto.
PA,GD,36346498000781,7896004700274,Tenoxicam 20 mg Caixa 10 Comprimidos Revestidos,Panpharma - PA,139.0,0.6839,43.83,0.0,13.85,13.85,2026-09-09 20:54:08,OK,
PA,GD,36346498000781,7896004700274,Tenoxicam 20 mg Caixa 10 Comprimidos Revestidos,Total - PA,69.0,0.6523,43.83,0.0,15.24,15.24,2026-09-09 20:54:08,OK,
PA,GD,36346498000781,7896004700274,Tenoxicam 20 mg Caixa 10 Comprimidos Revestidos,Nazaria - PA,105.0,0.593,43.83,0.0,17.84,17.84,2026-09-09 20:54:08,OK,
PA,GD,36346498000781,7896004700403,Diltiazem 60 mg Caixa 50 Comprimidos,Panpharma - PA,66.0,0.25239999999999996,38.02,0.0,28.42,28.42,2026-09-09 20:54:12,OK,
PA,GD,36346498000781,7896004700403,Diltiazem 60 mg Caixa 50 Comprimidos,Nazaria - PA,38.0,0.23989999999999997,38.02,0.0,28.9,28.9,2026-09-09 20:54:12,OK,
PA,GD,36346498000781,7896004700403,Diltiazem 60 mg Caixa 50 Comprimidos,Total - PA,47.0,0.20579999999999998,38.02,0.0,30.2,30.2,2026-09-09 20:54:12,OK,
PA,GD,36346498000781,7896004700410,,,0.0,0.0,0.0,0.0,0.0,0.0,2026-09-09 20:54:25,ERRO,Message: Nenhuma distribuidora pôde ser lida no card do produto.
PA,GD,36346498000781,7896004700427,Amoxicilina 500 mg Caixa 21 Cápsulas,Total - PA,346.0,0.7378,34.04,0.0,8.93,8.93,2026-09-09 20:54:29,OK,
PA,GD,36346498000781,7896004700427,Amoxicilina 500 mg Caixa 21 Cápsulas,Panpharma - PA,149.0,0.7112999999999999,34.05,0.0,9.83,9.83,2026-09-09 20:54:29,OK,
PA,GD,36346498000781,7896004700427,Amoxicilina 500 mg Caixa 21 Cápsulas,Nazaria - PA,1084.0,0.6415000000000001,34.05,0.0,12.21,12.21,2026-09-09 20:54:29,OK,
PA,GD,36346498000781,7896004700441,Amoxicilina 500 mg Caixa 15 Cápsulas,Total - PA,57.0,0.6029,25.09,0.0,9.96,9.96,2026-09-09 20:54:33,OK,
PA,GD,36346498000781,7896004700441,Amoxicilina 500 mg Caixa 15 Cápsulas,Nazaria - PA,596.0,0.5590999999999999,25.09,0.0,11.06,11.06,2026-09-09 20:54:33,OK,
PA,GD,36346498000781,7896004700458,Amoxicilina 250mg/5ml Frasco 150 ml Pó Para Suspensão Oral + Copo,Total - PA,3408.0,0.5847,27.59,0.0,11.46,11.46,2026-09-09 20:54:36,OK,
PA,GD,36346498000781,7896004700458,Amoxicilina 250mg/5ml Frasco 150 ml Pó Para Suspensão Oral + Copo,Nazaria - PA,847.0,0.515,27.59,0.0,13.38,13.38,2026-09-09 20:54:36,OK,
PA,GD,36346498000781,7896004700526,Enalapril 5 mg Caixa 30 Comprimidos,Total - PA,128.0,0.8239,21.14,0.0,3.72,3.72,2026-09-09 20:54:40,OK,
PA,GD,36346498000781,7896004700526,Enalapril 5 mg Caixa 30 Comprimidos,Nazaria - PA,283.0,0.7134999999999999,21.14,0.0,6.06,6.06,2026-09-09 20:54:40,OK,
PA,GD,36346498000781,7896004700533,Enalapril 10 mg Caixa 30 Comprimidos,Total - PA,174.0,0.8473,20.21,0.0,3.09,3.09,2026-09-09 20:54:44,OK,
PA,GD,36346498000781,7896004700533,Enalapril 10 mg Caixa 30 Comprimidos,Nazaria - PA,341.0,0.7461,20.21,0.0,5.13,5.13,2026-09-09 20:54:44,OK,
PA,GD,36346498000781,7896004700540,Enalapril 20 mg Caixa 30 Comprimidos,Panpharma - PA,410.0,0.8753,30.7,0.0,3.83,3.83,2026-09-09 20:54:48,OK,
PA,GD,36346498000781,7896004700540,Enalapril 20 mg Caixa 30 Comprimidos,Total - PA,621.0,0.8618000000000001,30.7,0.0,4.24,4.24,2026-09-09 20:54:48,OK,
PA,GD,36346498000781,7896004700540,Enalapril 20 mg Caixa 30 Comprimidos,Nazaria - PA,721.0,0.7452,30.7,0.0,7.82,7.82,2026-09-09 20:54:48,OK,
PA,GD,36346498000781,7896004700564,,,0.0,0.0,0.0,0.0,0.0,0.0,2026-09-09 20:55:00,ERRO,Message: Nenhuma distribuidora pôde ser lida no card do produto.
PA,GD,36346498000781,7896004700571,Carbocisteína 50 mg/ml Frasco 100 ml Xarope Adulto,Panpharma - PA,101.0,0.5447,31.31,0.0,14.26,14.26,2026-09-09 20:55:04,OK,
PA,GD,36346498000781,7896004700571,Carbocisteína 50 mg/ml Frasco 100 ml Xarope Adulto,Total - PA,308.0,0.5347999999999999,31.31,0.0,14.57,14.57,2026-09-09 20:55:04,OK,
PA,GD,36346498000781,7896004700571,Carbocisteína 50 mg/ml Frasco 100 ml Xarope Adulto,Nazaria - PA,79.0,0.46149999999999997,31.31,0.0,16.86,16.86,2026-09-09 20:55:04,OK,
PA,GD,36346498000781,7896004700656,Betametasona + Ácido Salicílico 0.5+30 mg/g Bisnaga 30 g Pomada,Panpharma - PA,144.0,0.7452,22.02,0.0,5.61,5.61,2026-09-09 20:55:09,OK,
PA,GD,36346498000781,7896004700656,Betametasona + Ácido Salicílico 0.5+30 mg/g Bisnaga 30 g Pomada,Total - PA,600.0,0.7234,22.02,0.0,6.09,6.09,2026-09-09 20:55:09,OK,
PA,GD,36346498000781,7896004700656,Betametasona + Ácido Salicílico 0.5+30 mg/g Bisnaga 30 g Pomada,Nazaria - PA,1415.0,0.6309,22.02,0.0,8.13,8.13,2026-09-09 20:55:09,OK,
PA,GD,36346498000781,7896004700953,Pentoxifilina 400 mg Caixa 20 Comprimidos Revestidos,Nazaria - PA,27.0,0.1677,50.46,0.0,42.0,42.0,2026-09-09 20:55:13,OK,
PA,GD,36346498000781,7896004700953,Pentoxifilina 400 mg Caixa 20 Comprimidos Revestidos,Panpharma - PA,117.0,0.1604,50.46,0.0,42.37,42.37,2026-09-09 20:55:13,OK,
PA,GD,36346498000781,7896004700953,Pentoxifilina 400 mg Caixa 20 Comprimidos Revestidos,Total - PA,92.0,0.1472,50.46,0.0,43.03,43.03,2026-09-09 20:55:13,OK,
PA,GD,36346498000781,7896004700984,Cetoconazol 20 mg/g Frasco 100 ml Shampoo Anticaspa,Panpharma - PA,135.0,0.624,59.92,0.0,22.53,22.53,2026-09-09 20:55:17,OK,
PA,GD,36346498000781,7896004700984,Cetoconazol 20 mg/g Frasco 100 ml Shampoo Anticaspa,Total - PA,383.0,0.6001,59.92,0.0,23.96,23.96,2026-09-09 20:55:17,OK,
PA,GD,36346498000781,7896004700984,Cetoconazol 20 mg/g Frasco 100 ml Shampoo Anticaspa,Nazaria - PA,55.0,0.5335,59.92,0.0,27.95,27.95,2026-09-09 20:55:17,OK,
PA,GD,36346498000781,7896004700991,Claritromicina 500 mg Caixa 14 Comprimidos Revestidos,Total - PA,37.0,0.5566,212.68,0.0,94.28,94.28,2026-09-09 20:55:20,OK,
PA,GD,36346498000781,7896004701035,Terbinafina 10 mg/g Bisnaga 20 g Creme,Total - PA,66.0,0.44689999999999996,34.49,0.0,19.07,19.07,2026-09-09 20:55:24,OK,
PA,GD,36346498000781,7896004701035,Terbinafina 10 mg/g Bisnaga 20 g Creme,Nazaria - PA,1397.0,0.38880000000000003,34.49,0.0,21.08,21.08,2026-09-09 20:55:24,OK,
PA,GD,36346498000781,7896004701172,Claritromicina 500 mg Caixa 10 Comprimidos Revestidos,Total - PA,75.0,0.7553,145.11,0.0,35.49,35.49,2026-09-09 20:55:28,OK,
PA,GD,36346498000781,7896004701172,Claritromicina 500 mg Caixa 10 Comprimidos Revestidos,Nazaria - PA,10.0,0.6858,145.11,0.0,45.59,45.59,2026-09-09 20:55:28,OK,
PA,GD,36346498000781,7896004701172,Claritromicina 500 mg Caixa 10 Comprimidos Revestidos,Panpharma - PA,59.0,0.6533,145.11,0.0,50.31,50.31,2026-09-09 20:55:28,OK,
PA,GD,36346498000781,7896004701233,Bromoprida 4 mg/ml Frasco 20 ml Gotas,Total - PA,275.0,0.6806,18.92,0.0,6.04,6.04,2026-09-09 20:55:32,OK,
PA,GD,36346498000781,7896004701233,Bromoprida 4 mg/ml Frasco 20 ml Gotas,Nazaria - PA,4118.0,0.6131,18.92,0.0,7.32,7.32,2026-09-09 20:55:32,OK,
PA,GD,36346498000781,7896004701288,Hidróxido De Alumínio 61.5 mg/ml Frasco 240 ml Suspensão Oral,Nazaria - PA,1975.0,0.2368,19.69,0.0,15.03,15.03,2026-09-09 20:55:36,OK,
PA,GD,36346498000781,7896004701288,Hidróxido De Alumínio 61.5 mg/ml Frasco 240 ml Suspensão Oral,Total - PA,25.0,0.2368,21.12,0.0,16.12,16.12,2026-09-09 20:55:36,OK,
PA,GD,36346498000781,7896004701288,Hidróxido De Alumínio 61.5 mg/ml Frasco 240 ml Suspensão Oral,Panpharma - PA,610.0,0.2212,21.12,0.0,16.45,16.45,2026-09-09 20:55:36,OK,
PA,GD,36346498000781,7896004701301,,,0.0,0.0,0.0,0.0,0.0,0.0,2026-09-09 20:55:48,ERRO,Message: Nenhuma distribuidora pôde ser lida no card do produto.
PA,GD,36346498000781,7896004701462,Lorazepam 2 mg Caixa 20 Comprimidos,Total - PA,10.0,0.8234999999999999,17.37,0.0,3.07,3.07,2026-09-09 20:55:52,OK,
PA,GD,36346498000781,7896004701462,Lorazepam 2 mg Caixa 20 Comprimidos,Panpharma - PA,1.0,0.7909,17.37,0.0,3.63,3.63,2026-09-09 20:55:52,OK,
PA,GD,36346498000781,7896004701462,Lorazepam 2 mg Caixa 20 Comprimidos,Nazaria - PA,162.0,0.7463,17.37,0.0,4.41,4.41,2026-09-09 20:55:52,OK,
PA,GD,36346498000781,7896004701820,,,0.0,0.0,0.0,0.0,0.0,0.0,2026-09-09 20:56:05,ERRO,Message: Nenhuma distribuidora pôde ser lida no card do produto.
PA,GD,36346498000781,7896004701943,Sinvastatina 10 mg Caixa 30 Comprimidos Revestidos,Panpharma - PA,25.0,0.7970999999999999,24.74,0.0,5.02,5.02,2026-09-09 20:56:08,OK,
PA,GD,36346498000781,7896004701943,Sinvastatina 10 mg Caixa 30 Comprimidos Revestidos,Total - PA,42.0,0.7775,24.74,0.0,5.5,5.5,2026-09-09 20:56:08,OK,
PA,GD,36346498000781,7896004701967,Omeprazol Magnésico 20 mg Caixa 28 Cápsulas,Panpharma - PA,55.0,0.8462000000000001,27.28,0.0,4.2,4.2,2026-09-09 20:56:12,OK,
PA,GD,36346498000781,7896004701967,Omeprazol Magnésico 20 mg Caixa 28 Cápsulas,Nazaria - PA,1214.0,0.7158,27.28,0.0,7.75,7.75,2026-09-09 20:56:12,OK,
PA,GD,36346498000781,7896004702032,Nistatina 100000 ui/ml Frasco 50 ml Suspensão Oral,Panpharma - PA,261.0,0.6981,30.53,0.0,9.22,9.22,2026-09-09 20:56:16,OK,
PA,GD,36346498000781,7896004702032,Nistatina 100000 ui/ml Frasco 50 ml Suspensão Oral,Total - PA,35.0,0.6751,30.53,0.0,9.92,9.92,2026-09-09 20:56:16,OK,
PA,GD,36346498000781,7896004702032,Nistatina 100000 ui/ml Frasco 50 ml Suspensão Oral,Nazaria - PA,33.0,0.584,30.53,0.0,12.7,12.7,2026-09-09 20:56:16,OK,
PA,GD,36346498000781,7896004702049,Benzoilmetronidazol 40 mg/ml Frasco 120 ml Suspensão Oral,Panpharma - PA,145.0,0.21989999999999998,13.83,0.0,10.79,10.79,2026-09-09 20:56:19,OK,
PA,GD,36346498000781,7896004702452,,,0.0,0.0,0.0,0.0,0.0,0.0,2026-09-09 20:56:32,ERRO,Message: Nenhuma distribuidora pôde ser lida no card do produto.
PA,GD,36346498000781,7896004703275,Cefadroxila 500 mg Caixa 8 Cápsulas,Total - PA,63.0,0.7204,53.65,0.0,15.0,15.0,2026-09-09 20:56:35,OK,
PA,GD,36346498000781,7896004703275,Cefadroxila 500 mg Caixa 8 Cápsulas,Nazaria - PA,2197.0,0.6539,53.65,0.0,18.57,18.57,2026-09-09 20:56:35,OK,
PA,GD,36346498000781,7896004703305,,,0.0,0.0,0.0,0.0,0.0,0.0,2026-09-09 20:56:48,ERRO,Message: Nenhuma distribuidora pôde ser lida no card do produto.
PA,GD,36346498000781,7896004703312,Anlodipino 10 mg Caixa 30 Comprimidos,Total - PA,57.0,0.8371,51.04,0.0,8.31,8.31,2026-09-09 20:56:51,OK,
PA,GD,36346498000781,7896004703336,Fluconazol 150 mg Caixa 1 Cápsula,Total - PA,27.0,0.8167,11.96,0.0,2.19,2.19,2026-09-09 20:56:54,OK,
PA,GD,36346498000781,7896004703343,Fluconazol 150 mg Caixa 2 Cápsulas,Total - PA,58.0,0.6468,20.12,0.0,7.11,7.11,2026-09-09 20:56:58,OK,
PA,GD,36346498000781,7896004703343,Fluconazol 150 mg Caixa 2 Cápsulas,Nazaria - PA,1559.0,0.5891,20.12,0.0,8.27,8.27,2026-09-09 20:56:58,OK,
PA,GD,36346498000781,7896004703381,,,0.0,0.0,0.0,0.0,0.0,0.0,2026-09-09 20:57:10,ERRO,Message: Nenhuma distribuidora pôde ser lida no card do produto.
PA,GD,36346498000781,7896004703398,Dipirona Monoidratada 500 mg Display 240 Comprimidos,Total - PA,46.0,0.6962999999999999,185.65,0.0,56.38,56.38,2026-09-09 20:57:14,OK,
PA,GD,36346498000781,7896004703398,Dipirona Monoidratada 500 mg Display 240 Comprimidos,Nazaria - PA,780.0,0.6212,185.65,0.0,70.32,70.32,2026-09-09 20:57:14,OK,
PA,GD,36346498000781,7896004703404,Amoxicilina + Clavulanato 500+125 mg Caixa 12 Comprimidos Revestidos,Total - PA,220.0,0.6533,86.99,0.0,30.16,30.16,2026-09-09 20:57:18,OK,
PA,GD,36346498000781,7896004703404,Amoxicilina + Clavulanato 500+125 mg Caixa 12 Comprimidos Revestidos,Panpharma - PA,30.0,0.6531999999999999,86.99,0.0,30.17,30.17,2026-09-09 20:57:18,OK,
PA,GD,36346498000781,7896004703404,Amoxicilina + Clavulanato 500+125 mg Caixa 12 Comprimidos Revestidos,Nazaria - PA,137.0,0.5576,86.99,0.0,38.48,38.48,2026-09-09 20:57:18,OK,
PA,GD,36346498000781,7896004703411,Amoxicilina + Clavulanato 500+125 mg Caixa 18 Comprimidos Revestidos,Total - PA,94.0,0.6534,130.15,0.0,45.11,45.11,2026-09-09 20:57:22,OK,
PA,GD,36346498000781,7896004703411,Amoxicilina + Clavulanato 500+125 mg Caixa 18 Comprimidos Revestidos,Panpharma - PA,28.0,0.6533,130.15,0.0,45.12,45.12,2026-09-09 20:57:22,OK,
PA,GD,36346498000781,7896004703411,Amoxicilina + Clavulanato 500+125 mg Caixa 18 Comprimidos Revestidos,Nazaria - PA,230.0,0.593,130.15,0.0,52.97,52.97,2026-09-09 20:57:22,OK,
PA,GD,36346498000781,7896004703428,Amoxicilina + Clavulanato 250+62.5mg/5ml Frasco 75 ml Pó P/ Susp. Oral + Copo,Total - PA,554.0,0.5853,60.69,0.0,25.17,25.17,2026-09-09 20:57:26,OK,
PA,GD,36346498000781,7896004703428,Amoxicilina + Clavulanato 250+62.5mg/5ml Frasco 75 ml Pó P/ Susp. Oral + Copo,Nazaria - PA,233.0,0.4174,60.69,0.0,35.36,35.36,2026-09-09 20:57:26,OK,
PA,GD,36346498000781,7896004703466,Finasterida 5 mg Caixa 30 Comprimidos Revestidos,Panpharma - PA,23.0,0.8162,107.19,0.0,19.7,19.7,2026-09-09 20:57:29,OK,
PA,GD,36346498000781,7896004703466,Finasterida 5 mg Caixa 30 Comprimidos Revestidos,Total - PA,1.0,0.7942,107.19,0.0,22.06,22.06,2026-09-09 20:57:29,OK,
PA,GD,36346498000781,7896004703473,Metildopa 500 mg Caixa 30 Comprimidos Revestidos,Total - PA,690.0,0.07,44.51,0.0,41.39,41.39,2026-09-09 20:57:33,OK,
PA,GD,36346498000781,7896004703473,Metildopa 500 mg Caixa 30 Comprimidos Revestidos,Nazaria - PA,786.0,0.0279,44.51,0.0,43.27,43.27,2026-09-09 20:57:33,OK,
PA,GD,36346498000781,7896004703480,Metildopa 250 mg Caixa 30 Comprimidos Revestidos,Total - PA,763.0,0.07,23.9,0.0,22.23,22.23,2026-09-09 20:57:37,OK,
PA,GD,36346498000781,7896004703480,Metildopa 250 mg Caixa 30 Comprimidos Revestidos,Nazaria - PA,1008.0,0.0641,23.9,0.0,22.37,22.37,2026-09-09 20:57:37,OK,
PA,GD,36346498000781,7896004703480,Metildopa 250 mg Caixa 30 Comprimidos Revestidos,Panpharma - PA,63.0,0.0601,23.9,0.0,22.46,22.46,2026-09-09 20:57:37,OK,
PA,GD,36346498000781,7896004703497,Claritromicina 250mg/5ml Frasco 60 ml Granulado Para Suspensão Oral + Diluente + Seringa,Total - PA,185.0,0.196,125.3,0.0,100.74,100.74,2026-09-09 20:57:41,OK,
PA,GD,36346498000781,7896004703497,Claritromicina 250mg/5ml Frasco 60 ml Granulado Para Suspensão Oral + Diluente + Seringa,Nazaria - PA,172.0,0.1315,125.3,0.0,108.82,108.82,2026-09-09 20:57:41,OK,
PA,GD,36346498000781,7896004703565,Dexametasona 0.1 mg/ml Frasco 120 ml Elixir + Copo Dosador,Total - PA,3166.0,0.6384000000000001,15.75,0.0,5.7,5.7,2026-09-09 20:57:45,OK,
PA,GD,36346498000781,7896004703565,Dexametasona 0.1 mg/ml Frasco 120 ml Elixir + Copo Dosador,Nazaria - PA,1132.0,0.5697,15.75,0.0,6.78,6.78,2026-09-09 20:57:45,OK,
PA,GD,36346498000781,7896004703596,,,0.0,0.0,0.0,0.0,0.0,0.0,2026-09-09 20:57:57,ERRO,Message: Nenhuma distribuidora pôde ser lida no card do produto.
PA,GD,36346498000781,7896004703633,Lansoprazol 30 mg Caixa 28 Cápsulas de Liberação Retardada,Nazaria - PA,106.0,0.5614,110.22,0.0,48.34,48.34,2026-09-09 20:58:00,OK,
PA,GD,36346498000781,7896004703732,Sulfametoxazol+Trimetoprima 200+40mg/5ml Frasco 100 ml Susp. Oral + Copo,Total - PA,875.0,0.6079,15.17,0.0,5.95,5.95,2026-09-09 20:58:04,OK,
PA,GD,36346498000781,7896004703732,Sulfametoxazol+Trimetoprima 200+40mg/5ml Frasco 100 ml Susp. Oral + Copo,Nazaria - PA,5988.0,0.5459,15.17,0.0,6.89,6.89,2026-09-09 20:58:04,OK,
PA,GD,36346498000781,7896004703794,Terbinafina 250 mg Caixa 14 Comprimidos,Panpharma - PA,72.0,0.7796,120.33,0.0,26.52,26.52,2026-09-09 20:58:08,OK,
PA,GD,36346498000781,7896004703794,Terbinafina 250 mg Caixa 14 Comprimidos,Total - PA,256.0,0.755,120.33,0.0,29.48,29.48,2026-09-09 20:58:08,OK,
PA,GD,36346498000781,7896004703794,Terbinafina 250 mg Caixa 14 Comprimidos,Nazaria - PA,60.0,0.6788,120.33,0.0,38.65,38.65,2026-09-09 20:58:08,OK,
PA,GD,36346498000781,7896004704036,Nimesulida 100 mg Caixa 12 Comprimidos,Panpharma - PA,21.0,0.8983,18.23,0.0,1.85,1.85,2026-09-09 20:58:12,OK,
PA,GD,36346498000781,7896004704036,Nimesulida 100 mg Caixa 12 Comprimidos,Total - PA,218.0,0.8964,18.23,0.0,1.89,1.89,2026-09-09 20:58:12,OK,
PA,GD,36346498000781,7896004704036,Nimesulida 100 mg Caixa 12 Comprimidos,Nazaria - PA,7279.0,0.7784,18.23,0.0,4.04,4.04,2026-09-09 20:58:12,OK,
PA,GD,36346498000781,7896004704043,Nimesulida 50 mg/ml Frasco 15 ml Gotas,Total - PA,82.0,0.7581,27.09,0.0,6.55,6.55,2026-09-09 20:58:15,OK,
PA,GD,36346498000781,7896004704180,,,0.0,0.0,0.0,0.0,0.0,0.0,2026-09-09 20:58:27,ERRO,Message: Nenhuma distribuidora pôde ser lida no card do produto.
PA,GD,36346498000781,7896004704210,,,0.0,0.0,0.0,0.0,0.0,0.0,2026-09-09 20:58:40,ERRO,Message: Nenhuma distribuidora pôde ser lida no card do produto.
PA,GD,36346498000781,7896004704326,Captopril 25 mg Caixa 30 Comprimidos,Panpharma - PA,468.0,0.8495,12.84,0.0,1.93,1.93,2026-09-09 20:58:44,OK,
PA,GD,36346498000781,7896004704326,Captopril 25 mg Caixa 30 Comprimidos,Total - PA,466.0,0.8284999999999999,12.84,0.0,2.2,2.2,2026-09-09 20:58:44,OK,
PA,GD,36346498000781,7896004704326,Captopril 25 mg Caixa 30 Comprimidos,Nazaria - PA,828.0,0.727,12.84,0.0,3.51,3.51,2026-09-09 20:58:44,OK,
PA,GD,36346498000781,7896004704364,Cefalexina 250mg/5ml Frasco 100 ml Suspensão Oral + Copo,Total - PA,484.0,0.5542,54.32,0.0,24.22,24.22,2026-09-09 20:58:47,OK,
PA,GD,36346498000781,7896004704364,Cefalexina 250mg/5ml Frasco 100 ml Suspensão Oral + Copo,Nazaria - PA,482.0,0.5204,54.32,0.0,26.05,26.05,2026-09-09 20:58:47,OK,
PA,GD,36346498000781,7896004704586,,,0.0,0.0,0.0,0.0,0.0,0.0,2026-09-09 20:59:00,ERRO,Message: Nenhuma distribuidora pôde ser lida no card do produto.
PA,GD,36346498000781,7896004704593,Amoxicilina 400mg/5ml Frasco 100 ml Pó Para Suspensão Oral + Seringa,Panpharma - PA,137.0,0.5656,42.44,0.0,18.44,18.44,2026-09-09 20:59:04,OK,
PA,GD,36346498000781,7896004704593,Amoxicilina 400mg/5ml Frasco 100 ml Pó Para Suspensão Oral + Seringa,Total - PA,237.0,0.53,42.44,0.0,19.95,19.95,2026-09-09 20:59:04,OK,
PA,GD,36346498000781,7896004704593,Amoxicilina 400mg/5ml Frasco 100 ml Pó Para Suspensão Oral + Seringa,Nazaria - PA,167.0,0.5004,42.44,0.0,21.2,21.2,2026-09-09 20:59:04,OK,
PA,GD,36346498000781,7896004704623,Dexclorfeniramina + Betametasona 0.4+0.05 mg/ml Frasco 120 ml Xarope,Panpharma - PA,302.0,0.6557999999999999,20.12,0.0,6.93,6.93,2026-09-09 20:59:08,OK,
PA,GD,36346498000781,7896004704623,Dexclorfeniramina + Betametasona 0.4+0.05 mg/ml Frasco 120 ml Xarope,Total - PA,797.0,0.6383,20.12,0.0,7.28,7.28,2026-09-09 20:59:08,OK,
PA,GD,36346498000781,7896004704623,Dexclorfeniramina + Betametasona 0.4+0.05 mg/ml Frasco 120 ml Xarope,Nazaria - PA,2221.0,0.5558,20.12,0.0,8.94,8.94,2026-09-09 20:59:08,OK,
PA,GD,36346498000781,7896004704692,Cefalexina 500 mg Caixa 10 Comprimidos Revestidos,Panpharma - PA,7.0,0.5295000000000001,26.57,0.0,12.5,12.5,2026-09-09 20:59:11,OK,
PA,GD,36346498000781,7896004704692,Cefalexina 500 mg Caixa 10 Comprimidos Revestidos,Nazaria - PA,1587.0,0.4514,26.57,0.0,14.58,14.58,2026-09-09 20:59:11,OK,
PA,GD,36346498000781,7896004704999,Dexclorfeniramina 2mg/5ml Frasco 120 ml Solução Oral,Panpharma - PA,117.0,0.6714,19.86,0.0,6.53,6.53,2026-09-09 20:59:15,OK,
PA,GD,36346498000781,7896004704999,Dexclorfeniramina 2mg/5ml Frasco 120 ml Solução Oral,Total - PA,58.0,0.6483,19.86,0.0,6.98,6.98,2026-09-09 20:59:15,OK,
PA,GD,36346498000781,7896004704999,Dexclorfeniramina 2mg/5ml Frasco 120 ml Solução Oral,Nazaria - PA,301.0,0.5787,19.86,0.0,8.37,8.37,2026-09-09 20:59:15,OK,
PA,GD,36346498000781,7896004705057,Diclofenaco Dietilamônio 11.6 mg/g Bisnaga 60 g Gel,Nazaria - PA,788.0,0.44920000000000004,14.72,0.0,8.11,8.11,2026-09-09 20:59:19,OK,
PA,GD,36346498000781,7896004705071,Piroxicam 20 mg Caixa 15 Cápsulas,Total - PA,6.0,0.7020000000000001,26.02,0.0,7.75,7.75,2026-09-09 20:59:22,OK,
PA,GD,36346498000781,7896004705071,Piroxicam 20 mg Caixa 15 Cápsulas,Nazaria - PA,283.0,0.6775,26.02,0.0,8.39,8.39,2026-09-09 20:59:22,OK,
PA,GD,36346498000781,7896004705088,,,0.0,0.0,0.0,0.0,0.0,0.0,2026-09-09 20:59:35,ERRO,Message: Nenhuma distribuidora pôde ser lida no card do produto.
PA,GD,36346498000781,7896004705118,Cetoconazol + Betametasona 20+0.5 mg/g Bisnaga 30 g Pomada,Panpharma - PA,44.0,0.7668,25.52,0.0,5.95,5.95,2026-09-09 20:59:39,OK,
PA,GD,36346498000781,7896004705118,Cetoconazol + Betametasona 20+0.5 mg/g Bisnaga 30 g Pomada,Total - PA,9.0,0.7381,25.52,0.0,6.68,6.68,2026-09-09 20:59:39,OK,
PA,GD,36346498000781,7896004705118,Cetoconazol + Betametasona 20+0.5 mg/g Bisnaga 30 g Pomada,Nazaria - PA,366.0,0.6476999999999999,25.52,0.0,8.99,8.99,2026-09-09 20:59:39,OK,
PA,GD,36346498000781,7896004705125,Cetoconazol + Betametasona 20+0.5 mg/g Bisnaga 30 g Creme,Panpharma - PA,66.0,0.7583,26.04,0.0,6.29,6.29,2026-09-09 20:59:43,OK,
PA,GD,36346498000781,7896004705125,Cetoconazol + Betametasona 20+0.5 mg/g Bisnaga 30 g Creme,Total - PA,48.0,0.7293999999999999,26.04,0.0,7.05,7.05,2026-09-09 20:59:43,OK,
PA,GD,36346498000781,7896004705125,Cetoconazol + Betametasona 20+0.5 mg/g Bisnaga 30 g Creme,Nazaria - PA,361.0,0.6453,26.04,0.0,9.24,9.24,2026-09-09 20:59:43,OK,
PA,GD,36346498000781,7896004705132,Tioconazol + Tinidazol 20+30 mg/g Bisnaga 35 g Creme Vaginal + 7 Aplicadores,Nazaria - PA,243.0,0.6923999999999999,60.2,0.0,18.52,18.52,2026-09-09 20:59:47,OK,
PA,GD,36346498000781,7896004705132,Tioconazol + Tinidazol 20+30 mg/g Bisnaga 35 g Creme Vaginal + 7 Aplicadores,Total - PA,121.0,0.6616,60.2,0.0,20.37,20.37,2026-09-09 20:59:47,OK,
PA,GD,36346498000781,7896004705323,,,0.0,0.0,0.0,0.0,0.0,0.0,2026-09-09 20:59:59,ERRO,Message: Nenhuma distribuidora pôde ser lida no card do produto.
PA,GD,36346498000781,7896004705330,Simeticona 75 mg/ml Frasco 15 ml Gotas,Panpharma - PA,412.0,0.8244,22.4,0.0,3.93,3.93,2026-09-09 21:00:03,OK,
PA,GD,36346498000781,7896004705330,Simeticona 75 mg/ml Frasco 15 ml Gotas,Nazaria - PA,3173.0,0.8079999999999999,22.4,0.0,4.3,4.3,2026-09-09 21:00:03,OK,
PA,GD,36346498000781,7896004705330,Simeticona 75 mg/ml Frasco 15 ml Gotas,Total - PA,508.0,0.8079999999999999,22.4,0.0,4.3,4.3,2026-09-09 21:00:03,OK,
PA,GD,36346498000781,7896004705347,,,0.0,0.0,0.0,0.0,0.0,0.0,2026-09-09 21:00:15,ERRO,Message: Nenhuma distribuidora pôde ser lida no card do produto.
PA,GD,36346498000781,7896004705477,Amoxicilina 500mg/5ml Frasco 150 ml Pó Para Suspensão Oral + Copo,Panpharma - PA,10.0,0.6141,63.96,0.0,24.68,24.68,2026-09-09 21:00:19,OK,
PA,GD,36346498000781,7896004705477,Amoxicilina 500mg/5ml Frasco 150 ml Pó Para Suspensão Oral + Copo,Total - PA,81.0,0.5527000000000001,63.96,0.0,28.6,28.6,2026-09-09 21:00:19,OK,
PA,GD,36346498000781,7896004705583,Clortalidona 50 mg Caixa 30 Comprimidos,Nazaria - PA,53.0,0.0892,22.74,0.0,20.71,20.71,2026-09-09 21:00:23,OK,
PA,GD,36346498000781,7896004705583,Clortalidona 50 mg Caixa 30 Comprimidos,Panpharma - PA,27.0,0.08449999999999999,22.74,0.0,20.82,20.82,2026-09-09 21:00:23,OK,
PA,GD,36346498000781,7896004705583,Clortalidona 50 mg Caixa 30 Comprimidos,Total - PA,278.0,0.07,22.74,0.0,21.15,21.15,2026-09-09 21:00:23,OK,
PA,GD,36346498000781,7896004705590,Cetoconazol+Betametasona+Neomicina 20+0.5+2.5 mg/g Pomada Bisnaga 30 g,Panpharma - PA,79.0,0.7173,29.56,0.0,8.36,8.36,2026-09-09 21:00:27,OK,
PA,GD,36346498000781,7896004705590,Cetoconazol+Betametasona+Neomicina 20+0.5+2.5 mg/g Pomada Bisnaga 30 g,Total - PA,43.0,0.7054,29.56,0.0,8.71,8.71,2026-09-09 21:00:27,OK,
PA,GD,36346498000781,7896004705590,Cetoconazol+Betametasona+Neomicina 20+0.5+2.5 mg/g Pomada Bisnaga 30 g,Nazaria - PA,457.0,0.6286,29.56,0.0,10.98,10.98,2026-09-09 21:00:27,OK,
PA,GD,36346498000781,7896004705606,Cetoconazol+Betametasona+Neomicina 20+0.5+2.5 mg/g Creme Bisnaga 30 g,Panpharma - PA,657.0,0.6428,26.28,0.0,9.39,9.39,2026-09-09 21:00:31,OK,
PA,GD,36346498000781,7896004705606,Cetoconazol+Betametasona+Neomicina 20+0.5+2.5 mg/g Creme Bisnaga 30 g,Total - PA,476.0,0.6359,26.28,0.0,9.57,9.57,2026-09-09 21:00:31,OK,
PA,GD,36346498000781,7896004705606,Cetoconazol+Betametasona+Neomicina 20+0.5+2.5 mg/g Creme Bisnaga 30 g,Nazaria - PA,1284.0,0.5847,26.28,0.0,10.91,10.91,2026-09-09 21:00:31,OK,
PA,GD,36346498000781,7896004705736,Cetoprofeno 50 mg Caixa 24 Cápsulas,Panpharma - PA,59.0,0.6818000000000001,31.41,0.0,9.99,9.99,2026-09-09 21:00:35,OK,
PA,GD,36346498000781,7896004705736,Cetoprofeno 50 mg Caixa 24 Cápsulas,Total - PA,350.0,0.6578,31.41,0.0,10.75,10.75,2026-09-09 21:00:35,OK,
PA,GD,36346498000781,7896004705736,Cetoprofeno 50 mg Caixa 24 Cápsulas,Nazaria - PA,225.0,0.6138,31.41,0.0,12.13,12.13,2026-09-09 21:00:35,OK,
PA,GD,36346498000781,7896004705781,Atenolol 25 mg Caixa 30 Comprimidos,Panpharma - PA,297.0,0.893,18.46,0.0,1.98,1.98,2026-09-09 21:00:39,OK,
PA,GD,36346498000781,7896004705781,Atenolol 25 mg Caixa 30 Comprimidos,Total - PA,107.0,0.882,18.46,0.0,2.18,2.18,2026-09-09 21:00:39,OK,
PA,GD,36346498000781,7896004705781,Atenolol 25 mg Caixa 30 Comprimidos,Nazaria - PA,104.0,0.7759999999999999,18.46,0.0,4.14,4.14,2026-09-09 21:00:39,OK,
PA,GD,36346498000781,7896004705866,,,0.0,0.0,0.0,0.0,0.0,0.0,2026-09-09 21:00:52,ERRO,Message: Nenhuma distribuidora pôde ser lida no card do produto.
PA,GD,36346498000781,7896004705873,Atenolol 50 mg Caixa 30 Comprimidos,Panpharma - PA,45.0,0.8299,22.02,0.0,3.75,3.75,2026-09-09 21:00:55,OK,
PA,GD,36346498000781,7896004705873,Atenolol 50 mg Caixa 30 Comprimidos,Total - PA,52.0,0.8136,22.02,0.0,4.09,4.09,2026-09-09 21:00:55,OK,
PA,GD,36346498000781,7896004705880,Atenolol 25 mg Caixa 60 Comprimidos,Nazaria - PA,18.0,0.7820999999999999,35.2,0.0,7.67,7.67,2026-09-09 21:00:59,OK,
PA,GD,36346498000781,7896004705989,,,0.0,0.0,0.0,0.0,0.0,0.0,2026-09-09 21:01:11,ERRO,Message: Nenhuma distribuidora pôde ser lida no card do produto.
PA,GD,36346498000781,7896004706009,,,0.0,0.0,0.0,0.0,0.0,0.0,2026-09-09 21:01:23,ERRO,Message: Nenhuma distribuidora pôde ser lida no card do produto.
PA,GD,36346498000781,7896004706290,Xarope Cloridrato de Ambroxol Adulto 30mg/5ml Frasco 120 ml,Panpharma - PA,162.0,0.6951,29.48,0.0,8.99,8.99,2026-09-09 21:01:26,OK,
PA,GD,36346498000781,7896004706306,Prednisona 5 mg Caixa 20 Comprimidos,Panpharma - PA,57.0,0.7003,15.26,0.0,4.57,4.57,2026-09-09 21:01:30,OK,
PA,GD,36346498000781,7896004706306,Prednisona 5 mg Caixa 20 Comprimidos,Total - PA,300.0,0.6773,15.26,0.0,4.92,4.92,2026-09-09 21:01:30,OK,
PA,GD,36346498000781,7896004706306,Prednisona 5 mg Caixa 20 Comprimidos,Nazaria - PA,1169.0,0.6136,15.26,0.0,5.9,5.9,2026-09-09 21:01:30,OK,
PA,GD,36346498000781,7896004706313,Prednisona 20 mg Caixa 10 Comprimidos,Total - PA,975.0,0.7814,22.22,0.0,4.86,4.86,2026-09-09 21:01:34,OK,
PA,GD,36346498000781,7896004706313,Prednisona 20 mg Caixa 10 Comprimidos,Panpharma - PA,214.0,0.7762,22.22,0.0,4.97,4.97,2026-09-09 21:01:34,OK,
PA,GD,36346498000781,7896004706313,Prednisona 20 mg Caixa 10 Comprimidos,Nazaria - PA,1200.0,0.7070000000000001,22.22,0.0,6.51,6.51,2026-09-09 21:01:34,OK,
PA,GD,36346498000781,7896004706368,Clortalidona 25 mg Caixa 60 Comprimidos,Total - PA,109.0,0.0932,29.85,0.0,27.07,27.07,2026-09-09 21:01:38,OK,
PA,GD,36346498000781,7896004706368,Clortalidona 25 mg Caixa 60 Comprimidos,Nazaria - PA,347.0,0.0925,29.85,0.0,27.09,27.09,2026-09-09 21:01:38,OK,
PA,GD,36346498000781,7896004706368,Clortalidona 25 mg Caixa 60 Comprimidos,Panpharma - PA,34.0,0.0855,29.85,0.0,27.3,27.3,2026-09-09 21:01:38,OK,
PA,GD,36346498000781,7896004706375,Clortalidona 12.5 mg Caixa 60 Comprimidos,Nazaria - PA,236.0,0.2311,16.98,0.0,13.06,13.06,2026-09-09 21:01:43,OK,
PA,GD,36346498000781,7896004706375,Clortalidona 12.5 mg Caixa 60 Comprimidos,Total - PA,258.0,0.154,16.98,0.0,14.37,14.37,2026-09-09 21:01:43,OK,
PA,GD,36346498000781,7896004706375,Clortalidona 12.5 mg Caixa 60 Comprimidos,Panpharma - PA,51.0,0.1481,16.98,0.0,14.47,14.47,2026-09-09 21:01:43,OK,
PA,GD,36346498000781,7896004706382,Amoxicilina 875 mg Caixa 14 Comprimidos Revestidos,Total - PA,70.0,0.5915,64.36,0.0,26.29,26.29,2026-09-09 21:01:47,OK,
PA,GD,36346498000781,7896004706382,Amoxicilina 875 mg Caixa 14 Comprimidos Revestidos,Nazaria - PA,54.0,0.5846,64.36,0.0,26.74,26.74,2026-09-09 21:01:47,OK,
PA,GD,36346498000781,7896004706382,Amoxicilina 875 mg Caixa 14 Comprimidos Revestidos,Panpharma - PA,30.0,0.5789,64.36,0.0,27.1,27.1,2026-09-09 21:01:47,OK,
PA,GD,36346498000781,7896004706405,Finasterida 1 mg Caixa 30 Comprimidos Revestidos,Panpharma - PA,35.0,0.7933,63.01,0.0,13.02,13.02,2026-09-09 21:01:51,OK,
PA,GD,36346498000781,7896004706405,Finasterida 1 mg Caixa 30 Comprimidos Revestidos,Total - PA,61.0,0.7655,63.01,0.0,14.78,14.78,2026-09-09 21:01:51,OK,
PA,GD,36346498000781,7896004706405,Finasterida 1 mg Caixa 30 Comprimidos Revestidos,Nazaria - PA,209.0,0.6877,63.01,0.0,19.68,19.68,2026-09-09 21:01:51,OK,
PA,GD,36346498000781,7896004706474,Glibenclamida 5 mg Caixa 30 Comprimidos,Panpharma - PA,544.0,0.8378,12.37,0.0,2.01,2.01,2026-09-09 21:01:54,OK,
PA,GD,36346498000781,7896004706474,Glibenclamida 5 mg Caixa 30 Comprimidos,Nazaria - PA,1040.0,0.7263,12.37,0.0,3.39,3.39,2026-09-09 21:01:54,OK,
PA,GD,36346498000781,7896004706665,Diclofenaco Sódico 100 mg Caixa 10 Comprimidos Revestidos Lib. Lenta,Panpharma - PA,61.0,0.8134999999999999,27.43,0.0,5.12,5.12,2026-09-09 21:01:58,OK,
PA,GD,36346498000781,7896004706665,Diclofenaco Sódico 100 mg Caixa 10 Comprimidos Revestidos Lib. Lenta,Total - PA,95.0,0.7881,27.43,0.0,5.81,5.81,2026-09-09 21:01:58,OK,
PA,GD,36346498000781,7896004706733,Diltiazem 30 mg Caixa 50 Comprimidos,Nazaria - PA,15.0,0.1938,20.74,0.0,16.72,16.72,2026-09-09 21:02:02,OK,
PA,GD,36346498000781,7896004706733,Diltiazem 30 mg Caixa 50 Comprimidos,Panpharma - PA,29.0,0.1934,20.74,0.0,16.73,16.73,2026-09-09 21:02:02,OK,
PA,GD,36346498000781,7896004706733,Diltiazem 30 mg Caixa 50 Comprimidos,Total - PA,15.0,0.17989999999999998,20.74,0.0,17.01,17.01,2026-09-09 21:02:02,OK,
PA,GD,36346498000781,7896004706795,Losartana Potássica 50 mg Caixa 30 Comprimidos Revestidos,Total - PA,930.0,0.892,17.52,0.0,1.89,1.89,2026-09-09 21:02:06,OK,
PA,GD,36346498000781,7896004706795,Losartana Potássica 50 mg Caixa 30 Comprimidos Revestidos,Panpharma - PA,11599.0,0.875,17.52,0.0,2.19,2.19,2026-09-09 21:02:06,OK,
PA,GD,36346498000781,7896004706795,Losartana Potássica 50 mg Caixa 30 Comprimidos Revestidos,Nazaria - PA,1.0,0.7759,17.52,0.0,3.93,3.93,2026-09-09 21:02:06,OK,
PA,GD,36346498000781,7896004706856,,,0.0,0.0,0.0,0.0,0.0,0.0,2026-09-09 21:02:18,ERRO,Message: Nenhuma distribuidora pôde ser lida no card do produto.
PA,GD,36346498000781,7896004706900,Cetorolaco 5 mg/ml Frasco 5 ml Solução Oftálmica,Panpharma - PA,94.0,0.2837,44.51,0.0,31.88,31.88,2026-09-09 21:02:22,OK,
PA,GD,36346498000781,7896004706900,Cetorolaco 5 mg/ml Frasco 5 ml Solução Oftálmica,Total - PA,65.0,0.2382,44.51,0.0,33.9,33.9,2026-09-09 21:02:22,OK,
PA,GD,36346498000781,7896004707310,Verapamil 80 mg Caixa 30 Comprimidos Revestidos,Panpharma - PA,29.0,0.6181,28.1,0.0,10.73,10.73,2026-09-09 21:02:26,OK,
PA,GD,36346498000781,7896004707310,Verapamil 80 mg Caixa 30 Comprimidos Revestidos,Nazaria - PA,29.0,0.5401,28.1,0.0,12.92,12.92,2026-09-09 21:02:26,OK,
PA,GD,36346498000781,7896004708058,,,0.0,0.0,0.0,0.0,0.0,0.0,2026-09-09 21:02:38,ERRO,Message: Nenhuma distribuidora pôde ser lida no card do produto.
PA,GD,36346498000781,7896004708072,Itraconazol 100 mg Caixa 15 Cápsulas,Nazaria - PA,264.0,0.7746999999999999,146.84,0.0,33.08,33.08,2026-09-09 21:02:41,OK,
PA,GD,36346498000781,7896004708652,Simeticona 125 mg Caixa 10 Cápsulas Moles,Nazaria - PA,197.0,0.8495,18.51,0.0,2.79,2.79,2026-09-09 21:02:45,OK,
PA,GD,36346498000781,7896004708652,Simeticona 125 mg Caixa 10 Cápsulas Moles,Total - PA,53.0,0.8495,27.44,0.0,4.13,4.13,2026-09-09 21:02:45,OK,
PA,GD,36346498000781,7896004708652,Simeticona 125 mg Caixa 10 Cápsulas Moles,Panpharma - PA,86.0,0.8459,27.44,0.0,4.23,4.23,2026-09-09 21:02:45,OK,
PA,GD,36346498000781,7896004708706,Acetilcisteína 200 mg Caixa 5 g Granulado,Total - PA,353.0,0.5590999999999999,36.72,0.0,16.19,16.19,2026-09-09 21:02:49,OK,
PA,GD,36346498000781,7896004708706,Acetilcisteína 200 mg Caixa 5 g Granulado,Nazaria - PA,38.0,0.4802,36.73,0.0,19.09,19.09,2026-09-09 21:02:49,OK,
PA,GD,36346498000781,7896004708706,Acetilcisteína 200 mg Caixa 5 g Granulado,Panpharma - PA,77.0,0.41369999999999996,36.73,0.0,21.53,21.53,2026-09-09 21:02:49,OK,
PA,GD,36346498000781,7896004708744,,,0.0,0.0,0.0,0.0,0.0,0.0,2026-09-09 21:03:02,ERRO,Message: Nenhuma distribuidora pôde ser lida no card do produto.
PA,GD,36346498000781,7896004708942,Espironolactona 25 mg Caixa 30 Comprimidos,Total - PA,2049.0,0.6623,22.43,0.0,7.57,7.57,2026-09-09 21:03:06,OK,
PA,GD,36346498000781,7896004708942,Espironolactona 25 mg Caixa 30 Comprimidos,Panpharma - PA,71.0,0.6441,22.43,0.0,7.98,7.98,2026-09-09 21:03:06,OK,
PA,GD,36346498000781,7896004708942,Espironolactona 25 mg Caixa 30 Comprimidos,Nazaria - PA,1786.0,0.5659000000000001,22.43,0.0,9.74,9.74,2026-09-09 21:03:06,OK,
PA,GD,36346498000781,7896004708973,,,0.0,0.0,0.0,0.0,0.0,0.0,2026-09-09 21:03:18,ERRO,Message: Nenhuma distribuidora pôde ser lida no card do produto.
PA,GD,36346498000781,7896004709123,,,0.0,0.0,0.0,0.0,0.0,0.0,2026-09-09 21:03:30,ERRO,Message: Nenhuma distribuidora pôde ser lida no card do produto.
PA,GD,36346498000781,7896004709130,Atenolol + Clortalidona 50+12.5 mg Caixa 30 Comprimidos,Panpharma - PA,124.0,0.8351000000000001,32.09,0.0,5.29,5.29,2026-09-09 21:03:34,OK,
PA,GD,36346498000781,7896004709130,Atenolol + Clortalidona 50+12.5 mg Caixa 30 Comprimidos,Total - PA,120.0,0.8128,32.09,0.0,6.01,6.01,2026-09-09 21:03:34,OK,
PA,GD,36346498000781,7896004709130,Atenolol + Clortalidona 50+12.5 mg Caixa 30 Comprimidos,Nazaria - PA,93.0,0.7343000000000001,32.09,0.0,8.53,8.53,2026-09-09 21:03:34,OK,
PA,GD,36346498000781,7896004709291,Deflazacorte 30 mg Caixa 10 Comprimidos,Nazaria - PA,66.0,0.14550000000000002,120.2,0.0,102.71,102.71,2026-09-09 21:03:38,OK,
PA,GD,36346498000781,7896004709291,Deflazacorte 30 mg Caixa 10 Comprimidos,Panpharma - PA,32.0,0.1202,120.2,0.0,105.75,105.75,2026-09-09 21:03:38,OK,
PA,GD,36346498000781,7896004709291,Deflazacorte 30 mg Caixa 10 Comprimidos,Total - PA,84.0,0.1073,120.2,0.0,107.3,107.3,2026-09-09 21:03:38,OK,
PA,GD,36346498000781,7896004709307,Deflazacorte 6 mg Caixa 20 Comprimidos,Total - PA,95.0,0.2002,50.31,0.0,40.24,40.24,2026-09-09 21:03:42,OK,
PA,GD,36346498000781,7896004709307,Deflazacorte 6 mg Caixa 20 Comprimidos,Nazaria - PA,172.0,0.1782,50.31,0.0,41.34,41.34,2026-09-09 21:03:42,OK,
PA,GD,36346498000781,7896004709307,Deflazacorte 6 mg Caixa 20 Comprimidos,Panpharma - PA,61.0,0.1736,50.31,0.0,41.58,41.58,2026-09-09 21:03:42,OK,
PA,GD,36346498000781,7896004709567,Amitriptilina 75 mg Caixa 30 Comprimidos Revestidos,Total - PA,512.0,0.6662,58.59,0.0,19.55,19.55,2026-09-09 21:03:46,OK,
PA,GD,36346498000781,7896004709710,,,0.0,0.0,0.0,0.0,0.0,0.0,2026-09-09 21:03:58,ERRO,Message: Nenhuma distribuidora pôde ser lida no card do produto.
PA,GD,36346498000781,7896004709956,,,0.0,0.0,0.0,0.0,0.0,0.0,2026-09-09 21:04:10,ERRO,Message: Nenhuma distribuidora pôde ser lida no card do produto.
PA,GD,36346498000781,7896004710402,,,0.0,0.0,0.0,0.0,0.0,0.0,2026-09-09 21:04:22,ERRO,Message: Nenhuma distribuidora pôde ser lida no card do produto.
PA,GD,36346498000781,7896004710419,Rifamicina 10 mg/ml Frasco 20 ml Solução Tópica Spray,Panpharma - PA,120.0,0.1805,22.54,0.0,18.47,18.47,2026-09-09 21:04:26,OK,
PA,GD,36346498000781,7896004710419,Rifamicina 10 mg/ml Frasco 20 ml Solução Tópica Spray,Nazaria - PA,12.0,0.1664,22.54,0.0,18.79,18.79,2026-09-09 21:04:26,OK,
PA,GD,36346498000781,7896004710464,Acebrofilina 25mg/5ml Frasco 120 ml Xarope Pediátrico,Nazaria - PA,192.0,0.5158,23.68,0.0,11.47,11.47,2026-09-09 21:04:29,OK,
PA,GD,36346498000781,7896004710471,Acebrofilina 50mg/5ml Frasco 120 ml Xarope Adulto,Panpharma - PA,117.0,0.5697,33.44,0.0,14.39,14.39,2026-09-09 21:04:33,OK,
PA,GD,36346498000781,7896004710525,Bezafibrato 200 mg Caixa 20 Comprimidos Revestidos,Nazaria - PA,70.0,0.08470000000000001,32.42,0.0,29.67,29.67,2026-09-09 21:04:37,OK,
PA,GD,36346498000781,7896004710525,Bezafibrato 200 mg Caixa 20 Comprimidos Revestidos,Panpharma - PA,108.0,0.08310000000000001,32.42,0.0,29.73,29.73,2026-09-09 21:04:37,OK,
PA,GD,36346498000781,7896004710525,Bezafibrato 200 mg Caixa 20 Comprimidos Revestidos,Total - PA,39.0,0.0706,32.42,0.0,30.13,30.13,2026-09-09 21:04:37,OK,
PA,GD,36346498000781,7896004710679,Meloxicam 15 mg Caixa 10 Comprimidos,Panpharma - PA,166.0,0.898,33.32,0.0,3.4,3.4,2026-09-09 21:04:40,OK,
PA,GD,36346498000781,7896004710679,Meloxicam 15 mg Caixa 10 Comprimidos,Nazaria - PA,903.0,0.7998999999999999,33.32,0.0,6.67,6.67,2026-09-09 21:04:40,OK,
PA,GD,36346498000781,7896004710761,Sinvastatina 20 mg Caixa 30 Comprimidos Revestidos,Nazaria - PA,2.0,0.7904000000000001,42.42,0.0,8.89,8.89,2026-09-09 21:04:44,OK,
PA,GD,36346498000781,7896004710860,,,0.0,0.0,0.0,0.0,0.0,0.0,2026-09-09 21:04:56,ERRO,Message: Nenhuma distribuidora pôde ser lida no card do produto.
PA,GD,36346498000781,7896004710891,Ácido Acetilsalicílico 100 mg Caixa 30 Comprimidos,Nazaria - PA,1674.0,0.33740000000000003,11.02,0.0,7.3,7.3,2026-09-09 21:05:00,OK,
PA,GD,36346498000781,7896004710891,Ácido Acetilsalicílico 100 mg Caixa 30 Comprimidos,Panpharma - PA,91.0,0.2059,11.02,0.0,8.75,8.75,2026-09-09 21:05:00,OK,
PA,GD,36346498000781,7896004710891,Ácido Acetilsalicílico 100 mg Caixa 30 Comprimidos,Total - PA,283.0,0.17370000000000002,11.02,0.0,9.11,9.11,2026-09-09 21:05:00,OK,
PA,GD,36346498000781,7896004710907,Ácido Acetilsalicílico 100 mg Display 200 Comprimidos,Total - PA,10.0,0.3998,69.79,0.0,41.88,41.88,2026-09-09 21:05:04,OK,
PA,GD,36346498000781,7896004710907,Ácido Acetilsalicílico 100 mg Display 200 Comprimidos,Nazaria - PA,172.0,0.39759999999999995,69.79,0.0,42.04,42.04,2026-09-09 21:05:04,OK,
PA,GD,36346498000781,7896004711034,,,0.0,0.0,0.0,0.0,0.0,0.0,2026-09-09 21:05:16,ERRO,Message: Nenhuma distribuidora pôde ser lida no card do produto.
PA,GD,36346498000781,7896004711188,Sinvastatina 40 mg Caixa 30 Comprimidos Revestidos,Panpharma - PA,52.0,0.883,50.49,0.0,5.91,5.91,2026-09-09 21:05:20,OK,
PA,GD,36346498000781,7896004711188,Sinvastatina 40 mg Caixa 30 Comprimidos Revestidos,Total - PA,123.0,0.8684999999999999,50.49,0.0,6.64,6.64,2026-09-09 21:05:20,OK,
PA,GD,36346498000781,7896004711188,Sinvastatina 40 mg Caixa 30 Comprimidos Revestidos,Nazaria - PA,918.0,0.7648999999999999,50.49,0.0,11.87,11.87,2026-09-09 21:05:20,OK,
PA,GD,36346498000781,7896004711195,Nistatina + Óxido De Zinco 100.000ui+200mg/g Bisnaga 60 g Pomada,Panpharma - PA,508.0,0.6218,29.21,0.0,11.05,11.05,2026-09-09 21:05:24,OK,
PA,GD,36346498000781,7896004711195,Nistatina + Óxido De Zinco 100.000ui+200mg/g Bisnaga 60 g Pomada,Total - PA,140.0,0.5864,29.21,0.0,12.08,12.08,2026-09-09 21:05:24,OK,
PA,GD,36346498000781,7896004711195,Nistatina + Óxido De Zinco 100.000ui+200mg/g Bisnaga 60 g Pomada,Nazaria - PA,3304.0,0.4927,29.21,0.0,14.82,14.82,2026-09-09 21:05:24,OK,
PA,GD,36346498000781,7896004711218,,,0.0,0.0,0.0,0.0,0.0,0.0,2026-09-09 21:05:36,ERRO,Message: Nenhuma distribuidora pôde ser lida no card do produto.
PA,GD,36346498000781,7896004711225,,,0.0,0.0,0.0,0.0,0.0,0.0,2026-09-09 21:05:48,ERRO,Message: Nenhuma distribuidora pôde ser lida no card do produto.
PA,GD,36346498000781,7896004711232,,,0.0,0.0,0.0,0.0,0.0,0.0,2026-09-09 21:06:00,ERRO,Message: Nenhuma distribuidora pôde ser lida no card do produto.
PA,GD,36346498000781,7896004711287,Dexclorfeniramina 2 mg Caixa 20 Comprimidos,Nazaria - PA,102.0,0.6107,13.3,0.0,5.18,5.18,2026-09-09 21:06:05,OK,
PA,GD,36346498000781,7896004711287,Dexclorfeniramina 2 mg Caixa 20 Comprimidos,Panpharma - PA,17.0,0.5725,13.3,0.0,5.69,5.69,2026-09-09 21:06:05,OK,
PA,GD,36346498000781,7896004711287,Dexclorfeniramina 2 mg Caixa 20 Comprimidos,Total - PA,50.0,0.5372,13.3,0.0,6.16,6.16,2026-09-09 21:06:05,OK,
PA,GD,36346498000781,7896004711423,Clotrimazol 10 mg/g Bisnaga 35 g Creme Vaginal + 6 Aplicadores,Panpharma - PA,234.0,0.6217,51.52,0.0,19.49,19.49,2026-09-09 21:06:09,OK,
PA,GD,36346498000781,7896004711423,Clotrimazol 10 mg/g Bisnaga 35 g Creme Vaginal + 6 Aplicadores,Total - PA,343.0,0.5978,51.52,0.0,20.72,20.72,2026-09-09 21:06:09,OK,
PA,GD,36346498000781,7896004711423,Clotrimazol 10 mg/g Bisnaga 35 g Creme Vaginal + 6 Aplicadores,Nazaria - PA,600.0,0.5967,51.52,0.0,20.78,20.78,2026-09-09 21:06:09,OK,
PA,GD,36346498000781,7896004711454,Amilorida + Hidroclorotiazida 5+50 mg Caixa 30 Comprimidos,Nazaria - PA,81.0,0.2427,18.07,0.0,13.68,13.68,2026-09-09 21:06:12,OK,
PA,GD,36346498000781,7896004711485,Dexclorfeniramina + Betametasona 2+0.25 mg Caixa 20 Comprimidos,Panpharma - PA,126.0,0.3605,20.16,0.0,12.89,12.89,2026-09-09 21:06:16,OK,
PA,GD,36346498000781,7896004711485,Dexclorfeniramina + Betametasona 2+0.25 mg Caixa 20 Comprimidos,Nazaria - PA,640.0,0.3471,20.16,0.0,13.16,13.16,2026-09-09 21:06:16,OK,
PA,GD,36346498000781,7896004711539,,,0.0,0.0,0.0,0.0,0.0,0.0,2026-09-09 21:06:28,ERRO,Message: Nenhuma distribuidora pôde ser lida no card do produto.
PA,GD,36346498000781,7896004711690,Betametasona + Gentamicina 0.5+1 mg/g Bisnaga 30 g Creme,Total - PA,38.0,0.7275,25.6,0.0,6.98,6.98,2026-09-09 21:06:32,OK,
PA,GD,36346498000781,7896004711690,Betametasona + Gentamicina 0.5+1 mg/g Bisnaga 30 g Creme,Nazaria - PA,14.0,0.6655,25.6,0.0,8.56,8.56,2026-09-09 21:06:32,OK,
PA,GD,36346498000781,7896004711744,Tramadol 50 mg Caixa 10 Cápsulas,Total - PA,178.0,0.7653,28.57,0.0,6.71,6.71,2026-09-09 21:06:35,OK,
PA,GD,36346498000781,7896004711744,Tramadol 50 mg Caixa 10 Cápsulas,Nazaria - PA,2193.0,0.6964,28.57,0.0,8.67,8.67,2026-09-09 21:06:35,OK,
PA,GD,36346498000781,7896004711850,Betametasona 0.5 mg/g Bisnaga 30 g Creme,Total - PA,24.0,0.2754,28.54,0.0,20.68,20.68,2026-09-09 21:06:39,OK,
PA,GD,36346498000781,7896004711850,Betametasona 0.5 mg/g Bisnaga 30 g Creme,Panpharma - PA,53.0,0.2359,28.54,0.0,21.81,21.81,2026-09-09 21:06:39,OK,
PA,GD,36346498000781,7896004711850,Betametasona 0.5 mg/g Bisnaga 30 g Creme,Nazaria - PA,146.0,0.21989999999999998,28.54,0.0,22.26,22.26,2026-09-09 21:06:39,OK,
PA,GD,36346498000781,7896004712048,Triancinolona Acetonida 1 mg/g Bisnaga 10 g Pomada Bucal,Total - PA,1531.0,0.6773,13.11,0.0,4.23,4.23,2026-09-09 21:06:44,OK,
PA,GD,36346498000781,7896004712048,Triancinolona Acetonida 1 mg/g Bisnaga 10 g Pomada Bucal,Nazaria - PA,2566.0,0.5922999999999999,13.11,0.0,5.34,5.34,2026-09-09 21:06:44,OK,
PA,GD,36346498000781,7896004712147,Dexametasona 4 mg Caixa 10 Comprimidos,Total - PA,1796.0,0.607,12.81,0.0,5.03,5.03,2026-09-09 21:06:47,OK,
PA,GD,36346498000781,7896004712147,Dexametasona 4 mg Caixa 10 Comprimidos,Nazaria - PA,22.0,0.5744,12.81,0.0,5.45,5.45,2026-09-09 21:06:47,OK,
PA,GD,36346498000781,7896004712413,Clobetasol 0.5 mg/g Bisnaga 30 g Creme,Total - PA,81.0,0.6547,21.8,0.0,7.53,7.53,2026-09-09 21:06:51,OK,
PA,GD,36346498000781,7896004712413,Clobetasol 0.5 mg/g Bisnaga 30 g Creme,Nazaria - PA,483.0,0.5631,21.8,0.0,9.52,9.52,2026-09-09 21:06:51,OK,
PA,GD,36346498000781,7896004712499,Doxazosina 2 mg Caixa 30 Comprimidos,Panpharma - PA,38.0,0.8745,43.77,0.0,5.49,5.49,2026-09-09 21:06:54,OK,
PA,GD,36346498000781,7896004712499,Doxazosina 2 mg Caixa 30 Comprimidos,Total - PA,38.0,0.8669,43.77,0.0,5.83,5.83,2026-09-09 21:06:54,OK,
PA,GD,36346498000781,7896004712581,Cefalexina 1 g Caixa 8 Comprimidos Revestidos,Total - PA,57.0,0.2732,79.59,0.0,57.85,57.85,2026-09-09 21:06:58,OK,
PA,GD,36346498000781,7896004712581,Cefalexina 1 g Caixa 8 Comprimidos Revestidos,Nazaria - PA,131.0,0.2705,79.6,0.0,58.07,58.07,2026-09-09 21:06:58,OK,
PA,GD,36346498000781,7896004712932,Clonazepam 2.5 mg/ml Frasco 20 ml Gotas,Panpharma - PA,484.0,0.6625,14.79,0.0,4.99,4.99,2026-09-09 21:07:02,OK,
PA,GD,36346498000781,7896004712932,Clonazepam 2.5 mg/ml Frasco 20 ml Gotas,Total - PA,736.0,0.639,14.79,0.0,5.34,5.34,2026-09-09 21:07:02,OK,
PA,GD,36346498000781,7896004712932,Clonazepam 2.5 mg/ml Frasco 20 ml Gotas,Nazaria - PA,4842.0,0.5667,14.79,0.0,6.41,6.41,2026-09-09 21:07:02,OK,
PA,GD,36346498000781,7896004712963,Mesalazina 800 mg Caixa 30 Comprimidos Revestidos,Total - PA,43.0,0.20600000000000002,99.35,0.0,78.88,78.88,2026-09-09 21:07:06,OK,
PA,GD,36346498000781,7896004712963,Mesalazina 800 mg Caixa 30 Comprimidos Revestidos,Nazaria - PA,36.0,0.1868,99.35,0.0,80.79,80.79,2026-09-09 21:07:06,OK,
PA,GD,36346498000781,7896004713007,Topiramato 100 mg Caixa 60 Comprimidos Revestidos,Panpharma - PA,105.0,0.7864,232.53,0.0,49.67,49.67,2026-09-09 21:07:10,OK,
PA,GD,36346498000781,7896004713007,Topiramato 100 mg Caixa 60 Comprimidos Revestidos,Total - PA,111.0,0.7859999999999999,232.53,0.0,49.76,49.76,2026-09-09 21:07:10,OK,
PA,GD,36346498000781,7896004713007,Topiramato 100 mg Caixa 60 Comprimidos Revestidos,Nazaria - PA,305.0,0.7141,232.53,0.0,66.48,66.48,2026-09-09 21:07:10,OK,
PA,GD,36346498000781,7896004713014,Topiramato 50 mg Caixa 60 Comprimidos Revestidos,Total - PA,95.0,0.8513,158.46,0.0,23.56,23.56,2026-09-09 21:07:13,OK,
PA,GD,36346498000781,7896004713021,Topiramato 25 mg Caixa 60 Comprimidos Revestidos,Total - PA,85.0,0.852,87.17,0.0,12.9,12.9,2026-09-09 21:07:17,OK,
PA,GD,36346498000781,7896004713021,Topiramato 25 mg Caixa 60 Comprimidos Revestidos,Nazaria - PA,44.0,0.7537,87.17,0.0,21.47,21.47,2026-09-09 21:07:17,OK,
PA,GD,36346498000781,7896004713120,,,0.0,0.0,0.0,0.0,0.0,0.0,2026-09-09 21:07:29,ERRO,Message: Nenhuma distribuidora pôde ser lida no card do produto.
PA,GD,36346498000781,7896004713137,,,0.0,0.0,0.0,0.0,0.0,0.0,2026-09-09 21:07:41,ERRO,Message: Nenhuma distribuidora pôde ser lida no card do produto.
PA,GD,36346498000781,7896004713182,Ácido Acetilsalicílico 100 mg Display 100 Comprimidos,Panpharma - PA,20.0,0.3605,37.87,0.0,24.22,24.22,2026-09-09 21:07:45,OK,
PA,GD,36346498000781,7896004713182,Ácido Acetilsalicílico 100 mg Display 100 Comprimidos,Total - PA,23.0,0.3458,37.86,0.0,24.77,24.77,2026-09-09 21:07:45,OK,
PA,GD,36346498000781,7896004713182,Ácido Acetilsalicílico 100 mg Display 100 Comprimidos,Nazaria - PA,16.0,0.3329,37.87,0.0,25.26,25.26,2026-09-09 21:07:45,OK,
PA,GD,36346498000781,7896004713250,,,0.0,0.0,0.0,0.0,0.0,0.0,2026-09-09 21:07:57,ERRO,Message: Nenhuma distribuidora pôde ser lida no card do produto.
PA,GD,36346498000781,7896004713267,,,0.0,0.0,0.0,0.0,0.0,0.0,2026-09-09 21:08:10,ERRO,Message: Nenhuma distribuidora pôde ser lida no card do produto.
PA,GD,36346498000781,7896004713342,Acetilcisteína 600 mg Caixa 5 g Granulado,Total - PA,1324.0,0.7103,66.56,0.0,19.29,19.28,2026-09-09 21:08:14,OK,
PA,GD,36346498000781,7896004713342,Acetilcisteína 600 mg Caixa 5 g Granulado,Panpharma - PA,605.0,0.6970999999999999,66.57,0.0,20.16,20.16,2026-09-09 21:08:14,OK,
PA,GD,36346498000781,7896004713342,Acetilcisteína 600 mg Caixa 5 g Granulado,Nazaria - PA,2148.0,0.5965,66.57,0.0,26.86,26.86,2026-09-09 21:08:14,OK,
PA,GD,36346498000781,7896004713366,Acetilcisteína 40mg/ml Frasco 120 ml Xarope Adulto,Panpharma - PA,995.0,0.7685,43.09,0.0,9.98,9.98,2026-09-09 21:08:18,OK,
PA,GD,36346498000781,7896004713366,Acetilcisteína 40mg/ml Frasco 120 ml Xarope Adulto,Total - PA,720.0,0.7298,43.09,0.0,11.64,11.64,2026-09-09 21:08:18,OK,
PA,GD,36346498000781,7896004713366,Acetilcisteína 40mg/ml Frasco 120 ml Xarope Adulto,Nazaria - PA,4568.0,0.6527,43.09,0.0,14.97,14.97,2026-09-09 21:08:18,OK,
PA,GD,36346498000781,7896004713571,Pentoxifilina 400 mg Caixa 30 Comprimidos Revestidos,Nazaria - PA,59.0,0.138,68.16,0.0,58.75,58.75,2026-09-09 21:08:21,OK,
PA,GD,36346498000781,7896004713571,Pentoxifilina 400 mg Caixa 30 Comprimidos Revestidos,Panpharma - PA,14.0,0.1216,68.16,0.0,59.87,59.87,2026-09-09 21:08:21,OK,
PA,GD,36346498000781,7896004713618,Algestona + Estradiol 150+10mg/ml Ampola 1 ml Solução Injetável,Nazaria - PA,1369.0,0.1751,12.83,0.0,10.58,10.58,2026-09-09 21:08:25,OK,
PA,GD,36346498000781,7896004713618,Algestona + Estradiol 150+10mg/ml Ampola 1 ml Solução Injetável,Panpharma - PA,5963.0,0.057999999999999996,12.83,0.0,12.09,12.09,2026-09-09 21:08:25,OK,
PA,GD,36346498000781,7896004713618,Algestona + Estradiol 150+10mg/ml Ampola 1 ml Solução Injetável,Total - PA,701.0,0.0507,12.83,0.0,12.18,12.18,2026-09-09 21:08:25,OK,
PA,GD,36346498000781,7896004713717,,,0.0,0.0,0.0,0.0,0.0,0.0,2026-09-09 21:08:37,ERRO,Message: Nenhuma distribuidora pôde ser lida no card do produto.
PA,GD,36346498000781,7896004713724,Oximetazolina 0.5 mg/ml Frasco 30 ml Solução Nasal Adulto,Panpharma - PA,143.0,0.3605,14.09,0.0,9.01,9.01,2026-09-09 21:08:42,OK,
PA,GD,36346498000781,7896004713724,Oximetazolina 0.5 mg/ml Frasco 30 ml Solução Nasal Adulto,Total - PA,19.0,0.3458,14.09,0.0,9.22,9.22,2026-09-09 21:08:42,OK,
PA,GD,36346498000781,7896004713724,Oximetazolina 0.5 mg/ml Frasco 30 ml Solução Nasal Adulto,Nazaria - PA,192.0,0.3233,14.09,0.0,9.53,9.53,2026-09-09 21:08:42,OK,
PA,GD,36346498000781,7896004713731,,,0.0,0.0,0.0,0.0,0.0,0.0,2026-09-09 21:08:54,ERRO,Message: Nenhuma distribuidora pôde ser lida no card do produto.
PA,GD,36346498000781,7896004713762,Bromazepam 6 mg Caixa 30 Comprimidos,Total - PA,153.0,0.7548,30.85,0.0,7.56,7.56,2026-09-09 21:08:57,OK,
PA,GD,36346498000781,7896004713762,Bromazepam 6 mg Caixa 30 Comprimidos,Nazaria - PA,76.0,0.6668000000000001,30.85,0.0,10.28,10.28,2026-09-09 21:08:57,OK,
PA,GD,36346498000781,7896004713915,Losartana + Hidroclorotiazida 100+25 mg Caixa 30 Comprimidos Revestidos,Panpharma - PA,46.0,0.784,89.7,0.0,19.38,19.38,2026-09-09 21:09:01,OK,
PA,GD,36346498000781,7896004713915,Losartana + Hidroclorotiazida 100+25 mg Caixa 30 Comprimidos Revestidos,Total - PA,150.0,0.7559,89.7,0.0,21.9,21.9,2026-09-09 21:09:01,OK,
PA,GD,36346498000781,7896004713915,Losartana + Hidroclorotiazida 100+25 mg Caixa 30 Comprimidos Revestidos,Nazaria - PA,11.0,0.6936,89.7,0.0,27.48,27.48,2026-09-09 21:09:01,OK,
PA,GD,36346498000781,7896004713922,Losartana + Hidroclorotiazida 50+12.5 mg Caixa 30 Comprimidos Revestidos,Nazaria - PA,73.0,0.7494,55.98,0.0,14.03,14.03,2026-09-09 21:09:05,OK,
PA,GD,36346498000781,7896004715292,Acetilcisteína 20mg/ml Frasco 120 ml Xarope Pediátrico,Panpharma - PA,41.0,0.6907,32.31,0.0,9.99,9.99,2026-09-09 21:09:09,OK,
PA,GD,36346498000781,7896004715292,Acetilcisteína 20mg/ml Frasco 120 ml Xarope Pediátrico,Total - PA,419.0,0.682,32.31,0.0,10.27,10.27,2026-09-09 21:09:09,OK,
PA,GD,36346498000781,7896004715292,Acetilcisteína 20mg/ml Frasco 120 ml Xarope Pediátrico,Nazaria - PA,446.0,0.6079,32.31,0.0,12.67,12.67,2026-09-09 21:09:09,OK,
PA,GD,36346498000781,7896004715322,Alendronato De Sódio 70 mg Caixa 4 Comprimidos,Total - PA,90.0,0.9670000000000001,80.81,0.0,2.67,2.67,2026-09-09 21:09:13,OK,
PA,GD,36346498000781,7896004715322,Alendronato De Sódio 70 mg Caixa 4 Comprimidos,Panpharma - PA,248.0,0.9608,80.81,0.0,3.17,3.17,2026-09-09 21:09:13,OK,
PA,GD,36346498000781,7896004715322,Alendronato De Sódio 70 mg Caixa 4 Comprimidos,Nazaria - PA,362.0,0.8498,80.81,0.0,12.14,12.14,2026-09-09 21:09:13,OK,
PA,GD,36346498000781,7896004715537,Mometasona 1 mg/g Bisnaga 20 g Creme,Total - PA,494.0,0.5473,34.25,0.0,15.5,15.5,2026-09-09 21:09:16,OK,
PA,GD,36346498000781,7896004715674,Dipirona Monoidratada 50 mg/ml Frasco 100 ml Solução Oral,Total - PA,149.0,0.5707,17.21,0.0,7.39,7.39,2026-09-09 21:09:19,OK,
PA,GD,36346498000781,7896004715674,Dipirona Monoidratada 50 mg/ml Frasco 100 ml Solução Oral,Nazaria - PA,1754.0,0.5347,17.21,0.0,8.01,8.01,2026-09-09 21:09:19,OK,
PA,GD,36346498000781,7896004715711,Timolol 5 mg/ml Frasco 5 ml Solução Oftálmica,Total - PA,1664.0,0.6531,11.83,0.0,4.09,4.09,2026-09-09 21:09:23,OK,
PA,GD,36346498000781,7896004715711,Timolol 5 mg/ml Frasco 5 ml Solução Oftálmica,Nazaria - PA,696.0,0.5562,11.83,0.0,5.25,5.25,2026-09-09 21:09:23,OK,
PA,GD,36346498000781,7896004715803,Cefalexina 500 mg Caixa 8 Comprimidos Revestidos,Panpharma - PA,7.0,0.4915,27.67,0.0,14.07,14.07,2026-09-09 21:09:27,OK,
PA,GD,36346498000781,7896004715803,Cefalexina 500 mg Caixa 8 Comprimidos Revestidos,Nazaria - PA,156.0,0.47950000000000004,27.67,0.0,14.4,14.4,2026-09-09 21:09:27,OK,
PA,GD,36346498000781,7896004715841,Dipirona Monoidratada 500 mg/ml Frasco 10 ml Gotas,Total - PA,315.0,0.6701,7.4,0.0,2.44,2.44,2026-09-09 21:09:31,OK,
PA,GD,36346498000781,7896004715841,Dipirona Monoidratada 500 mg/ml Frasco 10 ml Gotas,Panpharma - PA,299.0,0.67,7.4,0.0,2.44,2.44,2026-09-09 21:09:31,OK,
PA,GD,36346498000781,7896004715841,Dipirona Monoidratada 500 mg/ml Frasco 10 ml Gotas,Nazaria - PA,8309.0,0.536,7.4,0.0,3.43,3.43,2026-09-09 21:09:31,OK,
PA,GD,36346498000781,7896004715902,Neomicina + Bacitracina 5mg+250ui/g Bisnaga 15 g Pomada,Total - PA,5.0,0.5387,12.11,0.0,5.59,5.59,2026-09-09 21:09:34,OK,
PA,GD,36346498000781,7896004715957,Azitromicina Di-hidratada 500 mg Caixa 3 Comprimidos Revestidos,Total - PA,227.0,0.8145,24.57,0.0,4.55,4.55,2026-09-09 21:09:37,OK,
PA,GD,36346498000781,7896004715964,Azitromicina Di-hidratada 900 mg Frasco 22.5 ml Pó Para Suspensão Oral + Seringa,Panpharma - PA,10.0,0.7851,75.99,0.0,16.33,16.33,2026-09-09 21:09:41,OK,
PA,GD,36346498000781,7896004715964,Azitromicina Di-hidratada 900 mg Frasco 22.5 ml Pó Para Suspensão Oral + Seringa,Total - PA,124.0,0.7605,75.98,0.0,18.2,18.2,2026-09-09 21:09:41,OK,
PA,GD,36346498000781,7896004715964,Azitromicina Di-hidratada 900 mg Frasco 22.5 ml Pó Para Suspensão Oral + Seringa,Nazaria - PA,99.0,0.675,75.99,0.0,24.7,24.7,2026-09-09 21:09:41,OK,
PA,GD,36346498000781,7896004715971,Azitromicina Di-hidratada 600 mg Frasco 15 ml Pó Para Suspensão Oral + Seringa,Total - PA,41.0,0.7718,61.73,0.0,14.09,14.09,2026-09-09 21:09:45,OK,
PA,GD,36346498000781,7896004715971,Azitromicina Di-hidratada 600 mg Frasco 15 ml Pó Para Suspensão Oral + Seringa,Nazaria - PA,233.0,0.6843,61.73,0.0,19.49,19.49,2026-09-09 21:09:45,OK,
PA,GD,36346498000781,7896004716138,Espironolactona 100 mg Caixa 30 Comprimidos,Total - PA,168.0,0.1025,39.47,0.0,35.43,35.42,2026-09-09 21:09:49,OK,
PA,GD,36346498000781,7896004716138,Espironolactona 100 mg Caixa 30 Comprimidos,Panpharma - PA,3.0,0.095,39.48,0.0,35.73,35.73,2026-09-09 21:09:49,OK,
PA,GD,36346498000781,7896004716138,Espironolactona 100 mg Caixa 30 Comprimidos,Nazaria - PA,153.0,0.056900000000000006,39.48,0.0,37.23,37.23,2026-09-09 21:09:49,OK,
PA,GD,36346498000781,7896004716145,,,0.0,0.0,0.0,0.0,0.0,0.0,2026-09-09 21:10:01,ERRO,Message: Nenhuma distribuidora pôde ser lida no card do produto.
PA,GD,36346498000781,7896004716176,Hidroclorotiazida 25 mg Caixa 30 Comprimidos,Total - PA,1035.0,0.7433,7.73,0.0,1.98,1.98,2026-09-09 21:10:05,OK,
PA,GD,36346498000781,7896004716176,Hidroclorotiazida 25 mg Caixa 30 Comprimidos,Nazaria - PA,117.0,0.6636,7.73,0.0,2.6,2.6,2026-09-09 21:10:05,OK,
PA,GD,36346498000781,7896004716268,Bromazepam 3 mg Caixa 30 Comprimidos,Nazaria - PA,57.0,0.7097,19.63,0.0,5.7,5.7,2026-09-09 21:10:08,OK,
PA,GD,36346498000781,7896004716299,Paracetamol Bebê 100 mg/ml Frasco 15 ml Gotas,Panpharma - PA,32.0,0.3713,22.46,0.0,14.12,14.12,2026-09-09 21:10:12,OK,
PA,GD,36346498000781,7896004716299,Paracetamol Bebê 100 mg/ml Frasco 15 ml Gotas,Nazaria - PA,162.0,0.3643,22.46,0.0,14.28,14.28,2026-09-09 21:10:12,OK,
PA,GD,36346498000781,7896004716343,Finasterida 1 mg Caixa 60 Comprimidos Revestidos,Total - PA,104.0,0.7562000000000001,131.46,0.0,32.04,32.04,2026-09-09 21:10:16,OK,
PA,GD,36346498000781,7896004716343,Finasterida 1 mg Caixa 60 Comprimidos Revestidos,Nazaria - PA,16.0,0.6922,131.46,0.0,40.46,40.46,2026-09-09 21:10:16,OK,
PA,GD,36346498000781,7896004718446,Dipirona Monoidratada 500 mg/ml Frasco 20 ml Gotas,Panpharma - PA,104.0,0.7045999999999999,13.6,0.0,4.02,4.02,2026-09-09 21:10:20,OK,
PA,GD,36346498000781,7896004718446,Dipirona Monoidratada 500 mg/ml Frasco 20 ml Gotas,Total - PA,543.0,0.6734,13.6,0.0,4.44,4.44,2026-09-09 21:10:20,OK,
PA,GD,36346498000781,7896004718446,Dipirona Monoidratada 500 mg/ml Frasco 20 ml Gotas,Nazaria - PA,510.0,0.6062,13.6,0.0,5.36,5.36,2026-09-09 21:10:20,OK,
PA,GD,36346498000781,7896004718453,Clotrimazol 10 mg/g Bisnaga 20 g Creme,Panpharma - PA,6.0,0.5361,15.43,0.0,7.16,7.16,2026-09-09 21:10:24,OK,
PA,GD,36346498000781,7896004718453,Clotrimazol 10 mg/g Bisnaga 20 g Creme,Total - PA,320.0,0.5112,15.43,0.0,7.54,7.54,2026-09-09 21:10:24,OK,
PA,GD,36346498000781,7896004718453,Clotrimazol 10 mg/g Bisnaga 20 g Creme,Nazaria - PA,1155.0,0.5081,15.43,0.0,7.59,7.59,2026-09-09 21:10:24,OK,
PA,GD,36346498000781,7896004718460,Cetoconazol 20 mg/g Bisnaga 30 g Creme,Panpharma - PA,183.0,0.7351000000000001,26.54,0.0,7.03,7.03,2026-09-09 21:10:28,OK,
PA,GD,36346498000781,7896004718460,Cetoconazol 20 mg/g Bisnaga 30 g Creme,Total - PA,448.0,0.7138,26.54,0.0,7.6,7.6,2026-09-09 21:10:28,OK,
PA,GD,36346498000781,7896004718460,Cetoconazol 20 mg/g Bisnaga 30 g Creme,Nazaria - PA,570.0,0.6552,26.54,0.0,9.15,9.15,2026-09-09 21:10:28,OK,
PA,GD,36346498000781,7896004718804,Alprazolam 0.50 mg Caixa 30 Comprimidos,Total - PA,79.0,0.7120000000000001,12.09,0.0,3.48,3.48,2026-09-09 21:10:32,OK,
PA,GD,36346498000781,7896004718804,Alprazolam 0.50 mg Caixa 30 Comprimidos,Nazaria - PA,286.0,0.6790999999999999,12.09,0.0,3.88,3.88,2026-09-09 21:10:32,OK,
PA,GD,36346498000781,7896004718811,Alprazolam 0.25 mg Caixa 30 Comprimidos,Panpharma - PA,38.0,0.6939,14.28,0.0,4.37,4.37,2026-09-09 21:10:36,OK,
PA,GD,36346498000781,7896004718811,Alprazolam 0.25 mg Caixa 30 Comprimidos,Total - PA,14.0,0.6623,14.28,0.0,4.82,4.82,2026-09-09 21:10:36,OK,
PA,GD,36346498000781,7896004718811,Alprazolam 0.25 mg Caixa 30 Comprimidos,Nazaria - PA,31.0,0.6245,14.28,0.0,5.36,5.36,2026-09-09 21:10:36,OK,
PA,GD,36346498000781,7896004718828,Alprazolam 1 mg Caixa 30 Comprimidos,Panpharma - PA,14.0,0.8178,23.73,0.0,4.32,4.32,2026-09-09 21:10:40,OK,
PA,GD,36346498000781,7896004718828,Alprazolam 1 mg Caixa 30 Comprimidos,Total - PA,61.0,0.8131999999999999,23.73,0.0,4.43,4.43,2026-09-09 21:10:40,OK,
PA,GD,36346498000781,7896004718828,Alprazolam 1 mg Caixa 30 Comprimidos,Nazaria - PA,120.0,0.7395999999999999,23.73,0.0,6.18,6.18,2026-09-09 21:10:40,OK,
PA,GD,36346498000781,7896004718842,Alprazolam 2 mg Caixa 30 Comprimidos,Panpharma - PA,64.0,0.8795999999999999,70.94,0.0,8.54,8.54,2026-09-09 21:10:44,OK,
PA,GD,36346498000781,7896004718842,Alprazolam 2 mg Caixa 30 Comprimidos,Total - PA,26.0,0.8775,70.94,0.0,8.69,8.69,2026-09-09 21:10:44,OK,
PA,GD,36346498000781,7896004718842,Alprazolam 2 mg Caixa 30 Comprimidos,Nazaria - PA,862.0,0.7807,70.94,0.0,15.56,15.56,2026-09-09 21:10:44,OK,
PA,GD,36346498000781,7896004718996,Amoxicilina 500 mg Caixa 30 Cápsulas,Panpharma - PA,10.0,0.6937000000000001,53.89,0.0,16.51,16.51,2026-09-09 21:10:48,OK,
PA,GD,36346498000781,7896004718996,Amoxicilina 500 mg Caixa 30 Cápsulas,Nazaria - PA,106.0,0.5864,53.89,0.0,22.29,22.29,2026-09-09 21:10:48,OK,
PA,GD,36346498000781,7896004719283,Hidrocortisona 10 mg/g Bisnaga 30 g Pomada,Panpharma - PA,51.0,0.26789999999999997,27.08,0.0,19.83,19.83,2026-09-09 21:10:52,OK,
PA,GD,36346498000781,7896004719283,Hidrocortisona 10 mg/g Bisnaga 30 g Pomada,Nazaria - PA,78.0,0.2459,27.08,0.0,20.42,20.42,2026-09-09 21:10:52,OK,
PA,GD,36346498000781,7896004719283,Hidrocortisona 10 mg/g Bisnaga 30 g Pomada,Total - PA,219.0,0.2403,27.08,0.0,20.57,20.57,2026-09-09 21:10:52,OK,
PA,GD,36346498000781,7896004719580,Amoxicilina + Clavulanato 875+125 mg Caixa 12 Comprimidos Revestidos,Total - PA,30.0,0.8158,142.1,0.0,26.16,26.16,2026-09-09 21:10:56,OK,
PA,GD,36346498000781,7896004719580,Amoxicilina + Clavulanato 875+125 mg Caixa 12 Comprimidos Revestidos,Nazaria - PA,560.0,0.7118000000000001,142.1,0.0,40.95,40.95,2026-09-09 21:10:56,OK,
PA,GD,36346498000781,7896004719597,Amoxicilina + Clavulanato 875+125 mg Caixa 14 Comprimidos Revestidos,Total - PA,380.0,0.7564,156.19,0.0,38.04,38.04,2026-09-09 21:11:00,OK,
PA,GD,36346498000781,7896004719597,Amoxicilina + Clavulanato 875+125 mg Caixa 14 Comprimidos Revestidos,Panpharma - PA,138.0,0.7389,156.19,0.0,40.78,40.78,2026-09-09 21:11:00,OK,
PA,GD,36346498000781,7896004719597,Amoxicilina + Clavulanato 875+125 mg Caixa 14 Comprimidos Revestidos,Nazaria - PA,341.0,0.6487999999999999,156.19,0.0,54.85,54.85,2026-09-09 21:11:00,OK,
PA,GD,36346498000781,7896004720241,,,0.0,0.0,0.0,0.0,0.0,0.0,2026-09-09 21:11:12,ERRO,Message: Nenhuma distribuidora pôde ser lida no card do produto.
PA,GD,36346498000781,7896004720746,Amoxicilina + Clavulanato 400+57mg/5ml Frasco 70 ml Pó P/ Susp. Oral + Seringa + Copo,Panpharma - PA,49.0,0.7856000000000001,82.05,0.0,17.59,17.59,2026-09-09 21:11:16,OK,
PA,GD,36346498000781,7896004720746,Amoxicilina + Clavulanato 400+57mg/5ml Frasco 70 ml Pó P/ Susp. Oral + Seringa + Copo,Total - PA,348.0,0.7517,82.05,0.0,20.37,20.37,2026-09-09 21:11:16,OK,
PA,GD,36346498000781,7896004720746,Amoxicilina + Clavulanato 400+57mg/5ml Frasco 70 ml Pó P/ Susp. Oral + Seringa + Copo,Nazaria - PA,909.0,0.6801999999999999,82.05,0.0,26.24,26.24,2026-09-09 21:11:16,OK,
PA,GD,36346498000781,7896004720784,Dexclorfeniramina 10 mg/g Bisnaga 30 g Creme,Panpharma - PA,31.0,0.4744,14.53,0.0,7.64,7.64,2026-09-09 21:11:20,OK,
PA,GD,36346498000781,7896004720784,Dexclorfeniramina 10 mg/g Bisnaga 30 g Creme,Total - PA,88.0,0.449,14.53,0.0,8.01,8.01,2026-09-09 21:11:20,OK,
PA,GD,36346498000781,7896004720784,Dexclorfeniramina 10 mg/g Bisnaga 30 g Creme,Nazaria - PA,545.0,0.4293,14.53,0.0,8.29,8.29,2026-09-09 21:11:20,OK,
PA,GD,36346498000781,7896004720869,,,0.0,0.0,0.0,0.0,0.0,0.0,2026-09-09 21:11:33,ERRO,Message: Nenhuma distribuidora pôde ser lida no card do produto.
PA,GD,36346498000781,7896004721125,Sibutramina 15 mg Caixa 30 Cápsulas,Total - PA,141.0,0.7873,76.5,0.0,16.27,16.27,2026-09-09 21:11:36,OK,
PA,GD,36346498000781,7896004721125,Sibutramina 15 mg Caixa 30 Cápsulas,Nazaria - PA,121.0,0.7059000000000001,76.5,0.0,22.5,22.5,2026-09-09 21:11:36,OK,
PA,GD,36346498000781,7896004721255,Risperidona 1 mg/g Frasco 30 ml Solução Oral,Total - PA,1406.0,0.5516,60.17,0.0,26.97,26.97,2026-09-09 21:11:40,OK,
PA,GD,36346498000781,7896004721255,Risperidona 1 mg/g Frasco 30 ml Solução Oral,Nazaria - PA,453.0,0.49479999999999996,60.17,0.0,30.4,30.4,2026-09-09 21:11:40,OK,
PA,GD,36346498000781,7896004721323,,,0.0,0.0,0.0,0.0,0.0,0.0,2026-09-09 21:11:52,ERRO,Message: Nenhuma distribuidora pôde ser lida no card do produto.
PA,GD,36346498000781,7896004721828,Clonazepam 2 mg Caixa 30 Comprimidos,Total - PA,519.0,0.787,17.77,0.0,3.79,3.79,2026-09-09 21:11:56,OK,
PA,GD,36346498000781,7896004721828,Clonazepam 2 mg Caixa 30 Comprimidos,Nazaria - PA,834.0,0.7161,17.77,0.0,5.04,5.04,2026-09-09 21:11:56,OK,
PA,GD,36346498000781,7896004721903,Dexametasona 1 mg/g Bisnaga 10 g Creme Dermatológico,Nazaria - PA,2.0,0.5769,10.96,0.0,4.64,4.64,2026-09-09 21:11:59,OK,
PA,GD,36346498000781,7896004722122,Aceclofenaco 100 mg Caixa 12 Comprimidos Revestidos,Total - PA,5.0,0.7404999999999999,39.84,0.0,10.34,10.34,2026-09-09 21:12:02,OK,
PA,GD,36346498000781,7896004722160,Bisoprolol 1.25 mg Caixa 30 Comprimidos Revestidos,Total - PA,200.0,0.8197,67.0,0.0,12.08,12.08,2026-09-09 21:12:06,OK,
PA,GD,36346498000781,7896004722160,Bisoprolol 1.25 mg Caixa 30 Comprimidos Revestidos,Nazaria - PA,197.0,0.7359,67.0,0.0,17.69,17.69,2026-09-09 21:12:06,OK,
PA,GD,36346498000781,7896004722177,Bisoprolol 2.5 mg Caixa 30 Comprimidos Revestidos,Total - PA,72.0,0.6342,41.64,0.0,15.23,15.23,2026-09-09 21:12:10,OK,
PA,GD,36346498000781,7896004722177,Bisoprolol 2.5 mg Caixa 30 Comprimidos Revestidos,Nazaria - PA,267.0,0.5707,41.64,0.0,17.88,17.88,2026-09-09 21:12:10,OK,
PA,GD,36346498000781,7896004722337,Paracetamol + Pseudoefedrina 500+30 mg Caixa 24 Comprimidos Revestidos,Total - PA,108.0,0.07,12.12,0.0,11.27,11.27,2026-09-09 21:12:14,OK,
PA,GD,36346498000781,7896004722337,Paracetamol + Pseudoefedrina 500+30 mg Caixa 24 Comprimidos Revestidos,Panpharma - PA,145.0,0.0599,12.12,0.0,11.39,11.39,2026-09-09 21:12:14,OK,
PA,GD,36346498000781,7896004722337,Paracetamol + Pseudoefedrina 500+30 mg Caixa 24 Comprimidos Revestidos,Nazaria - PA,214.0,0.0388,12.12,0.0,11.65,11.65,2026-09-09 21:12:14,OK,
PA,GD,36346498000781,7896004722467,Lidocaína 50 mg/g Bisnaga 25 g Pomada,Panpharma - PA,297.0,0.38799999999999996,14.96,0.0,9.16,9.16,2026-09-09 21:12:18,OK,
PA,GD,36346498000781,7896004722467,Lidocaína 50 mg/g Bisnaga 25 g Pomada,Total - PA,87.0,0.3872,14.96,0.0,9.17,9.17,2026-09-09 21:12:18,OK,
PA,GD,36346498000781,7896004722467,Lidocaína 50 mg/g Bisnaga 25 g Pomada,Nazaria - PA,155.0,0.35119999999999996,14.96,0.0,9.71,9.71,2026-09-09 21:12:18,OK,
PA,GD,36346498000781,7896004722474,Lidocaína 50 mg/g Bisnaga 25 g Pomada Sabor Laranja,Total - PA,81.0,0.3908,14.3,0.0,8.71,8.71,2026-09-09 21:12:21,OK,
PA,GD,36346498000781,7896004722474,Lidocaína 50 mg/g Bisnaga 25 g Pomada Sabor Laranja,Nazaria - PA,490.0,0.3312,14.3,0.0,9.56,9.56,2026-09-09 21:12:21,OK,
PA,GD,36346498000781,7896004722528,Ciprofloxacino + Dexametasona 3.5+1 mg/ml Frasco 5 ml Solução Oftálmica,Panpharma - PA,35.0,0.40490000000000004,26.51,0.0,15.78,15.78,2026-09-09 21:12:25,OK,
PA,GD,36346498000781,7896004722528,Ciprofloxacino + Dexametasona 3.5+1 mg/ml Frasco 5 ml Solução Oftálmica,Nazaria - PA,119.0,0.3593,26.51,0.0,16.98,16.98,2026-09-09 21:12:25,OK,
PA,GD,36346498000781,7896004722870,Losartana Potássica 100 mg Caixa 30 Comprimidos Revestidos,Total - PA,138.0,0.3443,42.68,0.0,27.99,27.99,2026-09-09 21:12:28,OK,
PA,GD,36346498000781,7896004723020,Ácido Tranexâmico 250 mg Caixa 12 Comprimidos,Nazaria - PA,537.0,0.0814,42.87,0.0,39.38,39.38,2026-09-09 21:12:32,OK,
PA,GD,36346498000781,7896004723020,Ácido Tranexâmico 250 mg Caixa 12 Comprimidos,Total - PA,45.0,0.07,42.87,0.0,39.86,39.86,2026-09-09 21:12:32,OK,
PA,GD,36346498000781,7896004723020,Ácido Tranexâmico 250 mg Caixa 12 Comprimidos,Panpharma - PA,460.0,0.0599,42.87,0.0,40.3,40.3,2026-09-09 21:12:32,OK,
PA,GD,36346498000781,7896004723365,Fenofibrato 200 mg Caixa 30 Cápsulas,Panpharma - PA,45.0,0.1693,98.78,0.0,82.06,82.06,2026-09-09 21:12:36,OK,
PA,GD,36346498000781,7896004723365,Fenofibrato 200 mg Caixa 30 Cápsulas,Nazaria - PA,147.0,0.1655,98.78,0.0,82.43,82.43,2026-09-09 21:12:36,OK,
PA,GD,36346498000781,7896004723365,Fenofibrato 200 mg Caixa 30 Cápsulas,Total - PA,99.0,0.1406,98.78,0.0,84.89,84.89,2026-09-09 21:12:36,OK,
PA,GD,36346498000781,7896004723563,Domperidona 10 mg Caixa 30 Comprimidos,Panpharma - PA,265.0,0.7911,19.16,0.0,4.0,4.0,2026-09-09 21:12:40,OK,
PA,GD,36346498000781,7896004723563,Domperidona 10 mg Caixa 30 Comprimidos,Total - PA,71.0,0.7668,19.16,0.0,4.47,4.47,2026-09-09 21:12:40,OK,
PA,GD,36346498000781,7896004723563,Domperidona 10 mg Caixa 30 Comprimidos,Nazaria - PA,1241.0,0.6962,19.16,0.0,5.82,5.82,2026-09-09 21:12:40,OK,
PA,GD,36346498000781,7896004723570,Domperidona 10 mg Caixa 60 Comprimidos,Total - PA,67.0,0.7639,36.36,0.0,8.59,8.58,2026-09-09 21:12:44,OK,
PA,GD,36346498000781,7896004723570,Domperidona 10 mg Caixa 60 Comprimidos,Nazaria - PA,942.0,0.7061,36.37,0.0,10.69,10.69,2026-09-09 21:12:44,OK,
PA,GD,36346498000781,7896004724102,Isotretinoína 20 mg Caixa 30 Cápsulas Moles,Panpharma - PA,28.0,0.7939,175.95,0.0,36.26,36.26,2026-09-09 21:12:48,OK,
PA,GD,36346498000781,7896004724102,Isotretinoína 20 mg Caixa 30 Cápsulas Moles,Total - PA,70.0,0.7717,175.95,0.0,40.17,40.17,2026-09-09 21:12:48,OK,
PA,GD,36346498000781,7896004724508,Latanoprosta 50 mcg/ml Frasco 2.5 ml Solução Oftálmica,Nazaria - PA,46.0,0.5711999999999999,124.91,0.0,53.56,53.56,2026-09-09 21:12:51,OK,
PA,GD,36346498000781,7896004724508,Latanoprosta 50 mcg/ml Frasco 2.5 ml Solução Oftálmica,Panpharma - PA,81.0,0.1777,124.91,0.0,102.71,102.71,2026-09-09 21:12:51,OK,
PA,GD,36346498000781,7896004724577,Gliclazida 30 mg Caixa 60 Comprimidos de Liberação Prolongada,Nazaria - PA,351.0,0.4905,35.41,0.0,18.04,18.04,2026-09-09 21:12:55,OK,
PA,GD,36346498000781,7896004724577,Gliclazida 30 mg Caixa 60 Comprimidos de Liberação Prolongada,Total - PA,159.0,0.4261,35.4,0.0,20.32,20.32,2026-09-09 21:12:55,OK,
PA,GD,36346498000781,7896004724683,Bimatoprosta 0.03% Frasco 5 ml Solução Oftálmica,Nazaria - PA,297.0,0.5436,152.46,0.0,69.58,69.58,2026-09-09 21:12:58,OK,
PA,GD,36346498000781,7896004724690,Bimatoprosta 0.03% Frasco 3 ml Solução Oftálmica,Panpharma - PA,56.0,0.7192000000000001,101.6,0.0,28.53,28.53,2026-09-09 21:13:02,OK,
PA,GD,36346498000781,7896004724690,Bimatoprosta 0.03% Frasco 3 ml Solução Oftálmica,Total - PA,59.0,0.6888,101.6,0.0,31.62,31.62,2026-09-09 21:13:02,OK,
PA,GD,36346498000781,7896004724690,Bimatoprosta 0.03% Frasco 3 ml Solução Oftálmica,Nazaria - PA,24.0,0.597,101.6,0.0,40.94,40.94,2026-09-09 21:13:02,OK,
PA,GD,36346498000781,7896004725000,Zolpidem 10 mg Caixa 20 Comprimidos Revestidos,Nazaria - PA,31.0,0.833,54.57,0.0,9.11,9.11,2026-09-09 21:13:06,OK,
PA,GD,36346498000781,7896004725420,Ipratrópio 0.25 mg/ml Frasco 20 ml Solução Para Inalação,Panpharma - PA,592.0,0.7848,15.3,0.0,3.29,3.29,2026-09-09 21:13:10,OK,
PA,GD,36346498000781,7896004725420,Ipratrópio 0.25 mg/ml Frasco 20 ml Solução Para Inalação,Total - PA,125.0,0.7567,15.3,0.0,3.72,3.72,2026-09-09 21:13:10,OK,
PA,GD,36346498000781,7896004725420,Ipratrópio 0.25 mg/ml Frasco 20 ml Solução Para Inalação,Nazaria - PA,427.0,0.6695,15.3,0.0,5.06,5.06,2026-09-09 21:13:10,OK,
PA,GD,36346498000781,7896004725697,Dorzolamida + Timolol 20+5 mg/ml Frasco 5 ml Gotas,Total - PA,175.0,0.5284,90.79,0.0,42.81,42.81,2026-09-09 21:13:13,OK,
PA,GD,36346498000781,7896004725697,Dorzolamida + Timolol 20+5 mg/ml Frasco 5 ml Gotas,Nazaria - PA,99.0,0.4597,90.79,0.0,49.05,49.05,2026-09-09 21:13:13,OK,
PA,GD,36346498000781,7896004726069,Dorzolamida 20 mg/ml Frasco 5 ml Solução Oftálmica,Nazaria - PA,144.0,0.19879999999999998,62.53,0.0,50.1,50.1,2026-09-09 21:13:17,OK,
PA,GD,36346498000781,7896004726069,Dorzolamida 20 mg/ml Frasco 5 ml Solução Oftálmica,Total - PA,81.0,0.1617,62.53,0.0,52.42,52.42,2026-09-09 21:13:17,OK,
PA,GD,36346498000781,7896004726229,Hidroquinona 40 mg/g Bisnaga 30 g Creme,Panpharma - PA,20.0,0.14679999999999999,47.36,0.0,40.41,40.41,2026-09-09 21:13:20,OK,
PA,GD,36346498000781,7896004726533,Hidroquinona+Tretinoína+Fluocinolona 0.1+40+0.5 mg/g Creme Bisnaga 30 g,Nazaria - PA,41.0,0.2789,162.46,0.0,117.15,117.15,2026-09-09 21:13:24,OK,
PA,GD,36346498000781,7896004726854,Brimonidina 2 mg/ml Frasco 5 ml Solução Oftálmica,Panpharma - PA,132.0,0.7629,61.44,0.0,14.57,14.57,2026-09-09 21:13:27,OK,
PA,GD,36346498000781,7896004726854,Brimonidina 2 mg/ml Frasco 5 ml Solução Oftálmica,Nazaria - PA,223.0,0.6476999999999999,61.44,0.0,21.65,21.65,2026-09-09 21:13:27,OK,
PA,GD,36346498000781,7896004726908,Ciclobenzaprina 10 mg Caixa 10 Comprimidos Revestidos,Panpharma - PA,54.0,0.6505,11.65,0.0,4.07,4.07,2026-09-09 21:13:31,OK,
PA,GD,36346498000781,7896004726908,Ciclobenzaprina 10 mg Caixa 10 Comprimidos Revestidos,Total - PA,84.0,0.6172,11.65,0.0,4.46,4.46,2026-09-09 21:13:31,OK,
PA,GD,36346498000781,7896004726908,Ciclobenzaprina 10 mg Caixa 10 Comprimidos Revestidos,Nazaria - PA,735.0,0.5629,11.65,0.0,5.09,5.09,2026-09-09 21:13:31,OK,
PA,GD,36346498000781,7896004727028,Gabapentina 600 mg Caixa 27 Comprimidos Revestidos,Panpharma - PA,5.0,0.253,180.31,0.0,134.69,134.69,2026-09-09 21:13:35,OK,
PA,GD,36346498000781,7896004727028,Gabapentina 600 mg Caixa 27 Comprimidos Revestidos,Nazaria - PA,20.0,0.2359,180.31,0.0,137.77,137.77,2026-09-09 21:13:35,OK,
PA,GD,36346498000781,7896004727233,,,0.0,0.0,0.0,0.0,0.0,0.0,2026-09-09 21:13:47,ERRO,Message: Nenhuma distribuidora pôde ser lida no card do produto.
PA,GD,36346498000781,7896004727776,Amitriptilina 25 mg Caixa 30 Comprimidos Revestidos,Panpharma - PA,118.0,0.7079000000000001,18.36,0.0,5.36,5.36,2026-09-09 21:13:51,OK,
PA,GD,36346498000781,7896004727776,Amitriptilina 25 mg Caixa 30 Comprimidos Revestidos,Total - PA,614.0,0.6839,18.36,0.0,5.8,5.8,2026-09-09 21:13:51,OK,
PA,GD,36346498000781,7896004727776,Amitriptilina 25 mg Caixa 30 Comprimidos Revestidos,Nazaria - PA,438.0,0.6183,18.36,0.0,7.01,7.01,2026-09-09 21:13:51,OK,
PA,GD,36346498000781,7896004727882,Bromoprida 10 mg Caixa 20 Cápsulas,Panpharma - PA,59.0,0.6401,26.21,0.0,9.43,9.43,2026-09-09 21:13:55,OK,
PA,GD,36346498000781,7896004727882,Bromoprida 10 mg Caixa 20 Cápsulas,Total - PA,513.0,0.6211,26.21,0.0,9.93,9.93,2026-09-09 21:13:55,OK,
PA,GD,36346498000781,7896004727882,Bromoprida 10 mg Caixa 20 Cápsulas,Nazaria - PA,526.0,0.5577000000000001,26.21,0.0,11.59,11.59,2026-09-09 21:13:55,OK,
PA,GD,36346498000781,7896004728261,Travoprosta 0.04 mg/ml Frasco 2.5 ml Solução Oftálmica,Nazaria - PA,4.0,0.7161,92.15,0.0,26.16,26.16,2026-09-09 21:13:59,OK,
PA,GD,36346498000781,7896004728261,Travoprosta 0.04 mg/ml Frasco 2.5 ml Solução Oftálmica,Panpharma - PA,29.0,0.6584,92.15,0.0,31.48,31.48,2026-09-09 21:13:59,OK,
PA,GD,36346498000781,7896004728490,,,0.0,0.0,0.0,0.0,0.0,0.0,2026-09-09 21:14:11,ERRO,Message: Nenhuma distribuidora pôde ser lida no card do produto.
PA,GD,36346498000781,7896004728612,Venlafaxina 150 mg Caixa 30 Cápsulas de Liberação Prolongada,Total - PA,52.0,0.7526,165.89,0.0,41.04,41.04,2026-09-09 21:14:15,OK,
PA,GD,36346498000781,7896004728612,Venlafaxina 150 mg Caixa 30 Cápsulas de Liberação Prolongada,Panpharma - PA,105.0,0.7471,165.89,0.0,41.95,41.95,2026-09-09 21:14:15,OK,
PA,GD,36346498000781,7896004728612,Venlafaxina 150 mg Caixa 30 Cápsulas de Liberação Prolongada,Nazaria - PA,228.0,0.6505,165.89,0.0,57.98,57.98,2026-09-09 21:14:15,OK,
PA,GD,36346498000781,7896004728629,Diclofenaco Sódico 100 mg Caixa 20 Comprimidos Revestidos Lib. Lenta,Nazaria - PA,106.0,0.2915,54.11,0.0,38.34,38.34,2026-09-09 21:14:18,OK,
PA,GD,36346498000781,7896004728667,Risedronato Sódico 35 mg Caixa 4 Comprimidos Revestidos,Total - PA,114.0,0.748,137.65,0.0,34.69,34.69,2026-09-09 21:14:22,OK,
PA,GD,36346498000781,7896004728667,Risedronato Sódico 35 mg Caixa 4 Comprimidos Revestidos,Nazaria - PA,152.0,0.6772,137.65,0.0,44.43,44.43,2026-09-09 21:14:22,OK,
PA,GD,36346498000781,7896004728827,,,0.0,0.0,0.0,0.0,0.0,0.0,2026-09-09 21:14:34,ERRO,Message: Nenhuma distribuidora pôde ser lida no card do produto.
PA,GD,36346498000781,7896004728858,Rosuvastatina Cálcica 20 mg Caixa 30 Comprimidos Revestidos,Nazaria - PA,8284.0,0.8193,166.98,0.0,30.17,30.17,2026-09-09 21:14:37,OK,
PA,GD,36346498000781,7896004729428,Atorvastatina Cálcica 10 mg Caixa 30 Comprimidos Revestidos,Nazaria - PA,20.0,0.7458,69.96,0.0,17.78,17.78,2026-09-09 21:14:41,OK,
PA,GD,36346498000781,7896004729435,,,0.0,0.0,0.0,0.0,0.0,0.0,2026-09-09 21:14:53,ERRO,Message: Nenhuma distribuidora pôde ser lida no card do produto.
PA,GD,36346498000781,7896004729442,Atorvastatina Cálcica 40 mg Caixa 30 Comprimidos Revestidos,Nazaria - PA,2233.0,0.7689,140.54,0.0,32.48,32.48,2026-09-09 21:14:56,OK,
PA,GD,36346498000781,7896004729459,Atorvastatina Cálcica 80 mg Caixa 30 Comprimidos Revestidos,Panpharma - PA,48.0,0.3457,287.89,0.0,188.37,188.37,2026-09-09 21:15:00,OK,
PA,GD,36346498000781,7896004729459,Atorvastatina Cálcica 80 mg Caixa 30 Comprimidos Revestidos,Nazaria - PA,124.0,0.31489999999999996,287.89,0.0,197.23,197.23,2026-09-09 21:15:00,OK,
PA,GD,36346498000781,7896004729640,Rosuvastatina Cálcica 10 mg Caixa 30 Comprimidos Revestidos,Panpharma - PA,12752.0,0.9196,91.81,0.0,7.38,7.38,2026-09-09 21:15:04,OK,
PA,GD,36346498000781,7896004729640,Rosuvastatina Cálcica 10 mg Caixa 30 Comprimidos Revestidos,Total - PA,143.0,0.9188,91.81,0.0,7.45,7.45,2026-09-09 21:15:04,OK,
PA,GD,36346498000781,7896004729640,Rosuvastatina Cálcica 10 mg Caixa 30 Comprimidos Revestidos,Nazaria - PA,3016.0,0.8259000000000001,91.81,0.0,15.98,15.98,2026-09-09 21:15:04,OK,
PA,GD,36346498000781,7896004729688,Hidroxizina 25 mg Caixa 30 Comprimidos,Nazaria - PA,553.0,0.09050000000000001,33.22,0.0,30.21,30.21,2026-09-09 21:15:08,OK,
PA,GD,36346498000781,7896004729688,Hidroxizina 25 mg Caixa 30 Comprimidos,Panpharma - PA,84.0,0.0623,33.22,0.0,31.15,31.15,2026-09-09 21:15:08,OK,
PA,GD,36346498000781,7896004729688,Hidroxizina 25 mg Caixa 30 Comprimidos,Total - PA,135.0,0.051399999999999994,33.22,0.0,31.51,31.51,2026-09-09 21:15:08,OK,
PA,GD,36346498000781,7896004730059,,,0.0,0.0,0.0,0.0,0.0,0.0,2026-09-09 21:15:20,ERRO,Message: Nenhuma distribuidora pôde ser lida no card do produto.
PA,GD,36346498000781,7896004730080,,,0.0,0.0,0.0,0.0,0.0,0.0,2026-09-09 21:15:32,ERRO,Message: Nenhuma distribuidora pôde ser lida no card do produto.
PA,GD,36346498000781,7896004730103,Sildenafila 50 mg Caixa 4 Comprimidos Revestidos,Panpharma - PA,88.0,0.8212999999999999,16.31,0.0,2.91,2.91,2026-09-09 21:15:36,OK,
PA,GD,36346498000781,7896004730103,Sildenafila 50 mg Caixa 4 Comprimidos Revestidos,Nazaria - PA,278.0,0.7513,16.31,0.0,4.06,4.06,2026-09-09 21:15:36,OK,
PA,GD,36346498000781,7896004730189,Ciclobenzaprina 10 mg Caixa 30 Comprimidos Revestidos,Panpharma - PA,7.0,0.7345999999999999,35.0,0.0,9.29,9.29,2026-09-09 21:15:40,OK,
PA,GD,36346498000781,7896004730189,Ciclobenzaprina 10 mg Caixa 30 Comprimidos Revestidos,Total - PA,47.0,0.7048000000000001,35.0,0.0,10.33,10.33,2026-09-09 21:15:40,OK,
PA,GD,36346498000781,7896004730189,Ciclobenzaprina 10 mg Caixa 30 Comprimidos Revestidos,Nazaria - PA,87.0,0.6247,35.0,0.0,13.14,13.14,2026-09-09 21:15:40,OK,
PA,GD,36346498000781,7896004730196,Ciclobenzaprina 10 mg Caixa 15 Comprimidos Revestidos,Total - PA,9.0,0.6631999999999999,17.5,0.0,5.89,5.89,2026-09-09 21:15:43,OK,
PA,GD,36346498000781,7896004730370,Quetiapina 100 mg Caixa 30 Comprimidos Revestidos,Total - PA,46.0,0.865,132.22,0.0,17.85,17.85,2026-09-09 21:15:47,OK,
PA,GD,36346498000781,7896004730370,Quetiapina 100 mg Caixa 30 Comprimidos Revestidos,Panpharma - PA,67.0,0.8068000000000001,132.23,0.0,25.55,25.55,2026-09-09 21:15:47,OK,
PA,GD,36346498000781,7896004730370,Quetiapina 100 mg Caixa 30 Comprimidos Revestidos,Nazaria - PA,1254.0,0.7754000000000001,132.23,0.0,29.7,29.7,2026-09-09 21:15:47,OK,
PA,GD,36346498000781,7896004730387,Quetiapina 200 mg Caixa 30 Comprimidos Revestidos,Total - PA,272.0,0.8140999999999999,256.49,0.0,47.68,47.68,2026-09-09 21:15:50,OK,
PA,GD,36346498000781,7896004730981,Citalopram 20 mg Caixa 30 Comprimidos Revestidos,Total - PA,110.0,0.8120999999999999,51.51,0.0,9.68,9.68,2026-09-09 21:15:54,OK,
PA,GD,36346498000781,7896004731261,,,0.0,0.0,0.0,0.0,0.0,0.0,2026-09-09 21:16:06,ERRO,Message: Nenhuma distribuidora pôde ser lida no card do produto.
PA,GD,36346498000781,7896004731285,,,0.0,0.0,0.0,0.0,0.0,0.0,2026-09-09 21:16:18,ERRO,Message: Nenhuma distribuidora pôde ser lida no card do produto.
PA,GD,36346498000781,7896004731308,,,0.0,0.0,0.0,0.0,0.0,0.0,2026-09-09 21:16:30,ERRO,Message: Nenhuma distribuidora pôde ser lida no card do produto.
PA,GD,36346498000781,7896004731322,,,0.0,0.0,0.0,0.0,0.0,0.0,2026-09-09 21:16:43,ERRO,Message: Nenhuma distribuidora pôde ser lida no card do produto.
PA,GD,36346498000781,7896004731568,Escitalopram 10 mg Caixa 30 Comprimidos Revestidos,Panpharma - PA,2.0,0.9115000000000001,66.77,0.0,5.91,5.91,2026-09-09 21:16:46,OK,
PA,GD,36346498000781,7896004731568,Escitalopram 10 mg Caixa 30 Comprimidos Revestidos,Total - PA,100.0,0.8898,66.77,0.0,7.36,7.36,2026-09-09 21:16:46,OK,
PA,GD,36346498000781,7896004731568,Escitalopram 10 mg Caixa 30 Comprimidos Revestidos,Nazaria - PA,1630.0,0.7909999999999999,66.77,0.0,13.95,13.95,2026-09-09 21:16:46,OK,
PA,GD,36346498000781,7896004731575,,,0.0,0.0,0.0,0.0,0.0,0.0,2026-09-09 21:16:59,ERRO,Message: Nenhuma distribuidora pôde ser lida no card do produto.
PA,GD,36346498000781,7896004731582,Escitalopram 20 mg Caixa 30 Comprimidos Revestidos,Nazaria - PA,758.0,0.799,135.96,0.0,27.33,27.33,2026-09-09 21:17:02,OK,
PA,GD,36346498000781,7896004731698,,,0.0,0.0,0.0,0.0,0.0,0.0,2026-09-09 21:17:14,ERRO,Message: Nenhuma distribuidora pôde ser lida no card do produto.
PA,GD,36346498000781,7896004731704,Pioglitazona 30 mg Caixa 15 Comprimidos,Nazaria - PA,45.0,0.5672999999999999,64.21,0.0,27.78,27.78,2026-09-09 21:17:18,OK,
PA,GD,36346498000781,7896004731704,Pioglitazona 30 mg Caixa 15 Comprimidos,Panpharma - PA,7.0,0.5213,64.21,0.0,30.74,30.74,2026-09-09 21:17:18,OK,
PA,GD,36346498000781,7896004731704,Pioglitazona 30 mg Caixa 15 Comprimidos,Total - PA,68.0,0.5052,64.2,0.0,31.76,31.76,2026-09-09 21:17:18,OK,
PA,GD,36346498000781,7896004732626,Bupropiona 150 mg Caixa 30 Comprimidos de Liberação Lenta,Panpharma - PA,53.0,0.8072,113.21,0.0,21.83,21.83,2026-09-09 21:17:22,OK,
PA,GD,36346498000781,7896004732626,Bupropiona 150 mg Caixa 30 Comprimidos de Liberação Lenta,Total - PA,20.0,0.7945,113.21,0.0,23.25,23.25,2026-09-09 21:17:22,OK,
PA,GD,36346498000781,7896004732626,Bupropiona 150 mg Caixa 30 Comprimidos de Liberação Lenta,Nazaria - PA,191.0,0.7167,113.21,0.0,32.07,32.07,2026-09-09 21:17:22,OK,
PA,GD,36346498000781,7896004732633,Bupropiona 150 mg Caixa 60 Comprimidos de Liberação Lenta,Panpharma - PA,37.0,0.8026000000000001,218.49,0.0,43.13,43.13,2026-09-09 21:17:26,OK,
PA,GD,36346498000781,7896004732633,Bupropiona 150 mg Caixa 60 Comprimidos de Liberação Lenta,Nazaria - PA,202.0,0.7190000000000001,218.49,0.0,61.4,61.4,2026-09-09 21:17:26,OK,
PA,GD,36346498000781,7896004733234,Prednisolona 20 mg Caixa 10 Comprimidos,Panpharma - PA,2.0,0.6712,17.94,0.0,5.9,5.9,2026-09-09 21:17:30,OK,
PA,GD,36346498000781,7896004733234,Prednisolona 20 mg Caixa 10 Comprimidos,Total - PA,610.0,0.659,17.94,0.0,6.12,6.12,2026-09-09 21:17:30,OK,
PA,GD,36346498000781,7896004733234,Prednisolona 20 mg Caixa 10 Comprimidos,Nazaria - PA,7347.0,0.6083,17.94,0.0,7.03,7.03,2026-09-09 21:17:30,OK,
PA,GD,36346498000781,7896004734354,Moxifloxacino 400 mg Caixa 5 Comprimidos Revestidos,Panpharma - PA,14.0,0.7011,141.3,0.0,42.23,42.23,2026-09-09 21:17:34,OK,
PA,GD,36346498000781,7896004734354,Moxifloxacino 400 mg Caixa 5 Comprimidos Revestidos,Total - PA,45.0,0.6701,141.3,0.0,46.61,46.61,2026-09-09 21:17:34,OK,
PA,GD,36346498000781,7896004734354,Moxifloxacino 400 mg Caixa 5 Comprimidos Revestidos,Nazaria - PA,141.0,0.5917,141.3,0.0,57.69,57.69,2026-09-09 21:17:34,OK,
PA,GD,36346498000781,7896004734361,Moxifloxacino 400 mg Caixa 7 Comprimidos Revestidos,Total - PA,21.0,0.6825,178.77,0.0,56.76,56.76,2026-09-09 21:17:38,OK,
PA,GD,36346498000781,7896004734361,Moxifloxacino 400 mg Caixa 7 Comprimidos Revestidos,Nazaria - PA,14.0,0.5975,178.77,0.0,71.95,71.95,2026-09-09 21:17:38,OK,
PA,GD,36346498000781,7896004734392,Drospirenona + Etinilestradiol 3+0.03 mg Caixa 21 Comprimidos Revestidos,Total - PA,10.0,0.7834,52.88,0.0,11.45,11.45,2026-09-09 21:17:41,OK,
PA,GD,36346498000781,7896004734392,Drospirenona + Etinilestradiol 3+0.03 mg Caixa 21 Comprimidos Revestidos,Nazaria - PA,203.0,0.7108,52.88,0.0,15.29,15.29,2026-09-09 21:17:41,OK,
PA,GD,36346498000781,7896004737058,,,0.0,0.0,0.0,0.0,0.0,0.0,2026-09-09 21:17:53,ERRO,Message: Nenhuma distribuidora pôde ser lida no card do produto.
PA,GD,36346498000781,7896004737119,Paroxetina 20 mg Caixa 30 Comprimidos Revestidos,Nazaria - PA,175.0,0.6954,48.67,0.0,14.82,14.82,2026-09-09 21:17:57,OK,
PA,GD,36346498000781,7896004737218,Orlistate 120 mg Caixa 42 Cápsulas,Panpharma - PA,100.0,0.5872999999999999,175.9,0.0,72.59,72.59,2026-09-09 21:18:01,OK,
PA,GD,36346498000781,7896004737218,Orlistate 120 mg Caixa 42 Cápsulas,Total - PA,437.0,0.5688,175.9,0.0,75.83,75.83,2026-09-09 21:18:01,OK,
PA,GD,36346498000781,7896004737218,Orlistate 120 mg Caixa 42 Cápsulas,Nazaria - PA,356.0,0.4876,175.9,0.0,90.13,90.13,2026-09-09 21:18:01,OK,
PA,GD,36346498000781,7896004737225,Orlistate 120 mg Caixa 84 Cápsulas,Total - PA,15.0,0.6629999999999999,353.75,0.0,119.21,119.21,2026-09-09 21:18:04,OK,
PA,GD,36346498000781,7896004737225,Orlistate 120 mg Caixa 84 Cápsulas,Nazaria - PA,259.0,0.5761999999999999,353.75,0.0,149.92,149.92,2026-09-09 21:18:04,OK,
PA,GD,36346498000781,7896004738406,Clopidogrel 75 mg Caixa 28 Comprimidos Revestidos,Total - PA,285.0,0.7339,70.94,0.0,18.88,18.88,2026-09-09 21:18:08,OK,
PA,GD,36346498000781,7896004738406,Clopidogrel 75 mg Caixa 28 Comprimidos Revestidos,Nazaria - PA,957.0,0.6693000000000001,70.94,0.0,23.46,23.46,2026-09-09 21:18:08,OK,
PA,GD,36346498000781,7896004739588,Bisoprolol 5 mg Caixa 30 Comprimidos Revestidos,Total - PA,115.0,0.7284,50.68,0.0,13.77,13.76,2026-09-09 21:18:12,OK,
PA,GD,36346498000781,7896004739588,Bisoprolol 5 mg Caixa 30 Comprimidos Revestidos,Nazaria - PA,681.0,0.6384000000000001,50.68,0.0,18.33,18.33,2026-09-09 21:18:12,OK,
PA,GD,36346498000781,7896004739595,Bisoprolol 10 mg Caixa 30 Comprimidos Revestidos,Total - PA,91.0,0.8431000000000001,106.89,0.0,16.77,16.77,2026-09-09 21:18:15,OK,
PA,GD,36346498000781,7896004742007,Diclofenaco Sódico 50 mg Caixa 20 Comprimidos Revestidos Lib. Retardada,Panpharma - PA,16.0,0.789,25.0,0.0,5.28,5.27,2026-09-09 21:18:18,OK,
PA,GD,36346498000781,7896004742007,Diclofenaco Sódico 50 mg Caixa 20 Comprimidos Revestidos Lib. Retardada,Nazaria - PA,417.0,0.67,25.0,0.0,8.25,8.25,2026-09-09 21:18:18,OK,
PA,GD,36346498000781,7896004742069,Esomeprazol Magnésico 20 mg Caixa 28 Comprimidos Revestidos Lib. Retardada,Panpharma - PA,20.0,0.6335999999999999,70.3,0.0,25.76,25.76,2026-09-09 21:18:22,OK,
PA,GD,36346498000781,7896004742076,,,0.0,0.0,0.0,0.0,0.0,0.0,2026-09-09 21:18:34,ERRO,Message: Nenhuma distribuidora pôde ser lida no card do produto.
PA,GD,36346498000781,7896004742199,Tibolona 2.5 mg Caixa 30 Comprimidos,Panpharma - PA,421.0,0.6022,64.93,0.0,25.83,25.83,2026-09-09 21:18:38,OK,
PA,GD,36346498000781,7896004742199,Tibolona 2.5 mg Caixa 30 Comprimidos,Total - PA,289.0,0.578,64.93,0.0,27.4,27.4,2026-09-09 21:18:38,OK,
PA,GD,36346498000781,7896004742199,Tibolona 2.5 mg Caixa 30 Comprimidos,Nazaria - PA,1787.0,0.5028,64.93,0.0,32.28,32.28,2026-09-09 21:18:38,OK,
PA,GD,36346498000781,7896004743042,Pramipexol 0.250 mg Caixa 30 Comprimidos,Total - PA,20.0,0.6717,77.25,0.0,25.36,25.36,2026-09-09 21:18:41,OK,
PA,GD,36346498000781,7896004743745,Rosuvastatina Cálcica 5 mg Caixa 30 Comprimidos Revestidos,Total - PA,61.0,0.8728,64.95,0.0,8.26,8.26,2026-09-09 21:18:45,OK,
PA,GD,36346498000781,7896004743745,Rosuvastatina Cálcica 5 mg Caixa 30 Comprimidos Revestidos,Nazaria - PA,447.0,0.7923,64.95,0.0,13.49,13.49,2026-09-09 21:18:45,OK,
PA,GD,36346498000781,7896004743745,Rosuvastatina Cálcica 5 mg Caixa 30 Comprimidos Revestidos,Panpharma - PA,85.0,0.7870999999999999,64.95,0.0,13.83,13.83,2026-09-09 21:18:45,OK,
PA,GD,36346498000781,7896004743936,,,0.0,0.0,0.0,0.0,0.0,0.0,2026-09-09 21:18:57,ERRO,Message: Nenhuma distribuidora pôde ser lida no card do produto.
PA,GD,36346498000781,7896004743943,Esomeprazol Magnésico 40 mg Caixa 14 Comprimidos Revestidos Lib. Retardada,Panpharma - PA,48.0,0.8256999999999999,130.57,0.0,22.76,22.76,2026-09-09 21:19:01,OK,
PA,GD,36346498000781,7896004744360,Fluoxetina 20 mg Caixa 30 Cápsulas,Total - PA,78.0,0.8962,56.09,0.0,5.82,5.82,2026-09-09 21:19:04,OK,
PA,GD,36346498000781,7896004744957,Drospirenona + Etinilestradiol 3+0.02 mg Caixa 24 Comprimidos Revestidos,Nazaria - PA,780.0,0.7120000000000001,57.65,0.0,16.6,16.6,2026-09-09 21:19:07,OK,
PA,GD,36346498000781,7896004746388,Venlafaxina 75 mg Caixa 30 Cápsulas de Liberação Prolongada,Total - PA,23.0,0.6853,85.04,0.0,26.76,26.76,2026-09-09 21:19:11,OK,
PA,GD,36346498000781,7896004746388,Venlafaxina 75 mg Caixa 30 Cápsulas de Liberação Prolongada,Panpharma - PA,38.0,0.6678000000000001,85.04,0.0,28.25,28.25,2026-09-09 21:19:11,OK,
PA,GD,36346498000781,7896004746388,Venlafaxina 75 mg Caixa 30 Cápsulas de Liberação Prolongada,Nazaria - PA,89.0,0.5797,85.04,0.0,35.74,35.74,2026-09-09 21:19:11,OK,
PA,GD,36346498000781,7896004746920,Ezetimiba 10 mg Caixa 60 Comprimidos,Total - PA,21.0,0.7629,133.37,0.0,31.62,31.62,2026-09-09 21:19:15,OK,
PA,GD,36346498000781,7896004746920,Ezetimiba 10 mg Caixa 60 Comprimidos,Nazaria - PA,131.0,0.6675,133.37,0.0,44.35,44.35,2026-09-09 21:19:15,OK,
PA,GD,36346498000781,7896004746937,Ezetimiba 10 mg Caixa 30 Comprimidos,Panpharma - PA,389.0,0.7901,79.99,0.0,16.79,16.79,2026-09-09 21:19:19,OK,
PA,GD,36346498000781,7896004746937,Ezetimiba 10 mg Caixa 30 Comprimidos,Total - PA,37.0,0.7725,79.98,0.0,18.2,18.2,2026-09-09 21:19:19,OK,
PA,GD,36346498000781,7896004746937,Ezetimiba 10 mg Caixa 30 Comprimidos,Nazaria - PA,946.0,0.6868000000000001,79.99,0.0,25.05,25.05,2026-09-09 21:19:19,OK,
PA,GD,36346498000781,7896004747002,Escitalopram 15 mg Caixa 30 Comprimidos Revestidos,Panpharma - PA,90.0,0.9087000000000001,155.12,0.0,14.16,14.16,2026-09-09 21:19:24,OK,
PA,GD,36346498000781,7896004747002,Escitalopram 15 mg Caixa 30 Comprimidos Revestidos,Total - PA,86.0,0.8998,155.12,0.0,15.54,15.54,2026-09-09 21:19:24,OK,
PA,GD,36346498000781,7896004747002,Escitalopram 15 mg Caixa 30 Comprimidos Revestidos,Nazaria - PA,94.0,0.8158,155.12,0.0,28.57,28.57,2026-09-09 21:19:24,OK,
PA,GD,36346498000781,7896004747040,Ezetimiba + Sinvastatina 10+10 mg Caixa 30 Comprimidos,Total - PA,14.0,0.3458,100.74,0.0,65.9,65.9,2026-09-09 21:19:27,OK,
PA,GD,36346498000781,7896004747057,Ezetimiba + Sinvastatina 10+20 mg Caixa 30 Comprimidos,Panpharma - PA,22.0,0.6659999999999999,91.16,0.0,30.45,30.45,2026-09-09 21:19:31,OK,
PA,GD,36346498000781,7896004747057,Ezetimiba + Sinvastatina 10+20 mg Caixa 30 Comprimidos,Total - PA,313.0,0.6425,91.16,0.0,32.59,32.59,2026-09-09 21:19:31,OK,
PA,GD,36346498000781,7896004747057,Ezetimiba + Sinvastatina 10+20 mg Caixa 30 Comprimidos,Nazaria - PA,68.0,0.5925,91.16,0.0,37.15,37.15,2026-09-09 21:19:31,OK,
PA,GD,36346498000781,7896004747064,,,0.0,0.0,0.0,0.0,0.0,0.0,2026-09-09 21:19:44,ERRO,Message: Nenhuma distribuidora pôde ser lida no card do produto.
PA,GD,36346498000781,7896004747620,Aripiprazol 10 mg Caixa 30 Comprimidos,Panpharma - PA,20.0,0.7279000000000001,238.59,0.0,64.92,64.92,2026-09-09 21:19:48,OK,
PA,GD,36346498000781,7896004747620,Aripiprazol 10 mg Caixa 30 Comprimidos,Nazaria - PA,327.0,0.6958,238.59,0.0,72.58,72.58,2026-09-09 21:19:48,OK,
PA,GD,36346498000781,7896004747620,Aripiprazol 10 mg Caixa 30 Comprimidos,Total - PA,49.0,0.6107,238.59,0.0,92.88,92.88,2026-09-09 21:19:48,OK,
PA,GD,36346498000781,7896004747637,Aripiprazol 15 mg Caixa 30 Comprimidos,Panpharma - PA,37.0,0.7983,349.72,0.0,70.54,70.54,2026-09-09 21:19:52,OK,
PA,GD,36346498000781,7896004747637,Aripiprazol 15 mg Caixa 30 Comprimidos,Total - PA,32.0,0.723,349.72,0.0,96.87,96.87,2026-09-09 21:19:52,OK,
PA,GD,36346498000781,7896004747637,Aripiprazol 15 mg Caixa 30 Comprimidos,Nazaria - PA,115.0,0.7018000000000001,349.72,0.0,104.29,104.29,2026-09-09 21:19:52,OK,
PA,GD,36346498000781,7896004747774,Duloxetina 60 mg Caixa 30 Cápsulas de Liberação Retardada,Nazaria - PA,187.0,0.46340000000000003,125.05,0.0,67.1,67.1,2026-09-09 21:19:56,OK,
PA,GD,36346498000781,7896004747880,Celecoxibe 200 mg Caixa 10 Cápsulas,Panpharma - PA,5.0,0.8,40.46,0.0,8.09,8.09,2026-09-09 21:20:00,OK,
PA,GD,36346498000781,7896004747880,Celecoxibe 200 mg Caixa 10 Cápsulas,Nazaria - PA,89.0,0.7045,40.46,0.0,11.96,11.96,2026-09-09 21:20:00,OK,
PA,GD,36346498000781,7896004747897,Celecoxibe 200 mg Caixa 30 Cápsulas,Panpharma - PA,33.0,0.8093,118.27,0.0,22.55,22.55,2026-09-09 21:20:04,OK,
PA,GD,36346498000781,7896004747897,Celecoxibe 200 mg Caixa 30 Cápsulas,Total - PA,44.0,0.7851,118.27,0.0,25.42,25.42,2026-09-09 21:20:04,OK,
PA,GD,36346498000781,7896004748214,Quetiapina 25 mg Caixa 30 Comprimidos Revestidos,Nazaria - PA,12106.0,0.742,49.6,0.0,12.8,12.8,2026-09-09 21:20:07,OK,
PA,GD,36346498000781,7896004749303,Pantoprazol 20 mg Caixa 42 Comprimidos Revestidos Lib. Retardada,Total - PA,15.0,0.7892,51.38,0.0,10.83,10.83,2026-09-09 21:20:11,OK,
PA,GD,36346498000781,7896004749358,,,0.0,0.0,0.0,0.0,0.0,0.0,2026-09-09 21:20:23,ERRO,Message: Nenhuma distribuidora pôde ser lida no card do produto.
PA,GD,36346498000781,7896004749624,Tadalafila 5 mg Caixa 30 Comprimidos Revestidos,Panpharma - PA,4539.0,0.9398000000000001,95.26,0.0,5.73,5.73,2026-09-09 21:20:27,OK,
PA,GD,36346498000781,7896004749624,Tadalafila 5 mg Caixa 30 Comprimidos Revestidos,Total - PA,337.0,0.9333,95.26,0.0,6.35,6.35,2026-09-09 21:20:27,OK,
PA,GD,36346498000781,7896004749624,Tadalafila 5 mg Caixa 30 Comprimidos Revestidos,Nazaria - PA,2529.0,0.8287,95.26,0.0,16.32,16.32,2026-09-09 21:20:27,OK,
PA,GD,36346498000781,7896004749631,,,0.0,0.0,0.0,0.0,0.0,0.0,2026-09-09 21:20:40,ERRO,Message: Nenhuma distribuidora pôde ser lida no card do produto.
PA,GD,36346498000781,7896004749648,Tadalafila 20 mg Caixa 4 Comprimidos Revestidos,Panpharma - PA,4369.0,0.9131,33.83,0.0,2.94,2.94,2026-09-09 21:20:44,OK,
PA,GD,36346498000781,7896004749648,Tadalafila 20 mg Caixa 4 Comprimidos Revestidos,Total - PA,397.0,0.9037999999999999,33.83,0.0,3.25,3.25,2026-09-09 21:20:44,OK,
PA,GD,36346498000781,7896004749648,Tadalafila 20 mg Caixa 4 Comprimidos Revestidos,Nazaria - PA,4572.0,0.7997,33.83,0.0,6.78,6.78,2026-09-09 21:20:44,OK,
PA,GD,36346498000781,7896004749655,,,0.0,0.0,0.0,0.0,0.0,0.0,2026-09-09 21:20:56,ERRO,Message: Nenhuma distribuidora pôde ser lida no card do produto.
PA,GD,36346498000781,7896004750330,Olmesartana + Hidroclorotiazida 20+12.5 mg Caixa 30 Comprimidos Revestidos,Total - PA,229.0,0.5427000000000001,49.43,0.0,22.6,22.6,2026-09-09 21:21:00,OK,
PA,GD,36346498000781,7896004750347,Olmesartana + Hidroclorotiazida 40+12.5 mg Caixa 30 Comprimidos Revestidos,Total - PA,54.0,0.5827,56.31,0.0,23.5,23.5,2026-09-09 21:21:04,OK,
PA,GD,36346498000781,7896004750347,Olmesartana + Hidroclorotiazida 40+12.5 mg Caixa 30 Comprimidos Revestidos,Panpharma - PA,206.0,0.5456,56.31,0.0,25.59,25.59,2026-09-09 21:21:04,OK,
PA,GD,36346498000781,7896004750347,Olmesartana + Hidroclorotiazida 40+12.5 mg Caixa 30 Comprimidos Revestidos,Nazaria - PA,212.0,0.4865,56.31,0.0,28.92,28.92,2026-09-09 21:21:04,OK,
PA,GD,36346498000781,7896004750354,Olmesartana Medoxomila + Hidroclorotiazida (40+25) mg Caixa 30 Comprimidos Revestidos,Total - PA,1367.0,0.5471,56.3,0.0,25.5,25.5,2026-09-09 21:21:08,OK,
PA,GD,36346498000781,7896004750354,Olmesartana Medoxomila + Hidroclorotiazida (40+25) mg Caixa 30 Comprimidos Revestidos,Nazaria - PA,224.0,0.47609999999999997,56.3,0.0,29.5,29.5,2026-09-09 21:21:08,OK,
PA,GD,36346498000781,7896004750620,Olmesartana + Anlodipino 40+10 mg Caixa 30 Comprimidos Revestidos,Nazaria - PA,25.0,0.4385,50.6,0.0,28.41,28.41,2026-09-09 21:21:12,OK,
PA,GD,36346498000781,7896004750620,Olmesartana + Anlodipino 40+10 mg Caixa 30 Comprimidos Revestidos,Total - PA,150.0,0.4031,50.6,0.0,30.2,30.2,2026-09-09 21:21:12,OK,
PA,GD,36346498000781,7896004750620,Olmesartana + Anlodipino 40+10 mg Caixa 30 Comprimidos Revestidos,Panpharma - PA,56.0,0.244,50.6,0.0,38.25,38.25,2026-09-09 21:21:12,OK,
PA,GD,36346498000781,7896004750637,,,0.0,0.0,0.0,0.0,0.0,0.0,2026-09-09 21:21:24,ERRO,Message: Nenhuma distribuidora pôde ser lida no card do produto.
PA,GD,36346498000781,7896004750644,Olmesartana + Anlodipino 20+5 mg Caixa 30 Comprimidos Revestidos,Total - PA,101.0,0.4094,44.75,0.0,26.42,26.42,2026-09-09 21:21:28,OK,
PA,GD,36346498000781,7896004750644,Olmesartana + Anlodipino 20+5 mg Caixa 30 Comprimidos Revestidos,Nazaria - PA,4.0,0.3865,44.75,0.0,27.45,27.45,2026-09-09 21:21:28,OK,
PA,GD,36346498000781,7896004751009,,,0.0,0.0,0.0,0.0,0.0,0.0,2026-09-09 21:21:41,ERRO,Message: Nenhuma distribuidora pôde ser lida no card do produto.
PA,GD,36346498000781,7896004751016,Desvenlafaxina 100 mg Caixa 30 Comprimidos Lib. Prolongada,Panpharma - PA,22.0,0.7251000000000001,140.4,0.0,38.6,38.6,2026-09-09 21:21:45,OK,
PA,GD,36346498000781,7896004751016,Desvenlafaxina 100 mg Caixa 30 Comprimidos Lib. Prolongada,Nazaria - PA,4.0,0.6419,140.4,0.0,50.28,50.28,2026-09-09 21:21:45,OK,
PA,GD,36346498000781,7896004751641,Desogestrel 75 mcg Caixa 28 Comprimidos Revestidos,Total - PA,2.0,0.7453,30.09,0.0,7.66,7.66,2026-09-09 21:21:49,OK,
PA,GD,36346498000781,7896004751641,Desogestrel 75 mcg Caixa 28 Comprimidos Revestidos,Nazaria - PA,180.0,0.7048000000000001,30.09,0.0,8.88,8.88,2026-09-09 21:21:49,OK,
PA,GD,36346498000781,7896004752112,Tansulosina 0.4 mg Caixa 20 Comprimidos de Liberação Prolongada,Total - PA,324.0,0.6234000000000001,79.38,0.0,29.9,29.89,2026-09-09 21:21:52,OK,
PA,GD,36346498000781,7896004752211,Trazodona 50 mg Caixa 60 Comprimidos Revestidos,Nazaria - PA,361.0,0.6025,67.16,0.0,26.7,26.7,2026-09-09 21:21:56,OK,
PA,GD,36346498000781,7896004752228,Trazodona 100 mg Caixa 30 Comprimidos Revestidos,Total - PA,38.0,0.5931000000000001,67.15,0.0,27.32,27.32,2026-09-09 21:21:59,OK,
PA,GD,36346498000781,7896004752471,Ibandronato De Sódio 150 mg Caixa 1 Comprimido Revestido,Total - PA,34.0,0.7523000000000001,78.16,0.0,19.35,19.35,2026-09-09 21:22:03,OK,
PA,GD,36346498000781,7896004752525,Cetoprofeno 150 mg Caixa 10 Comprimidos de Liberação Prolongada,Total - PA,1281.0,0.8331000000000001,42.63,0.0,7.11,7.11,2026-09-09 21:22:07,OK,
PA,GD,36346498000781,7896004752525,Cetoprofeno 150 mg Caixa 10 Comprimidos de Liberação Prolongada,Nazaria - PA,10999.0,0.7447,42.63,0.0,10.88,10.88,2026-09-09 21:22:07,OK,
PA,GD,36346498000781,7896004752730,Gliclazida 60 mg Caixa 30 Comprimidos de Liberação Prolongada,Total - PA,68.0,0.5023,52.25,0.0,26.0,26.0,2026-09-09 21:22:10,OK,
PA,GD,36346498000781,7896004753089,Lercanidipino 10 mg Caixa 30 Comprimidos Revestidos,Panpharma - PA,44.0,0.19879999999999998,94.99,0.0,76.11,76.11,2026-09-09 21:22:14,OK,
PA,GD,36346498000781,7896004754154,Metilfenidato 10 mg Caixa 30 Comprimidos,Total - PA,343.0,0.3236,26.79,0.0,18.12,18.12,2026-09-09 21:22:18,OK,
PA,GD,36346498000781,7896004754154,Metilfenidato 10 mg Caixa 30 Comprimidos,Nazaria - PA,416.0,0.3143,26.79,0.0,18.37,18.37,2026-09-09 21:22:18,OK,
PA,GD,36346498000781,7896004754154,Metilfenidato 10 mg Caixa 30 Comprimidos,Panpharma - PA,239.0,0.2563,26.79,0.0,19.92,19.92,2026-09-09 21:22:18,OK,
PA,GD,36346498000781,7896004754161,Metilfenidato 10 mg Caixa 60 Comprimidos,Total - PA,159.0,0.3765,52.31,0.0,32.61,32.61,2026-09-09 21:22:23,OK,
PA,GD,36346498000781,7896004754161,Metilfenidato 10 mg Caixa 60 Comprimidos,Nazaria - PA,161.0,0.35969999999999996,52.31,0.0,33.49,33.49,2026-09-09 21:22:23,OK,
PA,GD,36346498000781,7896004754161,Metilfenidato 10 mg Caixa 60 Comprimidos,Panpharma - PA,60.0,0.24109999999999998,52.31,0.0,39.7,39.7,2026-09-09 21:22:23,OK,
PA,GD,36346498000781,7896004754949,Duloxetina 30 mg Caixa 30 Cápsulas de Liberação Retardada,Panpharma - PA,189.0,0.4443,66.54,0.0,36.98,36.98,2026-09-09 21:22:27,OK,
PA,GD,36346498000781,7896004754949,Duloxetina 30 mg Caixa 30 Cápsulas de Liberação Retardada,Nazaria - PA,188.0,0.4177,66.54,0.0,38.75,38.75,2026-09-09 21:22:27,OK,
PA,GD,36346498000781,7896004755342,Rosuvastatina Cálcica 5 mg Caixa 60 Comprimidos Revestidos,Nazaria - PA,50.0,0.6808,120.28,0.0,38.39,38.39,2026-09-09 21:22:30,OK,
PA,GD,36346498000781,7896004755878,Drospirenona + Etinilestradiol 3+0.03 mg Caixa 63 Comprimidos Revestidos,Panpharma - PA,18.0,0.735,125.23,0.0,33.19,33.19,2026-09-09 21:22:35,OK,
PA,GD,36346498000781,7896004755878,Drospirenona + Etinilestradiol 3+0.03 mg Caixa 63 Comprimidos Revestidos,Total - PA,20.0,0.7145,125.23,0.0,35.75,35.75,2026-09-09 21:22:35,OK,
PA,GD,36346498000781,7896004755878,Drospirenona + Etinilestradiol 3+0.03 mg Caixa 63 Comprimidos Revestidos,Nazaria - PA,97.0,0.6879000000000001,125.23,0.0,39.08,39.08,2026-09-09 21:22:35,OK,
PA,GD,36346498000781,7896004756417,,,0.0,0.0,0.0,0.0,0.0,0.0,2026-09-09 21:22:47,ERRO,Message: Nenhuma distribuidora pôde ser lida no card do produto.
PA,GD,36346498000781,7896004756424,,,0.0,0.0,0.0,0.0,0.0,0.0,2026-09-09 21:22:59,ERRO,Message: Nenhuma distribuidora pôde ser lida no card do produto.
PA,GD,36346498000781,7896004756431,,,0.0,0.0,0.0,0.0,0.0,0.0,2026-09-09 21:23:12,ERRO,Message: Nenhuma distribuidora pôde ser lida no card do produto.
PA,GD,36346498000781,7896004756875,Clonixinato De Lisina + Ciclobenzaprina 125+5 mg Caixa 15 Comprimidos Revestidos,Panpharma - PA,12.0,0.3605,28.98,0.0,18.53,18.53,2026-09-09 21:23:16,OK,
PA,GD,36346498000781,7896004756875,Clonixinato De Lisina + Ciclobenzaprina 125+5 mg Caixa 15 Comprimidos Revestidos,Nazaria - PA,21.0,0.3333,28.98,0.0,19.32,19.32,2026-09-09 21:23:16,OK,
PA,GD,36346498000781,7896004757353,Levocetirizina 5 mg Caixa 10 Comprimidos Revestidos,Total - PA,307.0,0.603,41.47,0.0,16.46,16.46,2026-09-09 21:23:20,OK,
PA,GD,36346498000781,7896004757353,Levocetirizina 5 mg Caixa 10 Comprimidos Revestidos,Nazaria - PA,122.0,0.5568,41.47,0.0,18.38,18.38,2026-09-09 21:23:20,OK,
PA,GD,36346498000781,7896004758114,,,0.0,0.0,0.0,0.0,0.0,0.0,2026-09-09 21:23:32,ERRO,Message: Nenhuma distribuidora pôde ser lida no card do produto.
PA,GD,36346498000781,7896004758121,,,0.0,0.0,0.0,0.0,0.0,0.0,2026-09-09 21:23:44,ERRO,Message: Nenhuma distribuidora pôde ser lida no card do produto.
PA,GD,36346498000781,7896004758268,Budesonida 32 mcg Frasco 120 Doses Suspensão Spray Nasal,Total - PA,684.0,0.3357,23.12,0.0,15.36,15.36,2026-09-09 21:23:48,OK,
PA,GD,36346498000781,7896004758268,Budesonida 32 mcg Frasco 120 Doses Suspensão Spray Nasal,Nazaria - PA,1821.0,0.3119,23.12,0.0,15.91,15.91,2026-09-09 21:23:48,OK,
PA,GD,36346498000781,7896004758275,Budesonida 64 mcg Frasco 120 Doses Suspensão Spray Nasal,Total - PA,214.0,0.24059999999999998,28.05,0.0,21.3,21.3,2026-09-09 21:23:52,OK,
PA,GD,36346498000781,7896004758275,Budesonida 64 mcg Frasco 120 Doses Suspensão Spray Nasal,Panpharma - PA,12.0,0.2353,28.05,0.0,21.45,21.45,2026-09-09 21:23:52,OK,
PA,GD,36346498000781,7896004758275,Budesonida 64 mcg Frasco 120 Doses Suspensão Spray Nasal,Nazaria - PA,424.0,0.2182,28.05,0.0,21.93,21.93,2026-09-09 21:23:52,OK,
PA,GD,36346498000781,7896004759593,,,0.0,0.0,0.0,0.0,0.0,0.0,2026-09-09 21:24:04,ERRO,Message: Nenhuma distribuidora pôde ser lida no card do produto.
PA,GD,36346498000781,7896004759609,Amoxicilina + Clavulanato 875+125 mg Caixa 20 Comprimidos Revestidos,Total - PA,55.0,0.5281,105.75,0.0,49.91,49.9,2026-09-09 21:24:08,OK,
PA,GD,36346498000781,7896004759609,Amoxicilina + Clavulanato 875+125 mg Caixa 20 Comprimidos Revestidos,Panpharma - PA,103.0,0.45520000000000005,105.75,0.0,57.61,57.61,2026-09-09 21:24:08,OK,
PA,GD,36346498000781,7896004759609,Amoxicilina + Clavulanato 875+125 mg Caixa 20 Comprimidos Revestidos,Nazaria - PA,68.0,0.4125,105.75,0.0,62.13,62.13,2026-09-09 21:24:08,OK,
PA,GD,36346498000781,7896004759678,Azitromicina Di-hidratada 1500 mg Frasco 37.5 ml Pó Para Suspensão Oral + Seringa,Nazaria - PA,306.0,0.1754,37.49,0.0,30.91,30.91,2026-09-09 21:24:12,OK,
PA,GD,36346498000781,7896004759678,Azitromicina Di-hidratada 1500 mg Frasco 37.5 ml Pó Para Suspensão Oral + Seringa,Panpharma - PA,14.0,0.1404,37.49,0.0,32.23,32.23,2026-09-09 21:24:12,OK,
PA,GD,36346498000781,7896004759678,Azitromicina Di-hidratada 1500 mg Frasco 37.5 ml Pó Para Suspensão Oral + Seringa,Total - PA,181.0,0.08990000000000001,37.49,0.0,34.11,34.11,2026-09-09 21:24:12,OK,
PA,GD,36346498000781,7896004759692,Clonazepam 2 mg Caixa 60 Comprimidos,Panpharma - PA,21.0,0.7691,32.86,0.0,7.59,7.59,2026-09-09 21:24:16,OK,
PA,GD,36346498000781,7896004759692,Clonazepam 2 mg Caixa 60 Comprimidos,Nazaria - PA,23.0,0.6591,32.86,0.0,11.2,11.2,2026-09-09 21:24:16,OK,
PA,GD,36346498000781,7896004759715,Venlafaxina 37.5 mg Caixa 30 Cápsulas de Liberação Prolongada,Panpharma - PA,68.0,0.5953,49.37,0.0,19.98,19.98,2026-09-09 21:24:20,OK,
PA,GD,36346498000781,7896004759715,Venlafaxina 37.5 mg Caixa 30 Cápsulas de Liberação Prolongada,Nazaria - PA,3.0,0.5793,49.37,0.0,20.77,20.77,2026-09-09 21:24:20,OK,
PA,GD,36346498000781,7896004759715,Venlafaxina 37.5 mg Caixa 30 Cápsulas de Liberação Prolongada,Total - PA,40.0,0.5748,49.37,0.0,20.99,20.99,2026-09-09 21:24:20,OK,
PA,GD,36346498000781,7896004759722,Drospirenona + Etinilestradiol 3+0.02 mg Caixa 72 Comprimidos (3x24),Panpharma - PA,46.0,0.7995,145.04,0.0,29.08,29.08,2026-09-09 21:24:24,OK,
PA,GD,36346498000781,7896004759722,Drospirenona + Etinilestradiol 3+0.02 mg Caixa 72 Comprimidos (3x24),Total - PA,16.0,0.7809999999999999,145.04,0.0,31.76,31.76,2026-09-09 21:24:24,OK,
PA,GD,36346498000781,7896004759722,Drospirenona + Etinilestradiol 3+0.02 mg Caixa 72 Comprimidos (3x24),Nazaria - PA,12.0,0.7006999999999999,145.04,0.0,43.41,43.41,2026-09-09 21:24:24,OK,
PA,GD,36346498000781,7896004759739,Atenolol + Clortalidona 50+12.5 mg Caixa 60 Comprimidos,Panpharma - PA,56.0,0.7334999999999999,54.85,0.0,14.62,14.62,2026-09-09 21:24:28,OK,
PA,GD,36346498000781,7896004759739,Atenolol + Clortalidona 50+12.5 mg Caixa 60 Comprimidos,Nazaria - PA,43.0,0.6325999999999999,54.85,0.0,20.15,20.15,2026-09-09 21:24:28,OK,
PA,GD,36346498000781,7896004759791,Olanzapina 10 mg Caixa 30 Comprimidos Revestidos,Total - PA,35.0,0.8420000000000001,243.69,0.0,38.5,38.5,2026-09-09 21:24:32,OK,
PA,GD,36346498000781,7896004759791,Olanzapina 10 mg Caixa 30 Comprimidos Revestidos,Nazaria - PA,25.0,0.7517,243.69,0.0,60.51,60.51,2026-09-09 21:24:32,OK,
PA,GD,36346498000781,7896004759807,Olanzapina 5 mg Caixa 30 Comprimidos Revestidos,Panpharma - PA,15.0,0.8323,124.3,0.0,20.85,20.85,2026-09-09 21:24:35,OK,
PA,GD,36346498000781,7896004759814,Olanzapina 2.5 mg Caixa 30 Comprimidos Revestidos,Panpharma - PA,1.0,0.8170000000000001,73.96,0.0,13.53,13.53,2026-09-09 21:24:39,OK,
PA,GD,36346498000781,7896004759814,Olanzapina 2.5 mg Caixa 30 Comprimidos Revestidos,Nazaria - PA,107.0,0.7493000000000001,73.96,0.0,18.54,18.54,2026-09-09 21:24:39,OK,
PA,GD,36346498000781,7896004759845,Sertralina 50 mg Caixa 30 Comprimidos Revestidos,Panpharma - PA,64.0,0.8991,79.0,0.0,7.97,7.97,2026-09-09 21:24:43,OK,
PA,GD,36346498000781,7896004759845,Sertralina 50 mg Caixa 30 Comprimidos Revestidos,Nazaria - PA,2314.0,0.7853,79.0,0.0,16.96,16.96,2026-09-09 21:24:43,OK,
PA,GD,36346498000781,7896004761275,,,0.0,0.0,0.0,0.0,0.0,0.0,2026-09-09 21:24:55,ERRO,Message: Nenhuma distribuidora pôde ser lida no card do produto.
PA,GD,36346498000781,7896004761299,Cilostazol 100 mg Caixa 30 Comprimidos,Panpharma - PA,17.0,0.3404,33.28,0.0,21.95,21.95,2026-09-09 21:24:59,OK,
PA,GD,36346498000781,7896004761299,Cilostazol 100 mg Caixa 30 Comprimidos,Total - PA,175.0,0.2968,33.28,0.0,23.4,23.4,2026-09-09 21:24:59,OK,
PA,GD,36346498000781,7896004761299,Cilostazol 100 mg Caixa 30 Comprimidos,Nazaria - PA,17.0,0.2938,33.28,0.0,23.5,23.5,2026-09-09 21:24:59,OK,
PA,GD,36346498000781,7896004761305,Cilostazol 100 mg Caixa 60 Comprimidos,Nazaria - PA,96.0,0.3078,46.78,0.0,32.38,32.38,2026-09-09 21:25:02,OK,
PA,GD,36346498000781,7896004761817,Tansulosina 0.4 mg Caixa 30 Comprimidos de Liberação Prolongada,Panpharma - PA,309.0,0.6278,92.36,0.0,34.38,34.38,2026-09-09 21:25:07,OK,
PA,GD,36346498000781,7896004761817,Tansulosina 0.4 mg Caixa 30 Comprimidos de Liberação Prolongada,Total - PA,856.0,0.6102000000000001,92.36,0.0,36.0,36.0,2026-09-09 21:25:07,OK,
PA,GD,36346498000781,7896004761817,Tansulosina 0.4 mg Caixa 30 Comprimidos de Liberação Prolongada,Nazaria - PA,222.0,0.5761999999999999,92.36,0.0,39.14,39.14,2026-09-09 21:25:07,OK,
PA,GD,36346498000781,7896004761824,Tansulosina 0.4 mg Caixa 60 Comprimidos de Liberação Prolongada,Panpharma - PA,30.0,0.6938,214.09,0.0,65.55,65.55,2026-09-09 21:25:11,OK,
PA,GD,36346498000781,7896004761824,Tansulosina 0.4 mg Caixa 60 Comprimidos de Liberação Prolongada,Total - PA,36.0,0.6775,214.09,0.0,69.04,69.04,2026-09-09 21:25:11,OK,
PA,GD,36346498000781,7896004761824,Tansulosina 0.4 mg Caixa 60 Comprimidos de Liberação Prolongada,Nazaria - PA,51.0,0.6065999999999999,214.09,0.0,84.22,84.22,2026-09-09 21:25:11,OK,
PA,GD,36346498000781,7896004762227,Azitromicina Di-hidratada 500 mg Caixa 5 Comprimidos Revestidos,Total - PA,293.0,0.8456999999999999,48.8,0.0,7.53,7.53,2026-09-09 21:25:14,OK,
PA,GD,36346498000781,7896004762227,Azitromicina Di-hidratada 500 mg Caixa 5 Comprimidos Revestidos,Nazaria - PA,2939.0,0.7381,48.8,0.0,12.78,12.78,2026-09-09 21:25:14,OK,
PA,GD,36346498000781,7896004762319,Gliclazida 30 mg Caixa 30 Comprimidos de Liberação Prolongada,Total - PA,61.0,0.627,24.38,0.0,9.09,9.09,2026-09-09 21:25:18,OK,
PA,GD,36346498000781,7896004762319,Gliclazida 30 mg Caixa 30 Comprimidos de Liberação Prolongada,Nazaria - PA,342.0,0.5757,24.38,0.0,10.34,10.34,2026-09-09 21:25:18,OK,
PA,GD,36346498000781,7896004762364,Gliclazida 60 mg Caixa 60 Comprimidos de Liberação Prolongada,Total - PA,37.0,0.4733,95.16,0.0,50.12,50.12,2026-09-09 21:25:21,OK,
PA,GD,36346498000781,7896004763576,Hidroxicloroquina 400 mg Caixa 30 Comprimidos Revestidos,Panpharma - PA,13.0,0.1223,76.56,0.0,67.2,67.2,2026-09-09 21:25:25,OK,
PA,GD,36346498000781,7896004763576,Hidroxicloroquina 400 mg Caixa 30 Comprimidos Revestidos,Nazaria - PA,10.0,0.07919999999999999,76.56,0.0,70.5,70.5,2026-09-09 21:25:25,OK,
PA,GD,36346498000781,7896004763576,Hidroxicloroquina 400 mg Caixa 30 Comprimidos Revestidos,Total - PA,72.0,0.0663,76.56,0.0,71.48,71.48,2026-09-09 21:25:25,OK,
PA,GD,36346498000781,7896004766980,,,0.0,0.0,0.0,0.0,0.0,0.0,2026-09-09 21:25:38,ERRO,Message: Nenhuma distribuidora pôde ser lida no card do produto.
PA,GD,36346498000781,7896004766997,Rivaroxabana 10 mg Caixa 30 Comprimidos Revestidos,Panpharma - PA,38.0,0.9284,209.05,0.0,14.97,14.97,2026-09-09 21:25:42,OK,
PA,GD,36346498000781,7896004766997,Rivaroxabana 10 mg Caixa 30 Comprimidos Revestidos,Total - PA,86.0,0.9186,209.05,0.0,17.02,17.02,2026-09-09 21:25:42,OK,
PA,GD,36346498000781,7896004766997,Rivaroxabana 10 mg Caixa 30 Comprimidos Revestidos,Nazaria - PA,132.0,0.8253,209.05,0.0,36.52,36.52,2026-09-09 21:25:42,OK,
PA,GD,36346498000781,7896004767017,,,0.0,0.0,0.0,0.0,0.0,0.0,2026-09-09 21:25:55,ERRO,Message: Nenhuma distribuidora pôde ser lida no card do produto.
PA,GD,36346498000781,7896004767055,,,0.0,0.0,0.0,0.0,0.0,0.0,2026-09-09 21:26:07,ERRO,Message: Nenhuma distribuidora pôde ser lida no card do produto.
PA,GD,36346498000781,7896004767130,Zolpidem 10 mg Caixa 30 Comprimidos Revestidos,Total - PA,352.0,0.9048999999999999,64.72,0.0,6.15,6.15,2026-09-09 21:26:11,OK,
PA,GD,36346498000781,7896004767130,Zolpidem 10 mg Caixa 30 Comprimidos Revestidos,Nazaria - PA,608.0,0.7970999999999999,64.72,0.0,13.13,13.13,2026-09-09 21:26:11,OK,
PA,GD,36346498000781,7896004768212,Donepezila 5 mg Caixa 30 Comprimidos Revestidos,Nazaria - PA,289.0,0.7637,143.23,0.0,33.85,33.85,2026-09-09 21:26:14,OK,
PA,GD,36346498000781,7896004768298,Donepezila 10 mg Caixa 30 Comprimidos Revestidos,Panpharma - PA,46.0,0.8190999999999999,158.7,0.0,28.71,28.71,2026-09-09 21:26:19,OK,
PA,GD,36346498000781,7896004768298,Donepezila 10 mg Caixa 30 Comprimidos Revestidos,Total - PA,39.0,0.7944,158.69,0.0,32.63,32.63,2026-09-09 21:26:19,OK,
PA,GD,36346498000781,7896004768298,Donepezila 10 mg Caixa 30 Comprimidos Revestidos,Nazaria - PA,227.0,0.7494,158.7,0.0,39.77,39.77,2026-09-09 21:26:19,OK,
PA,GD,36346498000781,7896004768687,Desogestrel 75 mcg Caixa 84 Comprimidos Revestidos,Panpharma - PA,17.0,0.7070000000000001,76.37,0.0,22.38,22.38,2026-09-09 21:26:23,OK,
PA,GD,36346498000781,7896004768687,Desogestrel 75 mcg Caixa 84 Comprimidos Revestidos,Nazaria - PA,79.0,0.6939,76.37,0.0,23.38,23.38,2026-09-09 21:26:23,OK,
PA,GD,36346498000781,7896004768687,Desogestrel 75 mcg Caixa 84 Comprimidos Revestidos,Total - PA,10.0,0.6762,76.37,0.0,24.73,24.73,2026-09-09 21:26:23,OK,
PA,GD,36346498000781,7896004769622,Desloratadina 0.5 mg/ml Frasco 60 ml Xarope,Total - PA,38.0,0.7453,38.58,0.0,9.82,9.82,2026-09-09 21:26:27,OK,
PA,GD,36346498000781,7896004769622,Desloratadina 0.5 mg/ml Frasco 60 ml Xarope,Panpharma - PA,30.0,0.7143999999999999,38.58,0.0,11.02,11.02,2026-09-09 21:26:27,OK,
PA,GD,36346498000781,7896004769622,Desloratadina 0.5 mg/ml Frasco 60 ml Xarope,Nazaria - PA,491.0,0.6629999999999999,38.58,0.0,13.0,13.0,2026-09-09 21:26:27,OK,
PA,GD,36346498000781,7896004769684,Desloratadina 0.5 mg/ml Frasco 100 ml Xarope,Panpharma - PA,24.0,0.7956,63.69,0.0,13.02,13.02,2026-09-09 21:26:32,OK,
PA,GD,36346498000781,7896004769684,Desloratadina 0.5 mg/ml Frasco 100 ml Xarope,Total - PA,42.0,0.7714,63.69,0.0,14.56,14.56,2026-09-09 21:26:32,OK,
PA,GD,36346498000781,7896004769684,Desloratadina 0.5 mg/ml Frasco 100 ml Xarope,Nazaria - PA,78.0,0.7479,63.69,0.0,16.06,16.06,2026-09-09 21:26:32,OK,
PA,GD,36346498000781,7896004771199,Aciclovir 50 mg/g Bisnaga 10 g Creme,Panpharma - PA,25.0,0.7608,26.22,0.0,6.27,6.27,2026-09-09 21:26:36,OK,
PA,GD,36346498000781,7896004771199,Aciclovir 50 mg/g Bisnaga 10 g Creme,Total - PA,235.0,0.7406999999999999,26.22,0.0,6.8,6.8,2026-09-09 21:26:36,OK,
PA,GD,36346498000781,7896004771199,Aciclovir 50 mg/g Bisnaga 10 g Creme,Nazaria - PA,351.0,0.6867,26.22,0.0,8.21,8.21,2026-09-09 21:26:36,OK,
PA,GD,36346498000781,7896004771373,Nebivolol 5 mg Caixa 30 Comprimidos,Panpharma - PA,148.0,0.6474,50.9,0.0,17.95,17.95,2026-09-09 21:26:40,OK,
PA,GD,36346498000781,7896004771403,,,0.0,0.0,0.0,0.0,0.0,0.0,2026-09-09 21:26:52,ERRO,Message: Nenhuma distribuidora pôde ser lida no card do produto.
PA,GD,36346498000781,7896004771762,,,0.0,0.0,0.0,0.0,0.0,0.0,2026-09-09 21:27:04,ERRO,Message: Nenhuma distribuidora pôde ser lida no card do produto.
PA,GD,36346498000781,7896004772332,Cloperastina 3.54 mg/ml Frasco 120 ml Xarope,Panpharma - PA,23.0,0.18170000000000003,19.62,0.0,16.06,16.06,2026-09-09 21:27:09,OK,
PA,GD,36346498000781,7896004772332,Cloperastina 3.54 mg/ml Frasco 120 ml Xarope,Total - PA,562.0,0.17300000000000001,19.62,0.0,16.22,16.22,2026-09-09 21:27:09,OK,
PA,GD,36346498000781,7896004772332,Cloperastina 3.54 mg/ml Frasco 120 ml Xarope,Nazaria - PA,781.0,0.11789999999999999,19.62,0.0,17.31,17.31,2026-09-09 21:27:09,OK,
PA,GD,36346498000781,7896004772868,Pregabalina 150 mg Caixa 30 Cápsulas,Panpharma - PA,41.0,0.8842,141.9,0.0,16.43,16.43,2026-09-09 21:27:13,OK,
PA,GD,36346498000781,7896004772868,Pregabalina 150 mg Caixa 30 Cápsulas,Total - PA,113.0,0.8789,141.9,0.0,17.18,17.18,2026-09-09 21:27:13,OK,
PA,GD,36346498000781,7896004772868,Pregabalina 150 mg Caixa 30 Cápsulas,Nazaria - PA,97.0,0.8031,141.9,0.0,27.94,27.94,2026-09-09 21:27:13,OK,
PA,GD,36346498000781,7896004773117,,,0.0,0.0,0.0,0.0,0.0,0.0,2026-09-09 21:27:25,ERRO,Message: Nenhuma distribuidora pôde ser lida no card do produto.
PA,GD,36346498000781,7896004773339,Pregabalina 75 mg Caixa 30 Cápsulas,Total - PA,56.0,0.9016,88.77,0.0,8.73,8.73,2026-09-09 21:27:29,OK,
PA,GD,36346498000781,7896004773339,Pregabalina 75 mg Caixa 30 Cápsulas,Nazaria - PA,2291.0,0.7939,88.77,0.0,18.3,18.3,2026-09-09 21:27:29,OK,
PA,GD,36346498000781,7896004775043,Aciclovir 400 mg Caixa 30 Comprimidos,Panpharma - PA,30.0,0.7754000000000001,166.63,0.0,37.43,37.43,2026-09-09 21:27:32,OK,
PA,GD,36346498000781,7896004775043,Aciclovir 400 mg Caixa 30 Comprimidos,Nazaria - PA,94.0,0.6899,166.63,0.0,51.67,51.67,2026-09-09 21:27:32,OK,
PA,GD,36346498000781,7896004777184,Tramadol 100 mg Caixa 10 Comprimidos de Liberação Prolongada,Total - PA,317.0,0.324,81.94,0.0,55.39,55.39,2026-09-09 21:27:36,OK,
PA,GD,36346498000781,7896004777184,Tramadol 100 mg Caixa 10 Comprimidos de Liberação Prolongada,Panpharma - PA,70.0,0.3023,81.94,0.0,57.17,57.17,2026-09-09 21:27:36,OK,
PA,GD,36346498000781,7896004777184,Tramadol 100 mg Caixa 10 Comprimidos de Liberação Prolongada,Nazaria - PA,417.0,0.2829,81.94,0.0,58.76,58.76,2026-09-09 21:27:36,OK,
PA,GD,36346498000781,7896004777535,Fexofenadina 120 mg Caixa 10 Comprimidos Revestidos,Total - PA,260.0,0.8281999999999999,47.18,0.0,8.11,8.11,2026-09-09 21:27:40,OK,
PA,GD,36346498000781,7896004777559,Fexofenadina 180 mg Caixa 10 Comprimidos Revestidos,Total - PA,115.0,0.8329000000000001,67.72,0.0,11.32,11.32,2026-09-09 21:27:43,OK,
PA,GD,36346498000781,7896004777559,Fexofenadina 180 mg Caixa 10 Comprimidos Revestidos,Nazaria - PA,1359.0,0.7476999999999999,67.72,0.0,17.09,17.09,2026-09-09 21:27:43,OK,
PA,GD,36346498000781,7896004779713,Dienogeste 2 mg Caixa 30 Comprimidos,Total - PA,115.0,0.7325,65.58,0.0,17.54,17.54,2026-09-09 21:27:48,OK,
PA,GD,36346498000781,7896004779713,Dienogeste 2 mg Caixa 30 Comprimidos,Panpharma - PA,56.0,0.7184999999999999,65.58,0.0,18.46,18.46,2026-09-09 21:27:48,OK,
PA,GD,36346498000781,7896004779713,Dienogeste 2 mg Caixa 30 Comprimidos,Nazaria - PA,640.0,0.6483,65.58,0.0,23.06,23.06,2026-09-09 21:27:48,OK,
PA,GD,36346498000781,7896004780184,Ácido Ursodesoxicólico 150 mg Caixa 30 Comprimidos,Panpharma - PA,69.0,0.4742,79.93,0.0,42.03,42.03,2026-09-09 21:27:52,OK,
PA,GD,36346498000781,7896004780184,Ácido Ursodesoxicólico 150 mg Caixa 30 Comprimidos,Total - PA,43.0,0.4487,79.93,0.0,44.07,44.07,2026-09-09 21:27:52,OK,
PA,GD,36346498000781,7896004780184,Ácido Ursodesoxicólico 150 mg Caixa 30 Comprimidos,Nazaria - PA,54.0,0.3834,79.93,0.0,49.28,49.28,2026-09-09 21:27:52,OK,
PA,GD,36346498000781,7896004780191,Ácido Ursodesoxicólico 300 mg Caixa 30 Comprimidos,Panpharma - PA,49.0,0.3713,158.0,0.0,99.33,99.33,2026-09-09 21:27:55,OK,
PA,GD,36346498000781,7896004780191,Ácido Ursodesoxicólico 300 mg Caixa 30 Comprimidos,Nazaria - PA,48.0,0.3282,158.0,0.0,106.14,106.14,2026-09-09 21:27:55,OK,
PA,GD,36346498000781,7896004780504,Rivaroxabana 15 mg Caixa 30 Comprimidos Revestidos,Panpharma - PA,26.0,0.9323999999999999,206.36,0.0,13.95,13.95,2026-09-09 21:27:59,OK,
PA,GD,36346498000781,7896004780504,Rivaroxabana 15 mg Caixa 30 Comprimidos Revestidos,Total - PA,8.0,0.9275,206.36,0.0,14.96,14.96,2026-09-09 21:27:59,OK,
PA,GD,36346498000781,7896004780504,Rivaroxabana 15 mg Caixa 30 Comprimidos Revestidos,Nazaria - PA,293.0,0.8199,206.36,0.0,37.17,37.17,2026-09-09 21:27:59,OK,
PA,GD,36346498000781,7896004780511,Rivaroxabana 20 mg Caixa 30 Comprimidos Revestidos,Total - PA,38.0,0.9136,206.36,0.0,17.8,17.8,2026-09-09 21:28:04,OK,
PA,GD,36346498000781,7896004780511,Rivaroxabana 20 mg Caixa 30 Comprimidos Revestidos,Panpharma - PA,59.0,0.9134,206.36,0.0,17.87,17.87,2026-09-09 21:28:04,OK,
PA,GD,36346498000781,7896004780511,Rivaroxabana 20 mg Caixa 30 Comprimidos Revestidos,Nazaria - PA,75.0,0.8271999999999999,206.36,0.0,35.66,35.66,2026-09-09 21:28:04,OK,
PA,GD,36346498000781,7896004781280,,,0.0,0.0,0.0,0.0,0.0,0.0,2026-09-09 21:28:16,ERRO,Message: Nenhuma distribuidora pôde ser lida no card do produto.
PA,GD,36346498000781,7896004781372,,,0.0,0.0,0.0,0.0,0.0,0.0,2026-09-09 21:28:28,ERRO,Message: Nenhuma distribuidora pôde ser lida no card do produto.
PA,GD,36346498000781,7896004781389,,,0.0,0.0,0.0,0.0,0.0,0.0,2026-09-09 21:28:40,ERRO,Message: Nenhuma distribuidora pôde ser lida no card do produto.
PA,GD,36346498000781,7896004781396,,,0.0,0.0,0.0,0.0,0.0,0.0,2026-09-09 21:28:52,ERRO,Message: Nenhuma distribuidora pôde ser lida no card do produto.
PA,GD,36346498000781,7896004781402,Etoricoxibe 90 mg Caixa 14 Comprimidos Revestidos,Total - PA,11.0,0.4561,78.84,0.0,42.88,42.88,2026-09-09 21:28:56,OK,
PA,GD,36346498000781,7896004782546,,,0.0,0.0,0.0,0.0,0.0,0.0,2026-09-09 21:29:08,ERRO,Message: Nenhuma distribuidora pôde ser lida no card do produto.
PA,GD,36346498000781,7896004782553,,,0.0,0.0,0.0,0.0,0.0,0.0,2026-09-09 21:29:20,ERRO,Message: Nenhuma distribuidora pôde ser lida no card do produto.
PA,GD,36346498000781,7896004782690,Apixabana 2.5 mg Caixa 20 Comprimidos Revestidos,Panpharma - PA,47.0,0.7232,68.74,0.0,19.03,19.03,2026-09-09 21:29:24,OK,
PA,GD,36346498000781,7896004782690,Apixabana 2.5 mg Caixa 20 Comprimidos Revestidos,Nazaria - PA,51.0,0.6252,68.74,0.0,25.76,25.76,2026-09-09 21:29:24,OK,
PA,GD,36346498000781,7896004782713,,,0.0,0.0,0.0,0.0,0.0,0.0,2026-09-09 21:29:36,ERRO,Message: Nenhuma distribuidora pôde ser lida no card do produto.
PA,GD,36346498000781,7896004782744,Apixabana 5 mg Caixa 20 Comprimidos Revestidos,Panpharma - PA,45.0,0.7245999999999999,68.74,0.0,18.93,18.93,2026-09-09 21:29:40,OK,
PA,GD,36346498000781,7896004782744,Apixabana 5 mg Caixa 20 Comprimidos Revestidos,Total - PA,4.0,0.7147,68.73,0.0,19.61,19.61,2026-09-09 21:29:40,OK,
PA,GD,36346498000781,7896004782744,Apixabana 5 mg Caixa 20 Comprimidos Revestidos,Nazaria - PA,115.0,0.6258,68.74,0.0,25.72,25.72,2026-09-09 21:29:40,OK,
PA,GD,36346498000781,7896004782768,Apixabana 5 mg Caixa 60 Comprimidos Revestidos,Nazaria - PA,3.0,0.6466,206.28,0.0,72.9,72.9,2026-09-09 21:29:44,OK,
PA,GD,36346498000781,7896004782935,Levetiracetam 250 mg Caixa 30 Comprimidos Revestidos,Total - PA,56.0,0.4668,42.82,0.0,22.83,22.83,2026-09-09 21:29:47,OK,
PA,GD,36346498000781,7896004782980,Levetiracetam 750 mg Caixa 30 Comprimidos Revestidos,Nazaria - PA,125.0,0.5842,211.2,0.0,87.82,87.82,2026-09-09 21:29:50,OK,
PA,GD,36346498000781,7896004783024,Levetiracetam 500 mg Caixa 30 Comprimidos Revestidos,Nazaria - PA,35.0,0.4878,91.69,0.0,46.96,46.96,2026-09-09 21:29:54,OK,
PA,GD,36346498000781,7896004784076,Bilastina 20 mg Caixa 15 Comprimidos,Panpharma - PA,41.0,0.406,36.94,0.0,21.94,21.94,2026-09-09 21:29:58,OK,
PA,GD,36346498000781,7896004784076,Bilastina 20 mg Caixa 15 Comprimidos,Total - PA,3041.0,0.36229999999999996,36.94,0.0,23.56,23.56,2026-09-09 21:29:58,OK,
PA,GD,36346498000781,7896004784076,Bilastina 20 mg Caixa 15 Comprimidos,Nazaria - PA,1831.0,0.3594,36.94,0.0,23.66,23.66,2026-09-09 21:29:58,OK,
PA,GD,36346498000781,7896004784083,Bilastina 20 mg Caixa 30 Comprimidos,Total - PA,6.0,0.4586,72.87,0.0,39.45,39.45,2026-09-09 21:30:01,OK,
PA,GD,36346498000781,7896004786117,Pitavastatina Cálcica 2 mg Caixa 30 Comprimidos Revestidos,Panpharma - PA,57.0,0.4039,86.25,0.0,51.41,51.41,2026-09-09 21:30:05,OK,
PA,GD,36346498000781,7896004786117,Pitavastatina Cálcica 2 mg Caixa 30 Comprimidos Revestidos,Total - PA,55.0,0.40399999999999997,86.25,0.0,51.41,51.41,2026-09-09 21:30:05,OK,
PA,GD,36346498000781,7896004786117,Pitavastatina Cálcica 2 mg Caixa 30 Comprimidos Revestidos,Nazaria - PA,202.0,0.3417,86.25,0.0,56.78,56.78,2026-09-09 21:30:05,OK,
PA,GD,36346498000781,7896004787329,Tramadol + Paracetamol 37.5+325 mg Caixa 10 Comprimidos,Nazaria - PA,22.0,0.6273,31.98,0.0,11.92,11.92,2026-09-09 21:30:10,OK,
PA,GD,36346498000781,7896004787329,Tramadol + Paracetamol 37.5+325 mg Caixa 10 Comprimidos,Panpharma - PA,45.0,0.5442,31.98,0.0,14.58,14.58,2026-09-09 21:30:10,OK,
PA,GD,36346498000781,7896004787329,Tramadol + Paracetamol 37.5+325 mg Caixa 10 Comprimidos,Total - PA,138.0,0.5296,31.98,0.0,15.04,15.04,2026-09-09 21:30:10,OK,
PA,GD,36346498000781,7896004787336,Tramadol + Paracetamol 37.5+325 mg Caixa 20 Comprimidos,Panpharma - PA,33.0,0.457,48.51,0.0,26.34,26.34,2026-09-09 21:30:14,OK,
PA,GD,36346498000781,7896004787336,Tramadol + Paracetamol 37.5+325 mg Caixa 20 Comprimidos,Total - PA,38.0,0.4244,48.51,0.0,27.92,27.92,2026-09-09 21:30:14,OK,
PA,GD,36346498000781,7896004787343,Tramadol + Paracetamol 37.5+325 mg Caixa 30 Comprimidos,Panpharma - PA,16.0,0.45270000000000005,63.13,0.0,34.55,34.55,2026-09-09 21:30:17,OK,
PA,GD,36346498000781,7896004787343,Tramadol + Paracetamol 37.5+325 mg Caixa 30 Comprimidos,Total - PA,35.0,0.41700000000000004,63.13,0.0,36.79,36.79,2026-09-09 21:30:17,OK,
PA,GD,36346498000781,7896004787725,Naratriptana 2.5 mg Caixa 4 Comprimidos Revestidos,Total - PA,32.0,0.3829,13.72,0.0,8.47,8.47,2026-09-09 21:30:21,OK,
PA,GD,36346498000781,7896004787725,Naratriptana 2.5 mg Caixa 4 Comprimidos Revestidos,Nazaria - PA,463.0,0.3371,13.72,0.0,9.09,9.09,2026-09-09 21:30:21,OK,
PA,GD,36346498000781,7896004789828,Desloratadina 5 mg Caixa 10 Comprimidos Revestidos,Nazaria - PA,57.0,0.7801,60.8,0.0,13.37,13.37,2026-09-09 21:30:24,OK,
PA,GD,36346498000781,7896004789835,Desloratadina 5 mg Caixa 30 Comprimidos Revestidos,Total - PA,29.0,0.8613,146.02,0.0,20.25,20.25,2026-09-09 21:30:28,OK,
PA,GD,36346498000781,7896004789835,Desloratadina 5 mg Caixa 30 Comprimidos Revestidos,Nazaria - PA,55.0,0.7784,146.02,0.0,32.36,32.36,2026-09-09 21:30:28,OK,
PA,GD,36346498000781,7896004790152,Ondansetrona 4 mg Caixa 10 Comprimidos Orodispersíveis,Panpharma - PA,75.0,0.6956,23.43,0.0,7.13,7.13,2026-09-09 21:30:32,OK,
PA,GD,36346498000781,7896004790152,Ondansetrona 4 mg Caixa 10 Comprimidos Orodispersíveis,Total - PA,79.0,0.6919,23.43,0.0,7.22,7.22,2026-09-09 21:30:32,OK,
PA,GD,36346498000781,7896004790152,Ondansetrona 4 mg Caixa 10 Comprimidos Orodispersíveis,Nazaria - PA,136.0,0.6455,23.43,0.0,8.31,8.31,2026-09-09 21:30:32,OK,
PA,GD,36346498000781,7896004790169,Ondansetrona 8 mg Caixa 10 Comprimidos Orodispersíveis,Panpharma - PA,44.0,0.7095,45.04,0.0,13.08,13.08,2026-09-09 21:30:36,OK,
PA,GD,36346498000781,7896004790169,Ondansetrona 8 mg Caixa 10 Comprimidos Orodispersíveis,Total - PA,41.0,0.7095999999999999,45.04,0.0,13.08,13.08,2026-09-09 21:30:36,OK,
PA,GD,36346498000781,7896004790169,Ondansetrona 8 mg Caixa 10 Comprimidos Orodispersíveis,Nazaria - PA,95.0,0.6653,45.04,0.0,15.07,15.07,2026-09-09 21:30:36,OK,
PA,GD,36346498000781,7896004791104,Olmesartana Medoxomila 20 mg Caixa 30 Comprimidos,Total - PA,106.0,0.6541,42.17,0.0,14.59,14.59,2026-09-09 21:30:40,OK,
PA,GD,36346498000781,7896004791104,Olmesartana Medoxomila 20 mg Caixa 30 Comprimidos,Nazaria - PA,982.0,0.5817,42.17,0.0,17.64,17.64,2026-09-09 21:30:40,OK,
PA,GD,36346498000781,7896004791111,Olmesartana Medoxomila 40 mg Caixa 30 Comprimidos,Total - PA,174.0,0.5847,44.37,0.0,18.43,18.43,2026-09-09 21:30:44,OK,
PA,GD,36346498000781,7896004791111,Olmesartana Medoxomila 40 mg Caixa 30 Comprimidos,Nazaria - PA,750.0,0.5126,44.37,0.0,21.63,21.63,2026-09-09 21:30:44,OK,
PA,GD,36346498000781,7896004791418,DAPAGLIFLOZINA 10MG X 30 COM REV - LG,Total - PA,365.0,0.71,115.41,0.0,33.47,33.47,2026-09-09 21:30:48,OK,
PA,GD,36346498000781,7896004791418,DAPAGLIFLOZINA 10MG X 30 COM REV - LG,Panpharma - PA,250.0,0.6658,115.41,0.0,38.57,38.57,2026-09-09 21:30:48,OK,
PA,GD,36346498000781,7896004791418,DAPAGLIFLOZINA 10MG X 30 COM REV - LG,Nazaria - PA,3942.0,0.47850000000000004,115.41,0.0,60.19,60.19,2026-09-09 21:30:48,OK,
PA,GD,36346498000781,7896004791456,Risedronato Sódico 150 mg Caixa 1 Comprimido,Panpharma - PA,44.0,0.8227,114.56,0.0,20.31,20.31,2026-09-09 21:30:52,OK,
PA,GD,36346498000781,7896004791456,Risedronato Sódico 150 mg Caixa 1 Comprimido,Nazaria - PA,48.0,0.7445,114.56,0.0,29.27,29.27,2026-09-09 21:30:52,OK,
PA,GD,36346498000781,7896004792040,Nitazoxanida 20 mg/ml Frasco 45 ml Pó Para Suspensão,Total - PA,152.0,0.5051,18.48,0.0,9.15,9.15,2026-09-09 21:30:56,OK,
PA,GD,36346498000781,7896004792040,Nitazoxanida 20 mg/ml Frasco 45 ml Pó Para Suspensão,Nazaria - PA,311.0,0.4711,18.49,0.0,9.78,9.78,2026-09-09 21:30:56,OK,
PA,GD,36346498000781,7896004792040,Nitazoxanida 20 mg/ml Frasco 45 ml Pó Para Suspensão,Panpharma - PA,4.0,0.4557,18.49,0.0,10.06,10.06,2026-09-09 21:30:56,OK,
PA,GD,36346498000781,7896004792057,Nitazoxanida 20 mg/ml Frasco 100 ml Pó Para Suspensão,Total - PA,84.0,0.4915,41.62,0.0,21.16,21.16,2026-09-09 21:31:00,OK,
PA,GD,36346498000781,7896004792057,Nitazoxanida 20 mg/ml Frasco 100 ml Pó Para Suspensão,Panpharma - PA,23.0,0.4672,41.62,0.0,22.18,22.18,2026-09-09 21:31:00,OK,
PA,GD,36346498000781,7896004792057,Nitazoxanida 20 mg/ml Frasco 100 ml Pó Para Suspensão,Nazaria - PA,113.0,0.441,41.62,0.0,23.27,23.27,2026-09-09 21:31:00,OK,
PA,GD,36346498000781,7896004792286,Lisdexanfetamina 30 mg Caixa 30 Cápsulas,Nazaria - PA,219.0,0.5033,242.76,0.0,120.58,120.58,2026-09-09 21:31:03,OK,
PA,GD,36346498000781,7896004792293,Lisdexanfetamina 50 mg Caixa 30 Cápsulas,Panpharma - PA,10.0,0.5457,294.4,0.0,133.75,133.75,2026-09-09 21:31:07,OK,
PA,GD,36346498000781,7896004792293,Lisdexanfetamina 50 mg Caixa 30 Cápsulas,Nazaria - PA,1.0,0.47119999999999995,294.4,0.0,155.68,155.68,2026-09-09 21:31:07,OK,
PA,GD,36346498000781,7896004792309,Lisdexanfetamina 70 mg Caixa 30 Cápsulas,Panpharma - PA,119.0,0.5454,294.4,0.0,133.83,133.83,2026-09-09 21:31:10,OK,
PA,GD,36346498000781,7896004792316,,,0.0,0.0,0.0,0.0,0.0,0.0,2026-09-09 21:31:23,ERRO,Message: Nenhuma distribuidora pôde ser lida no card do produto.
PA,GD,36346498000781,7896004792323,Levetiracetam 100 mg/ml Frasco 150 ml Solução Oral,Nazaria - PA,6.0,0.2409,85.82,0.0,65.15,65.15,2026-09-09 21:31:26,OK,
PA,GD,36346498000781,7896004793429,Cetorolaco 10 mg Caixa 10 Comprimidos Sublinguais,Panpharma - PA,30.0,0.7276,27.1,0.0,7.38,7.38,2026-09-09 21:31:30,OK,
PA,GD,36346498000781,7896004793429,Cetorolaco 10 mg Caixa 10 Comprimidos Sublinguais,Total - PA,26.0,0.7076,27.1,0.0,7.92,7.92,2026-09-09 21:31:30,OK,
PA,GD,36346498000781,7896004793429,Cetorolaco 10 mg Caixa 10 Comprimidos Sublinguais,Nazaria - PA,172.0,0.6379,27.1,0.0,9.81,9.81,2026-09-09 21:31:30,OK,
PA,GD,36346498000781,7896004793436,Cetorolaco 10 mg Caixa 20 Comprimidos Sublinguais,Total - PA,17.0,0.6962999999999999,51.98,0.0,15.79,15.79,2026-09-09 21:31:34,OK,
PA,GD,36346498000781,7896004793436,Cetorolaco 10 mg Caixa 20 Comprimidos Sublinguais,Nazaria - PA,4.0,0.6962999999999999,51.98,0.0,15.79,15.79,2026-09-09 21:31:34,OK,
PA,GD,36346498000781,7896004793719,Indapamida 1.5 mg Caixa 60 Comprimidos Revestidos Lib. Prolongada,Nazaria - PA,10.0,0.6367,55.1,0.0,20.02,20.02,2026-09-09 21:31:37,OK,
PA,GD,36346498000781,7896004793801,Valsartana 80 mg Caixa 30 Comprimidos,Total - PA,68.0,0.7863,60.6,0.0,12.95,12.95,2026-09-09 21:31:41,OK,
PA,GD,36346498000781,7896004793801,Valsartana 80 mg Caixa 30 Comprimidos,Nazaria - PA,108.0,0.708,60.6,0.0,17.7,17.7,2026-09-09 21:31:41,OK,
PA,GD,36346498000781,7896004793801,Valsartana 80 mg Caixa 30 Comprimidos,Panpharma - PA,111.0,0.6334000000000001,60.6,0.0,22.22,22.22,2026-09-09 21:31:41,OK,
PA,GD,36346498000781,7896004793818,Valsartana 160 mg Caixa 30 Comprimidos,Total - PA,40.0,0.6943,60.64,0.0,18.54,18.54,2026-09-09 21:31:45,OK,
PA,GD,36346498000781,7896004793818,Valsartana 160 mg Caixa 30 Comprimidos,Nazaria - PA,64.0,0.616,60.64,0.0,23.29,23.29,2026-09-09 21:31:45,OK,
PA,GD,36346498000781,7896004793825,Valsartana 320 mg Caixa 30 Comprimidos,Total - PA,67.0,0.6151,71.75,0.0,27.61,27.61,2026-09-09 21:31:49,OK,
PA,GD,36346498000781,7896004793825,Valsartana 320 mg Caixa 30 Comprimidos,Nazaria - PA,70.0,0.5345,71.75,0.0,33.4,33.4,2026-09-09 21:31:49,OK,
PA,GD,36346498000781,7896004793825,Valsartana 320 mg Caixa 30 Comprimidos,Panpharma - PA,12.0,0.4021,71.75,0.0,42.9,42.9,2026-09-09 21:31:49,OK,
PA,GD,36346498000781,7896004793931,Rosuvastatina Cálcica 40 mg Caixa 30 Comprimidos Revestidos,Total - PA,117.0,0.5975,129.01,0.0,51.93,51.93,2026-09-09 21:31:53,OK,
PA,GD,36346498000781,7896004793931,Rosuvastatina Cálcica 40 mg Caixa 30 Comprimidos Revestidos,Panpharma - PA,3.0,0.5824,129.01,0.0,53.87,53.87,2026-09-09 21:31:53,OK,
PA,GD,36346498000781,7896004793931,Rosuvastatina Cálcica 40 mg Caixa 30 Comprimidos Revestidos,Nazaria - PA,46.0,0.5437,129.01,0.0,58.87,58.87,2026-09-09 21:31:53,OK,
PA,GD,36346498000781,7896004794044,Duloxetina 30 mg Caixa 60 Cápsulas,Panpharma - PA,2.0,0.4683,117.02,0.0,62.22,62.22,2026-09-09 21:31:57,OK,
PA,GD,36346498000781,7896004794044,Duloxetina 30 mg Caixa 60 Cápsulas,Nazaria - PA,42.0,0.37079999999999996,117.02,0.0,73.63,73.63,2026-09-09 21:31:57,OK,
PA,GD,36346498000781,7896004794051,Duloxetina 60 mg Caixa 60 Cápsulas,Nazaria - PA,53.0,0.35,209.77,0.0,136.35,136.35,2026-09-09 21:32:00,OK,
PA,GD,36346498000781,7896004794068,Bupropiona 300 mg Caixa 30 Comprimidos,Panpharma - PA,55.0,0.5588000000000001,153.09,0.0,67.54,67.54,2026-09-09 21:32:04,OK,
PA,GD,36346498000781,7896004794068,Bupropiona 300 mg Caixa 30 Comprimidos,Nazaria - PA,40.0,0.44659999999999994,153.09,0.0,84.72,84.72,2026-09-09 21:32:04,OK,
PA,GD,36346498000781,7896004794075,Fexofenadina 6 mg/ml Frasco 150 ml,Panpharma - PA,35.0,0.5194,48.1,0.0,23.12,23.12,2026-09-09 21:32:07,OK,
PA,GD,36346498000781,7896004794075,Fexofenadina 6 mg/ml Frasco 150 ml,Nazaria - PA,448.0,0.4036,48.1,0.0,28.69,28.69,2026-09-09 21:32:07,OK,
PA,GD,36346498000781,7896004794174,,,0.0,0.0,0.0,0.0,0.0,0.0,2026-09-09 21:32:20,ERRO,Message: Nenhuma distribuidora pôde ser lida no card do produto.
PA,GD,36346498000781,7896004794198,Escitalopram 20 mg com 60 Comprimidos,Panpharma - PA,153.0,0.8501000000000001,155.31,0.0,23.28,23.28,2026-09-09 21:32:23,OK,
PA,GD,36346498000781,7896004794198,Escitalopram 20 mg com 60 Comprimidos,Nazaria - PA,330.0,0.7451000000000001,155.31,0.0,39.59,39.59,2026-09-09 21:32:23,OK,
PA,GD,36346498000781,7896004795041,BROMIDRATO DE VORTIOXETINA 5MG X 30CPR,Panpharma - PA,59.0,0.4447,66.75,0.0,37.07,37.07,2026-09-09 21:32:27,OK,
PA,GD,36346498000781,7896004795041,BROMIDRATO DE VORTIOXETINA 5MG X 30CPR,Total - PA,52.0,0.42210000000000003,66.75,0.0,38.57,38.57,2026-09-09 21:32:27,OK,
PA,GD,36346498000781,7896004795058,BROMIDRATO DE VORTIOXETINA 10MG + 30CPR,Total - PA,16.0,0.44310000000000005,110.0,0.0,61.26,61.26,2026-09-09 21:32:31,OK,
PA,GD,36346498000781,7896004795065,BROMIDRATO DE VORTIOXETINA 10MG + 60CPR,Total - PA,31.0,0.3734,197.99,0.0,124.06,124.06,2026-09-09 21:32:34,OK,
PA,GD,36346498000781,7896004795188,Zolpidem 5MG X 30 SL,Panpharma - PA,26.0,0.6842,83.94,0.0,26.51,26.51,2026-09-09 21:32:38,OK,
PA,GD,36346498000781,7896004795232,AMOXICILINA + CLAVULANATO DE POTÁSSIO 500MG X 125MG X 21COR,Panpharma - PA,23.0,0.7201000000000001,152.04,0.0,42.56,42.56,2026-09-09 21:32:42,OK,
PA,GD,36346498000781,7896004795232,AMOXICILINA + CLAVULANATO DE POTÁSSIO 500MG X 125MG X 21COR,Nazaria - PA,95.0,0.6557,152.04,0.0,52.35,52.35,2026-09-09 21:32:42,OK,
PA,GD,36346498000781,7896004795461,,,0.0,0.0,0.0,0.0,0.0,0.0,2026-09-09 21:32:54,ERRO,Message: Nenhuma distribuidora pôde ser lida no card do produto.
PA,GD,36346498000781,7896004796284,DICL.TRIMETAZIDINA 35MG C/60 COM REV-LG,Total - PA,44.0,0.6123,99.22,0.0,38.47,38.47,2026-09-09 21:32:59,OK,
PA,GD,36346498000781,7896004796284,DICL.TRIMETAZIDINA 35MG C/60 COM REV-LG,Nazaria - PA,55.0,0.5186999999999999,99.22,0.0,47.75,47.75,2026-09-09 21:32:59,OK,
PA,GD,36346498000781,7896004796284,DICL.TRIMETAZIDINA 35MG C/60 COM REV-LG,Panpharma - PA,48.0,0.4727,99.22,0.0,52.32,52.32,2026-09-09 21:32:59,OK,
PA,GD,36346498000781,7896004796291,DICL.TRIMETAZIDINA 35MG C/30 COM REV-LG,Total - PA,9.0,0.5426,49.6,0.0,22.69,22.69,2026-09-09 21:33:03,OK,
PA,GD,36346498000781,7896004796291,DICL.TRIMETAZIDINA 35MG C/30 COM REV-LG,Nazaria - PA,47.0,0.514,49.6,0.0,24.11,24.11,2026-09-09 21:33:03,OK,
PA,GD,36346498000781,7896004796291,DICL.TRIMETAZIDINA 35MG C/30 COM REV-LG,Panpharma - PA,1.0,0.5128,49.6,0.0,24.17,24.17,2026-09-09 21:33:03,OK,
PA,GD,36346498000781,7896004796307,BES. LEVANLODIPINO 5MG C/30COMP -LG,Total - PA,82.0,0.478,76.95,0.0,40.17,40.17,2026-09-09 21:33:07,OK,
PA,GD,36346498000781,7896004796307,BES. LEVANLODIPINO 5MG C/30COMP -LG,Nazaria - PA,45.0,0.43579999999999997,76.95,0.0,43.42,43.42,2026-09-09 21:33:07,OK,
PA,GD,36346498000781,7896004796307,BES. LEVANLODIPINO 5MG C/30COMP -LG,Panpharma - PA,67.0,0.3944,76.95,0.0,46.6,46.6,2026-09-09 21:33:07,OK,
PA,GD,36346498000781,7896004796314,"BES. LEVANLODIPINO 2,5MG C/30COMP-LG",Total - PA,45.0,0.5097,39.61,0.0,19.43,19.42,2026-09-09 21:33:12,OK,
PA,GD,36346498000781,7896004796314,"BES. LEVANLODIPINO 2,5MG C/30COMP-LG",Nazaria - PA,57.0,0.46159999999999995,39.62,0.0,21.33,21.33,2026-09-09 21:33:12,OK,
PA,GD,36346498000781,7896004796314,"BES. LEVANLODIPINO 2,5MG C/30COMP-LG",Panpharma - PA,31.0,0.4496,39.62,0.0,21.81,21.81,2026-09-09 21:33:12,OK,
PA,GD,36346498000781,7896004796352,GUAIFENESINA + OXOMEMAZINA + POTASSIO IODETO + SODIO BENZOATO x 120ML,Panpharma - PA,2317.0,0.7112999999999999,40.05,0.0,11.56,11.56,2026-09-09 21:33:16,OK,
PA,GD,36346498000781,7896004796352,GUAIFENESINA + OXOMEMAZINA + POTASSIO IODETO + SODIO BENZOATO x 120ML,Total - PA,7707.0,0.6884,40.04,0.0,12.48,12.48,2026-09-09 21:33:16,OK,
PA,GD,36346498000781,7896004796352,GUAIFENESINA + OXOMEMAZINA + POTASSIO IODETO + SODIO BENZOATO x 120ML,Nazaria - PA,4046.0,0.6327,40.05,0.0,14.71,14.71,2026-09-09 21:33:16,OK,
PI,GD,45592059000154,7894916372770,Loratadina 1 mg/ml Frasco 100 ml Xarope,Panpharma - PI,13.0,0.7339,38.45,0.0,10.23,10.23,2026-09-09 20:52:59,OK,
PI,GD,45592059000154,7894916372787,Xarope Cloridrato de Ambroxol Infantil 15mg/5ml Frasco 120 ml,Plusfarma - PI,73.0,0.45399999999999996,19.09,0.0,10.42,10.42,2026-09-09 20:53:03,OK,
PI,GD,45592059000154,7894916372787,Xarope Cloridrato de Ambroxol Infantil 15mg/5ml Frasco 120 ml,Nazaria - PI,48.0,0.45399999999999996,19.09,0.0,10.42,10.42,2026-09-09 20:53:03,OK,
PI,GD,45592059000154,7894916372787,Xarope Cloridrato de Ambroxol Infantil 15mg/5ml Frasco 120 ml,Panpharma - PI,48.0,0.45,19.09,0.0,10.5,10.5,2026-09-09 20:53:03,OK,
PI,GD,45592059000154,7894916372787,Xarope Cloridrato de Ambroxol Infantil 15mg/5ml Frasco 120 ml,Total Comércio - PI,82.0,0.45399999999999996,19.09,0.0,10.93,10.42,2026-09-09 20:53:03,OK,
PI,GD,45592059000154,7894916372855,Anastrozol 1 mg Caixa 30 Comprimidos Revestidos,Nazaria - PI,46.0,0.8869,816.16,0.0,92.31,92.31,2026-09-09 20:53:07,OK,
PI,GD,45592059000154,7894916372855,Anastrozol 1 mg Caixa 30 Comprimidos Revestidos,Panpharma - PI,39.0,0.8848999999999999,816.16,0.0,93.94,93.94,2026-09-09 20:53:07,OK,
PI,GD,45592059000154,7896004700038,Paracetamol 200 mg/ml Frasco 15 ml Gotas,Nazaria - PI,2088.0,0.5871999999999999,11.5,0.0,4.75,4.75,2026-09-09 20:53:12,OK,
PI,GD,45592059000154,7896004700038,Paracetamol 200 mg/ml Frasco 15 ml Gotas,Plusfarma - PI,1016.0,0.5871999999999999,11.5,0.0,4.75,4.75,2026-09-09 20:53:12,OK,
PI,GD,45592059000154,7896004700038,Paracetamol 200 mg/ml Frasco 15 ml Gotas,Total Comércio - PI,98.0,0.5871999999999999,11.5,0.0,4.98,4.75,2026-09-09 20:53:12,OK,
PI,GD,45592059000154,7896004700038,Paracetamol 200 mg/ml Frasco 15 ml Gotas,Panpharma - PI,263.0,0.5458,11.5,0.0,5.22,5.22,2026-09-09 20:53:12,OK,
PI,GD,45592059000154,7896004700250,,,0.0,0.0,0.0,0.0,0.0,0.0,2026-09-09 20:53:24,ERRO,Message: Nenhuma distribuidora pôde ser lida no card do produto.
PI,GD,45592059000154,7896004700274,Tenoxicam 20 mg Caixa 10 Comprimidos Revestidos,Nazaria - PI,108.0,0.6881,45.81,0.0,14.29,14.29,2026-09-09 20:53:28,OK,
PI,GD,45592059000154,7896004700274,Tenoxicam 20 mg Caixa 10 Comprimidos Revestidos,Plusfarma - PI,18.0,0.6881,45.81,0.0,14.29,14.29,2026-09-09 20:53:28,OK,
PI,GD,45592059000154,7896004700274,Tenoxicam 20 mg Caixa 10 Comprimidos Revestidos,Panpharma - PI,79.0,0.6839,45.81,0.0,14.48,14.48,2026-09-09 20:53:28,OK,
PI,GD,45592059000154,7896004700403,Diltiazem 60 mg Caixa 50 Comprimidos,Plusfarma - PI,54.0,0.2544,39.74,0.0,29.63,29.63,2026-09-09 20:53:32,OK,
PI,GD,45592059000154,7896004700403,Diltiazem 60 mg Caixa 50 Comprimidos,Nazaria - PI,50.0,0.2544,39.74,0.0,29.63,29.63,2026-09-09 20:53:32,OK,
PI,GD,45592059000154,7896004700403,Diltiazem 60 mg Caixa 50 Comprimidos,Panpharma - PI,93.0,0.25239999999999996,39.74,0.0,29.71,29.71,2026-09-09 20:53:32,OK,
PI,GD,45592059000154,7896004700410,Diltiazem 60 mg Caixa 25 Comprimidos,Nazaria - PI,34.0,0.45630000000000004,20.27,0.0,11.02,11.02,2026-09-09 20:53:36,OK,
PI,GD,45592059000154,7896004700410,Diltiazem 60 mg Caixa 25 Comprimidos,Panpharma - PI,21.0,0.44689999999999996,20.27,0.0,11.21,11.21,2026-09-09 20:53:36,OK,
PI,GD,45592059000154,7896004700410,Diltiazem 60 mg Caixa 25 Comprimidos,Total Comércio - PI,43.0,0.4364,20.27,0.0,11.98,11.42,2026-09-09 20:53:36,OK,
PI,GD,45592059000154,7896004700427,Amoxicilina 500 mg Caixa 21 Cápsulas,Nazaria - PI,1205.0,0.7478,35.59,0.0,8.98,8.98,2026-09-09 20:53:40,OK,
PI,GD,45592059000154,7896004700427,Amoxicilina 500 mg Caixa 21 Cápsulas,Plusfarma - PI,589.0,0.7478,35.59,0.0,8.98,8.98,2026-09-09 20:53:40,OK,
PI,GD,45592059000154,7896004700427,Amoxicilina 500 mg Caixa 21 Cápsulas,Total Comércio - PI,7.0,0.7478,35.59,0.0,9.41,8.98,2026-09-09 20:53:40,OK,
PI,GD,45592059000154,7896004700427,Amoxicilina 500 mg Caixa 21 Cápsulas,Panpharma - PI,125.0,0.7112999999999999,35.59,0.0,10.27,10.27,2026-09-09 20:53:40,OK,
PI,GD,45592059000154,7896004700441,Amoxicilina 500 mg Caixa 15 Cápsulas,Nazaria - PI,216.0,0.6516,26.22,0.0,9.14,9.14,2026-09-09 20:53:45,OK,
PI,GD,45592059000154,7896004700441,Amoxicilina 500 mg Caixa 15 Cápsulas,Plusfarma - PI,49.0,0.6516,26.22,0.0,9.14,9.14,2026-09-09 20:53:45,OK,
PI,GD,45592059000154,7896004700441,Amoxicilina 500 mg Caixa 15 Cápsulas,Panpharma - PI,99.0,0.6363,26.22,0.0,9.54,9.54,2026-09-09 20:53:45,OK,
PI,GD,45592059000154,7896004700441,Amoxicilina 500 mg Caixa 15 Cápsulas,Total Comércio - PI,30.0,0.6516,26.22,0.0,9.58,9.14,2026-09-09 20:53:45,OK,
PI,GD,45592059000154,7896004700458,Amoxicilina 250mg/5ml Frasco 150 ml Pó Para Suspensão Oral + Copo,Plusfarma - PI,400.0,0.6085,28.84,0.0,11.29,11.29,2026-09-09 20:53:49,OK,
PI,GD,45592059000154,7896004700458,Amoxicilina 250mg/5ml Frasco 150 ml Pó Para Suspensão Oral + Copo,Nazaria - PI,245.0,0.6085,28.84,0.0,11.29,11.29,2026-09-09 20:53:49,OK,
PI,GD,45592059000154,7896004700458,Amoxicilina 250mg/5ml Frasco 150 ml Pó Para Suspensão Oral + Copo,Panpharma - PI,130.0,0.605,28.84,0.0,11.39,11.39,2026-09-09 20:53:49,OK,
PI,GD,45592059000154,7896004700526,Enalapril 5 mg Caixa 30 Comprimidos,Nazaria - PI,2382.0,0.8506999999999999,22.09,0.0,3.3,3.3,2026-09-09 20:53:52,OK,
PI,GD,45592059000154,7896004700526,Enalapril 5 mg Caixa 30 Comprimidos,Plusfarma - PI,320.0,0.8506999999999999,22.09,0.0,3.3,3.3,2026-09-09 20:53:52,OK,
PI,GD,45592059000154,7896004700533,Enalapril 10 mg Caixa 30 Comprimidos,Nazaria - PI,1813.0,0.8622,21.12,0.0,2.91,2.91,2026-09-09 20:53:56,OK,
PI,GD,45592059000154,7896004700533,Enalapril 10 mg Caixa 30 Comprimidos,Plusfarma - PI,1169.0,0.8622,21.12,0.0,2.91,2.91,2026-09-09 20:53:56,OK,
PI,GD,45592059000154,7896004700540,Enalapril 20 mg Caixa 30 Comprimidos,Nazaria - PI,423.0,0.8753,32.09,0.0,4.0,4.0,2026-09-09 20:53:59,OK,
PI,GD,45592059000154,7896004700564,,,0.0,0.0,0.0,0.0,0.0,0.0,2026-09-09 20:54:11,ERRO,Message: Nenhuma distribuidora pôde ser lida no card do produto.
PI,GD,45592059000154,7896004700571,Carbocisteína 50 mg/ml Frasco 100 ml Xarope Adulto,Nazaria - PI,53.0,0.5489999999999999,32.73,0.0,14.76,14.76,2026-09-09 20:54:16,OK,
PI,GD,45592059000154,7896004700571,Carbocisteína 50 mg/ml Frasco 100 ml Xarope Adulto,Plusfarma - PI,4.0,0.5489999999999999,32.73,0.0,14.76,14.76,2026-09-09 20:54:16,OK,
PI,GD,45592059000154,7896004700571,Carbocisteína 50 mg/ml Frasco 100 ml Xarope Adulto,Panpharma - PI,44.0,0.5447,32.73,0.0,14.9,14.9,2026-09-09 20:54:16,OK,
PI,GD,45592059000154,7896004700571,Carbocisteína 50 mg/ml Frasco 100 ml Xarope Adulto,Total Comércio - PI,50.0,0.5489999999999999,32.72,0.0,15.48,14.76,2026-09-09 20:54:16,OK,
PI,GD,45592059000154,7896004700656,Betametasona + Ácido Salicílico 0.5+30 mg/g Bisnaga 30 g Pomada,Nazaria - PI,226.0,0.7473000000000001,23.01,0.0,5.81,5.81,2026-09-09 20:54:20,OK,
PI,GD,45592059000154,7896004700656,Betametasona + Ácido Salicílico 0.5+30 mg/g Bisnaga 30 g Pomada,Plusfarma - PI,62.0,0.7473000000000001,23.01,0.0,5.81,5.81,2026-09-09 20:54:20,OK,
PI,GD,45592059000154,7896004700656,Betametasona + Ácido Salicílico 0.5+30 mg/g Bisnaga 30 g Pomada,Panpharma - PI,100.0,0.7452,23.01,0.0,5.86,5.86,2026-09-09 20:54:20,OK,
PI,GD,45592059000154,7896004700656,Betametasona + Ácido Salicílico 0.5+30 mg/g Bisnaga 30 g Pomada,Total Comércio - PI,29.0,0.7323999999999999,23.01,0.0,6.46,6.16,2026-09-09 20:54:20,OK,
PI,GD,45592059000154,7896004700953,Pentoxifilina 400 mg Caixa 20 Comprimidos Revestidos,Nazaria - PI,95.0,0.1741,52.74,0.0,43.56,43.56,2026-09-09 20:54:25,OK,
PI,GD,45592059000154,7896004700953,Pentoxifilina 400 mg Caixa 20 Comprimidos Revestidos,Plusfarma - PI,24.0,0.1741,52.74,0.0,43.56,43.56,2026-09-09 20:54:25,OK,
PI,GD,45592059000154,7896004700953,Pentoxifilina 400 mg Caixa 20 Comprimidos Revestidos,Panpharma - PI,108.0,0.1604,52.74,0.0,44.28,44.28,2026-09-09 20:54:25,OK,
PI,GD,45592059000154,7896004700953,Pentoxifilina 400 mg Caixa 20 Comprimidos Revestidos,Total Comércio - PI,17.0,0.1741,52.74,0.0,45.67,43.56,2026-09-09 20:54:25,OK,
PI,GD,45592059000154,7896004700984,Cetoconazol 20 mg/g Frasco 100 ml Shampoo Anticaspa,Nazaria - PI,278.0,0.6261,62.63,0.0,23.42,23.42,2026-09-09 20:54:29,OK,
PI,GD,45592059000154,7896004700984,Cetoconazol 20 mg/g Frasco 100 ml Shampoo Anticaspa,Plusfarma - PI,73.0,0.6261,62.63,0.0,23.42,23.42,2026-09-09 20:54:29,OK,
PI,GD,45592059000154,7896004700984,Cetoconazol 20 mg/g Frasco 100 ml Shampoo Anticaspa,Panpharma - PI,12.0,0.624,62.63,0.0,23.55,23.55,2026-09-09 20:54:29,OK,
PI,GD,45592059000154,7896004700984,Cetoconazol 20 mg/g Frasco 100 ml Shampoo Anticaspa,Total Comércio - PI,119.0,0.6142,62.63,0.0,25.33,24.16,2026-09-09 20:54:29,OK,
PI,GD,45592059000154,7896004700991,Claritromicina 500 mg Caixa 14 Comprimidos Revestidos,Plusfarma - PI,47.0,0.6271,222.28,0.0,82.89,82.89,2026-09-09 20:54:34,OK,
PI,GD,45592059000154,7896004700991,Claritromicina 500 mg Caixa 14 Comprimidos Revestidos,Nazaria - PI,30.0,0.6271,222.28,0.0,82.89,82.89,2026-09-09 20:54:34,OK,
PI,GD,45592059000154,7896004700991,Claritromicina 500 mg Caixa 14 Comprimidos Revestidos,Total Comércio - PI,43.0,0.6271,222.28,0.0,86.92,82.89,2026-09-09 20:54:34,OK,
PI,GD,45592059000154,7896004700991,Claritromicina 500 mg Caixa 14 Comprimidos Revestidos,Panpharma - PI,47.0,0.5915,222.28,0.0,90.8,90.8,2026-09-09 20:54:34,OK,
PI,GD,45592059000154,7896004701035,Terbinafina 10 mg/g Bisnaga 20 g Creme,Nazaria - PI,320.0,0.5129,36.05,0.0,17.56,17.56,2026-09-09 20:54:38,OK,
PI,GD,45592059000154,7896004701035,Terbinafina 10 mg/g Bisnaga 20 g Creme,Plusfarma - PI,74.0,0.5129,36.05,0.0,17.56,17.56,2026-09-09 20:54:38,OK,
PI,GD,45592059000154,7896004701035,Terbinafina 10 mg/g Bisnaga 20 g Creme,Panpharma - PI,41.0,0.4346,36.05,0.0,20.38,20.38,2026-09-09 20:54:38,OK,
PI,GD,45592059000154,7896004701172,Claritromicina 500 mg Caixa 10 Comprimidos Revestidos,Plusfarma - PI,34.0,0.6553,151.66,0.0,52.28,52.28,2026-09-09 20:54:42,OK,
PI,GD,45592059000154,7896004701172,Claritromicina 500 mg Caixa 10 Comprimidos Revestidos,Nazaria - PI,15.0,0.6553,151.66,0.0,52.28,52.28,2026-09-09 20:54:42,OK,
PI,GD,45592059000154,7896004701172,Claritromicina 500 mg Caixa 10 Comprimidos Revestidos,Panpharma - PI,32.0,0.6533,151.66,0.0,52.58,52.58,2026-09-09 20:54:42,OK,
PI,GD,45592059000154,7896004701233,Bromoprida 4 mg/ml Frasco 20 ml Gotas,Nazaria - PI,1478.0,0.7197,19.78,0.0,5.54,5.54,2026-09-09 20:54:46,OK,
PI,GD,45592059000154,7896004701233,Bromoprida 4 mg/ml Frasco 20 ml Gotas,Plusfarma - PI,368.0,0.7197,19.78,0.0,5.54,5.54,2026-09-09 20:54:46,OK,
PI,GD,45592059000154,7896004701233,Bromoprida 4 mg/ml Frasco 20 ml Gotas,Total Comércio - PI,272.0,0.7197,19.78,0.0,5.81,5.54,2026-09-09 20:54:46,OK,
PI,GD,45592059000154,7896004701233,Bromoprida 4 mg/ml Frasco 20 ml Gotas,Panpharma - PI,356.0,0.7040000000000001,19.78,0.0,5.85,5.85,2026-09-09 20:54:46,OK,
PI,GD,45592059000154,7896004701288,Hidróxido De Alumínio 61.5 mg/ml Frasco 240 ml Suspensão Oral,Nazaria - PI,1203.0,0.2232,22.07,0.0,17.14,17.14,2026-09-09 20:54:50,OK,
PI,GD,45592059000154,7896004701288,Hidróxido De Alumínio 61.5 mg/ml Frasco 240 ml Suspensão Oral,Plusfarma - PI,141.0,0.2232,22.07,0.0,17.14,17.14,2026-09-09 20:54:50,OK,
PI,GD,45592059000154,7896004701288,Hidróxido De Alumínio 61.5 mg/ml Frasco 240 ml Suspensão Oral,Total Comércio - PI,14.0,0.22190000000000001,22.07,0.0,18.01,17.17,2026-09-09 20:54:50,OK,
PI,GD,45592059000154,7896004701301,,,0.0,0.0,0.0,0.0,0.0,0.0,2026-09-09 20:55:02,ERRO,Message: Nenhuma distribuidora pôde ser lida no card do produto.
PI,GD,45592059000154,7896004701462,Lorazepam 2 mg Caixa 20 Comprimidos,Plusfarma - PI,61.0,0.8299,18.15,0.0,3.09,3.09,2026-09-09 20:55:06,OK,
PI,GD,45592059000154,7896004701462,Lorazepam 2 mg Caixa 20 Comprimidos,Nazaria - PI,3.0,0.8299,18.15,0.0,3.09,3.09,2026-09-09 20:55:06,OK,
PI,GD,45592059000154,7896004701820,Diclofenaco Potássico 50 mg Caixa 20 Comprimidos Revestidos,Nazaria - PI,335.0,0.8926000000000001,23.16,0.0,2.49,2.49,2026-09-09 20:55:10,OK,
PI,GD,45592059000154,7896004701820,Diclofenaco Potássico 50 mg Caixa 20 Comprimidos Revestidos,Plusfarma - PI,39.0,0.8926000000000001,23.16,0.0,2.49,2.49,2026-09-09 20:55:10,OK,
PI,GD,45592059000154,7896004701820,Diclofenaco Potássico 50 mg Caixa 20 Comprimidos Revestidos,Panpharma - PI,127.0,0.8381000000000001,23.16,0.0,3.75,3.75,2026-09-09 20:55:10,OK,
PI,GD,45592059000154,7896004701943,Sinvastatina 10 mg Caixa 30 Comprimidos Revestidos,Plusfarma - PI,264.0,0.8167,25.86,0.0,4.74,4.74,2026-09-09 20:55:13,OK,
PI,GD,45592059000154,7896004701943,Sinvastatina 10 mg Caixa 30 Comprimidos Revestidos,Panpharma - PI,24.0,0.7970999999999999,25.86,0.0,5.25,5.25,2026-09-09 20:55:13,OK,
PI,GD,45592059000154,7896004701967,Omeprazol Magnésico 20 mg Caixa 28 Cápsulas,Nazaria - PI,317.0,0.8434999999999999,28.52,0.0,4.46,4.46,2026-09-09 20:55:18,OK,
PI,GD,45592059000154,7896004701967,Omeprazol Magnésico 20 mg Caixa 28 Cápsulas,Panpharma - PI,19.0,0.8414,28.52,0.0,4.52,4.52,2026-09-09 20:55:18,OK,
PI,GD,45592059000154,7896004701967,Omeprazol Magnésico 20 mg Caixa 28 Cápsulas,Plusfarma - PI,97.0,0.8301999999999999,28.52,0.0,4.84,4.84,2026-09-09 20:55:18,OK,
PI,GD,45592059000154,7896004701967,Omeprazol Magnésico 20 mg Caixa 28 Cápsulas,Total Comércio - PI,95.0,0.8120999999999999,28.52,0.0,5.62,5.36,2026-09-09 20:55:18,OK,
PI,GD,45592059000154,7896004702032,Nistatina 100000 ui/ml Frasco 50 ml Suspensão Oral,Panpharma - PI,28.0,0.6981,31.91,0.0,9.63,9.63,2026-09-09 20:55:22,OK,
PI,GD,45592059000154,7896004702032,Nistatina 100000 ui/ml Frasco 50 ml Suspensão Oral,Nazaria - PI,380.0,0.6812999999999999,31.91,0.0,10.17,10.17,2026-09-09 20:55:22,OK,
PI,GD,45592059000154,7896004702032,Nistatina 100000 ui/ml Frasco 50 ml Suspensão Oral,Plusfarma - PI,99.0,0.6812999999999999,31.91,0.0,10.17,10.17,2026-09-09 20:55:22,OK,
PI,GD,45592059000154,7896004702032,Nistatina 100000 ui/ml Frasco 50 ml Suspensão Oral,Total Comércio - PI,13.0,0.6812999999999999,31.91,0.0,10.66,10.17,2026-09-09 20:55:22,OK,
PI,GD,45592059000154,7896004702049,Benzoilmetronidazol 40 mg/ml Frasco 120 ml Suspensão Oral,Nazaria - PI,226.0,0.222,14.45,0.0,11.24,11.24,2026-09-09 20:55:26,OK,
PI,GD,45592059000154,7896004702049,Benzoilmetronidazol 40 mg/ml Frasco 120 ml Suspensão Oral,Plusfarma - PI,66.0,0.222,14.45,0.0,11.24,11.24,2026-09-09 20:55:26,OK,
PI,GD,45592059000154,7896004702452,Albendazol 40 mg/ml Frasco 10 ml Suspensão Oral,Nazaria - PI,6437.0,0.5517,10.9,0.0,4.89,4.89,2026-09-09 20:55:30,OK,
PI,GD,45592059000154,7896004702452,Albendazol 40 mg/ml Frasco 10 ml Suspensão Oral,Plusfarma - PI,983.0,0.5517,10.9,0.0,4.89,4.89,2026-09-09 20:55:30,OK,
PI,GD,45592059000154,7896004702452,Albendazol 40 mg/ml Frasco 10 ml Suspensão Oral,Panpharma - PI,778.0,0.5166,10.9,0.0,5.27,5.27,2026-09-09 20:55:30,OK,
PI,GD,45592059000154,7896004703275,Cefadroxila 500 mg Caixa 8 Cápsulas,Nazaria - PI,928.0,0.7472,56.08,0.0,14.18,14.18,2026-09-09 20:55:34,OK,
PI,GD,45592059000154,7896004703275,Cefadroxila 500 mg Caixa 8 Cápsulas,Plusfarma - PI,155.0,0.7472,56.08,0.0,14.18,14.18,2026-09-09 20:55:34,OK,
PI,GD,45592059000154,7896004703275,Cefadroxila 500 mg Caixa 8 Cápsulas,Panpharma - PI,471.0,0.7415999999999999,56.08,0.0,14.49,14.49,2026-09-09 20:55:34,OK,
PI,GD,45592059000154,7896004703275,Cefadroxila 500 mg Caixa 8 Cápsulas,Total Comércio - PI,53.0,0.7472,56.08,0.0,14.87,14.18,2026-09-09 20:55:34,OK,
PI,GD,45592059000154,7896004703305,Anlodipino 5 mg Caixa 30 Comprimidos,Plusfarma - PI,61.0,0.7979999999999999,28.44,0.0,5.74,5.74,2026-09-09 20:55:38,OK,
PI,GD,45592059000154,7896004703305,Anlodipino 5 mg Caixa 30 Comprimidos,Total Comércio - PI,74.0,0.7979999999999999,28.44,0.0,6.02,5.74,2026-09-09 20:55:38,OK,
PI,GD,45592059000154,7896004703312,Anlodipino 10 mg Caixa 30 Comprimidos,Plusfarma - PI,66.0,0.8773000000000001,53.34,0.0,6.54,6.54,2026-09-09 20:55:42,OK,
PI,GD,45592059000154,7896004703312,Anlodipino 10 mg Caixa 30 Comprimidos,Nazaria - PI,54.0,0.8773000000000001,53.34,0.0,6.54,6.54,2026-09-09 20:55:42,OK,
PI,GD,45592059000154,7896004703312,Anlodipino 10 mg Caixa 30 Comprimidos,Panpharma - PI,14.0,0.8491,53.34,0.0,8.05,8.05,2026-09-09 20:55:42,OK,
PI,GD,45592059000154,7896004703336,,,0.0,0.0,0.0,0.0,0.0,0.0,2026-09-09 20:55:54,ERRO,Message: Nenhuma distribuidora pôde ser lida no card do produto.
PI,GD,45592059000154,7896004703343,Fluconazol 150 mg Caixa 2 Cápsulas,Nazaria - PI,370.0,0.6906,21.03,0.0,6.51,6.51,2026-09-09 20:55:58,OK,
PI,GD,45592059000154,7896004703343,Fluconazol 150 mg Caixa 2 Cápsulas,Plusfarma - PI,21.0,0.6906,21.03,0.0,6.51,6.51,2026-09-09 20:55:58,OK,
PI,GD,45592059000154,7896004703343,Fluconazol 150 mg Caixa 2 Cápsulas,Total Comércio - PI,20.0,0.6906,21.03,0.0,6.82,6.51,2026-09-09 20:55:58,OK,
PI,GD,45592059000154,7896004703381,,,0.0,0.0,0.0,0.0,0.0,0.0,2026-09-09 20:56:10,ERRO,Message: Nenhuma distribuidora pôde ser lida no card do produto.
PI,GD,45592059000154,7896004703398,Dipirona Monoidratada 500 mg Display 240 Comprimidos,Nazaria - PI,622.0,0.7440000000000001,194.04,0.0,49.67,49.67,2026-09-09 20:56:15,OK,
PI,GD,45592059000154,7896004703398,Dipirona Monoidratada 500 mg Display 240 Comprimidos,Plusfarma - PI,542.0,0.7440000000000001,194.04,0.0,49.67,49.67,2026-09-09 20:56:15,OK,
PI,GD,45592059000154,7896004703398,Dipirona Monoidratada 500 mg Display 240 Comprimidos,Total Comércio - PI,68.0,0.7440000000000001,194.04,0.0,52.09,49.67,2026-09-09 20:56:15,OK,
PI,GD,45592059000154,7896004703398,Dipirona Monoidratada 500 mg Display 240 Comprimidos,Panpharma - PI,1.0,0.7245999999999999,194.04,0.0,53.44,53.44,2026-09-09 20:56:15,OK,
PI,GD,45592059000154,7896004703404,Amoxicilina + Clavulanato 500+125 mg Caixa 12 Comprimidos Revestidos,Plusfarma - PI,88.0,0.6553,90.92,0.0,31.34,31.34,2026-09-09 20:56:19,OK,
PI,GD,45592059000154,7896004703404,Amoxicilina + Clavulanato 500+125 mg Caixa 12 Comprimidos Revestidos,Nazaria - PI,42.0,0.6553,90.92,0.0,31.34,31.34,2026-09-09 20:56:19,OK,
PI,GD,45592059000154,7896004703404,Amoxicilina + Clavulanato 500+125 mg Caixa 12 Comprimidos Revestidos,Panpharma - PI,89.0,0.6531999999999999,90.92,0.0,31.53,31.53,2026-09-09 20:56:19,OK,
PI,GD,45592059000154,7896004703404,Amoxicilina + Clavulanato 500+125 mg Caixa 12 Comprimidos Revestidos,Total Comércio - PI,43.0,0.6382,90.92,0.0,34.49,32.89,2026-09-09 20:56:19,OK,
PI,GD,45592059000154,7896004703411,Amoxicilina + Clavulanato 500+125 mg Caixa 18 Comprimidos Revestidos,Nazaria - PI,25.0,0.6554000000000001,136.03,0.0,46.88,46.88,2026-09-09 20:56:23,OK,
PI,GD,45592059000154,7896004703411,Amoxicilina + Clavulanato 500+125 mg Caixa 18 Comprimidos Revestidos,Plusfarma - PI,15.0,0.6554000000000001,136.03,0.0,46.88,46.88,2026-09-09 20:56:23,OK,
PI,GD,45592059000154,7896004703411,Amoxicilina + Clavulanato 500+125 mg Caixa 18 Comprimidos Revestidos,Panpharma - PI,20.0,0.6533,136.03,0.0,47.16,47.16,2026-09-09 20:56:23,OK,
PI,GD,45592059000154,7896004703428,Amoxicilina + Clavulanato 250+62.5mg/5ml Frasco 75 ml Pó P/ Susp. Oral + Copo,Nazaria - PI,63.0,0.595,63.43,0.0,25.69,25.69,2026-09-09 20:56:27,OK,
PI,GD,45592059000154,7896004703428,Amoxicilina + Clavulanato 250+62.5mg/5ml Frasco 75 ml Pó P/ Susp. Oral + Copo,Plusfarma - PI,26.0,0.595,63.43,0.0,25.69,25.69,2026-09-09 20:56:27,OK,
PI,GD,45592059000154,7896004703428,Amoxicilina + Clavulanato 250+62.5mg/5ml Frasco 75 ml Pó P/ Susp. Oral + Copo,Total Comércio - PI,80.0,0.595,63.43,0.0,26.94,25.69,2026-09-09 20:56:27,OK,
PI,GD,45592059000154,7896004703466,,,0.0,0.0,0.0,0.0,0.0,0.0,2026-09-09 20:56:39,ERRO,Message: Nenhuma distribuidora pôde ser lida no card do produto.
PI,GD,45592059000154,7896004703473,Metildopa 500 mg Caixa 30 Comprimidos Revestidos,Nazaria - PI,277.0,0.1232,46.52,0.0,40.79,40.79,2026-09-09 20:56:44,OK,
PI,GD,45592059000154,7896004703473,Metildopa 500 mg Caixa 30 Comprimidos Revestidos,Plusfarma - PI,184.0,0.1232,46.52,0.0,40.79,40.79,2026-09-09 20:56:44,OK,
PI,GD,45592059000154,7896004703473,Metildopa 500 mg Caixa 30 Comprimidos Revestidos,Total Comércio - PI,38.0,0.1232,46.52,0.0,42.77,40.79,2026-09-09 20:56:44,OK,
PI,GD,45592059000154,7896004703473,Metildopa 500 mg Caixa 30 Comprimidos Revestidos,Panpharma - PI,139.0,0.0601,46.52,0.0,43.72,43.72,2026-09-09 20:56:44,OK,
PI,GD,45592059000154,7896004703480,Metildopa 250 mg Caixa 30 Comprimidos Revestidos,Nazaria - PI,379.0,0.1232,24.98,0.0,21.9,21.9,2026-09-09 20:56:48,OK,
PI,GD,45592059000154,7896004703480,Metildopa 250 mg Caixa 30 Comprimidos Revestidos,Plusfarma - PI,225.0,0.1232,24.98,0.0,21.9,21.9,2026-09-09 20:56:48,OK,
PI,GD,45592059000154,7896004703480,Metildopa 250 mg Caixa 30 Comprimidos Revestidos,Total Comércio - PI,54.0,0.1232,24.98,0.0,22.97,21.9,2026-09-09 20:56:48,OK,
PI,GD,45592059000154,7896004703480,Metildopa 250 mg Caixa 30 Comprimidos Revestidos,Panpharma - PI,177.0,0.0601,24.98,0.0,23.48,23.48,2026-09-09 20:56:48,OK,
PI,GD,45592059000154,7896004703497,Claritromicina 250mg/5ml Frasco 60 ml Granulado Para Suspensão Oral + Diluente + Seringa,Plusfarma - PI,86.0,0.2146,130.95,0.0,102.85,102.85,2026-09-09 20:56:52,OK,
PI,GD,45592059000154,7896004703497,Claritromicina 250mg/5ml Frasco 60 ml Granulado Para Suspensão Oral + Diluente + Seringa,Nazaria - PI,39.0,0.2146,130.95,0.0,102.85,102.85,2026-09-09 20:56:52,OK,
PI,GD,45592059000154,7896004703497,Claritromicina 250mg/5ml Frasco 60 ml Granulado Para Suspensão Oral + Diluente + Seringa,Total Comércio - PI,38.0,0.1525,130.94,0.0,116.38,110.97,2026-09-09 20:56:52,OK,
PI,GD,45592059000154,7896004703565,Dexametasona 0.1 mg/ml Frasco 120 ml Elixir + Copo Dosador,Plusfarma - PI,405.0,0.6636,16.46,0.0,5.54,5.54,2026-09-09 20:56:56,OK,
PI,GD,45592059000154,7896004703565,Dexametasona 0.1 mg/ml Frasco 120 ml Elixir + Copo Dosador,Nazaria - PI,21.0,0.6636,16.46,0.0,5.54,5.54,2026-09-09 20:56:56,OK,
PI,GD,45592059000154,7896004703565,Dexametasona 0.1 mg/ml Frasco 120 ml Elixir + Copo Dosador,Panpharma - PI,122.0,0.6415000000000001,16.46,0.0,5.9,5.9,2026-09-09 20:56:56,OK,
PI,GD,45592059000154,7896004703596,Paracetamol 750 mg Caixa 20 Comprimidos Revestidos,Plusfarma - PI,24.0,0.6422,19.88,0.0,7.11,7.11,2026-09-09 20:57:00,OK,
PI,GD,45592059000154,7896004703596,Paracetamol 750 mg Caixa 20 Comprimidos Revestidos,Total Comércio - PI,37.0,0.5447,19.88,0.0,9.49,9.05,2026-09-09 20:57:00,OK,
PI,GD,45592059000154,7896004703633,Lansoprazol 30 mg Caixa 28 Cápsulas de Liberação Retardada,Nazaria - PI,29.0,0.6654000000000001,115.2,0.0,38.55,38.55,2026-09-09 20:57:04,OK,
PI,GD,45592059000154,7896004703633,Lansoprazol 30 mg Caixa 28 Cápsulas de Liberação Retardada,Plusfarma - PI,9.0,0.6654000000000001,115.2,0.0,38.55,38.55,2026-09-09 20:57:04,OK,
PI,GD,45592059000154,7896004703633,Lansoprazol 30 mg Caixa 28 Cápsulas de Liberação Retardada,Panpharma - PI,116.0,0.6464,115.2,0.0,40.73,40.73,2026-09-09 20:57:04,OK,
PI,GD,45592059000154,7896004703732,Sulfametoxazol+Trimetoprima 200+40mg/5ml Frasco 100 ml Susp. Oral + Copo,Plusfarma - PI,3025.0,0.6325,15.86,0.0,5.83,5.83,2026-09-09 20:57:08,OK,
PI,GD,45592059000154,7896004703732,Sulfametoxazol+Trimetoprima 200+40mg/5ml Frasco 100 ml Susp. Oral + Copo,Nazaria - PI,2202.0,0.6325,15.86,0.0,5.83,5.83,2026-09-09 20:57:08,OK,
PI,GD,45592059000154,7896004703732,Sulfametoxazol+Trimetoprima 200+40mg/5ml Frasco 100 ml Susp. Oral + Copo,Total Comércio - PI,1852.0,0.6204999999999999,15.86,0.0,6.31,6.02,2026-09-09 20:57:08,OK,
PI,GD,45592059000154,7896004703794,Terbinafina 250 mg Caixa 14 Comprimidos,Nazaria - PI,50.0,0.7817000000000001,125.77,0.0,27.46,27.46,2026-09-09 20:57:12,OK,
PI,GD,45592059000154,7896004703794,Terbinafina 250 mg Caixa 14 Comprimidos,Plusfarma - PI,15.0,0.7817000000000001,125.77,0.0,27.46,27.46,2026-09-09 20:57:12,OK,
PI,GD,45592059000154,7896004703794,Terbinafina 250 mg Caixa 14 Comprimidos,Panpharma - PI,32.0,0.7796,125.77,0.0,27.72,27.72,2026-09-09 20:57:12,OK,
PI,GD,45592059000154,7896004703794,Terbinafina 250 mg Caixa 14 Comprimidos,Total Comércio - PI,171.0,0.7739,125.77,0.0,29.82,28.44,2026-09-09 20:57:12,OK,
PI,GD,45592059000154,7896004704036,Nimesulida 100 mg Caixa 12 Comprimidos,Panpharma - PI,340.0,0.8983,19.06,0.0,1.94,1.94,2026-09-09 20:57:16,OK,
PI,GD,45592059000154,7896004704036,Nimesulida 100 mg Caixa 12 Comprimidos,Nazaria - PI,3911.0,0.8805,19.06,0.0,2.28,2.28,2026-09-09 20:57:16,OK,
PI,GD,45592059000154,7896004704036,Nimesulida 100 mg Caixa 12 Comprimidos,Plusfarma - PI,934.0,0.8805,19.06,0.0,2.28,2.28,2026-09-09 20:57:16,OK,
PI,GD,45592059000154,7896004704036,Nimesulida 100 mg Caixa 12 Comprimidos,Total Comércio - PI,421.0,0.8805,19.05,0.0,2.39,2.28,2026-09-09 20:57:16,OK,
PI,GD,45592059000154,7896004704043,Nimesulida 50 mg/ml Frasco 15 ml Gotas,Panpharma - PI,6.0,0.8399,28.31,0.0,4.53,4.53,2026-09-09 20:57:20,OK,
PI,GD,45592059000154,7896004704043,Nimesulida 50 mg/ml Frasco 15 ml Gotas,Plusfarma - PI,18.0,0.7818,28.31,0.0,6.18,6.18,2026-09-09 20:57:20,OK,
PI,GD,45592059000154,7896004704043,Nimesulida 50 mg/ml Frasco 15 ml Gotas,Total Comércio - PI,8.0,0.7707999999999999,28.31,0.0,6.81,6.49,2026-09-09 20:57:20,OK,
PI,GD,45592059000154,7896004704180,,,0.0,0.0,0.0,0.0,0.0,0.0,2026-09-09 20:57:32,ERRO,Message: Nenhuma distribuidora pôde ser lida no card do produto.
PI,GD,45592059000154,7896004704210,Carbamazepina 400 mg Caixa 20 Comprimidos,Plusfarma - PI,28.0,0.27,30.37,0.0,22.17,22.17,2026-09-09 20:57:36,OK,
PI,GD,45592059000154,7896004704326,Captopril 25 mg Caixa 30 Comprimidos,Nazaria - PI,2261.0,0.856,13.42,0.0,1.93,1.93,2026-09-09 20:57:40,OK,
PI,GD,45592059000154,7896004704326,Captopril 25 mg Caixa 30 Comprimidos,Plusfarma - PI,457.0,0.856,13.42,0.0,1.93,1.93,2026-09-09 20:57:40,OK,
PI,GD,45592059000154,7896004704326,Captopril 25 mg Caixa 30 Comprimidos,Panpharma - PI,41.0,0.8495,13.42,0.0,2.02,2.02,2026-09-09 20:57:40,OK,
PI,GD,45592059000154,7896004704364,,,0.0,0.0,0.0,0.0,0.0,0.0,2026-09-09 20:57:52,ERRO,Message: Nenhuma distribuidora pôde ser lida no card do produto.
PI,GD,45592059000154,7896004704586,,,0.0,0.0,0.0,0.0,0.0,0.0,2026-09-09 20:58:04,ERRO,Message: Nenhuma distribuidora pôde ser lida no card do produto.
PI,GD,45592059000154,7896004704593,Amoxicilina 400mg/5ml Frasco 100 ml Pó Para Suspensão Oral + Seringa,Nazaria - PI,203.0,0.5677,44.36,0.0,19.18,19.18,2026-09-09 20:58:08,OK,
PI,GD,45592059000154,7896004704593,Amoxicilina 400mg/5ml Frasco 100 ml Pó Para Suspensão Oral + Seringa,Plusfarma - PI,128.0,0.5677,44.36,0.0,19.18,19.18,2026-09-09 20:58:08,OK,
PI,GD,45592059000154,7896004704593,Amoxicilina 400mg/5ml Frasco 100 ml Pó Para Suspensão Oral + Seringa,Panpharma - PI,184.0,0.5656,44.36,0.0,19.27,19.27,2026-09-09 20:58:08,OK,
PI,GD,45592059000154,7896004704593,Amoxicilina 400mg/5ml Frasco 100 ml Pó Para Suspensão Oral + Seringa,Total Comércio - PI,131.0,0.5477000000000001,44.36,0.0,21.04,20.06,2026-09-09 20:58:08,OK,
PI,GD,45592059000154,7896004704623,Dexclorfeniramina + Betametasona 0.4+0.05 mg/ml Frasco 120 ml Xarope,Nazaria - PI,1572.0,0.6578,21.02,0.0,7.19,7.19,2026-09-09 20:58:13,OK,
PI,GD,45592059000154,7896004704623,Dexclorfeniramina + Betametasona 0.4+0.05 mg/ml Frasco 120 ml Xarope,Plusfarma - PI,259.0,0.6578,21.02,0.0,7.19,7.19,2026-09-09 20:58:13,OK,
PI,GD,45592059000154,7896004704623,Dexclorfeniramina + Betametasona 0.4+0.05 mg/ml Frasco 120 ml Xarope,Panpharma - PI,410.0,0.6557999999999999,21.02,0.0,7.24,7.24,2026-09-09 20:58:13,OK,
PI,GD,45592059000154,7896004704623,Dexclorfeniramina + Betametasona 0.4+0.05 mg/ml Frasco 120 ml Xarope,Total Comércio - PI,154.0,0.6568999999999999,21.02,0.0,7.56,7.21,2026-09-09 20:58:13,OK,
PI,GD,45592059000154,7896004704692,Cefalexina 500 mg Caixa 10 Comprimidos Revestidos,Nazaria - PI,3571.0,0.6269,27.77,0.0,10.36,10.36,2026-09-09 20:58:17,OK,
PI,GD,45592059000154,7896004704692,Cefalexina 500 mg Caixa 10 Comprimidos Revestidos,Plusfarma - PI,1402.0,0.6269,27.77,0.0,10.36,10.36,2026-09-09 20:58:17,OK,
PI,GD,45592059000154,7896004704692,Cefalexina 500 mg Caixa 10 Comprimidos Revestidos,Total Comércio - PI,44.0,0.6269,27.77,0.0,10.87,10.36,2026-09-09 20:58:17,OK,
PI,GD,45592059000154,7896004704692,Cefalexina 500 mg Caixa 10 Comprimidos Revestidos,Panpharma - PI,359.0,0.5295000000000001,27.77,0.0,13.07,13.07,2026-09-09 20:58:17,OK,
PI,GD,45592059000154,7896004704999,Dexclorfeniramina 2mg/5ml Frasco 120 ml Solução Oral,Nazaria - PI,201.0,0.6735,20.76,0.0,6.78,6.78,2026-09-09 20:58:22,OK,
PI,GD,45592059000154,7896004704999,Dexclorfeniramina 2mg/5ml Frasco 120 ml Solução Oral,Plusfarma - PI,8.0,0.6735,20.76,0.0,6.78,6.78,2026-09-09 20:58:22,OK,
PI,GD,45592059000154,7896004704999,Dexclorfeniramina 2mg/5ml Frasco 120 ml Solução Oral,Panpharma - PI,8.0,0.6714,20.76,0.0,6.82,6.82,2026-09-09 20:58:22,OK,
PI,GD,45592059000154,7896004704999,Dexclorfeniramina 2mg/5ml Frasco 120 ml Solução Oral,Total Comércio - PI,62.0,0.6605,20.76,0.0,7.39,7.05,2026-09-09 20:58:22,OK,
PI,GD,45592059000154,7896004705057,Diclofenaco Dietilamônio 11.6 mg/g Bisnaga 60 g Gel,Nazaria - PI,149.0,0.4451,15.38,0.0,8.53,8.53,2026-09-09 20:58:26,OK,
PI,GD,45592059000154,7896004705057,Diclofenaco Dietilamônio 11.6 mg/g Bisnaga 60 g Gel,Plusfarma - PI,124.0,0.4451,15.38,0.0,8.53,8.53,2026-09-09 20:58:26,OK,
PI,GD,45592059000154,7896004705057,Diclofenaco Dietilamônio 11.6 mg/g Bisnaga 60 g Gel,Total Comércio - PI,167.0,0.4451,15.38,0.0,8.94,8.53,2026-09-09 20:58:26,OK,
PI,GD,45592059000154,7896004705057,Diclofenaco Dietilamônio 11.6 mg/g Bisnaga 60 g Gel,Panpharma - PI,56.0,0.30820000000000003,15.38,0.0,10.64,10.64,2026-09-09 20:58:26,OK,
PI,GD,45592059000154,7896004705071,Piroxicam 20 mg Caixa 15 Cápsulas,Nazaria - PI,277.0,0.7522,27.2,0.0,6.74,6.74,2026-09-09 20:58:30,OK,
PI,GD,45592059000154,7896004705071,Piroxicam 20 mg Caixa 15 Cápsulas,Plusfarma - PI,56.0,0.7522,27.2,0.0,6.74,6.74,2026-09-09 20:58:30,OK,
PI,GD,45592059000154,7896004705071,Piroxicam 20 mg Caixa 15 Cápsulas,Panpharma - PI,40.0,0.7181000000000001,27.2,0.0,7.67,7.67,2026-09-09 20:58:30,OK,
PI,GD,45592059000154,7896004705088,,,0.0,0.0,0.0,0.0,0.0,0.0,2026-09-09 20:58:42,ERRO,Message: Nenhuma distribuidora pôde ser lida no card do produto.
PI,GD,45592059000154,7896004705118,Cetoconazol + Betametasona 20+0.5 mg/g Bisnaga 30 g Pomada,Nazaria - PI,30.0,0.7687999999999999,26.67,0.0,6.17,6.17,2026-09-09 20:58:47,OK,
PI,GD,45592059000154,7896004705118,Cetoconazol + Betametasona 20+0.5 mg/g Bisnaga 30 g Pomada,Panpharma - PI,15.0,0.7668,26.67,0.0,6.22,6.22,2026-09-09 20:58:47,OK,
PI,GD,45592059000154,7896004705118,Cetoconazol + Betametasona 20+0.5 mg/g Bisnaga 30 g Pomada,Plusfarma - PI,20.0,0.7606,26.67,0.0,6.38,6.38,2026-09-09 20:58:47,OK,
PI,GD,45592059000154,7896004705118,Cetoconazol + Betametasona 20+0.5 mg/g Bisnaga 30 g Pomada,Total Comércio - PI,34.0,0.7484999999999999,26.67,0.0,7.03,6.71,2026-09-09 20:58:47,OK,
PI,GD,45592059000154,7896004705125,Cetoconazol + Betametasona 20+0.5 mg/g Bisnaga 30 g Creme,Nazaria - PI,175.0,0.7603,27.21,0.0,6.52,6.52,2026-09-09 20:58:51,OK,
PI,GD,45592059000154,7896004705125,Cetoconazol + Betametasona 20+0.5 mg/g Bisnaga 30 g Creme,Panpharma - PI,27.0,0.7583,27.21,0.0,6.58,6.58,2026-09-09 20:58:51,OK,
PI,GD,45592059000154,7896004705125,Cetoconazol + Betametasona 20+0.5 mg/g Bisnaga 30 g Creme,Plusfarma - PI,166.0,0.7574,27.21,0.0,6.6,6.6,2026-09-09 20:58:51,OK,
PI,GD,45592059000154,7896004705132,Tioconazol + Tinidazol 20+30 mg/g Bisnaga 35 g Creme Vaginal + 7 Aplicadores,Plusfarma - PI,25.0,0.7243,62.92,0.0,17.35,17.35,2026-09-09 20:58:54,OK,
PI,GD,45592059000154,7896004705132,Tioconazol + Tinidazol 20+30 mg/g Bisnaga 35 g Creme Vaginal + 7 Aplicadores,Panpharma - PI,26.0,0.6928,62.92,0.0,19.33,19.33,2026-09-09 20:58:54,OK,
PI,GD,45592059000154,7896004705323,,,0.0,0.0,0.0,0.0,0.0,0.0,2026-09-09 20:59:07,ERRO,Message: Nenhuma distribuidora pôde ser lida no card do produto.
PI,GD,45592059000154,7896004705330,Simeticona 75 mg/ml Frasco 15 ml Gotas,Nazaria - PI,508.0,0.8369,23.41,0.0,3.82,3.82,2026-09-09 20:59:11,OK,
PI,GD,45592059000154,7896004705330,Simeticona 75 mg/ml Frasco 15 ml Gotas,Total Comércio - PI,103.0,0.8369,23.41,0.0,4.0,3.82,2026-09-09 20:59:11,OK,
PI,GD,45592059000154,7896004705330,Simeticona 75 mg/ml Frasco 15 ml Gotas,Panpharma - PI,73.0,0.8244,23.41,0.0,4.11,4.11,2026-09-09 20:59:11,OK,
PI,GD,45592059000154,7896004705347,,,0.0,0.0,0.0,0.0,0.0,0.0,2026-09-09 20:59:23,ERRO,Message: Nenhuma distribuidora pôde ser lida no card do produto.
PI,GD,45592059000154,7896004705477,Amoxicilina 500mg/5ml Frasco 150 ml Pó Para Suspensão Oral + Copo,Plusfarma - PI,17.0,0.6162,66.85,0.0,25.66,25.66,2026-09-09 20:59:27,OK,
PI,GD,45592059000154,7896004705477,Amoxicilina 500mg/5ml Frasco 150 ml Pó Para Suspensão Oral + Copo,Panpharma - PI,41.0,0.6141,66.85,0.0,25.8,25.8,2026-09-09 20:59:27,OK,
PI,GD,45592059000154,7896004705477,Amoxicilina 500mg/5ml Frasco 150 ml Pó Para Suspensão Oral + Copo,Total Comércio - PI,36.0,0.5788,66.84,0.0,29.53,28.15,2026-09-09 20:59:27,OK,
PI,GD,45592059000154,7896004705583,Clortalidona 50 mg Caixa 30 Comprimidos,Nazaria - PI,151.0,0.16510000000000002,23.77,0.0,19.85,19.85,2026-09-09 20:59:31,OK,
PI,GD,45592059000154,7896004705583,Clortalidona 50 mg Caixa 30 Comprimidos,Plusfarma - PI,129.0,0.16510000000000002,23.77,0.0,19.85,19.85,2026-09-09 20:59:31,OK,
PI,GD,45592059000154,7896004705583,Clortalidona 50 mg Caixa 30 Comprimidos,Panpharma - PI,60.0,0.08449999999999999,23.77,0.0,21.76,21.76,2026-09-09 20:59:31,OK,
PI,GD,45592059000154,7896004705590,Cetoconazol+Betametasona+Neomicina 20+0.5+2.5 mg/g Pomada Bisnaga 30 g,Nazaria - PI,144.0,0.7252,30.9,0.0,8.49,8.49,2026-09-09 20:59:35,OK,
PI,GD,45592059000154,7896004705590,Cetoconazol+Betametasona+Neomicina 20+0.5+2.5 mg/g Pomada Bisnaga 30 g,Plusfarma - PI,71.0,0.7252,30.9,0.0,8.49,8.49,2026-09-09 20:59:35,OK,
PI,GD,45592059000154,7896004705590,Cetoconazol+Betametasona+Neomicina 20+0.5+2.5 mg/g Pomada Bisnaga 30 g,Panpharma - PI,94.0,0.7173,30.9,0.0,8.74,8.74,2026-09-09 20:59:35,OK,
PI,GD,45592059000154,7896004705606,Cetoconazol+Betametasona+Neomicina 20+0.5+2.5 mg/g Creme Bisnaga 30 g,Nazaria - PI,77.0,0.6728000000000001,27.47,0.0,8.99,8.99,2026-09-09 20:59:39,OK,
PI,GD,45592059000154,7896004705606,Cetoconazol+Betametasona+Neomicina 20+0.5+2.5 mg/g Creme Bisnaga 30 g,Plusfarma - PI,70.0,0.6728000000000001,27.47,0.0,8.99,8.99,2026-09-09 20:59:39,OK,
PI,GD,45592059000154,7896004705606,Cetoconazol+Betametasona+Neomicina 20+0.5+2.5 mg/g Creme Bisnaga 30 g,Total Comércio - PI,40.0,0.6728000000000001,27.47,0.0,9.42,8.99,2026-09-09 20:59:39,OK,
PI,GD,45592059000154,7896004705606,Cetoconazol+Betametasona+Neomicina 20+0.5+2.5 mg/g Creme Bisnaga 30 g,Panpharma - PI,41.0,0.6428,27.47,0.0,9.81,9.81,2026-09-09 20:59:39,OK,
PI,GD,45592059000154,7896004705736,Cetoprofeno 50 mg Caixa 24 Cápsulas,Plusfarma - PI,82.0,0.6839,32.83,0.0,10.38,10.38,2026-09-09 20:59:43,OK,
PI,GD,45592059000154,7896004705736,Cetoprofeno 50 mg Caixa 24 Cápsulas,Nazaria - PI,51.0,0.6839,32.83,0.0,10.38,10.38,2026-09-09 20:59:43,OK,
PI,GD,45592059000154,7896004705736,Cetoprofeno 50 mg Caixa 24 Cápsulas,Total Comércio - PI,121.0,0.6706,32.83,0.0,11.34,10.81,2026-09-09 20:59:43,OK,
PI,GD,45592059000154,7896004705781,Atenolol 25 mg Caixa 30 Comprimidos,Nazaria - PI,2669.0,0.8943000000000001,19.29,0.0,2.04,2.04,2026-09-09 20:59:48,OK,
PI,GD,45592059000154,7896004705781,Atenolol 25 mg Caixa 30 Comprimidos,Plusfarma - PI,384.0,0.8943000000000001,19.29,0.0,2.04,2.04,2026-09-09 20:59:48,OK,
PI,GD,45592059000154,7896004705781,Atenolol 25 mg Caixa 30 Comprimidos,Panpharma - PI,65.0,0.893,19.29,0.0,2.06,2.06,2026-09-09 20:59:48,OK,
PI,GD,45592059000154,7896004705781,Atenolol 25 mg Caixa 30 Comprimidos,Total Comércio - PI,58.0,0.8943000000000001,19.29,0.0,2.14,2.04,2026-09-09 20:59:48,OK,
PI,GD,45592059000154,7896004705866,Atenolol 50 mg Caixa 60 Comprimidos,Panpharma - PI,50.0,0.8612000000000001,56.41,0.0,7.83,7.83,2026-09-09 20:59:51,OK,
PI,GD,45592059000154,7896004705873,Atenolol 50 mg Caixa 30 Comprimidos,Plusfarma - PI,374.0,0.84,23.02,0.0,3.68,3.68,2026-09-09 20:59:55,OK,
PI,GD,45592059000154,7896004705873,Atenolol 50 mg Caixa 30 Comprimidos,Nazaria - PI,210.0,0.84,23.02,0.0,3.68,3.68,2026-09-09 20:59:55,OK,
PI,GD,45592059000154,7896004705873,Atenolol 50 mg Caixa 30 Comprimidos,Total Comércio - PI,76.0,0.84,23.02,0.0,3.86,3.68,2026-09-09 20:59:55,OK,
PI,GD,45592059000154,7896004705873,Atenolol 50 mg Caixa 30 Comprimidos,Panpharma - PI,113.0,0.8299,23.02,0.0,3.92,3.92,2026-09-09 20:59:55,OK,
PI,GD,45592059000154,7896004705880,Atenolol 25 mg Caixa 60 Comprimidos,Panpharma - PI,74.0,0.8963,36.79,0.0,3.82,3.82,2026-09-09 20:59:59,OK,
PI,GD,45592059000154,7896004705989,,,0.0,0.0,0.0,0.0,0.0,0.0,2026-09-09 21:00:11,ERRO,Message: Nenhuma distribuidora pôde ser lida no card do produto.
PI,GD,45592059000154,7896004706009,,,0.0,0.0,0.0,0.0,0.0,0.0,2026-09-09 21:00:23,ERRO,Message: Nenhuma distribuidora pôde ser lida no card do produto.
PI,GD,45592059000154,7896004706290,Xarope Cloridrato de Ambroxol Adulto 30mg/5ml Frasco 120 ml,Plusfarma - PI,147.0,0.7101000000000001,30.81,0.0,8.93,8.93,2026-09-09 21:00:27,OK,
PI,GD,45592059000154,7896004706290,Xarope Cloridrato de Ambroxol Adulto 30mg/5ml Frasco 120 ml,Panpharma - PI,31.0,0.6951,30.81,0.0,9.39,9.39,2026-09-09 21:00:27,OK,
PI,GD,45592059000154,7896004706306,Prednisona 5 mg Caixa 20 Comprimidos,Nazaria - PI,355.0,0.7253000000000001,15.95,0.0,4.38,4.38,2026-09-09 21:00:31,OK,
PI,GD,45592059000154,7896004706306,Prednisona 5 mg Caixa 20 Comprimidos,Plusfarma - PI,175.0,0.7253000000000001,15.95,0.0,4.38,4.38,2026-09-09 21:00:31,OK,
PI,GD,45592059000154,7896004706306,Prednisona 5 mg Caixa 20 Comprimidos,Panpharma - PI,183.0,0.7003,15.95,0.0,4.78,4.78,2026-09-09 21:00:31,OK,
PI,GD,45592059000154,7896004706313,Prednisona 20 mg Caixa 10 Comprimidos,Nazaria - PI,2105.0,0.8101,23.23,0.0,4.41,4.41,2026-09-09 21:00:35,OK,
PI,GD,45592059000154,7896004706313,Prednisona 20 mg Caixa 10 Comprimidos,Plusfarma - PI,197.0,0.8101,23.23,0.0,4.41,4.41,2026-09-09 21:00:35,OK,
PI,GD,45592059000154,7896004706313,Prednisona 20 mg Caixa 10 Comprimidos,Total Comércio - PI,39.0,0.8101,23.23,0.0,4.63,4.41,2026-09-09 21:00:35,OK,
PI,GD,45592059000154,7896004706313,Prednisona 20 mg Caixa 10 Comprimidos,Panpharma - PI,80.0,0.7762,23.23,0.0,5.2,5.2,2026-09-09 21:00:35,OK,
PI,GD,45592059000154,7896004706368,Clortalidona 25 mg Caixa 60 Comprimidos,Nazaria - PI,595.0,0.1232,31.2,0.0,27.36,27.36,2026-09-09 21:00:40,OK,
PI,GD,45592059000154,7896004706368,Clortalidona 25 mg Caixa 60 Comprimidos,Plusfarma - PI,378.0,0.1232,31.2,0.0,27.36,27.36,2026-09-09 21:00:40,OK,
PI,GD,45592059000154,7896004706368,Clortalidona 25 mg Caixa 60 Comprimidos,Panpharma - PI,200.0,0.0855,31.2,0.0,28.53,28.53,2026-09-09 21:00:40,OK,
PI,GD,45592059000154,7896004706368,Clortalidona 25 mg Caixa 60 Comprimidos,Total Comércio - PI,198.0,0.1232,31.2,0.0,28.69,27.36,2026-09-09 21:00:40,OK,
PI,GD,45592059000154,7896004706375,Clortalidona 12.5 mg Caixa 60 Comprimidos,Plusfarma - PI,263.0,0.1506,17.74,0.0,15.07,15.07,2026-09-09 21:00:44,OK,
PI,GD,45592059000154,7896004706375,Clortalidona 12.5 mg Caixa 60 Comprimidos,Nazaria - PI,167.0,0.1506,17.74,0.0,15.07,15.07,2026-09-09 21:00:44,OK,
PI,GD,45592059000154,7896004706382,Amoxicilina 875 mg Caixa 14 Comprimidos Revestidos,Nazaria - PI,46.0,0.6295000000000001,67.26,0.0,24.92,24.92,2026-09-09 21:00:48,OK,
PI,GD,45592059000154,7896004706382,Amoxicilina 875 mg Caixa 14 Comprimidos Revestidos,Plusfarma - PI,22.0,0.6295000000000001,67.26,0.0,24.92,24.92,2026-09-09 21:00:48,OK,
PI,GD,45592059000154,7896004706382,Amoxicilina 875 mg Caixa 14 Comprimidos Revestidos,Total Comércio - PI,62.0,0.6295000000000001,67.26,0.0,26.13,24.92,2026-09-09 21:00:48,OK,
PI,GD,45592059000154,7896004706382,Amoxicilina 875 mg Caixa 14 Comprimidos Revestidos,Panpharma - PI,16.0,0.5789,67.26,0.0,28.32,28.32,2026-09-09 21:00:48,OK,
PI,GD,45592059000154,7896004706405,Finasterida 1 mg Caixa 30 Comprimidos Revestidos,Nazaria - PI,197.0,0.7954000000000001,65.85,0.0,13.47,13.47,2026-09-09 21:00:52,OK,
PI,GD,45592059000154,7896004706405,Finasterida 1 mg Caixa 30 Comprimidos Revestidos,Plusfarma - PI,79.0,0.7954000000000001,65.85,0.0,13.47,13.47,2026-09-09 21:00:52,OK,
PI,GD,45592059000154,7896004706405,Finasterida 1 mg Caixa 30 Comprimidos Revestidos,Total Comércio - PI,46.0,0.7884,65.84,0.0,14.61,13.93,2026-09-09 21:00:52,OK,
PI,GD,45592059000154,7896004706474,Glibenclamida 5 mg Caixa 30 Comprimidos,Nazaria - PI,1733.0,0.8334,12.93,0.0,2.15,2.15,2026-09-09 21:00:56,OK,
PI,GD,45592059000154,7896004706474,Glibenclamida 5 mg Caixa 30 Comprimidos,Plusfarma - PI,66.0,0.8334,12.93,0.0,2.15,2.15,2026-09-09 21:00:56,OK,
PI,GD,45592059000154,7896004706474,Glibenclamida 5 mg Caixa 30 Comprimidos,Total Comércio - PI,207.0,0.8334,12.93,0.0,2.25,2.15,2026-09-09 21:00:56,OK,
PI,GD,45592059000154,7896004706665,Diclofenaco Sódico 100 mg Caixa 10 Comprimidos Revestidos Lib. Lenta,Nazaria - PI,228.0,0.8156,28.67,0.0,5.29,5.29,2026-09-09 21:01:01,OK,
PI,GD,45592059000154,7896004706665,Diclofenaco Sódico 100 mg Caixa 10 Comprimidos Revestidos Lib. Lenta,Plusfarma - PI,72.0,0.8156,28.67,0.0,5.29,5.29,2026-09-09 21:01:01,OK,
PI,GD,45592059000154,7896004706665,Diclofenaco Sódico 100 mg Caixa 10 Comprimidos Revestidos Lib. Lenta,Panpharma - PI,11.0,0.8134999999999999,28.67,0.0,5.35,5.35,2026-09-09 21:01:01,OK,
PI,GD,45592059000154,7896004706665,Diclofenaco Sódico 100 mg Caixa 10 Comprimidos Revestidos Lib. Lenta,Total Comércio - PI,49.0,0.7954000000000001,28.67,0.0,6.15,5.87,2026-09-09 21:01:01,OK,
PI,GD,45592059000154,7896004706733,Diltiazem 30 mg Caixa 50 Comprimidos,Nazaria - PI,59.0,0.1954,21.68,0.0,17.44,17.44,2026-09-09 21:01:05,OK,
PI,GD,45592059000154,7896004706733,Diltiazem 30 mg Caixa 50 Comprimidos,Plusfarma - PI,20.0,0.1954,21.68,0.0,17.44,17.44,2026-09-09 21:01:05,OK,
PI,GD,45592059000154,7896004706733,Diltiazem 30 mg Caixa 50 Comprimidos,Panpharma - PI,24.0,0.1934,21.68,0.0,17.49,17.49,2026-09-09 21:01:05,OK,
PI,GD,45592059000154,7896004706733,Diltiazem 30 mg Caixa 50 Comprimidos,Total Comércio - PI,13.0,0.19469999999999998,21.68,0.0,18.3,17.46,2026-09-09 21:01:05,OK,
PI,GD,45592059000154,7896004706795,Losartana Potássica 50 mg Caixa 30 Comprimidos Revestidos,Nazaria - PI,46847.0,0.8959999999999999,18.31,0.0,1.9,1.9,2026-09-09 21:01:08,OK,
PI,GD,45592059000154,7896004706856,,,0.0,0.0,0.0,0.0,0.0,0.0,2026-09-09 21:01:21,ERRO,Message: Nenhuma distribuidora pôde ser lida no card do produto.
PI,GD,45592059000154,7896004706900,Cetorolaco 5 mg/ml Frasco 5 ml Solução Oftálmica,Panpharma - PI,34.0,0.2837,46.52,0.0,33.32,33.32,2026-09-09 21:01:24,OK,
PI,GD,45592059000154,7896004706900,Cetorolaco 5 mg/ml Frasco 5 ml Solução Oftálmica,Total Comércio - PI,71.0,0.2828,46.52,0.0,34.99,33.36,2026-09-09 21:01:24,OK,
PI,GD,45592059000154,7896004707310,Verapamil 80 mg Caixa 30 Comprimidos Revestidos,Plusfarma - PI,37.0,0.6202000000000001,29.37,0.0,11.15,11.15,2026-09-09 21:01:28,OK,
PI,GD,45592059000154,7896004707310,Verapamil 80 mg Caixa 30 Comprimidos Revestidos,Nazaria - PI,27.0,0.6202000000000001,29.37,0.0,11.15,11.15,2026-09-09 21:01:28,OK,
PI,GD,45592059000154,7896004707310,Verapamil 80 mg Caixa 30 Comprimidos Revestidos,Panpharma - PI,48.0,0.6181,29.37,0.0,11.22,11.22,2026-09-09 21:01:28,OK,
PI,GD,45592059000154,7896004708058,,,0.0,0.0,0.0,0.0,0.0,0.0,2026-09-09 21:01:41,ERRO,Message: Nenhuma distribuidora pôde ser lida no card do produto.
PI,GD,45592059000154,7896004708072,,,0.0,0.0,0.0,0.0,0.0,0.0,2026-09-09 21:01:53,ERRO,Message: Nenhuma distribuidora pôde ser lida no card do produto.
PI,GD,45592059000154,7896004708652,Simeticona 125 mg Caixa 10 Cápsulas Moles,Panpharma - PI,30.0,0.8459,28.68,0.0,4.42,4.42,2026-09-09 21:01:57,OK,
PI,GD,45592059000154,7896004708652,Simeticona 125 mg Caixa 10 Cápsulas Moles,Nazaria - PI,105.0,0.8278,28.68,0.0,4.94,4.94,2026-09-09 21:01:57,OK,
PI,GD,45592059000154,7896004708652,Simeticona 125 mg Caixa 10 Cápsulas Moles,Plusfarma - PI,81.0,0.8278,28.68,0.0,4.94,4.94,2026-09-09 21:01:57,OK,
PI,GD,45592059000154,7896004708706,Acetilcisteína 200 mg Caixa 5 g Granulado,Total Comércio - PI,5.0,0.5123,38.39,0.0,19.63,18.72,2026-09-09 21:02:01,OK,
PI,GD,45592059000154,7896004708706,Acetilcisteína 200 mg Caixa 5 g Granulado,Nazaria - PI,187.0,0.4157,38.39,0.0,22.43,22.43,2026-09-09 21:02:01,OK,
PI,GD,45592059000154,7896004708706,Acetilcisteína 200 mg Caixa 5 g Granulado,Plusfarma - PI,69.0,0.4157,38.39,0.0,22.43,22.43,2026-09-09 21:02:01,OK,
PI,GD,45592059000154,7896004708706,Acetilcisteína 200 mg Caixa 5 g Granulado,Panpharma - PI,78.0,0.41369999999999996,38.39,0.0,22.51,22.51,2026-09-09 21:02:01,OK,
PI,GD,45592059000154,7896004708744,,,0.0,0.0,0.0,0.0,0.0,0.0,2026-09-09 21:02:13,ERRO,Message: Nenhuma distribuidora pôde ser lida no card do produto.
PI,GD,45592059000154,7896004708942,Espironolactona 25 mg Caixa 30 Comprimidos,Nazaria - PI,838.0,0.6486,23.45,0.0,8.24,8.24,2026-09-09 21:02:17,OK,
PI,GD,45592059000154,7896004708942,Espironolactona 25 mg Caixa 30 Comprimidos,Plusfarma - PI,87.0,0.6486,23.45,0.0,8.24,8.24,2026-09-09 21:02:17,OK,
PI,GD,45592059000154,7896004708942,Espironolactona 25 mg Caixa 30 Comprimidos,Panpharma - PI,339.0,0.6441,23.45,0.0,8.35,8.35,2026-09-09 21:02:17,OK,
PI,GD,45592059000154,7896004708973,,,0.0,0.0,0.0,0.0,0.0,0.0,2026-09-09 21:02:30,ERRO,Message: Nenhuma distribuidora pôde ser lida no card do produto.
PI,GD,45592059000154,7896004709123,,,0.0,0.0,0.0,0.0,0.0,0.0,2026-09-09 21:02:42,ERRO,Message: Nenhuma distribuidora pôde ser lida no card do produto.
PI,GD,45592059000154,7896004709130,Atenolol + Clortalidona 50+12.5 mg Caixa 30 Comprimidos,Nazaria - PI,109.0,0.8371999999999999,33.54,0.0,5.46,5.46,2026-09-09 21:02:45,OK,
PI,GD,45592059000154,7896004709130,Atenolol + Clortalidona 50+12.5 mg Caixa 30 Comprimidos,Plusfarma - PI,76.0,0.8371999999999999,33.54,0.0,5.46,5.46,2026-09-09 21:02:45,OK,
PI,GD,45592059000154,7896004709291,Deflazacorte 30 mg Caixa 10 Comprimidos,Nazaria - PI,151.0,0.1235,125.63,0.0,110.11,110.11,2026-09-09 21:02:50,OK,
PI,GD,45592059000154,7896004709291,Deflazacorte 30 mg Caixa 10 Comprimidos,Plusfarma - PI,20.0,0.1235,125.63,0.0,110.11,110.11,2026-09-09 21:02:50,OK,
PI,GD,45592059000154,7896004709291,Deflazacorte 30 mg Caixa 10 Comprimidos,Panpharma - PI,41.0,0.1202,125.63,0.0,110.53,110.53,2026-09-09 21:02:50,OK,
PI,GD,45592059000154,7896004709291,Deflazacorte 30 mg Caixa 10 Comprimidos,Total Comércio - PI,32.0,0.1235,125.63,0.0,115.47,110.11,2026-09-09 21:02:50,OK,
PI,GD,45592059000154,7896004709307,Deflazacorte 6 mg Caixa 20 Comprimidos,Nazaria - PI,196.0,0.17559999999999998,52.58,0.0,43.35,43.35,2026-09-09 21:02:54,OK,
PI,GD,45592059000154,7896004709307,Deflazacorte 6 mg Caixa 20 Comprimidos,Plusfarma - PI,58.0,0.17559999999999998,52.58,0.0,43.35,43.35,2026-09-09 21:02:54,OK,
PI,GD,45592059000154,7896004709307,Deflazacorte 6 mg Caixa 20 Comprimidos,Panpharma - PI,184.0,0.1736,52.58,0.0,43.45,43.45,2026-09-09 21:02:54,OK,
PI,GD,45592059000154,7896004709307,Deflazacorte 6 mg Caixa 20 Comprimidos,Total Comércio - PI,56.0,0.1754,52.58,0.0,45.46,43.36,2026-09-09 21:02:54,OK,
PI,GD,45592059000154,7896004709567,Amitriptilina 75 mg Caixa 30 Comprimidos Revestidos,Plusfarma - PI,49.0,0.6914,61.24,0.0,18.9,18.9,2026-09-09 21:02:58,OK,
PI,GD,45592059000154,7896004709567,Amitriptilina 75 mg Caixa 30 Comprimidos Revestidos,Nazaria - PI,4.0,0.6914,61.24,0.0,18.9,18.9,2026-09-09 21:02:58,OK,
PI,GD,45592059000154,7896004709710,,,0.0,0.0,0.0,0.0,0.0,0.0,2026-09-09 21:03:10,ERRO,Message: Nenhuma distribuidora pôde ser lida no card do produto.
PI,GD,45592059000154,7896004709956,,,0.0,0.0,0.0,0.0,0.0,0.0,2026-09-09 21:03:22,ERRO,Message: Nenhuma distribuidora pôde ser lida no card do produto.
PI,GD,45592059000154,7896004710402,Desonida 0.5 mg/g Bisnaga 30 g Creme,Nazaria - PI,627.0,0.6622,35.96,0.0,12.15,12.15,2026-09-09 21:03:25,OK,
PI,GD,45592059000154,7896004710419,Rifamicina 10 mg/ml Frasco 20 ml Solução Tópica Spray,Nazaria - PI,263.0,0.23379999999999998,23.56,0.0,18.05,18.05,2026-09-09 21:03:30,OK,
PI,GD,45592059000154,7896004710419,Rifamicina 10 mg/ml Frasco 20 ml Solução Tópica Spray,Plusfarma - PI,124.0,0.23379999999999998,23.56,0.0,18.05,18.05,2026-09-09 21:03:30,OK,
PI,GD,45592059000154,7896004710419,Rifamicina 10 mg/ml Frasco 20 ml Solução Tópica Spray,Total Comércio - PI,24.0,0.23379999999999998,23.56,0.0,18.93,18.05,2026-09-09 21:03:30,OK,
PI,GD,45592059000154,7896004710419,Rifamicina 10 mg/ml Frasco 20 ml Solução Tópica Spray,Panpharma - PI,24.0,0.1805,23.56,0.0,19.31,19.31,2026-09-09 21:03:30,OK,
PI,GD,45592059000154,7896004710464,Acebrofilina 25mg/5ml Frasco 120 ml Xarope Pediátrico,Nazaria - PI,99.0,0.6087,24.75,0.0,9.68,9.68,2026-09-09 21:03:34,OK,
PI,GD,45592059000154,7896004710464,Acebrofilina 25mg/5ml Frasco 120 ml Xarope Pediátrico,Plusfarma - PI,70.0,0.6087,24.75,0.0,9.68,9.68,2026-09-09 21:03:34,OK,
PI,GD,45592059000154,7896004710464,Acebrofilina 25mg/5ml Frasco 120 ml Xarope Pediátrico,Panpharma - PI,6.0,0.604,24.75,0.0,9.8,9.8,2026-09-09 21:03:34,OK,
PI,GD,45592059000154,7896004710471,Acebrofilina 50mg/5ml Frasco 120 ml Xarope Adulto,Nazaria - PI,299.0,0.5717,34.95,0.0,14.97,14.97,2026-09-09 21:03:38,OK,
PI,GD,45592059000154,7896004710471,Acebrofilina 50mg/5ml Frasco 120 ml Xarope Adulto,Plusfarma - PI,231.0,0.5717,34.95,0.0,14.97,14.97,2026-09-09 21:03:38,OK,
PI,GD,45592059000154,7896004710471,Acebrofilina 50mg/5ml Frasco 120 ml Xarope Adulto,Panpharma - PI,24.0,0.5697,34.95,0.0,15.04,15.04,2026-09-09 21:03:38,OK,
PI,GD,45592059000154,7896004710471,Acebrofilina 50mg/5ml Frasco 120 ml Xarope Adulto,Total Comércio - PI,16.0,0.5716,34.95,0.0,15.7,14.97,2026-09-09 21:03:38,OK,
PI,GD,45592059000154,7896004710525,Bezafibrato 200 mg Caixa 20 Comprimidos Revestidos,Nazaria - PI,68.0,0.18280000000000002,33.88,0.0,27.69,27.69,2026-09-09 21:03:42,OK,
PI,GD,45592059000154,7896004710525,Bezafibrato 200 mg Caixa 20 Comprimidos Revestidos,Plusfarma - PI,3.0,0.18280000000000002,33.88,0.0,27.69,27.69,2026-09-09 21:03:42,OK,
PI,GD,45592059000154,7896004710525,Bezafibrato 200 mg Caixa 20 Comprimidos Revestidos,Panpharma - PI,182.0,0.08310000000000001,33.88,0.0,31.06,31.06,2026-09-09 21:03:42,OK,
PI,GD,45592059000154,7896004710679,Meloxicam 15 mg Caixa 10 Comprimidos,Plusfarma - PI,164.0,0.9001,34.83,0.0,3.48,3.48,2026-09-09 21:03:47,OK,
PI,GD,45592059000154,7896004710679,Meloxicam 15 mg Caixa 10 Comprimidos,Nazaria - PI,95.0,0.9001,34.83,0.0,3.48,3.48,2026-09-09 21:03:47,OK,
PI,GD,45592059000154,7896004710679,Meloxicam 15 mg Caixa 10 Comprimidos,Panpharma - PI,10.0,0.898,34.83,0.0,3.55,3.55,2026-09-09 21:03:47,OK,
PI,GD,45592059000154,7896004710679,Meloxicam 15 mg Caixa 10 Comprimidos,Total Comércio - PI,68.0,0.8994,34.83,0.0,3.67,3.5,2026-09-09 21:03:47,OK,
PI,GD,45592059000154,7896004710761,Sinvastatina 20 mg Caixa 30 Comprimidos Revestidos,Nazaria - PI,1158.0,0.9003,44.34,0.0,4.42,4.42,2026-09-09 21:03:51,OK,
PI,GD,45592059000154,7896004710761,Sinvastatina 20 mg Caixa 30 Comprimidos Revestidos,Plusfarma - PI,655.0,0.9003,44.34,0.0,4.42,4.42,2026-09-09 21:03:51,OK,
PI,GD,45592059000154,7896004710761,Sinvastatina 20 mg Caixa 30 Comprimidos Revestidos,Total Comércio - PI,30.0,0.9003,44.34,0.0,4.63,4.42,2026-09-09 21:03:51,OK,
PI,GD,45592059000154,7896004710860,Amilorida + Hidroclorotiazida 2.5+25 mg Caixa 30 Comprimidos,Plusfarma - PI,62.0,0.2793,11.29,0.0,8.14,8.14,2026-09-09 21:03:54,OK,
PI,GD,45592059000154,7896004710891,Ácido Acetilsalicílico 100 mg Caixa 30 Comprimidos,Nazaria - PI,663.0,0.20800000000000002,11.52,0.0,9.12,9.12,2026-09-09 21:03:58,OK,
PI,GD,45592059000154,7896004710891,Ácido Acetilsalicílico 100 mg Caixa 30 Comprimidos,Plusfarma - PI,117.0,0.20800000000000002,11.52,0.0,9.12,9.12,2026-09-09 21:03:58,OK,
PI,GD,45592059000154,7896004710891,Ácido Acetilsalicílico 100 mg Caixa 30 Comprimidos,Panpharma - PI,122.0,0.2059,11.52,0.0,9.15,9.15,2026-09-09 21:03:58,OK,
PI,GD,45592059000154,7896004710891,Ácido Acetilsalicílico 100 mg Caixa 30 Comprimidos,Total Comércio - PI,198.0,0.207,11.52,0.0,9.58,9.14,2026-09-09 21:03:58,OK,
PI,GD,45592059000154,7896004710907,Ácido Acetilsalicílico 100 mg Display 200 Comprimidos,Nazaria - PI,507.0,0.442,72.94,0.0,40.7,40.7,2026-09-09 21:04:02,OK,
PI,GD,45592059000154,7896004710907,Ácido Acetilsalicílico 100 mg Display 200 Comprimidos,Plusfarma - PI,57.0,0.442,72.94,0.0,40.7,40.7,2026-09-09 21:04:02,OK,
PI,GD,45592059000154,7896004710907,Ácido Acetilsalicílico 100 mg Display 200 Comprimidos,Panpharma - PI,22.0,0.44,72.94,0.0,40.85,40.85,2026-09-09 21:04:02,OK,
PI,GD,45592059000154,7896004711034,Espironolactona 50 mg Caixa 30 Comprimidos,Plusfarma - PI,33.0,0.603,37.7,0.0,14.97,14.97,2026-09-09 21:04:06,OK,
PI,GD,45592059000154,7896004711034,Espironolactona 50 mg Caixa 30 Comprimidos,Panpharma - PI,57.0,0.5635,37.7,0.0,16.46,16.46,2026-09-09 21:04:06,OK,
PI,GD,45592059000154,7896004711188,Sinvastatina 40 mg Caixa 30 Comprimidos Revestidos,Panpharma - PI,134.0,0.883,52.77,0.0,6.17,6.17,2026-09-09 21:04:10,OK,
PI,GD,45592059000154,7896004711188,Sinvastatina 40 mg Caixa 30 Comprimidos Revestidos,Nazaria - PI,1023.0,0.87,52.77,0.0,6.86,6.86,2026-09-09 21:04:10,OK,
PI,GD,45592059000154,7896004711188,Sinvastatina 40 mg Caixa 30 Comprimidos Revestidos,Plusfarma - PI,388.0,0.87,52.77,0.0,6.86,6.86,2026-09-09 21:04:10,OK,
PI,GD,45592059000154,7896004711188,Sinvastatina 40 mg Caixa 30 Comprimidos Revestidos,Total Comércio - PI,45.0,0.87,52.77,0.0,7.19,6.86,2026-09-09 21:04:10,OK,
PI,GD,45592059000154,7896004711195,Nistatina + Óxido De Zinco 100.000ui+200mg/g Bisnaga 60 g Pomada,Nazaria - PI,641.0,0.6568999999999999,30.53,0.0,10.47,10.47,2026-09-09 21:04:15,OK,
PI,GD,45592059000154,7896004711195,Nistatina + Óxido De Zinco 100.000ui+200mg/g Bisnaga 60 g Pomada,Plusfarma - PI,204.0,0.6568999999999999,30.53,0.0,10.47,10.47,2026-09-09 21:04:15,OK,
PI,GD,45592059000154,7896004711195,Nistatina + Óxido De Zinco 100.000ui+200mg/g Bisnaga 60 g Pomada,Panpharma - PI,97.0,0.6218,30.53,0.0,11.55,11.55,2026-09-09 21:04:15,OK,
PI,GD,45592059000154,7896004711218,,,0.0,0.0,0.0,0.0,0.0,0.0,2026-09-09 21:04:27,ERRO,Message: Nenhuma distribuidora pôde ser lida no card do produto.
PI,GD,45592059000154,7896004711225,,,0.0,0.0,0.0,0.0,0.0,0.0,2026-09-09 21:04:39,ERRO,Message: Nenhuma distribuidora pôde ser lida no card do produto.
PI,GD,45592059000154,7896004711232,Glimepirida 4 mg Caixa 30 Comprimidos,Plusfarma - PI,30.0,0.8462000000000001,56.57,0.0,8.7,8.7,2026-09-09 21:04:43,OK,
PI,GD,45592059000154,7896004711232,Glimepirida 4 mg Caixa 30 Comprimidos,Panpharma - PI,1.0,0.8349,56.57,0.0,9.34,9.34,2026-09-09 21:04:43,OK,
PI,GD,45592059000154,7896004711287,Dexclorfeniramina 2 mg Caixa 20 Comprimidos,Nazaria - PI,92.0,0.5916,13.9,0.0,5.68,5.68,2026-09-09 21:04:47,OK,
PI,GD,45592059000154,7896004711287,Dexclorfeniramina 2 mg Caixa 20 Comprimidos,Plusfarma - PI,77.0,0.5916,13.9,0.0,5.68,5.68,2026-09-09 21:04:47,OK,
PI,GD,45592059000154,7896004711287,Dexclorfeniramina 2 mg Caixa 20 Comprimidos,Panpharma - PI,9.0,0.5725,13.9,0.0,5.94,5.94,2026-09-09 21:04:47,OK,
PI,GD,45592059000154,7896004711423,Clotrimazol 10 mg/g Bisnaga 35 g Creme Vaginal + 6 Aplicadores,Plusfarma - PI,202.0,0.6539,53.84,0.0,18.63,18.63,2026-09-09 21:04:51,OK,
PI,GD,45592059000154,7896004711423,Clotrimazol 10 mg/g Bisnaga 35 g Creme Vaginal + 6 Aplicadores,Panpharma - PI,47.0,0.6217,53.84,0.0,20.37,20.37,2026-09-09 21:04:51,OK,
PI,GD,45592059000154,7896004711454,Amilorida + Hidroclorotiazida 5+50 mg Caixa 30 Comprimidos,Plusfarma - PI,82.0,0.2793,18.89,0.0,13.61,13.61,2026-09-09 21:04:55,OK,
PI,GD,45592059000154,7896004711454,Amilorida + Hidroclorotiazida 5+50 mg Caixa 30 Comprimidos,Nazaria - PI,71.0,0.2793,18.89,0.0,13.61,13.61,2026-09-09 21:04:55,OK,
PI,GD,45592059000154,7896004711454,Amilorida + Hidroclorotiazida 5+50 mg Caixa 30 Comprimidos,Panpharma - PI,108.0,0.2772,18.89,0.0,13.65,13.65,2026-09-09 21:04:55,OK,
PI,GD,45592059000154,7896004711485,Dexclorfeniramina + Betametasona 2+0.25 mg Caixa 20 Comprimidos,Nazaria - PI,407.0,0.3626,21.07,0.0,13.43,13.43,2026-09-09 21:04:59,OK,
PI,GD,45592059000154,7896004711485,Dexclorfeniramina + Betametasona 2+0.25 mg Caixa 20 Comprimidos,Plusfarma - PI,72.0,0.3626,21.07,0.0,13.43,13.43,2026-09-09 21:04:59,OK,
PI,GD,45592059000154,7896004711485,Dexclorfeniramina + Betametasona 2+0.25 mg Caixa 20 Comprimidos,Panpharma - PI,66.0,0.3605,21.07,0.0,13.47,13.47,2026-09-09 21:04:59,OK,
PI,GD,45592059000154,7896004711539,Diclofenaco Colestiramina 70 mg Caixa 14 Cápsulas,Nazaria - PI,202.0,0.7609999999999999,29.9,0.0,7.15,7.15,2026-09-09 21:05:02,OK,
PI,GD,45592059000154,7896004711690,Betametasona + Gentamicina 0.5+1 mg/g Bisnaga 30 g Creme,Plusfarma - PI,24.0,0.7717,26.76,0.0,6.11,6.11,2026-09-09 21:05:06,OK,
PI,GD,45592059000154,7896004711690,Betametasona + Gentamicina 0.5+1 mg/g Bisnaga 30 g Creme,Nazaria - PI,10.0,0.7717,26.76,0.0,6.11,6.11,2026-09-09 21:05:06,OK,
PI,GD,45592059000154,7896004711690,Betametasona + Gentamicina 0.5+1 mg/g Bisnaga 30 g Creme,Panpharma - PI,39.0,0.7563,26.76,0.0,6.52,6.52,2026-09-09 21:05:06,OK,
PI,GD,45592059000154,7896004711744,,,0.0,0.0,0.0,0.0,0.0,0.0,2026-09-09 21:05:18,ERRO,Message: Nenhuma distribuidora pôde ser lida no card do produto.
PI,GD,45592059000154,7896004711850,Betametasona 0.5 mg/g Bisnaga 30 g Creme,Nazaria - PI,92.0,0.2379,29.83,0.0,22.73,22.73,2026-09-09 21:05:23,OK,
PI,GD,45592059000154,7896004711850,Betametasona 0.5 mg/g Bisnaga 30 g Creme,Plusfarma - PI,18.0,0.2379,29.83,0.0,22.73,22.73,2026-09-09 21:05:23,OK,
PI,GD,45592059000154,7896004711850,Betametasona 0.5 mg/g Bisnaga 30 g Creme,Panpharma - PI,8.0,0.2359,29.83,0.0,22.79,22.79,2026-09-09 21:05:23,OK,
PI,GD,45592059000154,7896004711850,Betametasona 0.5 mg/g Bisnaga 30 g Creme,Total Comércio - PI,18.0,0.23620000000000002,29.83,0.0,23.89,22.78,2026-09-09 21:05:23,OK,
PI,GD,45592059000154,7896004712048,Triancinolona Acetonida 1 mg/g Bisnaga 10 g Pomada Bucal,Panpharma - PI,7.0,0.7005,13.7,0.0,4.1,4.1,2026-09-09 21:05:27,OK,
PI,GD,45592059000154,7896004712048,Triancinolona Acetonida 1 mg/g Bisnaga 10 g Pomada Bucal,Nazaria - PI,1254.0,0.6894,13.7,0.0,4.26,4.26,2026-09-09 21:05:27,OK,
PI,GD,45592059000154,7896004712048,Triancinolona Acetonida 1 mg/g Bisnaga 10 g Pomada Bucal,Plusfarma - PI,352.0,0.6894,13.7,0.0,4.26,4.26,2026-09-09 21:05:27,OK,
PI,GD,45592059000154,7896004712048,Triancinolona Acetonida 1 mg/g Bisnaga 10 g Pomada Bucal,Total Comércio - PI,488.0,0.6894,13.7,0.0,4.46,4.26,2026-09-09 21:05:27,OK,
PI,GD,45592059000154,7896004712147,Dexametasona 4 mg Caixa 10 Comprimidos,Nazaria - PI,3530.0,0.6455,13.39,0.0,4.75,4.75,2026-09-09 21:05:31,OK,
PI,GD,45592059000154,7896004712147,Dexametasona 4 mg Caixa 10 Comprimidos,Plusfarma - PI,544.0,0.6455,13.39,0.0,4.75,4.75,2026-09-09 21:05:31,OK,
PI,GD,45592059000154,7896004712147,Dexametasona 4 mg Caixa 10 Comprimidos,Panpharma - PI,379.0,0.6434000000000001,13.39,0.0,4.77,4.77,2026-09-09 21:05:31,OK,
PI,GD,45592059000154,7896004712413,Clobetasol 0.5 mg/g Bisnaga 30 g Creme,Nazaria - PI,159.0,0.6881,22.79,0.0,7.11,7.11,2026-09-09 21:05:35,OK,
PI,GD,45592059000154,7896004712413,Clobetasol 0.5 mg/g Bisnaga 30 g Creme,Plusfarma - PI,76.0,0.6881,22.79,0.0,7.11,7.11,2026-09-09 21:05:35,OK,
PI,GD,45592059000154,7896004712413,Clobetasol 0.5 mg/g Bisnaga 30 g Creme,Panpharma - PI,23.0,0.6859999999999999,22.79,0.0,7.16,7.16,2026-09-09 21:05:35,OK,
PI,GD,45592059000154,7896004712499,Doxazosina 2 mg Caixa 30 Comprimidos,Plusfarma - PI,90.0,0.8765000000000001,45.74,0.0,5.65,5.65,2026-09-09 21:05:39,OK,
PI,GD,45592059000154,7896004712499,Doxazosina 2 mg Caixa 30 Comprimidos,Nazaria - PI,27.0,0.8765000000000001,45.74,0.0,5.65,5.65,2026-09-09 21:05:39,OK,
PI,GD,45592059000154,7896004712581,Cefalexina 1 g Caixa 8 Comprimidos Revestidos,Nazaria - PI,54.0,0.36119999999999997,83.2,0.0,53.15,53.15,2026-09-09 21:05:43,OK,
PI,GD,45592059000154,7896004712581,Cefalexina 1 g Caixa 8 Comprimidos Revestidos,Total Comércio - PI,52.0,0.36119999999999997,83.2,0.0,55.73,53.15,2026-09-09 21:05:43,OK,
PI,GD,45592059000154,7896004712581,Cefalexina 1 g Caixa 8 Comprimidos Revestidos,Panpharma - PI,75.0,0.3031,83.2,0.0,57.98,57.98,2026-09-09 21:05:43,OK,
PI,GD,45592059000154,7896004712932,Clonazepam 2.5 mg/ml Frasco 20 ml Gotas,Nazaria - PI,2505.0,0.6645,15.46,0.0,5.19,5.19,2026-09-09 21:05:47,OK,
PI,GD,45592059000154,7896004712932,Clonazepam 2.5 mg/ml Frasco 20 ml Gotas,Plusfarma - PI,746.0,0.6645,15.46,0.0,5.19,5.19,2026-09-09 21:05:47,OK,
PI,GD,45592059000154,7896004712932,Clonazepam 2.5 mg/ml Frasco 20 ml Gotas,Panpharma - PI,139.0,0.6625,15.46,0.0,5.22,5.22,2026-09-09 21:05:47,OK,
PI,GD,45592059000154,7896004712932,Clonazepam 2.5 mg/ml Frasco 20 ml Gotas,Total Comércio - PI,188.0,0.6568,15.46,0.0,5.56,5.31,2026-09-09 21:05:47,OK,
PI,GD,45592059000154,7896004712963,Mesalazina 800 mg Caixa 30 Comprimidos Revestidos,Nazaria - PI,198.0,0.3678,103.83,0.0,65.64,65.64,2026-09-09 21:05:51,OK,
PI,GD,45592059000154,7896004712963,Mesalazina 800 mg Caixa 30 Comprimidos Revestidos,Plusfarma - PI,97.0,0.3678,103.83,0.0,65.64,65.64,2026-09-09 21:05:51,OK,
PI,GD,45592059000154,7896004712963,Mesalazina 800 mg Caixa 30 Comprimidos Revestidos,Panpharma - PI,38.0,0.2526,103.83,0.0,77.6,77.6,2026-09-09 21:05:51,OK,
PI,GD,45592059000154,7896004713007,Topiramato 100 mg Caixa 60 Comprimidos Revestidos,Nazaria - PI,8.0,0.8070999999999999,243.03,0.0,46.88,46.88,2026-09-09 21:05:55,OK,
PI,GD,45592059000154,7896004713007,Topiramato 100 mg Caixa 60 Comprimidos Revestidos,Total Comércio - PI,67.0,0.8070999999999999,243.03,0.0,49.16,46.88,2026-09-09 21:05:55,OK,
PI,GD,45592059000154,7896004713007,Topiramato 100 mg Caixa 60 Comprimidos Revestidos,Panpharma - PI,24.0,0.7864,243.03,0.0,51.91,51.91,2026-09-09 21:05:55,OK,
PI,GD,45592059000154,7896004713014,Topiramato 50 mg Caixa 60 Comprimidos Revestidos,Plusfarma - PI,101.0,0.856,165.61,0.0,23.85,23.85,2026-09-09 21:05:59,OK,
PI,GD,45592059000154,7896004713014,Topiramato 50 mg Caixa 60 Comprimidos Revestidos,Nazaria - PI,4.0,0.856,165.61,0.0,23.85,23.85,2026-09-09 21:05:59,OK,
PI,GD,45592059000154,7896004713014,Topiramato 50 mg Caixa 60 Comprimidos Revestidos,Panpharma - PI,25.0,0.8497,165.61,0.0,24.89,24.89,2026-09-09 21:05:59,OK,
PI,GD,45592059000154,7896004713014,Topiramato 50 mg Caixa 60 Comprimidos Revestidos,Total Comércio - PI,2.0,0.856,165.61,0.0,25.0,23.85,2026-09-09 21:05:59,OK,
PI,GD,45592059000154,7896004713021,Topiramato 25 mg Caixa 60 Comprimidos Revestidos,Plusfarma - PI,36.0,0.8554,91.11,0.0,13.17,13.17,2026-09-09 21:06:04,OK,
PI,GD,45592059000154,7896004713021,Topiramato 25 mg Caixa 60 Comprimidos Revestidos,Nazaria - PI,25.0,0.8554,91.11,0.0,13.17,13.17,2026-09-09 21:06:04,OK,
PI,GD,45592059000154,7896004713021,Topiramato 25 mg Caixa 60 Comprimidos Revestidos,Panpharma - PI,18.0,0.8533,91.11,0.0,13.37,13.37,2026-09-09 21:06:04,OK,
PI,GD,45592059000154,7896004713021,Topiramato 25 mg Caixa 60 Comprimidos Revestidos,Total Comércio - PI,44.0,0.8336,91.11,0.0,15.9,15.16,2026-09-09 21:06:04,OK,
PI,GD,45592059000154,7896004713120,Levofloxacino 500 mg Caixa 10 Comprimidos Revestidos,Plusfarma - PI,5.0,0.8684999999999999,98.81,0.0,12.99,12.99,2026-09-09 21:06:07,OK,
PI,GD,45592059000154,7896004713120,Levofloxacino 500 mg Caixa 10 Comprimidos Revestidos,Panpharma - PI,1.0,0.8664000000000001,98.81,0.0,13.2,13.2,2026-09-09 21:06:07,OK,
PI,GD,45592059000154,7896004713137,Levofloxacino 500 mg Caixa 7 Comprimidos Revestidos,Plusfarma - PI,61.0,0.9078,102.57,0.0,9.46,9.46,2026-09-09 21:06:11,OK,
PI,GD,45592059000154,7896004713182,Ácido Acetilsalicílico 100 mg Display 100 Comprimidos,Nazaria - PI,33.0,0.3626,39.58,0.0,25.23,25.23,2026-09-09 21:06:15,OK,
PI,GD,45592059000154,7896004713182,Ácido Acetilsalicílico 100 mg Display 100 Comprimidos,Plusfarma - PI,11.0,0.3626,39.58,0.0,25.23,25.23,2026-09-09 21:06:15,OK,
PI,GD,45592059000154,7896004713182,Ácido Acetilsalicílico 100 mg Display 100 Comprimidos,Panpharma - PI,39.0,0.3605,39.58,0.0,25.31,25.31,2026-09-09 21:06:15,OK,
PI,GD,45592059000154,7896004713182,Ácido Acetilsalicílico 100 mg Display 100 Comprimidos,Total Comércio - PI,68.0,0.3576,39.58,0.0,26.66,25.43,2026-09-09 21:06:15,OK,
PI,GD,45592059000154,7896004713250,Gabapentina 300 mg Caixa 30 Cápsulas,Plusfarma - PI,28.0,0.8023,101.37,0.0,20.04,20.04,2026-09-09 21:06:19,OK,
PI,GD,45592059000154,7896004713250,Gabapentina 300 mg Caixa 30 Cápsulas,Panpharma - PI,82.0,0.8003,101.37,0.0,20.24,20.24,2026-09-09 21:06:19,OK,
PI,GD,45592059000154,7896004713267,Gabapentina 400 mg Caixa 30 Cápsulas,Panpharma - PI,49.0,0.765,151.55,0.0,30.99,30.99,2026-09-09 21:06:22,OK,
PI,GD,45592059000154,7896004713342,Acetilcisteína 600 mg Caixa 5 g Granulado,Nazaria - PI,1733.0,0.6992,69.58,0.0,20.93,20.93,2026-09-09 21:06:26,OK,
PI,GD,45592059000154,7896004713342,Acetilcisteína 600 mg Caixa 5 g Granulado,Plusfarma - PI,264.0,0.6992,69.58,0.0,20.93,20.93,2026-09-09 21:06:26,OK,
PI,GD,45592059000154,7896004713342,Acetilcisteína 600 mg Caixa 5 g Granulado,Panpharma - PI,366.0,0.6970999999999999,69.58,0.0,21.08,21.08,2026-09-09 21:06:26,OK,
PI,GD,45592059000154,7896004713342,Acetilcisteína 600 mg Caixa 5 g Granulado,Total Comércio - PI,30.0,0.6653,69.58,0.0,24.42,23.29,2026-09-09 21:06:26,OK,
PI,GD,45592059000154,7896004713366,Acetilcisteína 40mg/ml Frasco 120 ml Xarope Adulto,Nazaria - PI,2768.0,0.7706000000000001,45.03,0.0,10.33,10.33,2026-09-09 21:06:31,OK,
PI,GD,45592059000154,7896004713366,Acetilcisteína 40mg/ml Frasco 120 ml Xarope Adulto,Plusfarma - PI,400.0,0.7706000000000001,45.03,0.0,10.33,10.33,2026-09-09 21:06:31,OK,
PI,GD,45592059000154,7896004713366,Acetilcisteína 40mg/ml Frasco 120 ml Xarope Adulto,Panpharma - PI,345.0,0.7685,45.03,0.0,10.42,10.42,2026-09-09 21:06:31,OK,
PI,GD,45592059000154,7896004713366,Acetilcisteína 40mg/ml Frasco 120 ml Xarope Adulto,Total Comércio - PI,28.0,0.7155,45.03,0.0,13.43,12.81,2026-09-09 21:06:31,OK,
PI,GD,45592059000154,7896004713571,,,0.0,0.0,0.0,0.0,0.0,0.0,2026-09-09 21:06:43,ERRO,Message: Nenhuma distribuidora pôde ser lida no card do produto.
PI,GD,45592059000154,7896004713618,Algestona + Estradiol 150+10mg/ml Ampola 1 ml Solução Injetável,Nazaria - PI,868.0,0.13,13.41,0.0,11.67,11.67,2026-09-09 21:06:47,OK,
PI,GD,45592059000154,7896004713618,Algestona + Estradiol 150+10mg/ml Ampola 1 ml Solução Injetável,Plusfarma - PI,191.0,0.13,13.41,0.0,11.67,11.67,2026-09-09 21:06:47,OK,
PI,GD,45592059000154,7896004713618,Algestona + Estradiol 150+10mg/ml Ampola 1 ml Solução Injetável,Panpharma - PI,87.0,0.057999999999999996,13.41,0.0,12.63,12.63,2026-09-09 21:06:47,OK,
PI,GD,45592059000154,7896004713717,Oximetazolina 0.25 mg/ml Frasco 20 ml Solução Nasal Pediátrico,Panpharma - PI,117.0,0.3264,10.25,0.0,6.9,6.9,2026-09-09 21:06:50,OK,
PI,GD,45592059000154,7896004713724,Oximetazolina 0.5 mg/ml Frasco 30 ml Solução Nasal Adulto,Plusfarma - PI,256.0,0.3626,14.73,0.0,9.39,9.39,2026-09-09 21:06:54,OK,
PI,GD,45592059000154,7896004713724,Oximetazolina 0.5 mg/ml Frasco 30 ml Solução Nasal Adulto,Nazaria - PI,123.0,0.3626,14.73,0.0,9.39,9.39,2026-09-09 21:06:54,OK,
PI,GD,45592059000154,7896004713724,Oximetazolina 0.5 mg/ml Frasco 30 ml Solução Nasal Adulto,Panpharma - PI,34.0,0.3605,14.73,0.0,9.42,9.42,2026-09-09 21:06:54,OK,
PI,GD,45592059000154,7896004713724,Oximetazolina 0.5 mg/ml Frasco 30 ml Solução Nasal Adulto,Total Comércio - PI,27.0,0.3468,14.73,0.0,10.09,9.62,2026-09-09 21:06:54,OK,
PI,GD,45592059000154,7896004713731,Diclofenaco Potássico 50 mg Caixa 10 Comprimidos Revestidos,Plusfarma - PI,23.0,0.4138,14.57,0.0,8.54,8.54,2026-09-09 21:06:58,OK,
PI,GD,45592059000154,7896004713731,Diclofenaco Potássico 50 mg Caixa 10 Comprimidos Revestidos,Total Comércio - PI,66.0,0.4073,14.57,0.0,9.05,8.64,2026-09-09 21:06:58,OK,
PI,GD,45592059000154,7896004713762,,,0.0,0.0,0.0,0.0,0.0,0.0,2026-09-09 21:07:10,ERRO,Message: Nenhuma distribuidora pôde ser lida no card do produto.
PI,GD,45592059000154,7896004713915,Losartana + Hidroclorotiazida 100+25 mg Caixa 30 Comprimidos Revestidos,Plusfarma - PI,164.0,0.8070999999999999,93.75,0.0,18.08,18.08,2026-09-09 21:07:15,OK,
PI,GD,45592059000154,7896004713915,Losartana + Hidroclorotiazida 100+25 mg Caixa 30 Comprimidos Revestidos,Nazaria - PI,16.0,0.8070999999999999,93.75,0.0,18.08,18.08,2026-09-09 21:07:15,OK,
PI,GD,45592059000154,7896004713915,Losartana + Hidroclorotiazida 100+25 mg Caixa 30 Comprimidos Revestidos,Total Comércio - PI,2.0,0.8070999999999999,93.75,0.0,18.96,18.08,2026-09-09 21:07:15,OK,
PI,GD,45592059000154,7896004713915,Losartana + Hidroclorotiazida 100+25 mg Caixa 30 Comprimidos Revestidos,Panpharma - PI,160.0,0.784,93.75,0.0,20.25,20.25,2026-09-09 21:07:15,OK,
PI,GD,45592059000154,7896004713922,Losartana + Hidroclorotiazida 50+12.5 mg Caixa 30 Comprimidos Revestidos,Plusfarma - PI,129.0,0.7975,58.5,0.0,11.85,11.85,2026-09-09 21:07:19,OK,
PI,GD,45592059000154,7896004713922,Losartana + Hidroclorotiazida 50+12.5 mg Caixa 30 Comprimidos Revestidos,Total Comércio - PI,11.0,0.7975,58.5,0.0,12.42,11.85,2026-09-09 21:07:19,OK,
PI,GD,45592059000154,7896004713922,Losartana + Hidroclorotiazida 50+12.5 mg Caixa 30 Comprimidos Revestidos,Panpharma - PI,50.0,0.7551000000000001,58.5,0.0,14.33,14.33,2026-09-09 21:07:19,OK,
PI,GD,45592059000154,7896004715292,Acetilcisteína 20mg/ml Frasco 120 ml Xarope Pediátrico,Nazaria - PI,1444.0,0.7119,33.77,0.0,9.73,9.73,2026-09-09 21:07:23,OK,
PI,GD,45592059000154,7896004715292,Acetilcisteína 20mg/ml Frasco 120 ml Xarope Pediátrico,Plusfarma - PI,222.0,0.7119,33.77,0.0,9.73,9.73,2026-09-09 21:07:23,OK,
PI,GD,45592059000154,7896004715292,Acetilcisteína 20mg/ml Frasco 120 ml Xarope Pediátrico,Total Comércio - PI,71.0,0.7119,33.77,0.0,10.19,9.73,2026-09-09 21:07:23,OK,
PI,GD,45592059000154,7896004715292,Acetilcisteína 20mg/ml Frasco 120 ml Xarope Pediátrico,Panpharma - PI,268.0,0.6907,33.77,0.0,10.45,10.45,2026-09-09 21:07:23,OK,
PI,GD,45592059000154,7896004715322,Alendronato De Sódio 70 mg Caixa 4 Comprimidos,Nazaria - PI,1141.0,0.968,84.46,0.0,2.7,2.7,2026-09-09 21:07:27,OK,
PI,GD,45592059000154,7896004715322,Alendronato De Sódio 70 mg Caixa 4 Comprimidos,Plusfarma - PI,251.0,0.968,84.46,0.0,2.7,2.7,2026-09-09 21:07:27,OK,
PI,GD,45592059000154,7896004715322,Alendronato De Sódio 70 mg Caixa 4 Comprimidos,Panpharma - PI,175.0,0.9608,84.46,0.0,3.31,3.31,2026-09-09 21:07:27,OK,
PI,GD,45592059000154,7896004715537,Mometasona 1 mg/g Bisnaga 20 g Creme,Plusfarma - PI,454.0,0.6088,35.79,0.0,14.0,14.0,2026-09-09 21:07:31,OK,
PI,GD,45592059000154,7896004715537,Mometasona 1 mg/g Bisnaga 20 g Creme,Total Comércio - PI,101.0,0.6088,35.79,0.0,14.68,14.0,2026-09-09 21:07:31,OK,
PI,GD,45592059000154,7896004715537,Mometasona 1 mg/g Bisnaga 20 g Creme,Panpharma - PI,3.0,0.5717,35.79,0.0,15.33,15.33,2026-09-09 21:07:31,OK,
PI,GD,45592059000154,7896004715674,Dipirona Monoidratada 50 mg/ml Frasco 100 ml Solução Oral,Nazaria - PI,2313.0,0.6148,17.99,0.0,6.93,6.93,2026-09-09 21:07:35,OK,
PI,GD,45592059000154,7896004715674,Dipirona Monoidratada 50 mg/ml Frasco 100 ml Solução Oral,Plusfarma - PI,2157.0,0.6148,17.99,0.0,6.93,6.93,2026-09-09 21:07:35,OK,
PI,GD,45592059000154,7896004715674,Dipirona Monoidratada 50 mg/ml Frasco 100 ml Solução Oral,Panpharma - PI,237.0,0.6049,17.99,0.0,7.11,7.11,2026-09-09 21:07:35,OK,
PI,GD,45592059000154,7896004715711,Timolol 5 mg/ml Frasco 5 ml Solução Oftálmica,Plusfarma - PI,1554.0,0.6790999999999999,12.36,0.0,3.97,3.97,2026-09-09 21:07:39,OK,
PI,GD,45592059000154,7896004715711,Timolol 5 mg/ml Frasco 5 ml Solução Oftálmica,Nazaria - PI,514.0,0.6790999999999999,12.36,0.0,3.97,3.97,2026-09-09 21:07:39,OK,
PI,GD,45592059000154,7896004715711,Timolol 5 mg/ml Frasco 5 ml Solução Oftálmica,Panpharma - PI,194.0,0.6770999999999999,12.36,0.0,3.99,3.99,2026-09-09 21:07:39,OK,
PI,GD,45592059000154,7896004715711,Timolol 5 mg/ml Frasco 5 ml Solução Oftálmica,Total Comércio - PI,155.0,0.659,12.36,0.0,4.42,4.21,2026-09-09 21:07:39,OK,
PI,GD,45592059000154,7896004715803,Cefalexina 500 mg Caixa 8 Comprimidos Revestidos,Nazaria - PI,952.0,0.42090000000000005,28.92,0.0,16.75,16.75,2026-09-09 21:07:43,OK,
PI,GD,45592059000154,7896004715803,Cefalexina 500 mg Caixa 8 Comprimidos Revestidos,Total Comércio - PI,15.0,0.42090000000000005,28.92,0.0,17.55,16.75,2026-09-09 21:07:43,OK,
PI,GD,45592059000154,7896004715841,Dipirona Monoidratada 500 mg/ml Frasco 10 ml Gotas,Nazaria - PI,9182.0,0.6897,7.73,0.0,2.4,2.4,2026-09-09 21:07:47,OK,
PI,GD,45592059000154,7896004715841,Dipirona Monoidratada 500 mg/ml Frasco 10 ml Gotas,Plusfarma - PI,460.0,0.6897,7.73,0.0,2.4,2.4,2026-09-09 21:07:47,OK,
PI,GD,45592059000154,7896004715841,Dipirona Monoidratada 500 mg/ml Frasco 10 ml Gotas,Total Comércio - PI,189.0,0.6897,7.73,0.0,2.52,2.4,2026-09-09 21:07:47,OK,
PI,GD,45592059000154,7896004715841,Dipirona Monoidratada 500 mg/ml Frasco 10 ml Gotas,Panpharma - PI,471.0,0.67,7.73,0.0,2.55,2.55,2026-09-09 21:07:47,OK,
PI,GD,45592059000154,7896004715902,Neomicina + Bacitracina 5mg+250ui/g Bisnaga 15 g Pomada,Plusfarma - PI,240.0,0.5817,12.65,0.0,5.29,5.29,2026-09-09 21:07:51,OK,
PI,GD,45592059000154,7896004715902,Neomicina + Bacitracina 5mg+250ui/g Bisnaga 15 g Pomada,Nazaria - PI,135.0,0.5817,12.65,0.0,5.29,5.29,2026-09-09 21:07:51,OK,
PI,GD,45592059000154,7896004715902,Neomicina + Bacitracina 5mg+250ui/g Bisnaga 15 g Pomada,Panpharma - PI,25.0,0.5574,12.65,0.0,5.6,5.6,2026-09-09 21:07:51,OK,
PI,GD,45592059000154,7896004715957,,,0.0,0.0,0.0,0.0,0.0,0.0,2026-09-09 21:08:03,ERRO,Message: Nenhuma distribuidora pôde ser lida no card do produto.
PI,GD,45592059000154,7896004715964,Azitromicina Di-hidratada 900 mg Frasco 22.5 ml Pó Para Suspensão Oral + Seringa,Plusfarma - PI,498.0,0.7872,79.42,0.0,16.9,16.9,2026-09-09 21:08:08,OK,
PI,GD,45592059000154,7896004715964,Azitromicina Di-hidratada 900 mg Frasco 22.5 ml Pó Para Suspensão Oral + Seringa,Nazaria - PI,14.0,0.7872,79.42,0.0,16.9,16.9,2026-09-09 21:08:08,OK,
PI,GD,45592059000154,7896004715964,Azitromicina Di-hidratada 900 mg Frasco 22.5 ml Pó Para Suspensão Oral + Seringa,Panpharma - PI,49.0,0.7851,79.42,0.0,17.07,17.07,2026-09-09 21:08:08,OK,
PI,GD,45592059000154,7896004715964,Azitromicina Di-hidratada 900 mg Frasco 22.5 ml Pó Para Suspensão Oral + Seringa,Total Comércio - PI,19.0,0.7713,79.42,0.0,19.05,18.16,2026-09-09 21:08:08,OK,
PI,GD,45592059000154,7896004715971,Azitromicina Di-hidratada 600 mg Frasco 15 ml Pó Para Suspensão Oral + Seringa,Plusfarma - PI,791.0,0.7981999999999999,64.52,0.0,13.02,13.02,2026-09-09 21:08:12,OK,
PI,GD,45592059000154,7896004715971,Azitromicina Di-hidratada 600 mg Frasco 15 ml Pó Para Suspensão Oral + Seringa,Nazaria - PI,333.0,0.7981999999999999,64.52,0.0,13.02,13.02,2026-09-09 21:08:12,OK,
PI,GD,45592059000154,7896004715971,Azitromicina Di-hidratada 600 mg Frasco 15 ml Pó Para Suspensão Oral + Seringa,Panpharma - PI,74.0,0.7962,64.52,0.0,13.15,13.15,2026-09-09 21:08:12,OK,
PI,GD,45592059000154,7896004715971,Azitromicina Di-hidratada 600 mg Frasco 15 ml Pó Para Suspensão Oral + Seringa,Total Comércio - PI,77.0,0.769,64.52,0.0,15.63,14.9,2026-09-09 21:08:12,OK,
PI,GD,45592059000154,7896004716138,Espironolactona 100 mg Caixa 30 Comprimidos,Nazaria - PI,24.0,0.21230000000000002,41.26,0.0,32.5,32.5,2026-09-09 21:08:16,OK,
PI,GD,45592059000154,7896004716138,Espironolactona 100 mg Caixa 30 Comprimidos,Total Comércio - PI,54.0,0.21230000000000002,41.26,0.0,34.08,32.5,2026-09-09 21:08:16,OK,
PI,GD,45592059000154,7896004716145,,,0.0,0.0,0.0,0.0,0.0,0.0,2026-09-09 21:08:28,ERRO,Message: Nenhuma distribuidora pôde ser lida no card do produto.
PI,GD,45592059000154,7896004716176,Hidroclorotiazida 25 mg Caixa 30 Comprimidos,Panpharma - PI,7.0,0.7718,8.08,0.0,1.84,1.84,2026-09-09 21:08:32,OK,
PI,GD,45592059000154,7896004716176,Hidroclorotiazida 25 mg Caixa 30 Comprimidos,Nazaria - PI,1468.0,0.7716,8.08,0.0,1.85,1.85,2026-09-09 21:08:32,OK,
PI,GD,45592059000154,7896004716176,Hidroclorotiazida 25 mg Caixa 30 Comprimidos,Plusfarma - PI,547.0,0.7716,8.08,0.0,1.85,1.85,2026-09-09 21:08:32,OK,
PI,GD,45592059000154,7896004716176,Hidroclorotiazida 25 mg Caixa 30 Comprimidos,Total Comércio - PI,203.0,0.7716,8.08,0.0,1.94,1.85,2026-09-09 21:08:32,OK,
PI,GD,45592059000154,7896004716268,,,0.0,0.0,0.0,0.0,0.0,0.0,2026-09-09 21:08:45,ERRO,Message: Nenhuma distribuidora pôde ser lida no card do produto.
PI,GD,45592059000154,7896004716299,Paracetamol Bebê 100 mg/ml Frasco 15 ml Gotas,Nazaria - PI,594.0,0.4364,23.48,0.0,13.23,13.23,2026-09-09 21:08:49,OK,
PI,GD,45592059000154,7896004716299,Paracetamol Bebê 100 mg/ml Frasco 15 ml Gotas,Plusfarma - PI,256.0,0.4364,23.48,0.0,13.23,13.23,2026-09-09 21:08:49,OK,
PI,GD,45592059000154,7896004716299,Paracetamol Bebê 100 mg/ml Frasco 15 ml Gotas,Panpharma - PI,141.0,0.3713,23.48,0.0,14.76,14.76,2026-09-09 21:08:49,OK,
PI,GD,45592059000154,7896004716343,Finasterida 1 mg Caixa 60 Comprimidos Revestidos,Nazaria - PI,59.0,0.7874,137.39,0.0,29.21,29.21,2026-09-09 21:08:52,OK,
PI,GD,45592059000154,7896004716343,Finasterida 1 mg Caixa 60 Comprimidos Revestidos,Panpharma - PI,74.0,0.7853,137.39,0.0,29.5,29.5,2026-09-09 21:08:52,OK,
PI,GD,45592059000154,7896004718446,Dipirona Monoidratada 500 mg/ml Frasco 20 ml Gotas,Nazaria - PI,3788.0,0.7067,14.21,0.0,4.17,4.17,2026-09-09 21:08:56,OK,
PI,GD,45592059000154,7896004718446,Dipirona Monoidratada 500 mg/ml Frasco 20 ml Gotas,Plusfarma - PI,640.0,0.7067,14.21,0.0,4.17,4.17,2026-09-09 21:08:56,OK,
PI,GD,45592059000154,7896004718446,Dipirona Monoidratada 500 mg/ml Frasco 20 ml Gotas,Panpharma - PI,544.0,0.7045999999999999,14.21,0.0,4.2,4.2,2026-09-09 21:08:56,OK,
PI,GD,45592059000154,7896004718446,Dipirona Monoidratada 500 mg/ml Frasco 20 ml Gotas,Total Comércio - PI,131.0,0.6716,14.21,0.0,4.88,4.67,2026-09-09 21:08:56,OK,
PI,GD,45592059000154,7896004718453,Clotrimazol 10 mg/g Bisnaga 20 g Creme,Nazaria - PI,388.0,0.5791,16.12,0.0,6.78,6.78,2026-09-09 21:09:01,OK,
PI,GD,45592059000154,7896004718453,Clotrimazol 10 mg/g Bisnaga 20 g Creme,Plusfarma - PI,105.0,0.5791,16.12,0.0,6.78,6.78,2026-09-09 21:09:01,OK,
PI,GD,45592059000154,7896004718453,Clotrimazol 10 mg/g Bisnaga 20 g Creme,Panpharma - PI,78.0,0.5361,16.12,0.0,7.48,7.48,2026-09-09 21:09:01,OK,
PI,GD,45592059000154,7896004718460,Cetoconazol 20 mg/g Bisnaga 30 g Creme,Nazaria - PI,718.0,0.7371,27.74,0.0,7.29,7.29,2026-09-09 21:09:05,OK,
PI,GD,45592059000154,7896004718460,Cetoconazol 20 mg/g Bisnaga 30 g Creme,Plusfarma - PI,212.0,0.7371,27.74,0.0,7.29,7.29,2026-09-09 21:09:05,OK,
PI,GD,45592059000154,7896004718460,Cetoconazol 20 mg/g Bisnaga 30 g Creme,Panpharma - PI,181.0,0.7351000000000001,27.74,0.0,7.35,7.35,2026-09-09 21:09:05,OK,
PI,GD,45592059000154,7896004718460,Cetoconazol 20 mg/g Bisnaga 30 g Creme,Total Comércio - PI,144.0,0.7226,27.74,0.0,8.07,7.7,2026-09-09 21:09:05,OK,
PI,GD,45592059000154,7896004718804,Alprazolam 0.50 mg Caixa 30 Comprimidos,Nazaria - PI,207.0,0.745,12.63,0.0,3.22,3.22,2026-09-09 21:09:09,OK,
PI,GD,45592059000154,7896004718804,Alprazolam 0.50 mg Caixa 30 Comprimidos,Panpharma - PI,44.0,0.743,12.63,0.0,3.25,3.25,2026-09-09 21:09:09,OK,
PI,GD,45592059000154,7896004718804,Alprazolam 0.50 mg Caixa 30 Comprimidos,Total Comércio - PI,79.0,0.6965,12.63,0.0,4.01,3.83,2026-09-09 21:09:09,OK,
PI,GD,45592059000154,7896004718811,Alprazolam 0.25 mg Caixa 30 Comprimidos,Nazaria - PI,84.0,0.696,14.93,0.0,4.54,4.54,2026-09-09 21:09:12,OK,
PI,GD,45592059000154,7896004718828,Alprazolam 1 mg Caixa 30 Comprimidos,Plusfarma - PI,188.0,0.82,24.8,0.0,4.46,4.46,2026-09-09 21:09:16,OK,
PI,GD,45592059000154,7896004718828,Alprazolam 1 mg Caixa 30 Comprimidos,Nazaria - PI,149.0,0.82,24.8,0.0,4.46,4.46,2026-09-09 21:09:16,OK,
PI,GD,45592059000154,7896004718828,Alprazolam 1 mg Caixa 30 Comprimidos,Panpharma - PI,25.0,0.8178,24.8,0.0,4.52,4.52,2026-09-09 21:09:16,OK,
PI,GD,45592059000154,7896004718828,Alprazolam 1 mg Caixa 30 Comprimidos,Total Comércio - PI,59.0,0.7997,24.8,0.0,5.21,4.97,2026-09-09 21:09:16,OK,
PI,GD,45592059000154,7896004718842,Alprazolam 2 mg Caixa 30 Comprimidos,Plusfarma - PI,122.0,0.8902,74.14,0.0,8.14,8.14,2026-09-09 21:09:21,OK,
PI,GD,45592059000154,7896004718842,Alprazolam 2 mg Caixa 30 Comprimidos,Nazaria - PI,41.0,0.8902,74.14,0.0,8.14,8.14,2026-09-09 21:09:21,OK,
PI,GD,45592059000154,7896004718842,Alprazolam 2 mg Caixa 30 Comprimidos,Panpharma - PI,136.0,0.8795999999999999,74.14,0.0,8.93,8.93,2026-09-09 21:09:21,OK,
PI,GD,45592059000154,7896004718996,Amoxicilina 500 mg Caixa 30 Cápsulas,Plusfarma - PI,49.0,0.6957,56.32,0.0,17.14,17.14,2026-09-09 21:09:25,OK,
PI,GD,45592059000154,7896004718996,Amoxicilina 500 mg Caixa 30 Cápsulas,Nazaria - PI,3.0,0.6957,56.32,0.0,17.14,17.14,2026-09-09 21:09:25,OK,
PI,GD,45592059000154,7896004718996,Amoxicilina 500 mg Caixa 30 Cápsulas,Panpharma - PI,115.0,0.6937000000000001,56.32,0.0,17.25,17.25,2026-09-09 21:09:25,OK,
PI,GD,45592059000154,7896004718996,Amoxicilina 500 mg Caixa 30 Cápsulas,Total Comércio - PI,25.0,0.6822,56.32,0.0,18.77,17.9,2026-09-09 21:09:25,OK,
PI,GD,45592059000154,7896004719283,Hidrocortisona 10 mg/g Bisnaga 30 g Pomada,Nazaria - PI,261.0,0.2699,28.3,0.0,20.66,20.66,2026-09-09 21:09:29,OK,
PI,GD,45592059000154,7896004719283,Hidrocortisona 10 mg/g Bisnaga 30 g Pomada,Plusfarma - PI,153.0,0.2699,28.3,0.0,20.66,20.66,2026-09-09 21:09:29,OK,
PI,GD,45592059000154,7896004719283,Hidrocortisona 10 mg/g Bisnaga 30 g Pomada,Panpharma - PI,79.0,0.26789999999999997,28.3,0.0,20.72,20.72,2026-09-09 21:09:29,OK,
PI,GD,45592059000154,7896004719283,Hidrocortisona 10 mg/g Bisnaga 30 g Pomada,Total Comércio - PI,1.0,0.2672,28.3,0.0,21.74,20.74,2026-09-09 21:09:29,OK,
PI,GD,45592059000154,7896004719580,Amoxicilina + Clavulanato 875+125 mg Caixa 12 Comprimidos Revestidos,Nazaria - PI,89.0,0.8229000000000001,148.52,0.0,26.3,26.3,2026-09-09 21:09:33,OK,
PI,GD,45592059000154,7896004719580,Amoxicilina + Clavulanato 875+125 mg Caixa 12 Comprimidos Revestidos,Plusfarma - PI,74.0,0.8229000000000001,148.52,0.0,26.3,26.3,2026-09-09 21:09:33,OK,
PI,GD,45592059000154,7896004719580,Amoxicilina + Clavulanato 875+125 mg Caixa 12 Comprimidos Revestidos,Total Comércio - PI,32.0,0.8108,148.52,0.0,29.45,28.1,2026-09-09 21:09:33,OK,
PI,GD,45592059000154,7896004719597,Amoxicilina + Clavulanato 875+125 mg Caixa 14 Comprimidos Revestidos,Total Comércio - PI,66.0,0.7617,163.24,0.0,40.79,38.9,2026-09-09 21:09:38,OK,
PI,GD,45592059000154,7896004719597,Amoxicilina + Clavulanato 875+125 mg Caixa 14 Comprimidos Revestidos,Plusfarma - PI,1068.0,0.741,163.24,0.0,42.28,42.28,2026-09-09 21:09:38,OK,
PI,GD,45592059000154,7896004719597,Amoxicilina + Clavulanato 875+125 mg Caixa 14 Comprimidos Revestidos,Nazaria - PI,670.0,0.741,163.24,0.0,42.28,42.28,2026-09-09 21:09:38,OK,
PI,GD,45592059000154,7896004719597,Amoxicilina + Clavulanato 875+125 mg Caixa 14 Comprimidos Revestidos,Panpharma - PI,341.0,0.7389,163.24,0.0,42.62,42.62,2026-09-09 21:09:38,OK,
PI,GD,45592059000154,7896004720241,,,0.0,0.0,0.0,0.0,0.0,0.0,2026-09-09 21:09:50,ERRO,Message: Nenhuma distribuidora pôde ser lida no card do produto.
PI,GD,45592059000154,7896004720746,Amoxicilina + Clavulanato 400+57mg/5ml Frasco 70 ml Pó P/ Susp. Oral + Seringa + Copo,Nazaria - PI,1749.0,0.7877,85.75,0.0,18.2,18.2,2026-09-09 21:09:53,OK,
PI,GD,45592059000154,7896004720746,Amoxicilina + Clavulanato 400+57mg/5ml Frasco 70 ml Pó P/ Susp. Oral + Seringa + Copo,Plusfarma - PI,339.0,0.7877,85.75,0.0,18.2,18.2,2026-09-09 21:09:53,OK,
PI,GD,45592059000154,7896004720784,Dexclorfeniramina 10 mg/g Bisnaga 30 g Creme,Nazaria - PI,134.0,0.4765,15.18,0.0,7.95,7.95,2026-09-09 21:09:57,OK,
PI,GD,45592059000154,7896004720784,Dexclorfeniramina 10 mg/g Bisnaga 30 g Creme,Plusfarma - PI,77.0,0.4765,15.18,0.0,7.95,7.95,2026-09-09 21:09:57,OK,
PI,GD,45592059000154,7896004720784,Dexclorfeniramina 10 mg/g Bisnaga 30 g Creme,Panpharma - PI,39.0,0.4744,15.18,0.0,7.98,7.98,2026-09-09 21:09:57,OK,
PI,GD,45592059000154,7896004720869,,,0.0,0.0,0.0,0.0,0.0,0.0,2026-09-09 21:10:10,ERRO,Message: Nenhuma distribuidora pôde ser lida no card do produto.
PI,GD,45592059000154,7896004721125,Sibutramina 15 mg Caixa 30 Cápsulas,Plusfarma - PI,68.0,0.8154,79.96,0.0,14.76,14.76,2026-09-09 21:10:14,OK,
PI,GD,45592059000154,7896004721125,Sibutramina 15 mg Caixa 30 Cápsulas,Nazaria - PI,57.0,0.8154,79.96,0.0,14.76,14.76,2026-09-09 21:10:14,OK,
PI,GD,45592059000154,7896004721125,Sibutramina 15 mg Caixa 30 Cápsulas,Panpharma - PI,45.0,0.8133,79.96,0.0,14.93,14.93,2026-09-09 21:10:14,OK,
PI,GD,45592059000154,7896004721125,Sibutramina 15 mg Caixa 30 Cápsulas,Total Comércio - PI,103.0,0.8115000000000001,79.95,0.0,15.81,15.07,2026-09-09 21:10:14,OK,
PI,GD,45592059000154,7896004721255,Risperidona 1 mg/g Frasco 30 ml Solução Oral,Plusfarma - PI,765.0,0.5573,62.89,0.0,27.84,27.84,2026-09-09 21:10:18,OK,
PI,GD,45592059000154,7896004721255,Risperidona 1 mg/g Frasco 30 ml Solução Oral,Nazaria - PI,117.0,0.5573,62.89,0.0,27.84,27.84,2026-09-09 21:10:18,OK,
PI,GD,45592059000154,7896004721323,,,0.0,0.0,0.0,0.0,0.0,0.0,2026-09-09 21:10:30,ERRO,Message: Nenhuma distribuidora pôde ser lida no card do produto.
PI,GD,45592059000154,7896004721828,Clonazepam 2 mg Caixa 30 Comprimidos,Nazaria - PI,476.0,0.794,18.57,0.0,3.83,3.83,2026-09-09 21:10:35,OK,
PI,GD,45592059000154,7896004721828,Clonazepam 2 mg Caixa 30 Comprimidos,Plusfarma - PI,278.0,0.794,18.57,0.0,3.83,3.83,2026-09-09 21:10:35,OK,
PI,GD,45592059000154,7896004721828,Clonazepam 2 mg Caixa 30 Comprimidos,Panpharma - PI,181.0,0.7918999999999999,18.57,0.0,3.86,3.86,2026-09-09 21:10:35,OK,
PI,GD,45592059000154,7896004721828,Clonazepam 2 mg Caixa 30 Comprimidos,Total Comércio - PI,253.0,0.7636,18.57,0.0,4.59,4.39,2026-09-09 21:10:35,OK,
PI,GD,45592059000154,7896004721903,Dexametasona 1 mg/g Bisnaga 10 g Creme Dermatológico,Nazaria - PI,794.0,0.6923,11.46,0.0,3.53,3.53,2026-09-09 21:10:39,OK,
PI,GD,45592059000154,7896004721903,Dexametasona 1 mg/g Bisnaga 10 g Creme Dermatológico,Plusfarma - PI,244.0,0.6923,11.46,0.0,3.53,3.53,2026-09-09 21:10:39,OK,
PI,GD,45592059000154,7896004721903,Dexametasona 1 mg/g Bisnaga 10 g Creme Dermatológico,Total Comércio - PI,32.0,0.6923,11.46,0.0,3.7,3.53,2026-09-09 21:10:39,OK,
PI,GD,45592059000154,7896004721903,Dexametasona 1 mg/g Bisnaga 10 g Creme Dermatológico,Panpharma - PI,99.0,0.6658,11.46,0.0,3.83,3.83,2026-09-09 21:10:39,OK,
PI,GD,45592059000154,7896004722122,Aceclofenaco 100 mg Caixa 12 Comprimidos Revestidos,Plusfarma - PI,329.0,0.7676000000000001,41.64,0.0,9.68,9.68,2026-09-09 21:10:44,OK,
PI,GD,45592059000154,7896004722122,Aceclofenaco 100 mg Caixa 12 Comprimidos Revestidos,Nazaria - PI,71.0,0.7676000000000001,41.64,0.0,9.68,9.68,2026-09-09 21:10:44,OK,
PI,GD,45592059000154,7896004722122,Aceclofenaco 100 mg Caixa 12 Comprimidos Revestidos,Panpharma - PI,86.0,0.7655,41.64,0.0,9.76,9.76,2026-09-09 21:10:44,OK,
PI,GD,45592059000154,7896004722122,Aceclofenaco 100 mg Caixa 12 Comprimidos Revestidos,Total Comércio - PI,176.0,0.7358,41.64,0.0,11.53,11.0,2026-09-09 21:10:44,OK,
PI,GD,45592059000154,7896004722160,Bisoprolol 1.25 mg Caixa 30 Comprimidos Revestidos,Nazaria - PI,983.0,0.8373999999999999,70.03,0.0,11.39,11.39,2026-09-09 21:10:48,OK,
PI,GD,45592059000154,7896004722160,Bisoprolol 1.25 mg Caixa 30 Comprimidos Revestidos,Plusfarma - PI,187.0,0.8373999999999999,70.03,0.0,11.39,11.39,2026-09-09 21:10:48,OK,
PI,GD,45592059000154,7896004722160,Bisoprolol 1.25 mg Caixa 30 Comprimidos Revestidos,Total Comércio - PI,225.0,0.8203,70.03,0.0,13.2,12.58,2026-09-09 21:10:48,OK,
PI,GD,45592059000154,7896004722177,Bisoprolol 2.5 mg Caixa 30 Comprimidos Revestidos,Nazaria - PI,254.0,0.6503,43.52,0.0,15.22,15.22,2026-09-09 21:10:52,OK,
PI,GD,45592059000154,7896004722177,Bisoprolol 2.5 mg Caixa 30 Comprimidos Revestidos,Plusfarma - PI,238.0,0.6503,43.52,0.0,15.22,15.22,2026-09-09 21:10:52,OK,
PI,GD,45592059000154,7896004722177,Bisoprolol 2.5 mg Caixa 30 Comprimidos Revestidos,Panpharma - PI,247.0,0.6481999999999999,43.52,0.0,15.31,15.31,2026-09-09 21:10:52,OK,
PI,GD,45592059000154,7896004722177,Bisoprolol 2.5 mg Caixa 30 Comprimidos Revestidos,Total Comércio - PI,110.0,0.6354,43.52,0.0,16.64,15.87,2026-09-09 21:10:52,OK,
PI,GD,45592059000154,7896004722337,Paracetamol + Pseudoefedrina 500+30 mg Caixa 24 Comprimidos Revestidos,Nazaria - PI,71.0,0.16149999999999998,12.67,0.0,10.62,10.62,2026-09-09 21:10:56,OK,
PI,GD,45592059000154,7896004722337,Paracetamol + Pseudoefedrina 500+30 mg Caixa 24 Comprimidos Revestidos,Plusfarma - PI,33.0,0.16149999999999998,12.67,0.0,10.62,10.62,2026-09-09 21:10:56,OK,
PI,GD,45592059000154,7896004722337,Paracetamol + Pseudoefedrina 500+30 mg Caixa 24 Comprimidos Revestidos,Total Comércio - PI,13.0,0.16149999999999998,12.67,0.0,11.14,10.62,2026-09-09 21:10:56,OK,
PI,GD,45592059000154,7896004722337,Paracetamol + Pseudoefedrina 500+30 mg Caixa 24 Comprimidos Revestidos,Panpharma - PI,33.0,0.0599,12.67,0.0,11.91,11.91,2026-09-09 21:10:56,OK,
PI,GD,45592059000154,7896004722467,Lidocaína 50 mg/g Bisnaga 25 g Pomada,Nazaria - PI,135.0,0.39,15.64,0.0,9.54,9.54,2026-09-09 21:11:01,OK,
PI,GD,45592059000154,7896004722467,Lidocaína 50 mg/g Bisnaga 25 g Pomada,Plusfarma - PI,45.0,0.39,15.64,0.0,9.54,9.54,2026-09-09 21:11:01,OK,
PI,GD,45592059000154,7896004722467,Lidocaína 50 mg/g Bisnaga 25 g Pomada,Panpharma - PI,26.0,0.38799999999999996,15.64,0.0,9.57,9.57,2026-09-09 21:11:01,OK,
PI,GD,45592059000154,7896004722467,Lidocaína 50 mg/g Bisnaga 25 g Pomada,Total Comércio - PI,52.0,0.3663,15.64,0.0,10.39,9.91,2026-09-09 21:11:01,OK,
PI,GD,45592059000154,7896004722474,Lidocaína 50 mg/g Bisnaga 25 g Pomada Sabor Laranja,Nazaria - PI,62.0,0.40409999999999996,14.94,0.0,8.9,8.9,2026-09-09 21:11:05,OK,
PI,GD,45592059000154,7896004722474,Lidocaína 50 mg/g Bisnaga 25 g Pomada Sabor Laranja,Plusfarma - PI,36.0,0.40409999999999996,14.94,0.0,8.9,8.9,2026-09-09 21:11:05,OK,
PI,GD,45592059000154,7896004722474,Lidocaína 50 mg/g Bisnaga 25 g Pomada Sabor Laranja,Panpharma - PI,50.0,0.402,14.94,0.0,8.93,8.93,2026-09-09 21:11:05,OK,
PI,GD,45592059000154,7896004722474,Lidocaína 50 mg/g Bisnaga 25 g Pomada Sabor Laranja,Total Comércio - PI,17.0,0.3961,14.94,0.0,9.46,9.02,2026-09-09 21:11:05,OK,
PI,GD,45592059000154,7896004722528,Ciprofloxacino + Dexametasona 3.5+1 mg/ml Frasco 5 ml Solução Oftálmica,Plusfarma - PI,93.0,0.40700000000000003,27.7,0.0,16.43,16.43,2026-09-09 21:11:09,OK,
PI,GD,45592059000154,7896004722528,Ciprofloxacino + Dexametasona 3.5+1 mg/ml Frasco 5 ml Solução Oftálmica,Nazaria - PI,35.0,0.40700000000000003,27.7,0.0,16.43,16.43,2026-09-09 21:11:09,OK,
PI,GD,45592059000154,7896004722870,Losartana Potássica 100 mg Caixa 30 Comprimidos Revestidos,Panpharma - PI,11.0,0.3931,44.61,0.0,27.07,27.07,2026-09-09 21:11:12,OK,
PI,GD,45592059000154,7896004723020,Ácido Tranexâmico 250 mg Caixa 12 Comprimidos,Nazaria - PI,1034.0,0.1232,44.81,0.0,39.29,39.29,2026-09-09 21:11:17,OK,
PI,GD,45592059000154,7896004723020,Ácido Tranexâmico 250 mg Caixa 12 Comprimidos,Plusfarma - PI,544.0,0.1232,44.81,0.0,39.29,39.29,2026-09-09 21:11:17,OK,
PI,GD,45592059000154,7896004723020,Ácido Tranexâmico 250 mg Caixa 12 Comprimidos,Total Comércio - PI,15.0,0.1232,44.81,0.0,41.2,39.29,2026-09-09 21:11:17,OK,
PI,GD,45592059000154,7896004723020,Ácido Tranexâmico 250 mg Caixa 12 Comprimidos,Panpharma - PI,457.0,0.0599,44.81,0.0,42.13,42.13,2026-09-09 21:11:17,OK,
PI,GD,45592059000154,7896004723365,Fenofibrato 200 mg Caixa 30 Cápsulas,Plusfarma - PI,62.0,0.3372,103.24,0.0,68.43,68.43,2026-09-09 21:11:21,OK,
PI,GD,45592059000154,7896004723365,Fenofibrato 200 mg Caixa 30 Cápsulas,Nazaria - PI,55.0,0.3372,103.24,0.0,68.43,68.43,2026-09-09 21:11:21,OK,
PI,GD,45592059000154,7896004723365,Fenofibrato 200 mg Caixa 30 Cápsulas,Panpharma - PI,50.0,0.1693,103.24,0.0,85.76,85.76,2026-09-09 21:11:21,OK,
PI,GD,45592059000154,7896004723563,Domperidona 10 mg Caixa 30 Comprimidos,Plusfarma - PI,1791.0,0.7974,20.03,0.0,4.06,4.06,2026-09-09 21:11:25,OK,
PI,GD,45592059000154,7896004723563,Domperidona 10 mg Caixa 30 Comprimidos,Nazaria - PI,1359.0,0.7974,20.03,0.0,4.06,4.06,2026-09-09 21:11:25,OK,
PI,GD,45592059000154,7896004723570,Domperidona 10 mg Caixa 60 Comprimidos,Nazaria - PI,130.0,0.8006,38.02,0.0,7.58,7.58,2026-09-09 21:11:29,OK,
PI,GD,45592059000154,7896004723570,Domperidona 10 mg Caixa 60 Comprimidos,Plusfarma - PI,52.0,0.8006,38.02,0.0,7.58,7.58,2026-09-09 21:11:29,OK,
PI,GD,45592059000154,7896004723570,Domperidona 10 mg Caixa 60 Comprimidos,Panpharma - PI,285.0,0.7947,38.02,0.0,7.81,7.81,2026-09-09 21:11:29,OK,
PI,GD,45592059000154,7896004724102,Isotretinoína 20 mg Caixa 30 Cápsulas Moles,Plusfarma - PI,231.0,0.7959999999999999,183.9,0.0,37.52,37.52,2026-09-09 21:11:33,OK,
PI,GD,45592059000154,7896004724102,Isotretinoína 20 mg Caixa 30 Cápsulas Moles,Panpharma - PI,7.0,0.7939,183.9,0.0,37.9,37.9,2026-09-09 21:11:33,OK,
PI,GD,45592059000154,7896004724102,Isotretinoína 20 mg Caixa 30 Cápsulas Moles,Total Comércio - PI,10.0,0.7806000000000001,183.9,0.0,42.3,40.35,2026-09-09 21:11:33,OK,
PI,GD,45592059000154,7896004724508,Latanoprosta 50 mcg/ml Frasco 2.5 ml Solução Oftálmica,Nazaria - PI,65.0,0.17980000000000002,130.55,0.0,107.08,107.08,2026-09-09 21:11:36,OK,
PI,GD,45592059000154,7896004724508,Latanoprosta 50 mcg/ml Frasco 2.5 ml Solução Oftálmica,Panpharma - PI,146.0,0.1777,130.55,0.0,107.35,107.35,2026-09-09 21:11:36,OK,
PI,GD,45592059000154,7896004724577,Gliclazida 30 mg Caixa 60 Comprimidos de Liberação Prolongada,Nazaria - PI,145.0,0.4632,37.01,0.0,19.87,19.87,2026-09-09 21:11:41,OK,
PI,GD,45592059000154,7896004724577,Gliclazida 30 mg Caixa 60 Comprimidos de Liberação Prolongada,Plusfarma - PI,123.0,0.4632,37.01,0.0,19.87,19.87,2026-09-09 21:11:41,OK,
PI,GD,45592059000154,7896004724577,Gliclazida 30 mg Caixa 60 Comprimidos de Liberação Prolongada,Total Comércio - PI,38.0,0.4632,37.01,0.0,20.83,19.87,2026-09-09 21:11:41,OK,
PI,GD,45592059000154,7896004724577,Gliclazida 30 mg Caixa 60 Comprimidos de Liberação Prolongada,Panpharma - PI,47.0,0.43270000000000003,37.01,0.0,21.0,21.0,2026-09-09 21:11:41,OK,
PI,GD,45592059000154,7896004724683,Bimatoprosta 0.03% Frasco 5 ml Solução Oftálmica,Nazaria - PI,237.0,0.622,159.34,0.0,60.23,60.23,2026-09-09 21:11:44,OK,
PI,GD,45592059000154,7896004724683,Bimatoprosta 0.03% Frasco 5 ml Solução Oftálmica,Plusfarma - PI,64.0,0.622,159.34,0.0,60.23,60.23,2026-09-09 21:11:44,OK,
PI,GD,45592059000154,7896004724690,Bimatoprosta 0.03% Frasco 3 ml Solução Oftálmica,Nazaria - PI,71.0,0.7212999999999999,106.19,0.0,29.6,29.6,2026-09-09 21:11:48,OK,
PI,GD,45592059000154,7896004724690,Bimatoprosta 0.03% Frasco 3 ml Solução Oftálmica,Plusfarma - PI,56.0,0.7212999999999999,106.19,0.0,29.6,29.6,2026-09-09 21:11:48,OK,
PI,GD,45592059000154,7896004724690,Bimatoprosta 0.03% Frasco 3 ml Solução Oftálmica,Panpharma - PI,95.0,0.7192000000000001,106.19,0.0,29.82,29.82,2026-09-09 21:11:48,OK,
PI,GD,45592059000154,7896004725000,Zolpidem 10 mg Caixa 20 Comprimidos Revestidos,Total Comércio - PI,59.0,0.9392,57.03,0.0,3.63,3.47,2026-09-09 21:11:52,OK,
PI,GD,45592059000154,7896004725420,Ipratrópio 0.25 mg/ml Frasco 20 ml Solução Para Inalação,Plusfarma - PI,353.0,0.7856000000000001,15.99,0.0,3.43,3.43,2026-09-09 21:11:56,OK,
PI,GD,45592059000154,7896004725420,Ipratrópio 0.25 mg/ml Frasco 20 ml Solução Para Inalação,Nazaria - PI,130.0,0.7856000000000001,15.99,0.0,3.43,3.43,2026-09-09 21:11:56,OK,
PI,GD,45592059000154,7896004725420,Ipratrópio 0.25 mg/ml Frasco 20 ml Solução Para Inalação,Panpharma - PI,248.0,0.7848,15.99,0.0,3.44,3.44,2026-09-09 21:11:56,OK,
PI,GD,45592059000154,7896004725697,Dorzolamida + Timolol 20+5 mg/ml Frasco 5 ml Gotas,Nazaria - PI,192.0,0.5846,94.89,0.0,39.42,39.42,2026-09-09 21:12:00,OK,
PI,GD,45592059000154,7896004725697,Dorzolamida + Timolol 20+5 mg/ml Frasco 5 ml Gotas,Plusfarma - PI,116.0,0.5846,94.89,0.0,39.42,39.42,2026-09-09 21:12:00,OK,
PI,GD,45592059000154,7896004725697,Dorzolamida + Timolol 20+5 mg/ml Frasco 5 ml Gotas,Panpharma - PI,84.0,0.5642,94.89,0.0,41.35,41.35,2026-09-09 21:12:00,OK,
PI,GD,45592059000154,7896004726069,Dorzolamida 20 mg/ml Frasco 5 ml Solução Oftálmica,Nazaria - PI,97.0,0.2606,65.35,0.0,48.32,48.32,2026-09-09 21:12:04,OK,
PI,GD,45592059000154,7896004726069,Dorzolamida 20 mg/ml Frasco 5 ml Solução Oftálmica,Plusfarma - PI,60.0,0.2606,65.35,0.0,48.32,48.32,2026-09-09 21:12:04,OK,
PI,GD,45592059000154,7896004726069,Dorzolamida 20 mg/ml Frasco 5 ml Solução Oftálmica,Panpharma - PI,137.0,0.2097,65.35,0.0,51.65,51.65,2026-09-09 21:12:04,OK,
PI,GD,45592059000154,7896004726229,Hidroquinona 40 mg/g Bisnaga 30 g Creme,Nazaria - PI,49.0,0.2382,49.5,0.0,37.71,37.71,2026-09-09 21:12:08,OK,
PI,GD,45592059000154,7896004726229,Hidroquinona 40 mg/g Bisnaga 30 g Creme,Plusfarma - PI,28.0,0.2382,49.5,0.0,37.71,37.71,2026-09-09 21:12:08,OK,
PI,GD,45592059000154,7896004726229,Hidroquinona 40 mg/g Bisnaga 30 g Creme,Total Comércio - PI,4.0,0.2382,49.5,0.0,39.54,37.71,2026-09-09 21:12:08,OK,
PI,GD,45592059000154,7896004726229,Hidroquinona 40 mg/g Bisnaga 30 g Creme,Panpharma - PI,55.0,0.14679999999999999,49.5,0.0,42.23,42.23,2026-09-09 21:12:08,OK,
PI,GD,45592059000154,7896004726533,Hidroquinona+Tretinoína+Fluocinolona 0.1+40+0.5 mg/g Creme Bisnaga 30 g,Total Comércio - PI,70.0,0.2981,169.8,0.0,124.98,119.18,2026-09-09 21:12:11,OK,
PI,GD,45592059000154,7896004726854,Brimonidina 2 mg/ml Frasco 5 ml Solução Oftálmica,Nazaria - PI,227.0,0.7648999999999999,64.22,0.0,15.1,15.1,2026-09-09 21:12:15,OK,
PI,GD,45592059000154,7896004726854,Brimonidina 2 mg/ml Frasco 5 ml Solução Oftálmica,Plusfarma - PI,151.0,0.7648999999999999,64.22,0.0,15.1,15.1,2026-09-09 21:12:15,OK,
PI,GD,45592059000154,7896004726854,Brimonidina 2 mg/ml Frasco 5 ml Solução Oftálmica,Panpharma - PI,20.0,0.7629,64.22,0.0,15.23,15.23,2026-09-09 21:12:15,OK,
PI,GD,45592059000154,7896004726908,Ciclobenzaprina 10 mg Caixa 10 Comprimidos Revestidos,Nazaria - PI,290.0,0.6526000000000001,12.18,0.0,4.23,4.23,2026-09-09 21:12:19,OK,
PI,GD,45592059000154,7896004726908,Ciclobenzaprina 10 mg Caixa 10 Comprimidos Revestidos,Plusfarma - PI,57.0,0.6526000000000001,12.18,0.0,4.23,4.23,2026-09-09 21:12:19,OK,
PI,GD,45592059000154,7896004726908,Ciclobenzaprina 10 mg Caixa 10 Comprimidos Revestidos,Panpharma - PI,165.0,0.6505,12.18,0.0,4.26,4.26,2026-09-09 21:12:19,OK,
PI,GD,45592059000154,7896004727028,Gabapentina 600 mg Caixa 27 Comprimidos Revestidos,Nazaria - PI,165.0,0.255,188.45,0.0,140.4,140.4,2026-09-09 21:12:23,OK,
PI,GD,45592059000154,7896004727028,Gabapentina 600 mg Caixa 27 Comprimidos Revestidos,Plusfarma - PI,48.0,0.255,188.45,0.0,140.4,140.4,2026-09-09 21:12:23,OK,
PI,GD,45592059000154,7896004727028,Gabapentina 600 mg Caixa 27 Comprimidos Revestidos,Panpharma - PI,61.0,0.253,188.45,0.0,140.77,140.77,2026-09-09 21:12:23,OK,
PI,GD,45592059000154,7896004727233,Ciclopirox Olamina 10 mg/ml Frasco 15 ml Solução Tópica,Plusfarma - PI,53.0,0.654,29.47,0.0,10.2,10.2,2026-09-09 21:12:26,OK,
PI,GD,45592059000154,7896004727776,Amitriptilina 25 mg Caixa 30 Comprimidos Revestidos,Nazaria - PI,754.0,0.7256999999999999,19.19,0.0,5.26,5.26,2026-09-09 21:12:31,OK,
PI,GD,45592059000154,7896004727776,Amitriptilina 25 mg Caixa 30 Comprimidos Revestidos,Plusfarma - PI,633.0,0.7256999999999999,19.19,0.0,5.26,5.26,2026-09-09 21:12:31,OK,
PI,GD,45592059000154,7896004727776,Amitriptilina 25 mg Caixa 30 Comprimidos Revestidos,Total Comércio - PI,128.0,0.7256999999999999,19.19,0.0,5.52,5.26,2026-09-09 21:12:31,OK,
PI,GD,45592059000154,7896004727776,Amitriptilina 25 mg Caixa 30 Comprimidos Revestidos,Panpharma - PI,509.0,0.7079000000000001,19.19,0.0,5.61,5.61,2026-09-09 21:12:31,OK,
PI,GD,45592059000154,7896004727882,Bromoprida 10 mg Caixa 20 Cápsulas,Nazaria - PI,302.0,0.6677,27.39,0.0,9.1,9.1,2026-09-09 21:12:35,OK,
PI,GD,45592059000154,7896004727882,Bromoprida 10 mg Caixa 20 Cápsulas,Plusfarma - PI,217.0,0.6677,27.39,0.0,9.1,9.1,2026-09-09 21:12:35,OK,
PI,GD,45592059000154,7896004727882,Bromoprida 10 mg Caixa 20 Cápsulas,Panpharma - PI,130.0,0.6401,27.39,0.0,9.86,9.86,2026-09-09 21:12:35,OK,
PI,GD,45592059000154,7896004728261,Travoprosta 0.04 mg/ml Frasco 2.5 ml Solução Oftálmica,Plusfarma - PI,248.0,0.6605,96.31,0.0,32.7,32.7,2026-09-09 21:12:39,OK,
PI,GD,45592059000154,7896004728261,Travoprosta 0.04 mg/ml Frasco 2.5 ml Solução Oftálmica,Nazaria - PI,102.0,0.6605,96.31,0.0,32.7,32.7,2026-09-09 21:12:39,OK,
PI,GD,45592059000154,7896004728261,Travoprosta 0.04 mg/ml Frasco 2.5 ml Solução Oftálmica,Panpharma - PI,48.0,0.6584,96.31,0.0,32.9,32.9,2026-09-09 21:12:39,OK,
PI,GD,45592059000154,7896004728490,,,0.0,0.0,0.0,0.0,0.0,0.0,2026-09-09 21:12:51,ERRO,Message: Nenhuma distribuidora pôde ser lida no card do produto.
PI,GD,45592059000154,7896004728612,Venlafaxina 150 mg Caixa 30 Cápsulas de Liberação Prolongada,Nazaria - PI,33.0,0.7931,173.38,0.0,35.87,35.87,2026-09-09 21:12:55,OK,
PI,GD,45592059000154,7896004728612,Venlafaxina 150 mg Caixa 30 Cápsulas de Liberação Prolongada,Panpharma - PI,9.0,0.7471,173.38,0.0,43.85,43.85,2026-09-09 21:12:55,OK,
PI,GD,45592059000154,7896004728629,Diclofenaco Sódico 100 mg Caixa 20 Comprimidos Revestidos Lib. Lenta,Panpharma - PI,59.0,0.2896,56.55,0.0,40.17,40.17,2026-09-09 21:12:58,OK,
PI,GD,45592059000154,7896004728667,Risedronato Sódico 35 mg Caixa 4 Comprimidos Revestidos,Nazaria - PI,67.0,0.7784,143.87,0.0,31.88,31.88,2026-09-09 21:13:02,OK,
PI,GD,45592059000154,7896004728667,Risedronato Sódico 35 mg Caixa 4 Comprimidos Revestidos,Plusfarma - PI,63.0,0.7784,143.87,0.0,31.88,31.88,2026-09-09 21:13:02,OK,
PI,GD,45592059000154,7896004728827,Indapamida 1.5 mg Caixa 30 Comprimidos Revestidos,Plusfarma - PI,320.0,0.7306,33.68,0.0,9.07,9.07,2026-09-09 21:13:06,OK,
PI,GD,45592059000154,7896004728827,Indapamida 1.5 mg Caixa 30 Comprimidos Revestidos,Nazaria - PI,317.0,0.7306,33.68,0.0,9.07,9.07,2026-09-09 21:13:06,OK,
PI,GD,45592059000154,7896004728827,Indapamida 1.5 mg Caixa 30 Comprimidos Revestidos,Panpharma - PI,83.0,0.7284999999999999,33.68,0.0,9.14,9.14,2026-09-09 21:13:06,OK,
PI,GD,45592059000154,7896004728827,Indapamida 1.5 mg Caixa 30 Comprimidos Revestidos,Total Comércio - PI,31.0,0.7267,33.68,0.0,9.65,9.2,2026-09-09 21:13:06,OK,
PI,GD,45592059000154,7896004728858,Rosuvastatina Cálcica 20 mg Caixa 30 Comprimidos Revestidos,Nazaria - PI,18508.0,0.9375,174.52,0.0,10.91,10.91,2026-09-09 21:13:10,OK,
PI,GD,45592059000154,7896004728858,Rosuvastatina Cálcica 20 mg Caixa 30 Comprimidos Revestidos,Plusfarma - PI,1236.0,0.9375,174.52,0.0,10.91,10.91,2026-09-09 21:13:10,OK,
PI,GD,45592059000154,7896004728858,Rosuvastatina Cálcica 20 mg Caixa 30 Comprimidos Revestidos,Panpharma - PI,231.0,0.9319,174.52,0.0,11.88,11.88,2026-09-09 21:13:10,OK,
PI,GD,45592059000154,7896004729428,Atorvastatina Cálcica 10 mg Caixa 30 Comprimidos Revestidos,Nazaria - PI,62.0,0.8556,73.12,0.0,10.56,10.56,2026-09-09 21:13:15,OK,
PI,GD,45592059000154,7896004729428,Atorvastatina Cálcica 10 mg Caixa 30 Comprimidos Revestidos,Plusfarma - PI,23.0,0.8556,73.12,0.0,10.56,10.56,2026-09-09 21:13:15,OK,
PI,GD,45592059000154,7896004729428,Atorvastatina Cálcica 10 mg Caixa 30 Comprimidos Revestidos,Total Comércio - PI,131.0,0.8556,73.12,0.0,11.07,10.56,2026-09-09 21:13:15,OK,
PI,GD,45592059000154,7896004729428,Atorvastatina Cálcica 10 mg Caixa 30 Comprimidos Revestidos,Panpharma - PI,163.0,0.8276,73.12,0.0,12.61,12.61,2026-09-09 21:13:15,OK,
PI,GD,45592059000154,7896004729435,Atorvastatina Cálcica 20 mg Caixa 30 Comprimidos Revestidos,Nazaria - PI,154.0,0.8815999999999999,72.99,0.0,8.64,8.64,2026-09-09 21:13:19,OK,
PI,GD,45592059000154,7896004729435,Atorvastatina Cálcica 20 mg Caixa 30 Comprimidos Revestidos,Plusfarma - PI,139.0,0.8815999999999999,72.99,0.0,8.64,8.64,2026-09-09 21:13:19,OK,
PI,GD,45592059000154,7896004729435,Atorvastatina Cálcica 20 mg Caixa 30 Comprimidos Revestidos,Panpharma - PI,287.0,0.8795000000000001,72.99,0.0,8.8,8.8,2026-09-09 21:13:19,OK,
PI,GD,45592059000154,7896004729442,Atorvastatina Cálcica 40 mg Caixa 30 Comprimidos Revestidos,Nazaria - PI,342.0,0.8909999999999999,146.89,0.0,16.01,16.01,2026-09-09 21:13:23,OK,
PI,GD,45592059000154,7896004729442,Atorvastatina Cálcica 40 mg Caixa 30 Comprimidos Revestidos,Plusfarma - PI,96.0,0.8909999999999999,146.89,0.0,16.01,16.01,2026-09-09 21:13:23,OK,
PI,GD,45592059000154,7896004729442,Atorvastatina Cálcica 40 mg Caixa 30 Comprimidos Revestidos,Panpharma - PI,210.0,0.889,146.89,0.0,16.3,16.3,2026-09-09 21:13:23,OK,
PI,GD,45592059000154,7896004729459,Atorvastatina Cálcica 80 mg Caixa 30 Comprimidos Revestidos,Nazaria - PI,100.0,0.39490000000000003,300.89,0.0,182.07,182.07,2026-09-09 21:13:27,OK,
PI,GD,45592059000154,7896004729459,Atorvastatina Cálcica 80 mg Caixa 30 Comprimidos Revestidos,Plusfarma - PI,33.0,0.39490000000000003,300.89,0.0,182.07,182.07,2026-09-09 21:13:27,OK,
PI,GD,45592059000154,7896004729459,Atorvastatina Cálcica 80 mg Caixa 30 Comprimidos Revestidos,Total Comércio - PI,49.0,0.3948,300.89,0.0,190.92,182.1,2026-09-09 21:13:27,OK,
PI,GD,45592059000154,7896004729459,Atorvastatina Cálcica 80 mg Caixa 30 Comprimidos Revestidos,Panpharma - PI,32.0,0.3457,300.89,0.0,196.87,196.87,2026-09-09 21:13:27,OK,
PI,GD,45592059000154,7896004729640,Rosuvastatina Cálcica 10 mg Caixa 30 Comprimidos Revestidos,Nazaria - PI,3400.0,0.9216,95.96,0.0,7.52,7.52,2026-09-09 21:13:31,OK,
PI,GD,45592059000154,7896004729640,Rosuvastatina Cálcica 10 mg Caixa 30 Comprimidos Revestidos,Plusfarma - PI,547.0,0.9216,95.96,0.0,7.52,7.52,2026-09-09 21:13:31,OK,
PI,GD,45592059000154,7896004729640,Rosuvastatina Cálcica 10 mg Caixa 30 Comprimidos Revestidos,Panpharma - PI,35.0,0.9196,95.96,0.0,7.72,7.72,2026-09-09 21:13:31,OK,
PI,GD,45592059000154,7896004729688,Hidroxizina 25 mg Caixa 30 Comprimidos,Nazaria - PI,91.0,0.1379,34.72,0.0,29.93,29.93,2026-09-09 21:13:36,OK,
PI,GD,45592059000154,7896004729688,Hidroxizina 25 mg Caixa 30 Comprimidos,Plusfarma - PI,52.0,0.1379,34.72,0.0,29.93,29.93,2026-09-09 21:13:36,OK,
PI,GD,45592059000154,7896004729688,Hidroxizina 25 mg Caixa 30 Comprimidos,Total Comércio - PI,51.0,0.1379,34.72,0.0,31.39,29.93,2026-09-09 21:13:36,OK,
PI,GD,45592059000154,7896004729688,Hidroxizina 25 mg Caixa 30 Comprimidos,Panpharma - PI,43.0,0.0623,34.72,0.0,32.56,32.56,2026-09-09 21:13:36,OK,
PI,GD,45592059000154,7896004730059,Ciclobenzaprina 5 mg Caixa 30 Comprimidos Revestidos,Plusfarma - PI,1.0,0.7425,32.78,0.0,8.44,8.44,2026-09-09 21:13:39,OK,
PI,GD,45592059000154,7896004730059,Ciclobenzaprina 5 mg Caixa 30 Comprimidos Revestidos,Total Comércio - PI,11.0,0.7277,32.78,0.0,9.36,8.93,2026-09-09 21:13:39,OK,
PI,GD,45592059000154,7896004730080,Sildenafila 25 mg Caixa 4 Comprimidos Revestidos,Total Comércio - PI,10.0,0.9,73.84,0.0,7.74,7.38,2026-09-09 21:13:43,OK,
PI,GD,45592059000154,7896004730103,Sildenafila 50 mg Caixa 4 Comprimidos Revestidos,Panpharma - PI,51.0,0.8212999999999999,17.05,0.0,3.05,3.05,2026-09-09 21:13:46,OK,
PI,GD,45592059000154,7896004730189,,,0.0,0.0,0.0,0.0,0.0,0.0,2026-09-09 21:13:58,ERRO,Message: Nenhuma distribuidora pôde ser lida no card do produto.
PI,GD,45592059000154,7896004730196,Ciclobenzaprina 10 mg Caixa 15 Comprimidos Revestidos,Plusfarma - PI,78.0,0.6964,18.29,0.0,5.55,5.55,2026-09-09 21:14:02,OK,
PI,GD,45592059000154,7896004730196,Ciclobenzaprina 10 mg Caixa 15 Comprimidos Revestidos,Nazaria - PI,44.0,0.6964,18.29,0.0,5.55,5.55,2026-09-09 21:14:02,OK,
PI,GD,45592059000154,7896004730196,Ciclobenzaprina 10 mg Caixa 15 Comprimidos Revestidos,Panpharma - PI,12.0,0.6944,18.29,0.0,5.59,5.59,2026-09-09 21:14:02,OK,
PI,GD,45592059000154,7896004730370,Quetiapina 100 mg Caixa 30 Comprimidos Revestidos,Total Comércio - PI,56.0,0.8598,138.19,0.0,20.32,19.37,2026-09-09 21:14:07,OK,
PI,GD,45592059000154,7896004730370,Quetiapina 100 mg Caixa 30 Comprimidos Revestidos,Nazaria - PI,804.0,0.8089,138.2,0.0,26.41,26.41,2026-09-09 21:14:07,OK,
PI,GD,45592059000154,7896004730370,Quetiapina 100 mg Caixa 30 Comprimidos Revestidos,Plusfarma - PI,66.0,0.8089,138.2,0.0,26.41,26.41,2026-09-09 21:14:07,OK,
PI,GD,45592059000154,7896004730370,Quetiapina 100 mg Caixa 30 Comprimidos Revestidos,Panpharma - PI,112.0,0.8068000000000001,138.2,0.0,26.7,26.7,2026-09-09 21:14:07,OK,
PI,GD,45592059000154,7896004730387,Quetiapina 200 mg Caixa 30 Comprimidos Revestidos,Nazaria - PI,35.0,0.8349,268.07,0.0,44.26,44.26,2026-09-09 21:14:10,OK,
PI,GD,45592059000154,7896004730387,Quetiapina 200 mg Caixa 30 Comprimidos Revestidos,Panpharma - PI,31.0,0.8329000000000001,268.07,0.0,44.79,44.79,2026-09-09 21:14:10,OK,
PI,GD,45592059000154,7896004730981,Citalopram 20 mg Caixa 30 Comprimidos Revestidos,Plusfarma - PI,20.0,0.8367,53.83,0.0,8.79,8.79,2026-09-09 21:14:14,OK,
PI,GD,45592059000154,7896004730981,Citalopram 20 mg Caixa 30 Comprimidos Revestidos,Panpharma - PI,52.0,0.8256999999999999,53.83,0.0,9.38,9.38,2026-09-09 21:14:14,OK,
PI,GD,45592059000154,7896004731261,,,0.0,0.0,0.0,0.0,0.0,0.0,2026-09-09 21:14:26,ERRO,Message: Nenhuma distribuidora pôde ser lida no card do produto.
PI,GD,45592059000154,7896004731285,,,0.0,0.0,0.0,0.0,0.0,0.0,2026-09-09 21:14:38,ERRO,Message: Nenhuma distribuidora pôde ser lida no card do produto.
PI,GD,45592059000154,7896004731308,,,0.0,0.0,0.0,0.0,0.0,0.0,2026-09-09 21:14:51,ERRO,Message: Nenhuma distribuidora pôde ser lida no card do produto.
PI,GD,45592059000154,7896004731322,Carvedilol 25 mg Caixa 30 Comprimidos,Panpharma - PI,13.0,0.9114,98.08,0.0,8.69,8.69,2026-09-09 21:14:54,OK,
PI,GD,45592059000154,7896004731568,Escitalopram 10 mg Caixa 30 Comprimidos Revestidos,Nazaria - PI,1755.0,0.9135,69.78,0.0,6.04,6.04,2026-09-09 21:14:57,OK,
PI,GD,45592059000154,7896004731568,Escitalopram 10 mg Caixa 30 Comprimidos Revestidos,Plusfarma - PI,187.0,0.9135,69.78,0.0,6.04,6.04,2026-09-09 21:14:57,OK,
PI,GD,45592059000154,7896004731575,Escitalopram 10 mg Caixa 60 Comprimidos Revestidos,Plusfarma - PI,50.0,0.9131,125.63,0.0,10.92,10.92,2026-09-09 21:15:02,OK,
PI,GD,45592059000154,7896004731575,Escitalopram 10 mg Caixa 60 Comprimidos Revestidos,Nazaria - PI,43.0,0.9131,125.63,0.0,10.92,10.92,2026-09-09 21:15:02,OK,
PI,GD,45592059000154,7896004731575,Escitalopram 10 mg Caixa 60 Comprimidos Revestidos,Panpharma - PI,192.0,0.9111,125.63,0.0,11.17,11.17,2026-09-09 21:15:02,OK,
PI,GD,45592059000154,7896004731575,Escitalopram 10 mg Caixa 60 Comprimidos Revestidos,Total Comércio - PI,94.0,0.9111,125.63,0.0,11.72,11.17,2026-09-09 21:15:02,OK,
PI,GD,45592059000154,7896004731582,Escitalopram 20 mg Caixa 30 Comprimidos Revestidos,Nazaria - PI,1523.0,0.9159,142.1,0.0,11.95,11.95,2026-09-09 21:15:06,OK,
PI,GD,45592059000154,7896004731582,Escitalopram 20 mg Caixa 30 Comprimidos Revestidos,Plusfarma - PI,92.0,0.9159,142.1,0.0,11.95,11.95,2026-09-09 21:15:06,OK,
PI,GD,45592059000154,7896004731582,Escitalopram 20 mg Caixa 30 Comprimidos Revestidos,Panpharma - PI,294.0,0.9138,142.1,0.0,12.25,12.25,2026-09-09 21:15:06,OK,
PI,GD,45592059000154,7896004731582,Escitalopram 20 mg Caixa 30 Comprimidos Revestidos,Total Comércio - PI,12.0,0.9086,142.1,0.0,13.6,12.99,2026-09-09 21:15:06,OK,
PI,GD,45592059000154,7896004731698,Pioglitazona 15 mg Caixa 15 Comprimidos,Plusfarma - PI,4.0,0.2673,63.45,0.0,48.75,46.49,2026-09-09 21:15:10,OK,
PI,GD,45592059000154,7896004731704,Pioglitazona 30 mg Caixa 15 Comprimidos,Plusfarma - PI,130.0,0.5911,67.11,0.0,27.44,27.44,2026-09-09 21:15:14,OK,
PI,GD,45592059000154,7896004731704,Pioglitazona 30 mg Caixa 15 Comprimidos,Nazaria - PI,67.0,0.5911,67.11,0.0,27.44,27.44,2026-09-09 21:15:14,OK,
PI,GD,45592059000154,7896004731704,Pioglitazona 30 mg Caixa 15 Comprimidos,Panpharma - PI,72.0,0.5213,67.11,0.0,32.13,32.13,2026-09-09 21:15:14,OK,
PI,GD,45592059000154,7896004732626,Bupropiona 150 mg Caixa 30 Comprimidos de Liberação Lenta,Nazaria - PI,364.0,0.8093,118.32,0.0,22.56,22.56,2026-09-09 21:15:18,OK,
PI,GD,45592059000154,7896004732626,Bupropiona 150 mg Caixa 30 Comprimidos de Liberação Lenta,Plusfarma - PI,112.0,0.8093,118.32,0.0,22.56,22.56,2026-09-09 21:15:18,OK,
PI,GD,45592059000154,7896004732626,Bupropiona 150 mg Caixa 30 Comprimidos de Liberação Lenta,Panpharma - PI,43.0,0.8072,118.32,0.0,22.81,22.81,2026-09-09 21:15:18,OK,
PI,GD,45592059000154,7896004732633,Bupropiona 150 mg Caixa 60 Comprimidos de Liberação Lenta,Nazaria - PI,222.0,0.8298000000000001,228.36,0.0,38.87,38.87,2026-09-09 21:15:22,OK,
PI,GD,45592059000154,7896004732633,Bupropiona 150 mg Caixa 60 Comprimidos de Liberação Lenta,Plusfarma - PI,28.0,0.8298000000000001,228.36,0.0,38.87,38.87,2026-09-09 21:15:22,OK,
PI,GD,45592059000154,7896004732633,Bupropiona 150 mg Caixa 60 Comprimidos de Liberação Lenta,Total Comércio - PI,50.0,0.8298000000000001,228.36,0.0,40.76,38.87,2026-09-09 21:15:22,OK,
PI,GD,45592059000154,7896004732633,Bupropiona 150 mg Caixa 60 Comprimidos de Liberação Lenta,Panpharma - PI,57.0,0.8026000000000001,228.36,0.0,45.08,45.08,2026-09-09 21:15:22,OK,
PI,GD,45592059000154,7896004733234,Prednisolona 20 mg Caixa 10 Comprimidos,Nazaria - PI,2616.0,0.6831,18.75,0.0,5.94,5.94,2026-09-09 21:15:27,OK,
PI,GD,45592059000154,7896004733234,Prednisolona 20 mg Caixa 10 Comprimidos,Plusfarma - PI,2339.0,0.6831,18.75,0.0,5.94,5.94,2026-09-09 21:15:27,OK,
PI,GD,45592059000154,7896004733234,Prednisolona 20 mg Caixa 10 Comprimidos,Panpharma - PI,1426.0,0.6712,18.75,0.0,6.16,6.16,2026-09-09 21:15:27,OK,
PI,GD,45592059000154,7896004733234,Prednisolona 20 mg Caixa 10 Comprimidos,Total Comércio - PI,106.0,0.6831,18.75,0.0,6.23,5.94,2026-09-09 21:15:27,OK,
PI,GD,45592059000154,7896004734354,Moxifloxacino 400 mg Caixa 5 Comprimidos Revestidos,Nazaria - PI,141.0,0.7140000000000001,147.68,0.0,42.24,42.24,2026-09-09 21:15:31,OK,
PI,GD,45592059000154,7896004734354,Moxifloxacino 400 mg Caixa 5 Comprimidos Revestidos,Plusfarma - PI,47.0,0.7140000000000001,147.68,0.0,42.24,42.24,2026-09-09 21:15:31,OK,
PI,GD,45592059000154,7896004734354,Moxifloxacino 400 mg Caixa 5 Comprimidos Revestidos,Panpharma - PI,51.0,0.7011,147.68,0.0,44.14,44.14,2026-09-09 21:15:31,OK,
PI,GD,45592059000154,7896004734361,Moxifloxacino 400 mg Caixa 7 Comprimidos Revestidos,Plusfarma - PI,57.0,0.7221,186.84,0.0,51.92,51.92,2026-09-09 21:15:35,OK,
PI,GD,45592059000154,7896004734361,Moxifloxacino 400 mg Caixa 7 Comprimidos Revestidos,Nazaria - PI,15.0,0.7221,186.84,0.0,51.92,51.92,2026-09-09 21:15:35,OK,
PI,GD,45592059000154,7896004734361,Moxifloxacino 400 mg Caixa 7 Comprimidos Revestidos,Panpharma - PI,81.0,0.713,186.84,0.0,53.62,53.62,2026-09-09 21:15:35,OK,
PI,GD,45592059000154,7896004734361,Moxifloxacino 400 mg Caixa 7 Comprimidos Revestidos,Total Comércio - PI,11.0,0.722,186.84,0.0,54.44,51.94,2026-09-09 21:15:35,OK,
PI,GD,45592059000154,7896004734392,Drospirenona + Etinilestradiol 3+0.03 mg Caixa 21 Comprimidos Revestidos,Nazaria - PI,758.0,0.8095,55.26,0.0,10.53,10.53,2026-09-09 21:15:39,OK,
PI,GD,45592059000154,7896004734392,Drospirenona + Etinilestradiol 3+0.03 mg Caixa 21 Comprimidos Revestidos,Plusfarma - PI,114.0,0.8095,55.26,0.0,10.53,10.53,2026-09-09 21:15:39,OK,
PI,GD,45592059000154,7896004734392,Drospirenona + Etinilestradiol 3+0.03 mg Caixa 21 Comprimidos Revestidos,Panpharma - PI,373.0,0.8073999999999999,55.26,0.0,10.64,10.64,2026-09-09 21:15:39,OK,
PI,GD,45592059000154,7896004737058,Atorvastatina Cálcica 20 mg Caixa 60 Comprimidos Revestidos,Plusfarma - PI,39.0,0.8952,129.72,0.0,13.59,13.59,2026-09-09 21:15:43,OK,
PI,GD,45592059000154,7896004737058,Atorvastatina Cálcica 20 mg Caixa 60 Comprimidos Revestidos,Panpharma - PI,10.0,0.8931999999999999,129.72,0.0,13.85,13.85,2026-09-09 21:15:43,OK,
PI,GD,45592059000154,7896004737119,Paroxetina 20 mg Caixa 30 Comprimidos Revestidos,Nazaria - PI,96.0,0.8262999999999999,50.86,0.0,8.83,8.83,2026-09-09 21:15:46,OK,
PI,GD,45592059000154,7896004737218,Orlistate 120 mg Caixa 42 Cápsulas,Nazaria - PI,738.0,0.6374,183.84,0.0,66.66,66.66,2026-09-09 21:15:51,OK,
PI,GD,45592059000154,7896004737218,Orlistate 120 mg Caixa 42 Cápsulas,Plusfarma - PI,56.0,0.6374,183.84,0.0,66.66,66.66,2026-09-09 21:15:51,OK,
PI,GD,45592059000154,7896004737218,Orlistate 120 mg Caixa 42 Cápsulas,Total Comércio - PI,7.0,0.6373,183.84,0.0,69.9,66.68,2026-09-09 21:15:51,OK,
PI,GD,45592059000154,7896004737218,Orlistate 120 mg Caixa 42 Cápsulas,Panpharma - PI,47.0,0.5872999999999999,183.84,0.0,75.87,75.87,2026-09-09 21:15:51,OK,
PI,GD,45592059000154,7896004737225,Orlistate 120 mg Caixa 84 Cápsulas,Nazaria - PI,187.0,0.6839,369.73,0.0,116.87,116.87,2026-09-09 21:15:55,OK,
PI,GD,45592059000154,7896004737225,Orlistate 120 mg Caixa 84 Cápsulas,Plusfarma - PI,48.0,0.6839,369.73,0.0,116.87,116.87,2026-09-09 21:15:55,OK,
PI,GD,45592059000154,7896004737225,Orlistate 120 mg Caixa 84 Cápsulas,Panpharma - PI,170.0,0.6819,369.73,0.0,117.61,117.61,2026-09-09 21:15:55,OK,
PI,GD,45592059000154,7896004737225,Orlistate 120 mg Caixa 84 Cápsulas,Total Comércio - PI,38.0,0.6659,369.73,0.0,129.54,123.53,2026-09-09 21:15:55,OK,
PI,GD,45592059000154,7896004738406,Clopidogrel 75 mg Caixa 28 Comprimidos Revestidos,Nazaria - PI,267.0,0.7726999999999999,74.14,0.0,16.85,16.85,2026-09-09 21:16:00,OK,
PI,GD,45592059000154,7896004738406,Clopidogrel 75 mg Caixa 28 Comprimidos Revestidos,Plusfarma - PI,170.0,0.7726999999999999,74.14,0.0,16.85,16.85,2026-09-09 21:16:00,OK,
PI,GD,45592059000154,7896004738406,Clopidogrel 75 mg Caixa 28 Comprimidos Revestidos,Total Comércio - PI,18.0,0.7726999999999999,74.14,0.0,17.67,16.85,2026-09-09 21:16:00,OK,
PI,GD,45592059000154,7896004738406,Clopidogrel 75 mg Caixa 28 Comprimidos Revestidos,Panpharma - PI,20.0,0.7408,74.14,0.0,19.22,19.22,2026-09-09 21:16:00,OK,
PI,GD,45592059000154,7896004739588,Bisoprolol 5 mg Caixa 30 Comprimidos Revestidos,Nazaria - PI,696.0,0.7312000000000001,52.97,0.0,14.24,14.24,2026-09-09 21:16:04,OK,
PI,GD,45592059000154,7896004739588,Bisoprolol 5 mg Caixa 30 Comprimidos Revestidos,Plusfarma - PI,301.0,0.7312000000000001,52.97,0.0,14.24,14.24,2026-09-09 21:16:04,OK,
PI,GD,45592059000154,7896004739588,Bisoprolol 5 mg Caixa 30 Comprimidos Revestidos,Total Comércio - PI,107.0,0.7311,52.97,0.0,14.93,14.24,2026-09-09 21:16:04,OK,
PI,GD,45592059000154,7896004739588,Bisoprolol 5 mg Caixa 30 Comprimidos Revestidos,Panpharma - PI,130.0,0.695,52.97,0.0,16.16,16.16,2026-09-09 21:16:04,OK,
PI,GD,45592059000154,7896004739595,Bisoprolol 10 mg Caixa 30 Comprimidos Revestidos,Plusfarma - PI,1.0,0.8462000000000001,111.72,0.0,17.18,17.18,2026-09-09 21:16:08,OK,
PI,GD,45592059000154,7896004739595,Bisoprolol 10 mg Caixa 30 Comprimidos Revestidos,Panpharma - PI,78.0,0.8441,111.72,0.0,17.42,17.42,2026-09-09 21:16:08,OK,
PI,GD,45592059000154,7896004742007,Diclofenaco Sódico 50 mg Caixa 20 Comprimidos Revestidos Lib. Retardada,Plusfarma - PI,180.0,0.9015000000000001,26.13,0.0,2.57,2.57,2026-09-09 21:16:12,OK,
PI,GD,45592059000154,7896004742007,Diclofenaco Sódico 50 mg Caixa 20 Comprimidos Revestidos Lib. Retardada,Nazaria - PI,49.0,0.9015000000000001,26.13,0.0,2.57,2.57,2026-09-09 21:16:12,OK,
PI,GD,45592059000154,7896004742007,Diclofenaco Sódico 50 mg Caixa 20 Comprimidos Revestidos Lib. Retardada,Panpharma - PI,46.0,0.789,26.13,0.0,5.51,5.51,2026-09-09 21:16:12,OK,
PI,GD,45592059000154,7896004742069,Esomeprazol Magnésico 20 mg Caixa 28 Comprimidos Revestidos Lib. Retardada,Nazaria - PI,288.0,0.6492,73.47,0.0,25.77,25.77,2026-09-09 21:16:16,OK,
PI,GD,45592059000154,7896004742069,Esomeprazol Magnésico 20 mg Caixa 28 Comprimidos Revestidos Lib. Retardada,Plusfarma - PI,140.0,0.6492,73.47,0.0,25.77,25.77,2026-09-09 21:16:16,OK,
PI,GD,45592059000154,7896004742069,Esomeprazol Magnésico 20 mg Caixa 28 Comprimidos Revestidos Lib. Retardada,Panpharma - PI,370.0,0.6335999999999999,73.47,0.0,26.92,26.92,2026-09-09 21:16:16,OK,
PI,GD,45592059000154,7896004742076,Esomeprazol Magnésico 40 mg Caixa 28 Comprimidos Revestidos Lib. Retardada,Nazaria - PI,115.0,0.8001999999999999,242.88,0.0,48.53,48.53,2026-09-09 21:16:19,OK,
PI,GD,45592059000154,7896004742076,Esomeprazol Magnésico 40 mg Caixa 28 Comprimidos Revestidos Lib. Retardada,Panpharma - PI,58.0,0.7981,242.88,0.0,49.04,49.04,2026-09-09 21:16:19,OK,
PI,GD,45592059000154,7896004742199,Tibolona 2.5 mg Caixa 30 Comprimidos,Nazaria - PI,335.0,0.6043,67.86,0.0,26.85,26.85,2026-09-09 21:16:24,OK,
PI,GD,45592059000154,7896004742199,Tibolona 2.5 mg Caixa 30 Comprimidos,Plusfarma - PI,89.0,0.6043,67.86,0.0,26.85,26.85,2026-09-09 21:16:24,OK,
PI,GD,45592059000154,7896004742199,Tibolona 2.5 mg Caixa 30 Comprimidos,Panpharma - PI,98.0,0.6022,67.86,0.0,26.99,26.99,2026-09-09 21:16:24,OK,
PI,GD,45592059000154,7896004742199,Tibolona 2.5 mg Caixa 30 Comprimidos,Total Comércio - PI,32.0,0.6037,67.86,0.0,28.2,26.89,2026-09-09 21:16:24,OK,
PI,GD,45592059000154,7896004743042,Pramipexol 0.250 mg Caixa 30 Comprimidos,Nazaria - PI,1.0,0.7101999999999999,80.74,0.0,23.4,23.4,2026-09-09 21:16:27,OK,
PI,GD,45592059000154,7896004743745,Rosuvastatina Cálcica 5 mg Caixa 30 Comprimidos Revestidos,Total Comércio - PI,63.0,0.8983,67.88,0.0,7.24,6.9,2026-09-09 21:16:31,OK,
PI,GD,45592059000154,7896004743745,Rosuvastatina Cálcica 5 mg Caixa 30 Comprimidos Revestidos,Plusfarma - PI,183.0,0.7976000000000001,67.88,0.0,13.74,13.74,2026-09-09 21:16:31,OK,
PI,GD,45592059000154,7896004743745,Rosuvastatina Cálcica 5 mg Caixa 30 Comprimidos Revestidos,Nazaria - PI,170.0,0.7976000000000001,67.88,0.0,13.74,13.74,2026-09-09 21:16:31,OK,
PI,GD,45592059000154,7896004743745,Rosuvastatina Cálcica 5 mg Caixa 30 Comprimidos Revestidos,Panpharma - PI,109.0,0.7870999999999999,67.88,0.0,14.45,14.45,2026-09-09 21:16:31,OK,
PI,GD,45592059000154,7896004743936,Esomeprazol Magnésico 20 mg Caixa 14 Comprimidos Revestidos Lib. Retardada,Plusfarma - PI,24.0,0.8131999999999999,65.29,0.0,12.2,12.2,2026-09-09 21:16:35,OK,
PI,GD,45592059000154,7896004743943,Esomeprazol Magnésico 40 mg Caixa 14 Comprimidos Revestidos Lib. Retardada,Nazaria - PI,60.0,0.8277,136.46,0.0,23.51,23.51,2026-09-09 21:16:39,OK,
PI,GD,45592059000154,7896004743943,Esomeprazol Magnésico 40 mg Caixa 14 Comprimidos Revestidos Lib. Retardada,Plusfarma - PI,20.0,0.8277,136.46,0.0,23.51,23.51,2026-09-09 21:16:39,OK,
PI,GD,45592059000154,7896004743943,Esomeprazol Magnésico 40 mg Caixa 14 Comprimidos Revestidos Lib. Retardada,Panpharma - PI,24.0,0.8256999999999999,136.46,0.0,23.78,23.78,2026-09-09 21:16:39,OK,
PI,GD,45592059000154,7896004744360,Fluoxetina 20 mg Caixa 30 Cápsulas,Nazaria - PI,839.0,0.9117000000000001,58.62,0.0,5.18,5.18,2026-09-09 21:16:43,OK,
PI,GD,45592059000154,7896004744360,Fluoxetina 20 mg Caixa 30 Cápsulas,Plusfarma - PI,2.0,0.9117000000000001,58.62,0.0,5.18,5.18,2026-09-09 21:16:43,OK,
PI,GD,45592059000154,7896004744360,Fluoxetina 20 mg Caixa 30 Cápsulas,Panpharma - PI,59.0,0.9087000000000001,58.62,0.0,5.35,5.35,2026-09-09 21:16:43,OK,
PI,GD,45592059000154,7896004744360,Fluoxetina 20 mg Caixa 30 Cápsulas,Total Comércio - PI,59.0,0.9117000000000001,58.62,0.0,5.43,5.18,2026-09-09 21:16:43,OK,
PI,GD,45592059000154,7896004744957,Drospirenona + Etinilestradiol 3+0.02 mg Caixa 24 Comprimidos Revestidos,Nazaria - PI,1049.0,0.7831999999999999,60.26,0.0,13.06,13.06,2026-09-09 21:16:47,OK,
PI,GD,45592059000154,7896004744957,Drospirenona + Etinilestradiol 3+0.02 mg Caixa 24 Comprimidos Revestidos,Plusfarma - PI,355.0,0.7831999999999999,60.26,0.0,13.06,13.06,2026-09-09 21:16:47,OK,
PI,GD,45592059000154,7896004744957,Drospirenona + Etinilestradiol 3+0.02 mg Caixa 24 Comprimidos Revestidos,Panpharma - PI,571.0,0.7812,60.26,0.0,13.18,13.18,2026-09-09 21:16:47,OK,
PI,GD,45592059000154,7896004744957,Drospirenona + Etinilestradiol 3+0.02 mg Caixa 24 Comprimidos Revestidos,Total Comércio - PI,93.0,0.762,60.26,0.0,15.03,14.34,2026-09-09 21:16:47,OK,
PI,GD,45592059000154,7896004746388,Venlafaxina 75 mg Caixa 30 Cápsulas de Liberação Prolongada,Nazaria - PI,127.0,0.7286,88.88,0.0,24.12,24.12,2026-09-09 21:16:52,OK,
PI,GD,45592059000154,7896004746388,Venlafaxina 75 mg Caixa 30 Cápsulas de Liberação Prolongada,Plusfarma - PI,39.0,0.7286,88.88,0.0,24.12,24.12,2026-09-09 21:16:52,OK,
PI,GD,45592059000154,7896004746388,Venlafaxina 75 mg Caixa 30 Cápsulas de Liberação Prolongada,Total Comércio - PI,137.0,0.7286,88.88,0.0,25.3,24.12,2026-09-09 21:16:52,OK,
PI,GD,45592059000154,7896004746388,Venlafaxina 75 mg Caixa 30 Cápsulas de Liberação Prolongada,Panpharma - PI,54.0,0.6678000000000001,88.88,0.0,29.53,29.53,2026-09-09 21:16:52,OK,
PI,GD,45592059000154,7896004746920,Ezetimiba 10 mg Caixa 60 Comprimidos,Plusfarma - PI,138.0,0.7834,139.39,0.0,30.19,30.19,2026-09-09 21:16:56,OK,
PI,GD,45592059000154,7896004746920,Ezetimiba 10 mg Caixa 60 Comprimidos,Panpharma - PI,80.0,0.7814,139.39,0.0,30.47,30.47,2026-09-09 21:16:56,OK,
PI,GD,45592059000154,7896004746920,Ezetimiba 10 mg Caixa 60 Comprimidos,Total Comércio - PI,143.0,0.7648999999999999,139.38,0.0,34.36,32.77,2026-09-09 21:16:56,OK,
PI,GD,45592059000154,7896004746937,Ezetimiba 10 mg Caixa 30 Comprimidos,Plusfarma - PI,2.0,0.7922,83.6,0.0,17.37,17.37,2026-09-09 21:16:59,OK,
PI,GD,45592059000154,7896004746937,Ezetimiba 10 mg Caixa 30 Comprimidos,Panpharma - PI,171.0,0.7901,83.6,0.0,17.55,17.55,2026-09-09 21:16:59,OK,
PI,GD,45592059000154,7896004747002,Escitalopram 15 mg Caixa 30 Comprimidos Revestidos,Nazaria - PI,358.0,0.9107999999999999,162.13,0.0,14.46,14.46,2026-09-09 21:17:03,OK,
PI,GD,45592059000154,7896004747002,Escitalopram 15 mg Caixa 30 Comprimidos Revestidos,Plusfarma - PI,69.0,0.9107999999999999,162.13,0.0,14.46,14.46,2026-09-09 21:17:03,OK,
PI,GD,45592059000154,7896004747002,Escitalopram 15 mg Caixa 30 Comprimidos Revestidos,Panpharma - PI,101.0,0.9087000000000001,162.13,0.0,14.8,14.8,2026-09-09 21:17:03,OK,
PI,GD,45592059000154,7896004747040,,,0.0,0.0,0.0,0.0,0.0,0.0,2026-09-09 21:17:16,ERRO,Message: Nenhuma distribuidora pôde ser lida no card do produto.
PI,GD,45592059000154,7896004747057,Ezetimiba + Sinvastatina 10+20 mg Caixa 30 Comprimidos,Nazaria - PI,41.0,0.6681,95.28,0.0,31.62,31.62,2026-09-09 21:17:20,OK,
PI,GD,45592059000154,7896004747057,Ezetimiba + Sinvastatina 10+20 mg Caixa 30 Comprimidos,Plusfarma - PI,4.0,0.6681,95.28,0.0,31.62,31.62,2026-09-09 21:17:20,OK,
PI,GD,45592059000154,7896004747057,Ezetimiba + Sinvastatina 10+20 mg Caixa 30 Comprimidos,Panpharma - PI,123.0,0.6659999999999999,95.28,0.0,31.82,31.82,2026-09-09 21:17:20,OK,
PI,GD,45592059000154,7896004747064,Ezetimiba + Sinvastatina 10+40 mg Caixa 30 Comprimidos,Panpharma - PI,65.0,0.2534,167.61,0.0,125.14,125.14,2026-09-09 21:17:23,OK,
PI,GD,45592059000154,7896004747620,Aripiprazol 10 mg Caixa 30 Comprimidos,Nazaria - PI,155.0,0.7752,249.37,0.0,56.06,56.06,2026-09-09 21:17:27,OK,
PI,GD,45592059000154,7896004747620,Aripiprazol 10 mg Caixa 30 Comprimidos,Plusfarma - PI,95.0,0.7752,249.37,0.0,56.06,56.06,2026-09-09 21:17:27,OK,
PI,GD,45592059000154,7896004747637,Aripiprazol 15 mg Caixa 30 Comprimidos,Plusfarma - PI,26.0,0.8038,365.51,0.0,71.71,71.71,2026-09-09 21:17:30,OK,
PI,GD,45592059000154,7896004747637,Aripiprazol 15 mg Caixa 30 Comprimidos,Nazaria - PI,24.0,0.8038,365.51,0.0,71.71,71.71,2026-09-09 21:17:30,OK,
PI,GD,45592059000154,7896004747774,Duloxetina 60 mg Caixa 30 Cápsulas de Liberação Retardada,Nazaria - PI,257.0,0.4753,130.7,0.0,68.58,68.58,2026-09-09 21:17:35,OK,
PI,GD,45592059000154,7896004747774,Duloxetina 60 mg Caixa 30 Cápsulas de Liberação Retardada,Plusfarma - PI,38.0,0.4753,130.7,0.0,68.58,68.58,2026-09-09 21:17:35,OK,
PI,GD,45592059000154,7896004747774,Duloxetina 60 mg Caixa 30 Cápsulas de Liberação Retardada,Panpharma - PI,181.0,0.4732,130.7,0.0,68.85,68.85,2026-09-09 21:17:35,OK,
PI,GD,45592059000154,7896004747774,Duloxetina 60 mg Caixa 30 Cápsulas de Liberação Retardada,Total Comércio - PI,1.0,0.46,130.69,0.0,74.0,70.57,2026-09-09 21:17:35,OK,
PI,GD,45592059000154,7896004747880,Celecoxibe 200 mg Caixa 10 Cápsulas,Nazaria - PI,159.0,0.802,42.28,0.0,8.37,8.37,2026-09-09 21:17:39,OK,
PI,GD,45592059000154,7896004747880,Celecoxibe 200 mg Caixa 10 Cápsulas,Plusfarma - PI,7.0,0.802,42.28,0.0,8.37,8.37,2026-09-09 21:17:39,OK,
PI,GD,45592059000154,7896004747880,Celecoxibe 200 mg Caixa 10 Cápsulas,Panpharma - PI,27.0,0.8,42.28,0.0,8.46,8.46,2026-09-09 21:17:39,OK,
PI,GD,45592059000154,7896004747897,Celecoxibe 200 mg Caixa 30 Cápsulas,Panpharma - PI,31.0,0.8093,123.61,0.0,23.57,23.57,2026-09-09 21:17:42,OK,
PI,GD,45592059000154,7896004748214,Quetiapina 25 mg Caixa 30 Comprimidos Revestidos,Nazaria - PI,2241.0,0.8558,51.85,0.0,7.48,7.48,2026-09-09 21:17:47,OK,
PI,GD,45592059000154,7896004748214,Quetiapina 25 mg Caixa 30 Comprimidos Revestidos,Plusfarma - PI,361.0,0.8558,51.85,0.0,7.48,7.48,2026-09-09 21:17:47,OK,
PI,GD,45592059000154,7896004748214,Quetiapina 25 mg Caixa 30 Comprimidos Revestidos,Panpharma - PI,151.0,0.8538,51.85,0.0,7.58,7.58,2026-09-09 21:17:47,OK,
PI,GD,45592059000154,7896004748214,Quetiapina 25 mg Caixa 30 Comprimidos Revestidos,Total Comércio - PI,233.0,0.8495,51.85,0.0,8.18,7.8,2026-09-09 21:17:47,OK,
PI,GD,45592059000154,7896004749303,Pantoprazol 20 mg Caixa 42 Comprimidos Revestidos Lib. Retardada,Nazaria - PI,88.0,0.8166,53.7,0.0,9.85,9.85,2026-09-09 21:17:50,OK,
PI,GD,45592059000154,7896004749303,Pantoprazol 20 mg Caixa 42 Comprimidos Revestidos Lib. Retardada,Panpharma - PI,149.0,0.8145,53.7,0.0,9.96,9.96,2026-09-09 21:17:50,OK,
PI,GD,45592059000154,7896004749303,Pantoprazol 20 mg Caixa 42 Comprimidos Revestidos Lib. Retardada,Total Comércio - PI,32.0,0.8097,53.7,0.0,10.72,10.22,2026-09-09 21:17:50,OK,
PI,GD,45592059000154,7896004749358,,,0.0,0.0,0.0,0.0,0.0,0.0,2026-09-09 21:18:03,ERRO,Message: Nenhuma distribuidora pôde ser lida no card do produto.
PI,GD,45592059000154,7896004749624,Tadalafila 5 mg Caixa 30 Comprimidos Revestidos,Nazaria - PI,2358.0,0.9419,99.56,0.0,5.78,5.78,2026-09-09 21:18:07,OK,
PI,GD,45592059000154,7896004749624,Tadalafila 5 mg Caixa 30 Comprimidos Revestidos,Plusfarma - PI,1138.0,0.9419,99.56,0.0,5.78,5.78,2026-09-09 21:18:07,OK,
PI,GD,45592059000154,7896004749624,Tadalafila 5 mg Caixa 30 Comprimidos Revestidos,Panpharma - PI,2802.0,0.9398000000000001,99.56,0.0,5.99,5.99,2026-09-09 21:18:07,OK,
PI,GD,45592059000154,7896004749624,Tadalafila 5 mg Caixa 30 Comprimidos Revestidos,Total Comércio - PI,79.0,0.9316,99.56,0.0,7.14,6.81,2026-09-09 21:18:07,OK,
PI,GD,45592059000154,7896004749631,,,0.0,0.0,0.0,0.0,0.0,0.0,2026-09-09 21:18:19,ERRO,Message: Nenhuma distribuidora pôde ser lida no card do produto.
PI,GD,45592059000154,7896004749648,Tadalafila 20 mg Caixa 4 Comprimidos Revestidos,Nazaria - PI,4013.0,0.9151,35.35,0.0,3.0,3.0,2026-09-09 21:18:23,OK,
PI,GD,45592059000154,7896004749648,Tadalafila 20 mg Caixa 4 Comprimidos Revestidos,Plusfarma - PI,500.0,0.9151,35.35,0.0,3.0,3.0,2026-09-09 21:18:23,OK,
PI,GD,45592059000154,7896004749648,Tadalafila 20 mg Caixa 4 Comprimidos Revestidos,Total Comércio - PI,93.0,0.8937,35.35,0.0,3.94,3.76,2026-09-09 21:18:23,OK,
PI,GD,45592059000154,7896004749655,,,0.0,0.0,0.0,0.0,0.0,0.0,2026-09-09 21:18:35,ERRO,Message: Nenhuma distribuidora pôde ser lida no card do produto.
PI,GD,45592059000154,7896004750330,,,0.0,0.0,0.0,0.0,0.0,0.0,2026-09-09 21:18:48,ERRO,Message: Nenhuma distribuidora pôde ser lida no card do produto.
PI,GD,45592059000154,7896004750347,Olmesartana + Hidroclorotiazida 40+12.5 mg Caixa 30 Comprimidos Revestidos,Total Comércio - PI,85.0,0.6153,58.85,0.0,23.73,22.64,2026-09-09 21:18:52,OK,
PI,GD,45592059000154,7896004750347,Olmesartana + Hidroclorotiazida 40+12.5 mg Caixa 30 Comprimidos Revestidos,Nazaria - PI,708.0,0.5653,58.85,0.0,25.58,25.58,2026-09-09 21:18:52,OK,
PI,GD,45592059000154,7896004750347,Olmesartana + Hidroclorotiazida 40+12.5 mg Caixa 30 Comprimidos Revestidos,Plusfarma - PI,32.0,0.5653,58.85,0.0,25.58,25.58,2026-09-09 21:18:52,OK,
PI,GD,45592059000154,7896004750354,Olmesartana Medoxomila + Hidroclorotiazida (40+25) mg Caixa 30 Comprimidos Revestidos,Nazaria - PI,607.0,0.5654,58.84,0.0,25.57,25.57,2026-09-09 21:18:56,OK,
PI,GD,45592059000154,7896004750354,Olmesartana Medoxomila + Hidroclorotiazida (40+25) mg Caixa 30 Comprimidos Revestidos,Plusfarma - PI,62.0,0.5654,58.84,0.0,25.57,25.57,2026-09-09 21:18:56,OK,
PI,GD,45592059000154,7896004750354,Olmesartana Medoxomila + Hidroclorotiazida (40+25) mg Caixa 30 Comprimidos Revestidos,Total Comércio - PI,64.0,0.5537,58.84,0.0,27.54,26.26,2026-09-09 21:18:56,OK,
PI,GD,45592059000154,7896004750620,Olmesartana + Anlodipino 40+10 mg Caixa 30 Comprimidos Revestidos,Nazaria - PI,189.0,0.45130000000000003,52.89,0.0,29.02,29.02,2026-09-09 21:19:00,OK,
PI,GD,45592059000154,7896004750620,Olmesartana + Anlodipino 40+10 mg Caixa 30 Comprimidos Revestidos,Plusfarma - PI,16.0,0.45130000000000003,52.89,0.0,29.02,29.02,2026-09-09 21:19:00,OK,
PI,GD,45592059000154,7896004750620,Olmesartana + Anlodipino 40+10 mg Caixa 30 Comprimidos Revestidos,Total Comércio - PI,34.0,0.45130000000000003,52.89,0.0,30.43,29.02,2026-09-09 21:19:00,OK,
PI,GD,45592059000154,7896004750637,Olmesartana + Anlodipino 40+5 mg Caixa 30 Comprimidos Revestidos,Plusfarma - PI,2.0,0.4357,52.89,0.0,29.85,29.85,2026-09-09 21:19:04,OK,
PI,GD,45592059000154,7896004750637,Olmesartana + Anlodipino 40+5 mg Caixa 30 Comprimidos Revestidos,Total Comércio - PI,26.0,0.4357,52.89,0.0,31.3,29.85,2026-09-09 21:19:04,OK,
PI,GD,45592059000154,7896004750637,Olmesartana + Anlodipino 40+5 mg Caixa 30 Comprimidos Revestidos,Panpharma - PI,20.0,0.244,52.89,0.0,39.98,39.98,2026-09-09 21:19:04,OK,
PI,GD,45592059000154,7896004750644,Olmesartana + Anlodipino 20+5 mg Caixa 30 Comprimidos Revestidos,Nazaria - PI,66.0,0.43329999999999996,46.77,0.0,26.5,26.5,2026-09-09 21:19:08,OK,
PI,GD,45592059000154,7896004750644,Olmesartana + Anlodipino 20+5 mg Caixa 30 Comprimidos Revestidos,Plusfarma - PI,61.0,0.43329999999999996,46.77,0.0,26.5,26.5,2026-09-09 21:19:08,OK,
PI,GD,45592059000154,7896004750644,Olmesartana + Anlodipino 20+5 mg Caixa 30 Comprimidos Revestidos,Panpharma - PI,16.0,0.2809,46.77,0.0,33.63,33.63,2026-09-09 21:19:08,OK,
PI,GD,45592059000154,7896004751009,Desvenlafaxina 50 mg Caixa 30 Comprimidos Lib. Prolongada,Total Comércio - PI,2.0,0.8031999999999999,140.12,0.0,28.91,27.58,2026-09-09 21:19:11,OK,
PI,GD,45592059000154,7896004751009,Desvenlafaxina 50 mg Caixa 30 Comprimidos Lib. Prolongada,Panpharma - PI,56.0,0.754,140.12,0.0,34.47,34.47,2026-09-09 21:19:11,OK,
PI,GD,45592059000154,7896004751016,Desvenlafaxina 100 mg Caixa 30 Comprimidos Lib. Prolongada,Nazaria - PI,18.0,0.7272,146.74,0.0,40.03,40.03,2026-09-09 21:19:16,OK,
PI,GD,45592059000154,7896004751016,Desvenlafaxina 100 mg Caixa 30 Comprimidos Lib. Prolongada,Plusfarma - PI,2.0,0.7272,146.74,0.0,40.03,40.03,2026-09-09 21:19:16,OK,
PI,GD,45592059000154,7896004751016,Desvenlafaxina 100 mg Caixa 30 Comprimidos Lib. Prolongada,Panpharma - PI,38.0,0.7251000000000001,146.74,0.0,40.34,40.34,2026-09-09 21:19:16,OK,
PI,GD,45592059000154,7896004751016,Desvenlafaxina 100 mg Caixa 30 Comprimidos Lib. Prolongada,Total Comércio - PI,83.0,0.6520999999999999,146.74,0.0,53.53,51.05,2026-09-09 21:19:16,OK,
PI,GD,45592059000154,7896004751641,Desogestrel 75 mcg Caixa 28 Comprimidos Revestidos,Nazaria - PI,117.0,0.7217,31.45,0.0,8.75,8.75,2026-09-09 21:19:20,OK,
PI,GD,45592059000154,7896004751641,Desogestrel 75 mcg Caixa 28 Comprimidos Revestidos,Plusfarma - PI,39.0,0.7217,31.45,0.0,8.75,8.75,2026-09-09 21:19:20,OK,
PI,GD,45592059000154,7896004751641,Desogestrel 75 mcg Caixa 28 Comprimidos Revestidos,Total Comércio - PI,1.0,0.7217,31.45,0.0,9.18,8.75,2026-09-09 21:19:20,OK,
PI,GD,45592059000154,7896004751641,Desogestrel 75 mcg Caixa 28 Comprimidos Revestidos,Panpharma - PI,1.0,0.7033,31.45,0.0,9.33,9.33,2026-09-09 21:19:20,OK,
PI,GD,45592059000154,7896004752112,Tansulosina 0.4 mg Caixa 20 Comprimidos de Liberação Prolongada,Nazaria - PI,95.0,0.6587999999999999,82.97,0.0,28.31,28.31,2026-09-09 21:19:24,OK,
PI,GD,45592059000154,7896004752112,Tansulosina 0.4 mg Caixa 20 Comprimidos de Liberação Prolongada,Plusfarma - PI,39.0,0.6587999999999999,82.97,0.0,28.31,28.31,2026-09-09 21:19:24,OK,
PI,GD,45592059000154,7896004752112,Tansulosina 0.4 mg Caixa 20 Comprimidos de Liberação Prolongada,Panpharma - PI,44.0,0.6567000000000001,82.97,0.0,28.48,28.48,2026-09-09 21:19:24,OK,
PI,GD,45592059000154,7896004752112,Tansulosina 0.4 mg Caixa 20 Comprimidos de Liberação Prolongada,Total Comércio - PI,25.0,0.6448,82.97,0.0,30.9,29.47,2026-09-09 21:19:24,OK,
PI,GD,45592059000154,7896004752211,Trazodona 50 mg Caixa 60 Comprimidos Revestidos,Nazaria - PI,848.0,0.6470999999999999,70.19,0.0,24.77,24.77,2026-09-09 21:19:28,OK,
PI,GD,45592059000154,7896004752211,Trazodona 50 mg Caixa 60 Comprimidos Revestidos,Plusfarma - PI,73.0,0.6470999999999999,70.19,0.0,24.77,24.77,2026-09-09 21:19:28,OK,
PI,GD,45592059000154,7896004752211,Trazodona 50 mg Caixa 60 Comprimidos Revestidos,Panpharma - PI,129.0,0.6386,70.19,0.0,25.37,25.37,2026-09-09 21:19:28,OK,
PI,GD,45592059000154,7896004752228,Trazodona 100 mg Caixa 30 Comprimidos Revestidos,Nazaria - PI,84.0,0.6288,70.18,0.0,26.05,26.05,2026-09-09 21:19:32,OK,
PI,GD,45592059000154,7896004752228,Trazodona 100 mg Caixa 30 Comprimidos Revestidos,Total Comércio - PI,20.0,0.6258,70.18,0.0,27.54,26.26,2026-09-09 21:19:32,OK,
PI,GD,45592059000154,7896004752471,Ibandronato De Sódio 150 mg Caixa 1 Comprimido Revestido,Nazaria - PI,85.0,0.7827,81.69,0.0,17.75,17.75,2026-09-09 21:19:36,OK,
PI,GD,45592059000154,7896004752471,Ibandronato De Sódio 150 mg Caixa 1 Comprimido Revestido,Plusfarma - PI,34.0,0.7827,81.69,0.0,17.75,17.75,2026-09-09 21:19:36,OK,
PI,GD,45592059000154,7896004752471,Ibandronato De Sódio 150 mg Caixa 1 Comprimido Revestido,Panpharma - PI,39.0,0.7806000000000001,81.69,0.0,17.92,17.92,2026-09-09 21:19:36,OK,
PI,GD,45592059000154,7896004752525,Cetoprofeno 150 mg Caixa 10 Comprimidos de Liberação Prolongada,Nazaria - PI,1709.0,0.8401000000000001,44.55,0.0,7.12,7.12,2026-09-09 21:19:40,OK,
PI,GD,45592059000154,7896004752525,Cetoprofeno 150 mg Caixa 10 Comprimidos de Liberação Prolongada,Plusfarma - PI,494.0,0.8401000000000001,44.55,0.0,7.12,7.12,2026-09-09 21:19:40,OK,
PI,GD,45592059000154,7896004752525,Cetoprofeno 150 mg Caixa 10 Comprimidos de Liberação Prolongada,Panpharma - PI,187.0,0.838,44.55,0.0,7.22,7.22,2026-09-09 21:19:40,OK,
PI,GD,45592059000154,7896004752525,Cetoprofeno 150 mg Caixa 10 Comprimidos de Liberação Prolongada,Total Comércio - PI,151.0,0.82,44.55,0.0,8.41,8.02,2026-09-09 21:19:40,OK,
PI,GD,45592059000154,7896004752730,Gliclazida 60 mg Caixa 30 Comprimidos de Liberação Prolongada,Plusfarma - PI,351.0,0.5468,54.61,0.0,24.75,24.75,2026-09-09 21:19:44,OK,
PI,GD,45592059000154,7896004752730,Gliclazida 60 mg Caixa 30 Comprimidos de Liberação Prolongada,Nazaria - PI,343.0,0.5468,54.61,0.0,24.75,24.75,2026-09-09 21:19:44,OK,
PI,GD,45592059000154,7896004752730,Gliclazida 60 mg Caixa 30 Comprimidos de Liberação Prolongada,Total Comércio - PI,47.0,0.5467,54.61,0.0,25.95,24.75,2026-09-09 21:19:44,OK,
PI,GD,45592059000154,7896004753089,Lercanidipino 10 mg Caixa 30 Comprimidos Revestidos,Panpharma - PI,43.0,0.19879999999999998,99.28,0.0,79.54,79.54,2026-09-09 21:19:48,OK,
PI,GD,45592059000154,7896004753089,Lercanidipino 10 mg Caixa 30 Comprimidos Revestidos,Total Comércio - PI,31.0,0.2,99.28,0.0,83.28,79.42,2026-09-09 21:19:48,OK,
PI,GD,45592059000154,7896004754154,Metilfenidato 10 mg Caixa 30 Comprimidos,Nazaria - PI,325.0,0.2584,28.0,0.0,20.76,20.76,2026-09-09 21:19:52,OK,
PI,GD,45592059000154,7896004754154,Metilfenidato 10 mg Caixa 30 Comprimidos,Plusfarma - PI,122.0,0.2584,28.0,0.0,20.76,20.76,2026-09-09 21:19:52,OK,
PI,GD,45592059000154,7896004754154,Metilfenidato 10 mg Caixa 30 Comprimidos,Panpharma - PI,233.0,0.2563,28.0,0.0,20.82,20.82,2026-09-09 21:19:52,OK,
PI,GD,45592059000154,7896004754161,Metilfenidato 10 mg Caixa 60 Comprimidos,Total Comércio - PI,39.0,0.413,54.67,0.0,33.65,32.09,2026-09-09 21:19:56,OK,
PI,GD,45592059000154,7896004754161,Metilfenidato 10 mg Caixa 60 Comprimidos,Nazaria - PI,21.0,0.3078,54.67,0.0,37.84,37.84,2026-09-09 21:19:56,OK,
PI,GD,45592059000154,7896004754161,Metilfenidato 10 mg Caixa 60 Comprimidos,Panpharma - PI,72.0,0.24109999999999998,54.67,0.0,41.49,41.49,2026-09-09 21:19:56,OK,
PI,GD,45592059000154,7896004754949,Duloxetina 30 mg Caixa 30 Cápsulas de Liberação Retardada,Nazaria - PI,763.0,0.4742,69.55,0.0,36.57,36.57,2026-09-09 21:20:00,OK,
PI,GD,45592059000154,7896004754949,Duloxetina 30 mg Caixa 30 Cápsulas de Liberação Retardada,Plusfarma - PI,120.0,0.4742,69.55,0.0,36.57,36.57,2026-09-09 21:20:00,OK,
PI,GD,45592059000154,7896004754949,Duloxetina 30 mg Caixa 30 Cápsulas de Liberação Retardada,Total Comércio - PI,29.0,0.4742,69.55,0.0,38.35,36.57,2026-09-09 21:20:00,OK,
PI,GD,45592059000154,7896004754949,Duloxetina 30 mg Caixa 30 Cápsulas de Liberação Retardada,Panpharma - PI,176.0,0.4443,69.55,0.0,38.65,38.65,2026-09-09 21:20:00,OK,
PI,GD,45592059000154,7896004755342,Rosuvastatina Cálcica 5 mg Caixa 60 Comprimidos Revestidos,Nazaria - PI,43.0,0.7835,125.72,0.0,27.22,27.22,2026-09-09 21:20:04,OK,
PI,GD,45592059000154,7896004755342,Rosuvastatina Cálcica 5 mg Caixa 60 Comprimidos Revestidos,Plusfarma - PI,3.0,0.7835,125.72,0.0,27.22,27.22,2026-09-09 21:20:04,OK,
PI,GD,45592059000154,7896004755878,Drospirenona + Etinilestradiol 3+0.03 mg Caixa 63 Comprimidos Revestidos,Plusfarma - PI,11.0,0.7666,130.89,0.0,30.55,30.55,2026-09-09 21:20:07,OK,
PI,GD,45592059000154,7896004755878,Drospirenona + Etinilestradiol 3+0.03 mg Caixa 63 Comprimidos Revestidos,Panpharma - PI,70.0,0.735,130.89,0.0,34.69,34.69,2026-09-09 21:20:07,OK,
PI,GD,45592059000154,7896004756417,,,0.0,0.0,0.0,0.0,0.0,0.0,2026-09-09 21:20:20,ERRO,Message: Nenhuma distribuidora pôde ser lida no card do produto.
PI,GD,45592059000154,7896004756424,Paracetamol + Codeína 500+30 mg Caixa 24 Comprimidos,Total Comércio - PI,35.0,0.628,48.64,0.0,18.97,18.09,2026-09-09 21:20:23,OK,
PI,GD,45592059000154,7896004756431,Paracetamol + Codeína 500+30 mg Caixa 36 Comprimidos,Plusfarma - PI,53.0,0.5758,65.79,0.0,27.91,27.91,2026-09-09 21:20:27,OK,
PI,GD,45592059000154,7896004756431,Paracetamol + Codeína 500+30 mg Caixa 36 Comprimidos,Nazaria - PI,39.0,0.5758,65.79,0.0,27.91,27.91,2026-09-09 21:20:27,OK,
PI,GD,45592059000154,7896004756431,Paracetamol + Codeína 500+30 mg Caixa 36 Comprimidos,Panpharma - PI,62.0,0.5737,65.79,0.0,28.05,28.05,2026-09-09 21:20:27,OK,
PI,GD,45592059000154,7896004756875,Clonixinato De Lisina + Ciclobenzaprina 125+5 mg Caixa 15 Comprimidos Revestidos,Nazaria - PI,21.0,0.3626,30.29,0.0,19.31,19.31,2026-09-09 21:20:31,OK,
PI,GD,45592059000154,7896004756875,Clonixinato De Lisina + Ciclobenzaprina 125+5 mg Caixa 15 Comprimidos Revestidos,Plusfarma - PI,8.0,0.3626,30.29,0.0,19.31,19.31,2026-09-09 21:20:31,OK,
PI,GD,45592059000154,7896004756875,Clonixinato De Lisina + Ciclobenzaprina 125+5 mg Caixa 15 Comprimidos Revestidos,Panpharma - PI,9.0,0.3605,30.29,0.0,19.37,19.37,2026-09-09 21:20:31,OK,
PI,GD,45592059000154,7896004757353,Levocetirizina 5 mg Caixa 10 Comprimidos Revestidos,Nazaria - PI,132.0,0.5736,43.34,0.0,18.48,18.48,2026-09-09 21:20:35,OK,
PI,GD,45592059000154,7896004757353,Levocetirizina 5 mg Caixa 10 Comprimidos Revestidos,Plusfarma - PI,29.0,0.5736,43.34,0.0,18.48,18.48,2026-09-09 21:20:35,OK,
PI,GD,45592059000154,7896004757353,Levocetirizina 5 mg Caixa 10 Comprimidos Revestidos,Total Comércio - PI,62.0,0.5736,43.34,0.0,19.38,18.48,2026-09-09 21:20:35,OK,
PI,GD,45592059000154,7896004757353,Levocetirizina 5 mg Caixa 10 Comprimidos Revestidos,Panpharma - PI,40.0,0.5528,43.34,0.0,19.38,19.38,2026-09-09 21:20:35,OK,
PI,GD,45592059000154,7896004758114,Mirtazapina 15 mg Caixa 30 Comprimidos Orodispersíveis,Plusfarma - PI,395.0,0.5091,69.06,0.0,33.9,33.9,2026-09-09 21:20:39,OK,
PI,GD,45592059000154,7896004758114,Mirtazapina 15 mg Caixa 30 Comprimidos Orodispersíveis,Panpharma - PI,121.0,0.4894,69.06,0.0,35.26,35.26,2026-09-09 21:20:39,OK,
PI,GD,45592059000154,7896004758121,,,0.0,0.0,0.0,0.0,0.0,0.0,2026-09-09 21:20:51,ERRO,Message: Nenhuma distribuidora pôde ser lida no card do produto.
PI,GD,45592059000154,7896004758268,Budesonida 32 mcg Frasco 120 Doses Suspensão Spray Nasal,Nazaria - PI,1198.0,0.3846,24.17,0.0,14.87,14.87,2026-09-09 21:20:56,OK,
PI,GD,45592059000154,7896004758268,Budesonida 32 mcg Frasco 120 Doses Suspensão Spray Nasal,Plusfarma - PI,155.0,0.3846,24.17,0.0,14.87,14.87,2026-09-09 21:20:56,OK,
PI,GD,45592059000154,7896004758268,Budesonida 32 mcg Frasco 120 Doses Suspensão Spray Nasal,Total Comércio - PI,38.0,0.3846,24.17,0.0,15.6,14.87,2026-09-09 21:20:56,OK,
PI,GD,45592059000154,7896004758268,Budesonida 32 mcg Frasco 120 Doses Suspensão Spray Nasal,Panpharma - PI,93.0,0.2938,24.17,0.0,17.07,17.07,2026-09-09 21:20:56,OK,
PI,GD,45592059000154,7896004758275,Budesonida 64 mcg Frasco 120 Doses Suspensão Spray Nasal,Nazaria - PI,345.0,0.2693,29.32,0.0,21.42,21.42,2026-09-09 21:21:00,OK,
PI,GD,45592059000154,7896004758275,Budesonida 64 mcg Frasco 120 Doses Suspensão Spray Nasal,Plusfarma - PI,82.0,0.2693,29.32,0.0,21.42,21.42,2026-09-09 21:21:00,OK,
PI,GD,45592059000154,7896004758275,Budesonida 64 mcg Frasco 120 Doses Suspensão Spray Nasal,Panpharma - PI,32.0,0.2353,29.32,0.0,22.42,22.42,2026-09-09 21:21:00,OK,
PI,GD,45592059000154,7896004759593,Sertralina 100 mg Caixa 30 Comprimidos Revestidos,Panpharma - PI,60.0,0.8902,177.12,0.0,19.45,19.45,2026-09-09 21:21:03,OK,
PI,GD,45592059000154,7896004759609,Amoxicilina + Clavulanato 875+125 mg Caixa 20 Comprimidos Revestidos,Nazaria - PI,188.0,0.4768,110.53,0.0,57.83,57.83,2026-09-09 21:21:07,OK,
PI,GD,45592059000154,7896004759609,Amoxicilina + Clavulanato 875+125 mg Caixa 20 Comprimidos Revestidos,Plusfarma - PI,35.0,0.4768,110.53,0.0,57.83,57.83,2026-09-09 21:21:07,OK,
PI,GD,45592059000154,7896004759609,Amoxicilina + Clavulanato 875+125 mg Caixa 20 Comprimidos Revestidos,Total Comércio - PI,35.0,0.4768,110.53,0.0,60.64,57.83,2026-09-09 21:21:07,OK,
PI,GD,45592059000154,7896004759678,Azitromicina Di-hidratada 1500 mg Frasco 37.5 ml Pó Para Suspensão Oral + Seringa,Plusfarma - PI,70.0,0.146,39.19,0.0,33.47,33.47,2026-09-09 21:21:11,OK,
PI,GD,45592059000154,7896004759678,Azitromicina Di-hidratada 1500 mg Frasco 37.5 ml Pó Para Suspensão Oral + Seringa,Nazaria - PI,57.0,0.146,39.19,0.0,33.47,33.47,2026-09-09 21:21:11,OK,
PI,GD,45592059000154,7896004759678,Azitromicina Di-hidratada 1500 mg Frasco 37.5 ml Pó Para Suspensão Oral + Seringa,Panpharma - PI,104.0,0.1404,39.19,0.0,33.69,33.69,2026-09-09 21:21:11,OK,
PI,GD,45592059000154,7896004759678,Azitromicina Di-hidratada 1500 mg Frasco 37.5 ml Pó Para Suspensão Oral + Seringa,Total Comércio - PI,19.0,0.146,39.19,0.0,35.09,33.47,2026-09-09 21:21:11,OK,
PI,GD,45592059000154,7896004759692,Clonazepam 2 mg Caixa 60 Comprimidos,Panpharma - PI,160.0,0.7691,34.35,0.0,7.93,7.93,2026-09-09 21:21:15,OK,
PI,GD,45592059000154,7896004759692,Clonazepam 2 mg Caixa 60 Comprimidos,Total Comércio - PI,25.0,0.7298,34.35,0.0,9.73,9.28,2026-09-09 21:21:15,OK,
PI,GD,45592059000154,7896004759715,Venlafaxina 37.5 mg Caixa 30 Cápsulas de Liberação Prolongada,Nazaria - PI,66.0,0.6379,51.6,0.0,18.68,18.68,2026-09-09 21:21:19,OK,
PI,GD,45592059000154,7896004759715,Venlafaxina 37.5 mg Caixa 30 Cápsulas de Liberação Prolongada,Plusfarma - PI,49.0,0.6379,51.6,0.0,18.68,18.68,2026-09-09 21:21:19,OK,
PI,GD,45592059000154,7896004759715,Venlafaxina 37.5 mg Caixa 30 Cápsulas de Liberação Prolongada,Total Comércio - PI,2.0,0.6379,51.6,0.0,19.59,18.68,2026-09-09 21:21:19,OK,
PI,GD,45592059000154,7896004759715,Venlafaxina 37.5 mg Caixa 30 Cápsulas de Liberação Prolongada,Panpharma - PI,55.0,0.5953,51.6,0.0,20.88,20.88,2026-09-09 21:21:19,OK,
PI,GD,45592059000154,7896004759722,Drospirenona + Etinilestradiol 3+0.02 mg Caixa 72 Comprimidos (3x24),Plusfarma - PI,76.0,0.8079000000000001,151.59,0.0,29.12,29.12,2026-09-09 21:21:23,OK,
PI,GD,45592059000154,7896004759722,Drospirenona + Etinilestradiol 3+0.02 mg Caixa 72 Comprimidos (3x24),Total Comércio - PI,52.0,0.8078,151.59,0.0,30.53,29.14,2026-09-09 21:21:23,OK,
PI,GD,45592059000154,7896004759739,Atenolol + Clortalidona 50+12.5 mg Caixa 60 Comprimidos,Plusfarma - PI,80.0,0.7354999999999999,57.33,0.0,15.16,15.16,2026-09-09 21:21:27,OK,
PI,GD,45592059000154,7896004759739,Atenolol + Clortalidona 50+12.5 mg Caixa 60 Comprimidos,Nazaria - PI,31.0,0.7354999999999999,57.33,0.0,15.16,15.16,2026-09-09 21:21:27,OK,
PI,GD,45592059000154,7896004759739,Atenolol + Clortalidona 50+12.5 mg Caixa 60 Comprimidos,Panpharma - PI,14.0,0.7334999999999999,57.33,0.0,15.28,15.28,2026-09-09 21:21:27,OK,
PI,GD,45592059000154,7896004759791,Olanzapina 10 mg Caixa 30 Comprimidos Revestidos,Plusfarma - PI,253.0,0.8523000000000001,254.7,0.0,37.62,37.62,2026-09-09 21:21:31,OK,
PI,GD,45592059000154,7896004759791,Olanzapina 10 mg Caixa 30 Comprimidos Revestidos,Total Comércio - PI,103.0,0.8522,254.7,0.0,39.44,37.64,2026-09-09 21:21:31,OK,
PI,GD,45592059000154,7896004759791,Olanzapina 10 mg Caixa 30 Comprimidos Revestidos,Panpharma - PI,45.0,0.8340000000000001,254.7,0.0,42.28,42.28,2026-09-09 21:21:31,OK,
PI,GD,45592059000154,7896004759807,Olanzapina 5 mg Caixa 30 Comprimidos Revestidos,Nazaria - PI,80.0,0.8344,129.91,0.0,21.51,21.51,2026-09-09 21:21:35,OK,
PI,GD,45592059000154,7896004759807,Olanzapina 5 mg Caixa 30 Comprimidos Revestidos,Plusfarma - PI,10.0,0.8344,129.91,0.0,21.51,21.51,2026-09-09 21:21:35,OK,
PI,GD,45592059000154,7896004759807,Olanzapina 5 mg Caixa 30 Comprimidos Revestidos,Panpharma - PI,87.0,0.8323,129.91,0.0,21.79,21.79,2026-09-09 21:21:35,OK,
PI,GD,45592059000154,7896004759807,Olanzapina 5 mg Caixa 30 Comprimidos Revestidos,Total Comércio - PI,85.0,0.82,129.91,0.0,24.52,23.38,2026-09-09 21:21:35,OK,
PI,GD,45592059000154,7896004759814,Olanzapina 2.5 mg Caixa 30 Comprimidos Revestidos,Plusfarma - PI,12.0,0.8379000000000001,77.3,0.0,12.53,12.53,2026-09-09 21:21:39,OK,
PI,GD,45592059000154,7896004759814,Olanzapina 2.5 mg Caixa 30 Comprimidos Revestidos,Panpharma - PI,98.0,0.8170000000000001,77.3,0.0,14.15,14.15,2026-09-09 21:21:39,OK,
PI,GD,45592059000154,7896004759845,Sertralina 50 mg Caixa 30 Comprimidos Revestidos,Nazaria - PI,287.0,0.9012,82.57,0.0,8.16,8.16,2026-09-09 21:21:43,OK,
PI,GD,45592059000154,7896004759845,Sertralina 50 mg Caixa 30 Comprimidos Revestidos,Panpharma - PI,201.0,0.8991,82.57,0.0,8.33,8.33,2026-09-09 21:21:43,OK,
PI,GD,45592059000154,7896004759845,Sertralina 50 mg Caixa 30 Comprimidos Revestidos,Total Comércio - PI,34.0,0.8892,82.57,0.0,9.59,9.15,2026-09-09 21:21:43,OK,
PI,GD,45592059000154,7896004761275,,,0.0,0.0,0.0,0.0,0.0,0.0,2026-09-09 21:21:55,ERRO,Message: Nenhuma distribuidora pôde ser lida no card do produto.
PI,GD,45592059000154,7896004761299,Cilostazol 100 mg Caixa 30 Comprimidos,Nazaria - PI,45.0,0.4587,34.79,0.0,18.83,18.83,2026-09-09 21:21:59,OK,
PI,GD,45592059000154,7896004761299,Cilostazol 100 mg Caixa 30 Comprimidos,Plusfarma - PI,20.0,0.4587,34.79,0.0,18.83,18.83,2026-09-09 21:21:59,OK,
PI,GD,45592059000154,7896004761299,Cilostazol 100 mg Caixa 30 Comprimidos,Total Comércio - PI,49.0,0.4587,34.79,0.0,19.75,18.83,2026-09-09 21:21:59,OK,
PI,GD,45592059000154,7896004761305,Cilostazol 100 mg Caixa 60 Comprimidos,Plusfarma - PI,48.0,0.3065,48.89,0.0,33.91,33.91,2026-09-09 21:22:03,OK,
PI,GD,45592059000154,7896004761305,Cilostazol 100 mg Caixa 60 Comprimidos,Nazaria - PI,38.0,0.3065,48.89,0.0,33.91,33.91,2026-09-09 21:22:03,OK,
PI,GD,45592059000154,7896004761305,Cilostazol 100 mg Caixa 60 Comprimidos,Panpharma - PI,46.0,0.2929,48.89,0.0,34.57,34.57,2026-09-09 21:22:03,OK,
PI,GD,45592059000154,7896004761817,Tansulosina 0.4 mg Caixa 30 Comprimidos de Liberação Prolongada,Nazaria - PI,675.0,0.6299,96.53,0.0,35.73,35.73,2026-09-09 21:22:07,OK,
PI,GD,45592059000154,7896004761817,Tansulosina 0.4 mg Caixa 30 Comprimidos de Liberação Prolongada,Plusfarma - PI,184.0,0.6299,96.53,0.0,35.73,35.73,2026-09-09 21:22:07,OK,
PI,GD,45592059000154,7896004761817,Tansulosina 0.4 mg Caixa 30 Comprimidos de Liberação Prolongada,Panpharma - PI,129.0,0.6278,96.53,0.0,35.93,35.93,2026-09-09 21:22:07,OK,
PI,GD,45592059000154,7896004761824,Tansulosina 0.4 mg Caixa 60 Comprimidos de Liberação Prolongada,Nazaria - PI,199.0,0.6995999999999999,223.75,0.0,67.21,67.21,2026-09-09 21:22:11,OK,
PI,GD,45592059000154,7896004761824,Tansulosina 0.4 mg Caixa 60 Comprimidos de Liberação Prolongada,Panpharma - PI,49.0,0.6938,223.75,0.0,68.51,68.51,2026-09-09 21:22:11,OK,
PI,GD,45592059000154,7896004762227,Azitromicina Di-hidratada 500 mg Caixa 5 Comprimidos Revestidos,Nazaria - PI,220.0,0.8648,51.01,0.0,6.9,6.9,2026-09-09 21:22:15,OK,
PI,GD,45592059000154,7896004762227,Azitromicina Di-hidratada 500 mg Caixa 5 Comprimidos Revestidos,Panpharma - PI,36.0,0.8626999999999999,51.01,0.0,7.0,7.0,2026-09-09 21:22:15,OK,
PI,GD,45592059000154,7896004762227,Azitromicina Di-hidratada 500 mg Caixa 5 Comprimidos Revestidos,Total Comércio - PI,232.0,0.8367,51.01,0.0,8.73,8.33,2026-09-09 21:22:15,OK,
PI,GD,45592059000154,7896004762319,Gliclazida 30 mg Caixa 30 Comprimidos de Liberação Prolongada,Plusfarma - PI,200.0,0.6564,25.48,0.0,8.75,8.75,2026-09-09 21:22:19,OK,
PI,GD,45592059000154,7896004762319,Gliclazida 30 mg Caixa 30 Comprimidos de Liberação Prolongada,Nazaria - PI,191.0,0.6564,25.48,0.0,8.75,8.75,2026-09-09 21:22:19,OK,
PI,GD,45592059000154,7896004762319,Gliclazida 30 mg Caixa 30 Comprimidos de Liberação Prolongada,Total Comércio - PI,37.0,0.6564,25.48,0.0,9.18,8.75,2026-09-09 21:22:19,OK,
PI,GD,45592059000154,7896004762319,Gliclazida 30 mg Caixa 30 Comprimidos de Liberação Prolongada,Panpharma - PI,65.0,0.537,25.48,0.0,11.8,11.8,2026-09-09 21:22:19,OK,
PI,GD,45592059000154,7896004762364,Gliclazida 60 mg Caixa 60 Comprimidos de Liberação Prolongada,Plusfarma - PI,536.0,0.4999,99.46,0.0,49.74,49.74,2026-09-09 21:22:23,OK,
PI,GD,45592059000154,7896004762364,Gliclazida 60 mg Caixa 60 Comprimidos de Liberação Prolongada,Total Comércio - PI,40.0,0.49340000000000006,99.46,0.0,52.83,50.39,2026-09-09 21:22:23,OK,
PI,GD,45592059000154,7896004763576,Hidroxicloroquina 400 mg Caixa 30 Comprimidos Revestidos,Nazaria - PI,7.0,0.12560000000000002,80.01,0.0,69.96,69.96,2026-09-09 21:22:27,OK,
PI,GD,45592059000154,7896004763576,Hidroxicloroquina 400 mg Caixa 30 Comprimidos Revestidos,Panpharma - PI,3.0,0.1223,80.01,0.0,70.22,70.22,2026-09-09 21:22:27,OK,
PI,GD,45592059000154,7896004763576,Hidroxicloroquina 400 mg Caixa 30 Comprimidos Revestidos,Total Comércio - PI,37.0,0.1255,80.01,0.0,73.36,69.97,2026-09-09 21:22:27,OK,
PI,GD,45592059000154,7896004766980,,,0.0,0.0,0.0,0.0,0.0,0.0,2026-09-09 21:22:39,ERRO,Message: Nenhuma distribuidora pôde ser lida no card do produto.
PI,GD,45592059000154,7896004766997,,,0.0,0.0,0.0,0.0,0.0,0.0,2026-09-09 21:22:51,ERRO,Message: Nenhuma distribuidora pôde ser lida no card do produto.
PI,GD,45592059000154,7896004767017,Rivaroxabana 15 mg Caixa 14 Comprimidos Revestidos,Plusfarma - PI,53.0,0.9133,101.92,0.0,8.84,8.84,2026-09-09 21:22:54,OK,
PI,GD,45592059000154,7896004767055,Rivaroxabana 20 mg Caixa 14 Comprimidos Revestidos,Plusfarma - PI,41.0,0.8924,101.92,0.0,10.97,10.97,2026-09-09 21:22:58,OK,
PI,GD,45592059000154,7896004767130,Zolpidem 10 mg Caixa 30 Comprimidos Revestidos,Nazaria - PI,514.0,0.9196,67.64,0.0,5.44,5.44,2026-09-09 21:23:02,OK,
PI,GD,45592059000154,7896004767130,Zolpidem 10 mg Caixa 30 Comprimidos Revestidos,Plusfarma - PI,172.0,0.9196,67.64,0.0,5.44,5.44,2026-09-09 21:23:02,OK,
PI,GD,45592059000154,7896004767130,Zolpidem 10 mg Caixa 30 Comprimidos Revestidos,Total Comércio - PI,31.0,0.9122,67.64,0.0,6.23,5.94,2026-09-09 21:23:02,OK,
PI,GD,45592059000154,7896004768212,Donepezila 5 mg Caixa 30 Comprimidos Revestidos,Nazaria - PI,107.0,0.8554999999999999,149.7,0.0,21.63,21.63,2026-09-09 21:23:05,OK,
PI,GD,45592059000154,7896004768212,Donepezila 5 mg Caixa 30 Comprimidos Revestidos,Plusfarma - PI,31.0,0.8554999999999999,149.7,0.0,21.63,21.63,2026-09-09 21:23:05,OK,
PI,GD,45592059000154,7896004768298,Donepezila 10 mg Caixa 30 Comprimidos Revestidos,Nazaria - PI,134.0,0.826,165.87,0.0,28.86,28.86,2026-09-09 21:23:09,OK,
PI,GD,45592059000154,7896004768298,Donepezila 10 mg Caixa 30 Comprimidos Revestidos,Panpharma - PI,3.0,0.8190999999999999,165.87,0.0,30.01,30.01,2026-09-09 21:23:09,OK,
PI,GD,45592059000154,7896004768298,Donepezila 10 mg Caixa 30 Comprimidos Revestidos,Total Comércio - PI,5.0,0.826,165.87,0.0,30.26,28.86,2026-09-09 21:23:09,OK,
PI,GD,45592059000154,7896004768687,Desogestrel 75 mcg Caixa 84 Comprimidos Revestidos,Plusfarma - PI,95.0,0.7091,79.82,0.0,23.22,23.22,2026-09-09 21:23:13,OK,
PI,GD,45592059000154,7896004768687,Desogestrel 75 mcg Caixa 84 Comprimidos Revestidos,Nazaria - PI,14.0,0.7091,79.82,0.0,23.22,23.22,2026-09-09 21:23:13,OK,
PI,GD,45592059000154,7896004769622,Desloratadina 0.5 mg/ml Frasco 60 ml Xarope,Plusfarma - PI,221.0,0.7781999999999999,40.32,0.0,8.94,8.94,2026-09-09 21:23:17,OK,
PI,GD,45592059000154,7896004769622,Desloratadina 0.5 mg/ml Frasco 60 ml Xarope,Nazaria - PI,76.0,0.7781999999999999,40.32,0.0,8.94,8.94,2026-09-09 21:23:17,OK,
PI,GD,45592059000154,7896004769622,Desloratadina 0.5 mg/ml Frasco 60 ml Xarope,Total Comércio - PI,74.0,0.7781,40.32,0.0,9.38,8.95,2026-09-09 21:23:17,OK,
PI,GD,45592059000154,7896004769622,Desloratadina 0.5 mg/ml Frasco 60 ml Xarope,Panpharma - PI,24.0,0.7143999999999999,40.32,0.0,11.52,11.52,2026-09-09 21:23:17,OK,
PI,GD,45592059000154,7896004769684,Desloratadina 0.5 mg/ml Frasco 100 ml Xarope,Plusfarma - PI,47.0,0.8128,66.56,0.0,12.46,12.46,2026-09-09 21:23:21,OK,
PI,GD,45592059000154,7896004769684,Desloratadina 0.5 mg/ml Frasco 100 ml Xarope,Nazaria - PI,11.0,0.8128,66.56,0.0,12.46,12.46,2026-09-09 21:23:21,OK,
PI,GD,45592059000154,7896004769684,Desloratadina 0.5 mg/ml Frasco 100 ml Xarope,Total Comércio - PI,81.0,0.8128,66.56,0.0,13.06,12.46,2026-09-09 21:23:21,OK,
PI,GD,45592059000154,7896004771199,Aciclovir 50 mg/g Bisnaga 10 g Creme,Nazaria - PI,220.0,0.7824,27.4,0.0,5.96,5.96,2026-09-09 21:23:26,OK,
PI,GD,45592059000154,7896004771199,Aciclovir 50 mg/g Bisnaga 10 g Creme,Plusfarma - PI,47.0,0.7824,27.4,0.0,5.96,5.96,2026-09-09 21:23:26,OK,
PI,GD,45592059000154,7896004771199,Aciclovir 50 mg/g Bisnaga 10 g Creme,Total Comércio - PI,91.0,0.7823,27.4,0.0,6.25,5.96,2026-09-09 21:23:26,OK,
PI,GD,45592059000154,7896004771199,Aciclovir 50 mg/g Bisnaga 10 g Creme,Panpharma - PI,110.0,0.7608,27.4,0.0,6.55,6.55,2026-09-09 21:23:26,OK,
PI,GD,45592059000154,7896004771373,Nebivolol 5 mg Caixa 30 Comprimidos,Nazaria - PI,91.0,0.6575,53.2,0.0,18.22,18.22,2026-09-09 21:23:29,OK,
PI,GD,45592059000154,7896004771373,Nebivolol 5 mg Caixa 30 Comprimidos,Plusfarma - PI,32.0,0.6575,53.2,0.0,18.22,18.22,2026-09-09 21:23:29,OK,
PI,GD,45592059000154,7896004771403,Nebivolol 5 mg Caixa 60 Comprimidos,Nazaria - PI,18.0,0.6779000000000001,105.11,0.0,33.86,33.86,2026-09-09 21:23:33,OK,
PI,GD,45592059000154,7896004771403,Nebivolol 5 mg Caixa 60 Comprimidos,Plusfarma - PI,2.0,0.6779000000000001,105.11,0.0,33.86,33.86,2026-09-09 21:23:33,OK,
PI,GD,45592059000154,7896004771403,Nebivolol 5 mg Caixa 60 Comprimidos,Panpharma - PI,41.0,0.6758,105.11,0.0,34.08,34.08,2026-09-09 21:23:33,OK,
PI,GD,45592059000154,7896004771762,,,0.0,0.0,0.0,0.0,0.0,0.0,2026-09-09 21:23:45,ERRO,Message: Nenhuma distribuidora pôde ser lida no card do produto.
PI,GD,45592059000154,7896004772332,Cloperastina 3.54 mg/ml Frasco 120 ml Xarope,Plusfarma - PI,437.0,0.1838,20.51,0.0,16.74,16.74,2026-09-09 21:23:49,OK,
PI,GD,45592059000154,7896004772332,Cloperastina 3.54 mg/ml Frasco 120 ml Xarope,Nazaria - PI,376.0,0.1838,20.51,0.0,16.74,16.74,2026-09-09 21:23:49,OK,
PI,GD,45592059000154,7896004772332,Cloperastina 3.54 mg/ml Frasco 120 ml Xarope,Total Comércio - PI,194.0,0.1479,20.51,0.0,18.32,17.48,2026-09-09 21:23:49,OK,
PI,GD,45592059000154,7896004772868,Pregabalina 150 mg Caixa 30 Cápsulas,Nazaria - PI,196.0,0.8862000000000001,148.31,0.0,16.88,16.88,2026-09-09 21:23:53,OK,
PI,GD,45592059000154,7896004773117,Drospirenona + Etinilestradiol 3+0.02 mg Caixa 28 Comprimidos (24+4),Plusfarma - PI,13.0,0.8576999999999999,60.25,0.0,8.57,8.57,2026-09-09 21:23:56,OK,
PI,GD,45592059000154,7896004773117,Drospirenona + Etinilestradiol 3+0.02 mg Caixa 28 Comprimidos (24+4),Panpharma - PI,40.0,0.8556,60.25,0.0,8.7,8.7,2026-09-09 21:23:56,OK,
PI,GD,45592059000154,7896004773339,Pregabalina 75 mg Caixa 30 Cápsulas,Total Comércio - PI,133.0,0.9026000000000001,92.77,0.0,9.48,9.04,2026-09-09 21:24:01,OK,
PI,GD,45592059000154,7896004773339,Pregabalina 75 mg Caixa 30 Cápsulas,Nazaria - PI,1904.0,0.8863,92.77,0.0,10.55,10.55,2026-09-09 21:24:01,OK,
PI,GD,45592059000154,7896004773339,Pregabalina 75 mg Caixa 30 Cápsulas,Plusfarma - PI,132.0,0.8863,92.77,0.0,10.55,10.55,2026-09-09 21:24:01,OK,
PI,GD,45592059000154,7896004773339,Pregabalina 75 mg Caixa 30 Cápsulas,Panpharma - PI,639.0,0.8843000000000001,92.77,0.0,10.73,10.73,2026-09-09 21:24:01,OK,
PI,GD,45592059000154,7896004775043,Aciclovir 400 mg Caixa 30 Comprimidos,Plusfarma - PI,194.0,0.7775,174.15,0.0,38.75,38.75,2026-09-09 21:24:04,OK,
PI,GD,45592059000154,7896004775043,Aciclovir 400 mg Caixa 30 Comprimidos,Panpharma - PI,22.0,0.7754000000000001,174.15,0.0,39.11,39.11,2026-09-09 21:24:04,OK,
PI,GD,45592059000154,7896004777184,Tramadol 100 mg Caixa 10 Comprimidos de Liberação Prolongada,Nazaria - PI,599.0,0.406,85.64,0.0,50.87,50.87,2026-09-09 21:24:08,OK,
PI,GD,45592059000154,7896004777184,Tramadol 100 mg Caixa 10 Comprimidos de Liberação Prolongada,Total Comércio - PI,10.0,0.406,85.64,0.0,53.34,50.87,2026-09-09 21:24:08,OK,
PI,GD,45592059000154,7896004777535,,,0.0,0.0,0.0,0.0,0.0,0.0,2026-09-09 21:24:20,ERRO,Message: Nenhuma distribuidora pôde ser lida no card do produto.
PI,GD,45592059000154,7896004777559,Fexofenadina 180 mg Caixa 10 Comprimidos Revestidos,Plusfarma - PI,110.0,0.85,70.77,0.0,10.62,10.62,2026-09-09 21:24:23,OK,
PI,GD,45592059000154,7896004779713,Dienogeste 2 mg Caixa 30 Comprimidos,Nazaria - PI,97.0,0.7456,68.54,0.0,17.44,17.44,2026-09-09 21:24:27,OK,
PI,GD,45592059000154,7896004779713,Dienogeste 2 mg Caixa 30 Comprimidos,Plusfarma - PI,16.0,0.7456,68.54,0.0,17.44,17.44,2026-09-09 21:24:27,OK,
PI,GD,45592059000154,7896004779713,Dienogeste 2 mg Caixa 30 Comprimidos,Panpharma - PI,14.0,0.7184999999999999,68.54,0.0,19.29,19.29,2026-09-09 21:24:27,OK,
PI,GD,45592059000154,7896004780184,Ácido Ursodesoxicólico 150 mg Caixa 30 Comprimidos,Nazaria - PI,41.0,0.4763,83.54,0.0,43.75,43.75,2026-09-09 21:24:31,OK,
PI,GD,45592059000154,7896004780184,Ácido Ursodesoxicólico 150 mg Caixa 30 Comprimidos,Plusfarma - PI,34.0,0.4763,83.54,0.0,43.75,43.75,2026-09-09 21:24:31,OK,
PI,GD,45592059000154,7896004780184,Ácido Ursodesoxicólico 150 mg Caixa 30 Comprimidos,Total Comércio - PI,31.0,0.4683,83.54,0.0,46.58,44.42,2026-09-09 21:24:31,OK,
PI,GD,45592059000154,7896004780191,Ácido Ursodesoxicólico 300 mg Caixa 30 Comprimidos,Panpharma - PI,33.0,0.3713,165.14,0.0,103.82,103.82,2026-09-09 21:24:35,OK,
PI,GD,45592059000154,7896004780504,Rivaroxabana 15 mg Caixa 30 Comprimidos Revestidos,Plusfarma - PI,19.0,0.9344,215.68,0.0,14.15,14.15,2026-09-09 21:24:38,OK,
PI,GD,45592059000154,7896004780504,Rivaroxabana 15 mg Caixa 30 Comprimidos Revestidos,Panpharma - PI,22.0,0.9323999999999999,215.68,0.0,14.58,14.58,2026-09-09 21:24:38,OK,
PI,GD,45592059000154,7896004780511,Rivaroxabana 20 mg Caixa 30 Comprimidos Revestidos,Nazaria - PI,76.0,0.9267,215.68,0.0,15.81,15.81,2026-09-09 21:24:42,OK,
PI,GD,45592059000154,7896004780511,Rivaroxabana 20 mg Caixa 30 Comprimidos Revestidos,Panpharma - PI,20.0,0.9134,215.68,0.0,18.68,18.68,2026-09-09 21:24:42,OK,
PI,GD,45592059000154,7896004781280,,,0.0,0.0,0.0,0.0,0.0,0.0,2026-09-09 21:24:54,ERRO,Message: Nenhuma distribuidora pôde ser lida no card do produto.
PI,GD,45592059000154,7896004781372,,,0.0,0.0,0.0,0.0,0.0,0.0,2026-09-09 21:25:06,ERRO,Message: Nenhuma distribuidora pôde ser lida no card do produto.
PI,GD,45592059000154,7896004781389,,,0.0,0.0,0.0,0.0,0.0,0.0,2026-09-09 21:25:19,ERRO,Message: Nenhuma distribuidora pôde ser lida no card do produto.
PI,GD,45592059000154,7896004781396,,,0.0,0.0,0.0,0.0,0.0,0.0,2026-09-09 21:25:31,ERRO,Message: Nenhuma distribuidora pôde ser lida no card do produto.
PI,GD,45592059000154,7896004781402,,,0.0,0.0,0.0,0.0,0.0,0.0,2026-09-09 21:25:43,ERRO,Message: Nenhuma distribuidora pôde ser lida no card do produto.
PI,GD,45592059000154,7896004782546,Dipirona Monoidratada 1 g Caixa 10 Comprimidos,Plusfarma - PI,6.0,0.6383,20.33,0.0,7.35,7.35,2026-09-09 21:25:46,OK,
PI,GD,45592059000154,7896004782553,Dipirona Monoidratada 1 g Caixa 20 Comprimidos,Total Comércio - PI,13.0,0.545,38.44,0.0,18.34,17.49,2026-09-09 21:25:50,OK,
PI,GD,45592059000154,7896004782690,Apixabana 2.5 mg Caixa 20 Comprimidos Revestidos,Nazaria - PI,100.0,0.7253000000000001,71.85,0.0,19.74,19.74,2026-09-09 21:25:54,OK,
PI,GD,45592059000154,7896004782690,Apixabana 2.5 mg Caixa 20 Comprimidos Revestidos,Plusfarma - PI,72.0,0.7253000000000001,71.85,0.0,19.74,19.74,2026-09-09 21:25:54,OK,
PI,GD,45592059000154,7896004782690,Apixabana 2.5 mg Caixa 20 Comprimidos Revestidos,Panpharma - PI,10.0,0.7232,71.85,0.0,19.89,19.89,2026-09-09 21:25:54,OK,
PI,GD,45592059000154,7896004782690,Apixabana 2.5 mg Caixa 20 Comprimidos Revestidos,Total Comércio - PI,77.0,0.7048000000000001,71.84,0.0,22.24,21.21,2026-09-09 21:25:54,OK,
PI,GD,45592059000154,7896004782713,Apixabana 2.5 mg Caixa 60 Comprimidos Revestidos,Total Comércio - PI,81.0,0.7315999999999999,215.6,0.0,60.67,57.87,2026-09-09 21:25:57,OK,
PI,GD,45592059000154,7896004782744,Apixabana 5 mg Caixa 20 Comprimidos Revestidos,Nazaria - PI,41.0,0.7265999999999999,71.85,0.0,19.64,19.64,2026-09-09 21:26:01,OK,
PI,GD,45592059000154,7896004782768,Apixabana 5 mg Caixa 60 Comprimidos Revestidos,Plusfarma - PI,59.0,0.746,215.6,0.0,54.76,54.76,2026-09-09 21:26:04,OK,
PI,GD,45592059000154,7896004782768,Apixabana 5 mg Caixa 60 Comprimidos Revestidos,Panpharma - PI,33.0,0.7439,215.6,0.0,55.22,55.22,2026-09-09 21:26:04,OK,
PI,GD,45592059000154,7896004782935,Levetiracetam 250 mg Caixa 30 Comprimidos Revestidos,Plusfarma - PI,373.0,0.4936,44.76,0.0,22.67,22.67,2026-09-09 21:26:08,OK,
PI,GD,45592059000154,7896004782935,Levetiracetam 250 mg Caixa 30 Comprimidos Revestidos,Nazaria - PI,32.0,0.4936,44.76,0.0,22.67,22.67,2026-09-09 21:26:08,OK,
PI,GD,45592059000154,7896004782980,,,0.0,0.0,0.0,0.0,0.0,0.0,2026-09-09 21:26:20,ERRO,Message: Nenhuma distribuidora pôde ser lida no card do produto.
PI,GD,45592059000154,7896004783024,Levetiracetam 500 mg Caixa 30 Comprimidos Revestidos,Nazaria - PI,52.0,0.5732,95.83,0.0,40.9,40.9,2026-09-09 21:26:24,OK,
PI,GD,45592059000154,7896004783024,Levetiracetam 500 mg Caixa 30 Comprimidos Revestidos,Plusfarma - PI,5.0,0.5732,95.83,0.0,40.9,40.9,2026-09-09 21:26:24,OK,
PI,GD,45592059000154,7896004784076,Bilastina 20 mg Caixa 15 Comprimidos,Plusfarma - PI,132.0,0.408,38.61,0.0,22.86,22.86,2026-09-09 21:26:28,OK,
PI,GD,45592059000154,7896004784076,Bilastina 20 mg Caixa 15 Comprimidos,Nazaria - PI,63.0,0.408,38.61,0.0,22.86,22.86,2026-09-09 21:26:28,OK,
PI,GD,45592059000154,7896004784076,Bilastina 20 mg Caixa 15 Comprimidos,Panpharma - PI,95.0,0.406,38.61,0.0,22.93,22.93,2026-09-09 21:26:28,OK,
PI,GD,45592059000154,7896004784076,Bilastina 20 mg Caixa 15 Comprimidos,Total Comércio - PI,91.0,0.38789999999999997,38.61,0.0,24.78,23.63,2026-09-09 21:26:28,OK,
PI,GD,45592059000154,7896004784083,Bilastina 20 mg Caixa 30 Comprimidos,Plusfarma - PI,41.0,0.5043,76.16,0.0,37.75,37.75,2026-09-09 21:26:32,OK,
PI,GD,45592059000154,7896004784083,Bilastina 20 mg Caixa 30 Comprimidos,Total Comércio - PI,29.0,0.5043,76.16,0.0,39.58,37.75,2026-09-09 21:26:32,OK,
PI,GD,45592059000154,7896004784083,Bilastina 20 mg Caixa 30 Comprimidos,Panpharma - PI,2.0,0.46490000000000004,76.16,0.0,40.75,40.75,2026-09-09 21:26:32,OK,
PI,GD,45592059000154,7896004786117,Pitavastatina Cálcica 2 mg Caixa 30 Comprimidos Revestidos,Nazaria - PI,73.0,0.42719999999999997,90.15,0.0,51.64,51.64,2026-09-09 21:26:36,OK,
PI,GD,45592059000154,7896004786117,Pitavastatina Cálcica 2 mg Caixa 30 Comprimidos Revestidos,Plusfarma - PI,55.0,0.42719999999999997,90.15,0.0,51.64,51.64,2026-09-09 21:26:36,OK,
PI,GD,45592059000154,7896004786117,Pitavastatina Cálcica 2 mg Caixa 30 Comprimidos Revestidos,Panpharma - PI,84.0,0.4039,90.15,0.0,53.74,53.74,2026-09-09 21:26:36,OK,
PI,GD,45592059000154,7896004787329,Tramadol + Paracetamol 37.5+325 mg Caixa 10 Comprimidos,Nazaria - PI,108.0,0.6867,33.42,0.0,10.47,10.47,2026-09-09 21:26:41,OK,
PI,GD,45592059000154,7896004787329,Tramadol + Paracetamol 37.5+325 mg Caixa 10 Comprimidos,Plusfarma - PI,68.0,0.6867,33.42,0.0,10.47,10.47,2026-09-09 21:26:41,OK,
PI,GD,45592059000154,7896004787329,Tramadol + Paracetamol 37.5+325 mg Caixa 10 Comprimidos,Total Comércio - PI,44.0,0.6867,33.42,0.0,10.98,10.47,2026-09-09 21:26:41,OK,
PI,GD,45592059000154,7896004787329,Tramadol + Paracetamol 37.5+325 mg Caixa 10 Comprimidos,Panpharma - PI,10.0,0.5442,33.42,0.0,15.23,15.23,2026-09-09 21:26:41,OK,
PI,GD,45592059000154,7896004787336,Tramadol + Paracetamol 37.5+325 mg Caixa 20 Comprimidos,Plusfarma - PI,29.0,0.45909999999999995,50.7,0.0,27.42,27.42,2026-09-09 21:26:45,OK,
PI,GD,45592059000154,7896004787336,Tramadol + Paracetamol 37.5+325 mg Caixa 20 Comprimidos,Nazaria - PI,25.0,0.45909999999999995,50.7,0.0,27.42,27.42,2026-09-09 21:26:45,OK,
PI,GD,45592059000154,7896004787336,Tramadol + Paracetamol 37.5+325 mg Caixa 20 Comprimidos,Panpharma - PI,40.0,0.457,50.7,0.0,27.53,27.53,2026-09-09 21:26:45,OK,
PI,GD,45592059000154,7896004787336,Tramadol + Paracetamol 37.5+325 mg Caixa 20 Comprimidos,Total Comércio - PI,115.0,0.4515,50.7,0.0,29.16,27.81,2026-09-09 21:26:45,OK,
PI,GD,45592059000154,7896004787343,Tramadol + Paracetamol 37.5+325 mg Caixa 30 Comprimidos,Plusfarma - PI,9.0,0.4548,65.98,0.0,35.97,35.97,2026-09-09 21:26:49,OK,
PI,GD,45592059000154,7896004787343,Tramadol + Paracetamol 37.5+325 mg Caixa 30 Comprimidos,Nazaria - PI,9.0,0.4548,65.98,0.0,35.97,35.97,2026-09-09 21:26:49,OK,
PI,GD,45592059000154,7896004787343,Tramadol + Paracetamol 37.5+325 mg Caixa 30 Comprimidos,Total Comércio - PI,53.0,0.43770000000000003,65.98,0.0,38.9,37.1,2026-09-09 21:26:49,OK,
PI,GD,45592059000154,7896004787725,Naratriptana 2.5 mg Caixa 4 Comprimidos Revestidos,Plusfarma - PI,209.0,0.4046,14.34,0.0,8.54,8.54,2026-09-09 21:26:53,OK,
PI,GD,45592059000154,7896004787725,Naratriptana 2.5 mg Caixa 4 Comprimidos Revestidos,Panpharma - PI,154.0,0.4025,14.34,0.0,8.57,8.57,2026-09-09 21:26:53,OK,
PI,GD,45592059000154,7896004787725,Naratriptana 2.5 mg Caixa 4 Comprimidos Revestidos,Nazaria - PI,1875.0,0.22260000000000002,14.34,0.0,11.15,11.15,2026-09-09 21:26:53,OK,
PI,GD,45592059000154,7896004787725,Naratriptana 2.5 mg Caixa 4 Comprimidos Revestidos,Total Comércio - PI,119.0,0.22260000000000002,14.34,0.0,11.69,11.15,2026-09-09 21:26:53,OK,
PI,GD,45592059000154,7896004789828,Desloratadina 5 mg Caixa 10 Comprimidos Revestidos,Plusfarma - PI,86.0,0.893,63.55,0.0,6.8,6.8,2026-09-09 21:26:57,OK,
PI,GD,45592059000154,7896004789828,Desloratadina 5 mg Caixa 10 Comprimidos Revestidos,Nazaria - PI,4.0,0.893,63.55,0.0,6.8,6.8,2026-09-09 21:26:57,OK,
PI,GD,45592059000154,7896004789828,Desloratadina 5 mg Caixa 10 Comprimidos Revestidos,Panpharma - PI,122.0,0.8909,63.55,0.0,6.93,6.93,2026-09-09 21:26:57,OK,
PI,GD,45592059000154,7896004789835,Desloratadina 5 mg Caixa 30 Comprimidos Revestidos,Nazaria - PI,82.0,0.8773000000000001,152.62,0.0,18.73,18.73,2026-09-09 21:27:02,OK,
PI,GD,45592059000154,7896004789835,Desloratadina 5 mg Caixa 30 Comprimidos Revestidos,Plusfarma - PI,65.0,0.8773000000000001,152.62,0.0,18.73,18.73,2026-09-09 21:27:02,OK,
PI,GD,45592059000154,7896004789835,Desloratadina 5 mg Caixa 30 Comprimidos Revestidos,Total Comércio - PI,53.0,0.8772,152.62,0.0,19.64,18.74,2026-09-09 21:27:02,OK,
PI,GD,45592059000154,7896004789835,Desloratadina 5 mg Caixa 30 Comprimidos Revestidos,Panpharma - PI,42.0,0.8651000000000001,152.62,0.0,20.59,20.59,2026-09-09 21:27:02,OK,
PI,GD,45592059000154,7896004790152,Ondansetrona 4 mg Caixa 10 Comprimidos Orodispersíveis,Plusfarma - PI,239.0,0.6976,24.49,0.0,7.41,7.41,2026-09-09 21:27:05,OK,
PI,GD,45592059000154,7896004790152,Ondansetrona 4 mg Caixa 10 Comprimidos Orodispersíveis,Nazaria - PI,140.0,0.6976,24.49,0.0,7.41,7.41,2026-09-09 21:27:05,OK,
PI,GD,45592059000154,7896004790169,Ondansetrona 8 mg Caixa 10 Comprimidos Orodispersíveis,Nazaria - PI,387.0,0.731,47.07,0.0,12.66,12.66,2026-09-09 21:27:09,OK,
PI,GD,45592059000154,7896004790169,Ondansetrona 8 mg Caixa 10 Comprimidos Orodispersíveis,Plusfarma - PI,319.0,0.731,47.07,0.0,12.66,12.66,2026-09-09 21:27:09,OK,
PI,GD,45592059000154,7896004790169,Ondansetrona 8 mg Caixa 10 Comprimidos Orodispersíveis,Total Comércio - PI,61.0,0.7309,47.07,0.0,13.28,12.67,2026-09-09 21:27:09,OK,
PI,GD,45592059000154,7896004791104,Olmesartana Medoxomila 20 mg Caixa 30 Comprimidos,Nazaria - PI,1425.0,0.7026,44.08,0.0,13.11,13.11,2026-09-09 21:27:13,OK,
PI,GD,45592059000154,7896004791104,Olmesartana Medoxomila 20 mg Caixa 30 Comprimidos,Plusfarma - PI,157.0,0.7026,44.08,0.0,13.11,13.11,2026-09-09 21:27:13,OK,
PI,GD,45592059000154,7896004791104,Olmesartana Medoxomila 20 mg Caixa 30 Comprimidos,Panpharma - PI,57.0,0.6839,44.08,0.0,13.93,13.93,2026-09-09 21:27:13,OK,
PI,GD,45592059000154,7896004791111,Olmesartana Medoxomila 40 mg Caixa 30 Comprimidos,Nazaria - PI,166.0,0.618,46.37,0.0,17.71,17.71,2026-09-09 21:27:17,OK,
PI,GD,45592059000154,7896004791111,Olmesartana Medoxomila 40 mg Caixa 30 Comprimidos,Plusfarma - PI,156.0,0.618,46.37,0.0,17.71,17.71,2026-09-09 21:27:17,OK,
PI,GD,45592059000154,7896004791418,DAPAGLIFLOZINA 10MG X 30 COM REV - LG,Nazaria - PI,5225.0,0.7211,120.62,0.0,33.64,33.64,2026-09-09 21:27:22,OK,
PI,GD,45592059000154,7896004791418,DAPAGLIFLOZINA 10MG X 30 COM REV - LG,Plusfarma - PI,340.0,0.7211,120.62,0.0,33.64,33.64,2026-09-09 21:27:22,OK,
PI,GD,45592059000154,7896004791418,DAPAGLIFLOZINA 10MG X 30 COM REV - LG,Panpharma - PI,55.0,0.6728000000000001,120.62,0.0,39.47,39.47,2026-09-09 21:27:22,OK,
PI,GD,45592059000154,7896004791418,DAPAGLIFLOZINA 10MG X 30 COM REV - LG,Total Comércio - PI,105.0,0.6673,120.62,0.0,42.08,40.13,2026-09-09 21:27:22,OK,
PI,GD,45592059000154,7896004791456,Risedronato Sódico 150 mg Caixa 1 Comprimido,Nazaria - PI,78.0,0.8247,119.73,0.0,20.99,20.99,2026-09-09 21:27:26,OK,
PI,GD,45592059000154,7896004791456,Risedronato Sódico 150 mg Caixa 1 Comprimido,Plusfarma - PI,50.0,0.8247,119.73,0.0,20.99,20.99,2026-09-09 21:27:26,OK,
PI,GD,45592059000154,7896004791456,Risedronato Sódico 150 mg Caixa 1 Comprimido,Panpharma - PI,43.0,0.8227,119.73,0.0,21.23,21.23,2026-09-09 21:27:26,OK,
PI,GD,45592059000154,7896004791456,Risedronato Sódico 150 mg Caixa 1 Comprimido,Total Comércio - PI,22.0,0.8066,119.73,0.0,24.28,23.16,2026-09-09 21:27:26,OK,
PI,GD,45592059000154,7896004792040,Nitazoxanida 20 mg/ml Frasco 45 ml Pó Para Suspensão,Nazaria - PI,197.0,0.5085999999999999,19.32,0.0,9.49,9.49,2026-09-09 21:27:30,OK,
PI,GD,45592059000154,7896004792040,Nitazoxanida 20 mg/ml Frasco 45 ml Pó Para Suspensão,Plusfarma - PI,14.0,0.5085999999999999,19.32,0.0,9.49,9.49,2026-09-09 21:27:30,OK,
PI,GD,45592059000154,7896004792040,Nitazoxanida 20 mg/ml Frasco 45 ml Pó Para Suspensão,Total Comércio - PI,33.0,0.5085999999999999,19.32,0.0,9.94,9.49,2026-09-09 21:27:30,OK,
PI,GD,45592059000154,7896004792057,Nitazoxanida 20 mg/ml Frasco 100 ml Pó Para Suspensão,Plusfarma - PI,17.0,0.5532,43.5,0.0,19.44,19.44,2026-09-09 21:27:34,OK,
PI,GD,45592059000154,7896004792057,Nitazoxanida 20 mg/ml Frasco 100 ml Pó Para Suspensão,Nazaria - PI,15.0,0.5532,43.5,0.0,19.44,19.44,2026-09-09 21:27:34,OK,
PI,GD,45592059000154,7896004792286,Lisdexanfetamina 30 mg Caixa 30 Cápsulas,Nazaria - PI,150.0,0.5468,253.72,0.0,114.99,114.99,2026-09-09 21:27:38,OK,
PI,GD,45592059000154,7896004792286,Lisdexanfetamina 30 mg Caixa 30 Cápsulas,Plusfarma - PI,89.0,0.5468,253.72,0.0,114.99,114.99,2026-09-09 21:27:38,OK,
PI,GD,45592059000154,7896004792286,Lisdexanfetamina 30 mg Caixa 30 Cápsulas,Panpharma - PI,105.0,0.5447,253.72,0.0,115.52,115.52,2026-09-09 21:27:38,OK,
PI,GD,45592059000154,7896004792293,Lisdexanfetamina 50 mg Caixa 30 Cápsulas,Plusfarma - PI,118.0,0.5478000000000001,307.7,0.0,139.14,139.14,2026-09-09 21:27:42,OK,
PI,GD,45592059000154,7896004792293,Lisdexanfetamina 50 mg Caixa 30 Cápsulas,Nazaria - PI,112.0,0.5478000000000001,307.7,0.0,139.14,139.14,2026-09-09 21:27:42,OK,
PI,GD,45592059000154,7896004792293,Lisdexanfetamina 50 mg Caixa 30 Cápsulas,Panpharma - PI,90.0,0.5457,307.7,0.0,139.79,139.79,2026-09-09 21:27:42,OK,
PI,GD,45592059000154,7896004792309,Lisdexanfetamina 70 mg Caixa 30 Cápsulas,Nazaria - PI,164.0,0.5475,307.7,0.0,139.23,139.23,2026-09-09 21:27:46,OK,
PI,GD,45592059000154,7896004792309,Lisdexanfetamina 70 mg Caixa 30 Cápsulas,Plusfarma - PI,5.0,0.5475,307.7,0.0,139.23,139.23,2026-09-09 21:27:46,OK,
PI,GD,45592059000154,7896004792309,Lisdexanfetamina 70 mg Caixa 30 Cápsulas,Panpharma - PI,57.0,0.5454,307.7,0.0,139.88,139.88,2026-09-09 21:27:46,OK,
PI,GD,45592059000154,7896004792316,,,0.0,0.0,0.0,0.0,0.0,0.0,2026-09-09 21:27:58,ERRO,Message: Nenhuma distribuidora pôde ser lida no card do produto.
PI,GD,45592059000154,7896004792323,Levetiracetam 100 mg/ml Frasco 150 ml Solução Oral,Plusfarma - PI,31.0,0.318,89.69,0.0,61.17,61.17,2026-09-09 21:28:02,OK,
PI,GD,45592059000154,7896004792323,Levetiracetam 100 mg/ml Frasco 150 ml Solução Oral,Nazaria - PI,4.0,0.318,89.69,0.0,61.17,61.17,2026-09-09 21:28:02,OK,
PI,GD,45592059000154,7896004792323,Levetiracetam 100 mg/ml Frasco 150 ml Solução Oral,Panpharma - PI,3.0,0.3061,89.69,0.0,62.24,62.24,2026-09-09 21:28:02,OK,
PI,GD,45592059000154,7896004793429,Cetorolaco 10 mg Caixa 10 Comprimidos Sublinguais,Nazaria - PI,48.0,0.7579,28.32,0.0,6.86,6.86,2026-09-09 21:28:07,OK,
PI,GD,45592059000154,7896004793429,Cetorolaco 10 mg Caixa 10 Comprimidos Sublinguais,Plusfarma - PI,47.0,0.7579,28.32,0.0,6.86,6.86,2026-09-09 21:28:07,OK,
PI,GD,45592059000154,7896004793429,Cetorolaco 10 mg Caixa 10 Comprimidos Sublinguais,Total Comércio - PI,33.0,0.7579,28.32,0.0,7.19,6.86,2026-09-09 21:28:07,OK,
PI,GD,45592059000154,7896004793429,Cetorolaco 10 mg Caixa 10 Comprimidos Sublinguais,Panpharma - PI,9.0,0.7276,28.32,0.0,7.71,7.71,2026-09-09 21:28:07,OK,
PI,GD,45592059000154,7896004793436,Cetorolaco 10 mg Caixa 20 Comprimidos Sublinguais,Plusfarma - PI,156.0,0.7465999999999999,54.32,0.0,13.76,13.76,2026-09-09 21:28:11,OK,
PI,GD,45592059000154,7896004793436,Cetorolaco 10 mg Caixa 20 Comprimidos Sublinguais,Nazaria - PI,26.0,0.7465999999999999,54.32,0.0,13.76,13.76,2026-09-09 21:28:11,OK,
PI,GD,45592059000154,7896004793436,Cetorolaco 10 mg Caixa 20 Comprimidos Sublinguais,Total Comércio - PI,57.0,0.7465999999999999,54.32,0.0,14.44,13.76,2026-09-09 21:28:11,OK,
PI,GD,45592059000154,7896004793436,Cetorolaco 10 mg Caixa 20 Comprimidos Sublinguais,Panpharma - PI,31.0,0.7276,54.32,0.0,14.8,14.8,2026-09-09 21:28:11,OK,
PI,GD,45592059000154,7896004793719,Indapamida 1.5 mg Caixa 60 Comprimidos Revestidos Lib. Prolongada,Plusfarma - PI,103.0,0.7612000000000001,57.59,0.0,13.75,13.75,2026-09-09 21:28:15,OK,
PI,GD,45592059000154,7896004793719,Indapamida 1.5 mg Caixa 60 Comprimidos Revestidos Lib. Prolongada,Nazaria - PI,7.0,0.7612000000000001,57.59,0.0,13.75,13.75,2026-09-09 21:28:15,OK,
PI,GD,45592059000154,7896004793719,Indapamida 1.5 mg Caixa 60 Comprimidos Revestidos Lib. Prolongada,Total Comércio - PI,56.0,0.7612000000000001,57.59,0.0,14.42,13.75,2026-09-09 21:28:15,OK,
PI,GD,45592059000154,7896004793801,Valsartana 80 mg Caixa 30 Comprimidos,Total Comércio - PI,104.0,0.8117,63.34,0.0,12.51,11.93,2026-09-09 21:28:19,OK,
PI,GD,45592059000154,7896004793801,Valsartana 80 mg Caixa 30 Comprimidos,Nazaria - PI,156.0,0.7406999999999999,63.34,0.0,16.42,16.42,2026-09-09 21:28:19,OK,
PI,GD,45592059000154,7896004793801,Valsartana 80 mg Caixa 30 Comprimidos,Plusfarma - PI,45.0,0.7406999999999999,63.34,0.0,16.42,16.42,2026-09-09 21:28:19,OK,
PI,GD,45592059000154,7896004793801,Valsartana 80 mg Caixa 30 Comprimidos,Panpharma - PI,5.0,0.6334000000000001,63.34,0.0,23.22,23.22,2026-09-09 21:28:19,OK,
PI,GD,45592059000154,7896004793818,Valsartana 160 mg Caixa 30 Comprimidos,Nazaria - PI,210.0,0.7086,63.38,0.0,18.47,18.47,2026-09-09 21:28:23,OK,
PI,GD,45592059000154,7896004793818,Valsartana 160 mg Caixa 30 Comprimidos,Plusfarma - PI,60.0,0.7086,63.38,0.0,18.47,18.47,2026-09-09 21:28:23,OK,
PI,GD,45592059000154,7896004793818,Valsartana 160 mg Caixa 30 Comprimidos,Total Comércio - PI,9.0,0.7086,63.38,0.0,19.37,18.47,2026-09-09 21:28:23,OK,
PI,GD,45592059000154,7896004793825,Valsartana 320 mg Caixa 30 Comprimidos,Nazaria - PI,174.0,0.5989,74.99,0.0,30.08,30.08,2026-09-09 21:28:28,OK,
PI,GD,45592059000154,7896004793825,Valsartana 320 mg Caixa 30 Comprimidos,Plusfarma - PI,38.0,0.5989,74.99,0.0,30.08,30.08,2026-09-09 21:28:28,OK,
PI,GD,45592059000154,7896004793825,Valsartana 320 mg Caixa 30 Comprimidos,Total Comércio - PI,48.0,0.5989,74.98,0.0,31.54,30.07,2026-09-09 21:28:28,OK,
PI,GD,45592059000154,7896004793825,Valsartana 320 mg Caixa 30 Comprimidos,Panpharma - PI,4.0,0.4021,74.99,0.0,44.84,44.84,2026-09-09 21:28:28,OK,
PI,GD,45592059000154,7896004793931,Rosuvastatina Cálcica 40 mg Caixa 30 Comprimidos Revestidos,Plusfarma - PI,242.0,0.6079,134.84,0.0,52.87,52.87,2026-09-09 21:28:32,OK,
PI,GD,45592059000154,7896004793931,Rosuvastatina Cálcica 40 mg Caixa 30 Comprimidos Revestidos,Total Comércio - PI,70.0,0.6079,134.84,0.0,55.44,52.87,2026-09-09 21:28:32,OK,
PI,GD,45592059000154,7896004793931,Rosuvastatina Cálcica 40 mg Caixa 30 Comprimidos Revestidos,Panpharma - PI,10.0,0.5824,134.84,0.0,56.31,56.31,2026-09-09 21:28:32,OK,
PI,GD,45592059000154,7896004794044,Duloxetina 30 mg Caixa 60 Cápsulas,Nazaria - PI,59.0,0.4703,122.31,0.0,64.79,64.79,2026-09-09 21:28:36,OK,
PI,GD,45592059000154,7896004794044,Duloxetina 30 mg Caixa 60 Cápsulas,Plusfarma - PI,26.0,0.4703,122.31,0.0,64.79,64.79,2026-09-09 21:28:36,OK,
PI,GD,45592059000154,7896004794044,Duloxetina 30 mg Caixa 60 Cápsulas,Panpharma - PI,24.0,0.4683,122.31,0.0,65.03,65.03,2026-09-09 21:28:36,OK,
PI,GD,45592059000154,7896004794044,Duloxetina 30 mg Caixa 60 Cápsulas,Total Comércio - PI,11.0,0.4618,122.31,0.0,69.03,65.83,2026-09-09 21:28:36,OK,
PI,GD,45592059000154,7896004794051,Duloxetina 60 mg Caixa 60 Cápsulas,Nazaria - PI,74.0,0.4421,219.24,0.0,122.31,122.31,2026-09-09 21:28:40,OK,
PI,GD,45592059000154,7896004794051,Duloxetina 60 mg Caixa 60 Cápsulas,Plusfarma - PI,19.0,0.4421,219.24,0.0,122.31,122.31,2026-09-09 21:28:40,OK,
PI,GD,45592059000154,7896004794051,Duloxetina 60 mg Caixa 60 Cápsulas,Total Comércio - PI,14.0,0.4205,219.24,0.0,133.19,127.05,2026-09-09 21:28:40,OK,
PI,GD,45592059000154,7896004794068,Bupropiona 300 mg Caixa 30 Comprimidos,Panpharma - PI,56.0,0.5581,160.0,0.0,70.7,70.7,2026-09-09 21:28:44,OK,
PI,GD,45592059000154,7896004794068,Bupropiona 300 mg Caixa 30 Comprimidos,Nazaria - PI,55.0,0.5381,160.0,0.0,73.9,73.9,2026-09-09 21:28:44,OK,
PI,GD,45592059000154,7896004794075,Fexofenadina 6 mg/ml Frasco 150 ml,Nazaria - PI,429.0,0.5214,50.27,0.0,24.06,24.06,2026-09-09 21:28:48,OK,
PI,GD,45592059000154,7896004794075,Fexofenadina 6 mg/ml Frasco 150 ml,Plusfarma - PI,1.0,0.5214,50.27,0.0,24.06,24.06,2026-09-09 21:28:48,OK,
PI,GD,45592059000154,7896004794075,Fexofenadina 6 mg/ml Frasco 150 ml,Panpharma - PI,40.0,0.5194,50.27,0.0,24.16,24.16,2026-09-09 21:28:48,OK,
PI,GD,45592059000154,7896004794075,Fexofenadina 6 mg/ml Frasco 150 ml,Total Comércio - PI,34.0,0.45020000000000004,50.27,0.0,28.98,27.64,2026-09-09 21:28:48,OK,
PI,GD,45592059000154,7896004794174,Fexofenadina 6 mg/ml Frasco 60 ml,Nazaria - PI,227.0,0.5181,22.13,0.0,10.66,10.66,2026-09-09 21:28:52,OK,
PI,GD,45592059000154,7896004794174,Fexofenadina 6 mg/ml Frasco 60 ml,Plusfarma - PI,123.0,0.5181,22.13,0.0,10.66,10.66,2026-09-09 21:28:52,OK,
PI,GD,45592059000154,7896004794174,Fexofenadina 6 mg/ml Frasco 60 ml,Panpharma - PI,63.0,0.516,22.13,0.0,10.71,10.71,2026-09-09 21:28:52,OK,
PI,GD,45592059000154,7896004794198,Escitalopram 20 mg com 60 Comprimidos,Plusfarma - PI,54.0,0.8561,162.32,0.0,23.36,23.36,2026-09-09 21:28:57,OK,
PI,GD,45592059000154,7896004794198,Escitalopram 20 mg com 60 Comprimidos,Nazaria - PI,19.0,0.8561,162.32,0.0,23.36,23.36,2026-09-09 21:28:57,OK,
PI,GD,45592059000154,7896004794198,Escitalopram 20 mg com 60 Comprimidos,Panpharma - PI,38.0,0.8501000000000001,162.32,0.0,24.33,24.33,2026-09-09 21:28:57,OK,
PI,GD,45592059000154,7896004794198,Escitalopram 20 mg com 60 Comprimidos,Total Comércio - PI,157.0,0.8561,162.32,0.0,24.49,23.36,2026-09-09 21:28:57,OK,
PI,GD,45592059000154,7896004795041,BROMIDRATO DE VORTIOXETINA 5MG X 30CPR,Nazaria - PI,22.0,0.4707,69.77,0.0,36.93,36.93,2026-09-09 21:29:01,OK,
PI,GD,45592059000154,7896004795041,BROMIDRATO DE VORTIOXETINA 5MG X 30CPR,Plusfarma - PI,5.0,0.4707,69.77,0.0,36.93,36.93,2026-09-09 21:29:01,OK,
PI,GD,45592059000154,7896004795041,BROMIDRATO DE VORTIOXETINA 5MG X 30CPR,Total Comércio - PI,46.0,0.4707,69.77,0.0,38.72,36.93,2026-09-09 21:29:01,OK,
PI,GD,45592059000154,7896004795058,BROMIDRATO DE VORTIOXETINA 10MG + 30CPR,Nazaria - PI,68.0,0.49,114.97,0.0,58.63,58.63,2026-09-09 21:29:04,OK,
PI,GD,45592059000154,7896004795058,BROMIDRATO DE VORTIOXETINA 10MG + 30CPR,Panpharma - PI,15.0,0.4633,114.97,0.0,61.7,61.7,2026-09-09 21:29:04,OK,
PI,GD,45592059000154,7896004795065,BROMIDRATO DE VORTIOXETINA 10MG + 60CPR,Nazaria - PI,41.0,0.4267,206.94,0.0,118.64,118.64,2026-09-09 21:29:08,OK,
PI,GD,45592059000154,7896004795065,BROMIDRATO DE VORTIOXETINA 10MG + 60CPR,Total Comércio - PI,55.0,0.4267,206.94,0.0,124.4,118.64,2026-09-09 21:29:08,OK,
PI,GD,45592059000154,7896004795188,Zolpidem 5MG X 30 SL,Plusfarma - PI,46.0,0.7585999999999999,87.73,0.0,21.18,21.18,2026-09-09 21:29:12,OK,
PI,GD,45592059000154,7896004795188,Zolpidem 5MG X 30 SL,Panpharma - PI,27.0,0.6842,87.73,0.0,27.71,27.71,2026-09-09 21:29:12,OK,
PI,GD,45592059000154,7896004795232,AMOXICILINA + CLAVULANATO DE POTÁSSIO 500MG X 125MG X 21COR,Plusfarma - PI,117.0,0.725,158.9,0.0,43.7,43.7,2026-09-09 21:29:16,OK,
PI,GD,45592059000154,7896004795232,AMOXICILINA + CLAVULANATO DE POTÁSSIO 500MG X 125MG X 21COR,Nazaria - PI,70.0,0.725,158.9,0.0,43.7,43.7,2026-09-09 21:29:16,OK,
PI,GD,45592059000154,7896004795232,AMOXICILINA + CLAVULANATO DE POTÁSSIO 500MG X 125MG X 21COR,Panpharma - PI,30.0,0.7201000000000001,158.9,0.0,44.48,44.48,2026-09-09 21:29:16,OK,
PI,GD,45592059000154,7896004795461,"CLOR.DE NARATRIPTANA 2,5MG C/8 COM REV-LG",Nazaria - PI,75.0,0.4305,27.94,0.0,15.91,15.91,2026-09-09 21:29:19,OK,
PI,GD,45592059000154,7896004795461,"CLOR.DE NARATRIPTANA 2,5MG C/8 COM REV-LG",Panpharma - PI,233.0,0.413,27.94,0.0,16.4,16.4,2026-09-09 21:29:19,OK,
PI,GD,45592059000154,7896004796284,DICL.TRIMETAZIDINA 35MG C/60 COM REV-LG,Plusfarma - PI,99.0,0.5783,103.7,0.0,43.73,43.73,2026-09-09 21:29:23,OK,
PI,GD,45592059000154,7896004796284,DICL.TRIMETAZIDINA 35MG C/60 COM REV-LG,Total Comércio - PI,55.0,0.5783,103.7,0.0,45.86,43.73,2026-09-09 21:29:23,OK,
PI,GD,45592059000154,7896004796284,DICL.TRIMETAZIDINA 35MG C/60 COM REV-LG,Panpharma - PI,54.0,0.4727,103.7,0.0,54.68,54.68,2026-09-09 21:29:23,OK,
PI,GD,45592059000154,7896004796291,DICL.TRIMETAZIDINA 35MG C/30 COM REV-LG,Plusfarma - PI,72.0,0.5473,51.85,0.0,23.47,23.47,2026-09-09 21:29:27,OK,
PI,GD,45592059000154,7896004796291,DICL.TRIMETAZIDINA 35MG C/30 COM REV-LG,Total Comércio - PI,38.0,0.5473,51.85,0.0,24.61,23.47,2026-09-09 21:29:27,OK,
PI,GD,45592059000154,7896004796291,DICL.TRIMETAZIDINA 35MG C/30 COM REV-LG,Panpharma - PI,40.0,0.5128,51.85,0.0,25.26,25.26,2026-09-09 21:29:27,OK,
PI,GD,45592059000154,7896004796307,BES. LEVANLODIPINO 5MG C/30COMP -LG,Plusfarma - PI,127.0,0.47950000000000004,80.42,0.0,41.86,41.86,2026-09-09 21:29:31,OK,
PI,GD,45592059000154,7896004796307,BES. LEVANLODIPINO 5MG C/30COMP -LG,Total Comércio - PI,38.0,0.47950000000000004,80.42,0.0,43.89,41.86,2026-09-09 21:29:31,OK,
PI,GD,45592059000154,7896004796307,BES. LEVANLODIPINO 5MG C/30COMP -LG,Panpharma - PI,47.0,0.3944,80.42,0.0,48.7,48.7,2026-09-09 21:29:31,OK,
PI,GD,45592059000154,7896004796314,"BES. LEVANLODIPINO 2,5MG C/30COMP-LG",Plusfarma - PI,105.0,0.5075999999999999,41.41,0.0,20.39,20.39,2026-09-09 21:29:35,OK,
PI,GD,45592059000154,7896004796314,"BES. LEVANLODIPINO 2,5MG C/30COMP-LG",Total Comércio - PI,49.0,0.5075999999999999,41.41,0.0,21.38,20.39,2026-09-09 21:29:35,OK,
PI,GD,45592059000154,7896004796314,"BES. LEVANLODIPINO 2,5MG C/30COMP-LG",Panpharma - PI,22.0,0.4496,41.41,0.0,22.79,22.79,2026-09-09 21:29:35,OK,
PI,GD,45592059000154,7896004796352,GUAIFENESINA + OXOMEMAZINA + POTASSIO IODETO + SODIO BENZOATO x 120ML,Nazaria - PI,1880.0,0.7143,41.86,0.0,11.96,11.96,2026-09-09 21:29:39,OK,
PI,GD,45592059000154,7896004796352,GUAIFENESINA + OXOMEMAZINA + POTASSIO IODETO + SODIO BENZOATO x 120ML,Plusfarma - PI,593.0,0.7143,41.86,0.0,11.96,11.96,2026-09-09 21:29:39,OK,
PI,GD,45592059000154,7896004796352,GUAIFENESINA + OXOMEMAZINA + POTASSIO IODETO + SODIO BENZOATO x 120ML,Panpharma - PI,584.0,0.7112999999999999,41.86,0.0,12.08,12.08,2026-09-09 21:29:39,OK,
TO,GD,34558660000104,7894916372770,Loratadina 1 mg/ml Frasco 100 ml Xarope,Profarma - DF,20.0,0.7140000000000001,37.25,0.0,17.91,10.65,2026-09-09 20:53:00,OK,
TO,GD,34558660000104,7894916372787,Xarope Cloridrato de Ambroxol Infantil 15mg/5ml Frasco 120 ml,Nazaria - MA - Imperatriz,123.0,0.4875,18.49,0.0,9.48,9.48,2026-09-09 20:53:04,OK,
TO,GD,34558660000104,7894916372787,Xarope Cloridrato de Ambroxol Infantil 15mg/5ml Frasco 120 ml,Santa Cruz - GO,88.0,0.45,18.49,0.0,10.17,10.17,2026-09-09 20:53:04,OK,
TO,GD,34558660000104,7894916372787,Xarope Cloridrato de Ambroxol Infantil 15mg/5ml Frasco 120 ml,Panpharma - GO,28.0,0.45,18.49,0.0,10.17,10.17,2026-09-09 20:53:04,OK,
TO,GD,34558660000104,7894916372787,Xarope Cloridrato de Ambroxol Infantil 15mg/5ml Frasco 120 ml,Profarma - DF,91.0,0.4301,18.49,0.0,13.08,10.54,2026-09-09 20:53:04,OK,
TO,GD,34558660000104,7894916372855,Anastrozol 1 mg Caixa 30 Comprimidos Revestidos,Nazaria - TO,39.0,0.887,790.65,0.0,89.34,89.34,2026-09-09 20:53:09,OK,
TO,GD,34558660000104,7894916372855,Anastrozol 1 mg Caixa 30 Comprimidos Revestidos,Nazaria - MA - Imperatriz,19.0,0.887,790.65,0.0,89.34,89.34,2026-09-09 20:53:09,OK,
TO,GD,34558660000104,7894916372855,Anastrozol 1 mg Caixa 30 Comprimidos Revestidos,Santa Cruz - GO,43.0,0.8848999999999999,790.65,0.0,91.0,91.0,2026-09-09 20:53:09,OK,
TO,GD,34558660000104,7894916372855,Anastrozol 1 mg Caixa 30 Comprimidos Revestidos,Panpharma - GO,8.0,0.8848999999999999,790.65,0.0,91.0,91.0,2026-09-09 20:53:09,OK,
TO,GD,34558660000104,7896004700038,Paracetamol 200 mg/ml Frasco 15 ml Gotas,Nazaria - MA - Imperatriz,6516.0,0.601,11.14,0.0,4.44,4.44,2026-09-09 20:53:13,OK,
TO,GD,34558660000104,7896004700038,Paracetamol 200 mg/ml Frasco 15 ml Gotas,Nazaria - TO,5134.0,0.601,11.14,0.0,4.44,4.44,2026-09-09 20:53:13,OK,
TO,GD,34558660000104,7896004700038,Paracetamol 200 mg/ml Frasco 15 ml Gotas,Santa Cruz - GO,1250.0,0.5458,11.14,0.0,5.06,5.06,2026-09-09 20:53:13,OK,
TO,GD,34558660000104,7896004700038,Paracetamol 200 mg/ml Frasco 15 ml Gotas,Panpharma - GO,215.0,0.5458,11.14,0.0,5.06,5.06,2026-09-09 20:53:13,OK,
TO,GD,34558660000104,7896004700038,Paracetamol 200 mg/ml Frasco 15 ml Gotas,Profarma - DF,4323.0,0.5259,10.46,0.0,6.6,4.96,2026-09-09 20:53:13,OK,
TO,GD,34558660000104,7896004700250,Cetoconazol 200 mg Caixa 10 Comprimidos,Panpharma - GO,38.0,0.802,39.78,0.0,7.88,7.88,2026-09-09 20:53:17,OK,
TO,GD,34558660000104,7896004700250,Cetoconazol 200 mg Caixa 10 Comprimidos,Profarma - DF,35.0,0.7820999999999999,39.78,0.0,17.27,8.67,2026-09-09 20:53:17,OK,
TO,GD,34558660000104,7896004700274,Tenoxicam 20 mg Caixa 10 Comprimidos Revestidos,Nazaria - TO,126.0,0.6859999999999999,44.38,0.0,13.94,13.94,2026-09-09 20:53:22,OK,
TO,GD,34558660000104,7896004700274,Tenoxicam 20 mg Caixa 10 Comprimidos Revestidos,Nazaria - MA - Imperatriz,47.0,0.6859999999999999,44.38,0.0,13.94,13.94,2026-09-09 20:53:22,OK,
TO,GD,34558660000104,7896004700274,Tenoxicam 20 mg Caixa 10 Comprimidos Revestidos,Panpharma - GO,220.0,0.6839,44.38,0.0,14.03,14.03,2026-09-09 20:53:22,OK,
TO,GD,34558660000104,7896004700274,Tenoxicam 20 mg Caixa 10 Comprimidos Revestidos,Santa Cruz - GO,145.0,0.6839,44.38,0.0,14.03,14.03,2026-09-09 20:53:22,OK,
TO,GD,34558660000104,7896004700274,Tenoxicam 20 mg Caixa 10 Comprimidos Revestidos,Profarma - DF,584.0,0.664,44.38,0.0,23.44,14.91,2026-09-09 20:53:22,OK,
TO,GD,34558660000104,7896004700403,Diltiazem 60 mg Caixa 50 Comprimidos,Nazaria - MA - Imperatriz,44.0,0.2736,38.5,0.0,27.97,27.97,2026-09-09 20:53:27,OK,
TO,GD,34558660000104,7896004700403,Diltiazem 60 mg Caixa 50 Comprimidos,Nazaria - TO,24.0,0.2736,38.5,0.0,27.97,27.97,2026-09-09 20:53:27,OK,
TO,GD,34558660000104,7896004700403,Diltiazem 60 mg Caixa 50 Comprimidos,Total - TO,18.0,0.2736,38.5,0.0,27.97,27.97,2026-09-09 20:53:27,OK,
TO,GD,34558660000104,7896004700403,Diltiazem 60 mg Caixa 50 Comprimidos,Santa Cruz - GO,159.0,0.25239999999999996,38.5,0.0,28.78,28.78,2026-09-09 20:53:27,OK,
TO,GD,34558660000104,7896004700403,Diltiazem 60 mg Caixa 50 Comprimidos,Panpharma - GO,34.0,0.25239999999999996,38.5,0.0,28.78,28.78,2026-09-09 20:53:27,OK,
TO,GD,34558660000104,7896004700403,Diltiazem 60 mg Caixa 50 Comprimidos,Profarma - DF,313.0,0.22399999999999998,38.5,0.0,33.89,29.88,2026-09-09 20:53:27,OK,
TO,GD,34558660000104,7896004700410,Diltiazem 60 mg Caixa 25 Comprimidos,Nazaria - TO,72.0,0.4936,19.64,0.0,9.95,9.95,2026-09-09 20:53:30,OK,
TO,GD,34558660000104,7896004700427,Amoxicilina 500 mg Caixa 21 Cápsulas,Nazaria - MA - Imperatriz,852.0,0.7602,34.48,0.0,8.27,8.27,2026-09-09 20:53:35,OK,
TO,GD,34558660000104,7896004700427,Amoxicilina 500 mg Caixa 21 Cápsulas,Nazaria - TO,420.0,0.7602,34.48,0.0,8.27,8.27,2026-09-09 20:53:35,OK,
TO,GD,34558660000104,7896004700427,Amoxicilina 500 mg Caixa 21 Cápsulas,Total - TO,56.0,0.7602,34.47,0.0,8.27,8.27,2026-09-09 20:53:35,OK,
TO,GD,34558660000104,7896004700427,Amoxicilina 500 mg Caixa 21 Cápsulas,Santa Cruz - GO,406.0,0.7112999999999999,34.48,0.0,9.95,9.95,2026-09-09 20:53:35,OK,
TO,GD,34558660000104,7896004700427,Amoxicilina 500 mg Caixa 21 Cápsulas,Panpharma - GO,170.0,0.7112999999999999,34.48,0.0,9.95,9.95,2026-09-09 20:53:35,OK,
TO,GD,34558660000104,7896004700427,Amoxicilina 500 mg Caixa 21 Cápsulas,Profarma - DF,1332.0,0.6914,34.48,0.0,17.47,10.64,2026-09-09 20:53:35,OK,
TO,GD,34558660000104,7896004700441,Amoxicilina 500 mg Caixa 15 Cápsulas,Nazaria - TO,387.0,0.6383,25.4,0.0,9.19,9.19,2026-09-09 20:53:40,OK,
TO,GD,34558660000104,7896004700441,Amoxicilina 500 mg Caixa 15 Cápsulas,Nazaria - MA - Imperatriz,22.0,0.6383,25.4,0.0,9.19,9.19,2026-09-09 20:53:40,OK,
TO,GD,34558660000104,7896004700441,Amoxicilina 500 mg Caixa 15 Cápsulas,Total - TO,12.0,0.6369,25.4,0.0,9.22,9.22,2026-09-09 20:53:40,OK,
TO,GD,34558660000104,7896004700441,Amoxicilina 500 mg Caixa 15 Cápsulas,Santa Cruz - GO,413.0,0.6363,25.4,0.0,9.24,9.24,2026-09-09 20:53:40,OK,
TO,GD,34558660000104,7896004700441,Amoxicilina 500 mg Caixa 15 Cápsulas,Panpharma - GO,19.0,0.6363,25.4,0.0,9.24,9.24,2026-09-09 20:53:40,OK,
TO,GD,34558660000104,7896004700441,Amoxicilina 500 mg Caixa 15 Cápsulas,Profarma - DF,518.0,0.6122,25.4,0.0,14.47,9.85,2026-09-09 20:53:40,OK,
TO,GD,34558660000104,7896004700458,Amoxicilina 250mg/5ml Frasco 150 ml Pó Para Suspensão Oral + Copo,Nazaria - TO,571.0,0.6201,27.94,0.0,10.61,10.61,2026-09-09 20:53:45,OK,
TO,GD,34558660000104,7896004700458,Amoxicilina 250mg/5ml Frasco 150 ml Pó Para Suspensão Oral + Copo,Nazaria - MA - Imperatriz,114.0,0.6201,27.94,0.0,10.61,10.61,2026-09-09 20:53:45,OK,
TO,GD,34558660000104,7896004700458,Amoxicilina 250mg/5ml Frasco 150 ml Pó Para Suspensão Oral + Copo,Total - TO,88.0,0.6201,27.94,0.0,10.61,10.61,2026-09-09 20:53:45,OK,
TO,GD,34558660000104,7896004700458,Amoxicilina 250mg/5ml Frasco 150 ml Pó Para Suspensão Oral + Copo,Panpharma - GO,437.0,0.605,27.94,0.0,11.04,11.04,2026-09-09 20:53:45,OK,
TO,GD,34558660000104,7896004700458,Amoxicilina 250mg/5ml Frasco 150 ml Pó Para Suspensão Oral + Copo,Santa Cruz - GO,388.0,0.605,27.94,0.0,11.04,11.04,2026-09-09 20:53:45,OK,
TO,GD,34558660000104,7896004700458,Amoxicilina 250mg/5ml Frasco 150 ml Pó Para Suspensão Oral + Copo,Profarma - DF,494.0,0.5851,27.94,0.0,16.52,11.59,2026-09-09 20:53:45,OK,
TO,GD,34558660000104,7896004700526,Enalapril 5 mg Caixa 30 Comprimidos,Santa Cruz - GO,527.0,0.8434999999999999,21.4,0.0,3.35,3.35,2026-09-09 20:53:49,OK,
TO,GD,34558660000104,7896004700526,Enalapril 5 mg Caixa 30 Comprimidos,Panpharma - GO,309.0,0.8434999999999999,21.4,0.0,3.35,3.35,2026-09-09 20:53:49,OK,
TO,GD,34558660000104,7896004700526,Enalapril 5 mg Caixa 30 Comprimidos,Nazaria - TO,123.0,0.8389,21.4,0.0,3.45,3.45,2026-09-09 20:53:49,OK,
TO,GD,34558660000104,7896004700526,Enalapril 5 mg Caixa 30 Comprimidos,Profarma - DF,2355.0,0.8236,21.4,0.0,8.58,3.77,2026-09-09 20:53:49,OK,
TO,GD,34558660000104,7896004700533,Enalapril 10 mg Caixa 30 Comprimidos,Santa Cruz - GO,386.0,0.8640000000000001,20.46,0.0,2.78,2.78,2026-09-09 20:53:53,OK,
TO,GD,34558660000104,7896004700533,Enalapril 10 mg Caixa 30 Comprimidos,Nazaria - TO,248.0,0.8604,20.46,0.0,2.86,2.86,2026-09-09 20:53:53,OK,
TO,GD,34558660000104,7896004700533,Enalapril 10 mg Caixa 30 Comprimidos,Nazaria - MA - Imperatriz,143.0,0.8604,20.46,0.0,2.86,2.86,2026-09-09 20:53:53,OK,
TO,GD,34558660000104,7896004700533,Enalapril 10 mg Caixa 30 Comprimidos,Profarma - DF,29750.0,0.8441,20.46,0.0,7.87,3.19,2026-09-09 20:53:53,OK,
TO,GD,34558660000104,7896004700540,Enalapril 20 mg Caixa 30 Comprimidos,Santa Cruz - GO,971.0,0.8753,31.09,0.0,3.88,3.88,2026-09-09 20:53:57,OK,
TO,GD,34558660000104,7896004700540,Enalapril 20 mg Caixa 30 Comprimidos,Panpharma - GO,232.0,0.8753,31.09,0.0,3.88,3.88,2026-09-09 20:53:57,OK,
TO,GD,34558660000104,7896004700540,Enalapril 20 mg Caixa 30 Comprimidos,Profarma - DF,1984.0,0.8554999999999999,31.09,0.0,11.66,4.49,2026-09-09 20:53:57,OK,
TO,GD,34558660000104,7896004700564,Carbocisteína 20 mg/ml Frasco 100 ml Xarope Pediátrico,Nazaria - TO,112.0,0.6138,21.37,0.0,8.25,8.25,2026-09-09 20:54:00,OK,
TO,GD,34558660000104,7896004700571,Carbocisteína 50 mg/ml Frasco 100 ml Xarope Adulto,Total - TO,184.0,0.5746,31.7,0.0,13.49,13.49,2026-09-09 20:54:05,OK,
TO,GD,34558660000104,7896004700571,Carbocisteína 50 mg/ml Frasco 100 ml Xarope Adulto,Nazaria - TO,155.0,0.5746,31.7,0.0,13.49,13.49,2026-09-09 20:54:05,OK,
TO,GD,34558660000104,7896004700571,Carbocisteína 50 mg/ml Frasco 100 ml Xarope Adulto,Nazaria - MA - Imperatriz,38.0,0.5746,31.7,0.0,13.49,13.49,2026-09-09 20:54:05,OK,
TO,GD,34558660000104,7896004700571,Carbocisteína 50 mg/ml Frasco 100 ml Xarope Adulto,Panpharma - GO,70.0,0.5447,31.7,0.0,14.43,14.43,2026-09-09 20:54:05,OK,
TO,GD,34558660000104,7896004700571,Carbocisteína 50 mg/ml Frasco 100 ml Xarope Adulto,Santa Cruz - GO,54.0,0.5447,31.7,0.0,14.43,14.43,2026-09-09 20:54:05,OK,
TO,GD,34558660000104,7896004700571,Carbocisteína 50 mg/ml Frasco 100 ml Xarope Adulto,Profarma - DF,80.0,0.5196000000000001,31.7,0.0,20.18,15.23,2026-09-09 20:54:05,OK,
TO,GD,34558660000104,7896004700656,Betametasona + Ácido Salicílico 0.5+30 mg/g Bisnaga 30 g Pomada,Nazaria - MA - Imperatriz,189.0,0.7473000000000001,22.29,0.0,5.63,5.63,2026-09-09 20:54:10,OK,
TO,GD,34558660000104,7896004700656,Betametasona + Ácido Salicílico 0.5+30 mg/g Bisnaga 30 g Pomada,Nazaria - TO,159.0,0.7473000000000001,22.29,0.0,5.63,5.63,2026-09-09 20:54:10,OK,
TO,GD,34558660000104,7896004700656,Betametasona + Ácido Salicílico 0.5+30 mg/g Bisnaga 30 g Pomada,Santa Cruz - GO,285.0,0.7452,22.29,0.0,5.68,5.68,2026-09-09 20:54:10,OK,
TO,GD,34558660000104,7896004700656,Betametasona + Ácido Salicílico 0.5+30 mg/g Bisnaga 30 g Pomada,Panpharma - GO,142.0,0.7452,22.29,0.0,5.68,5.68,2026-09-09 20:54:10,OK,
TO,GD,34558660000104,7896004700656,Betametasona + Ácido Salicílico 0.5+30 mg/g Bisnaga 30 g Pomada,Profarma - DF,399.0,0.7253000000000001,22.29,0.0,10.51,6.12,2026-09-09 20:54:10,OK,
TO,GD,34558660000104,7896004700953,Pentoxifilina 400 mg Caixa 20 Comprimidos Revestidos,Nazaria - MA - Imperatriz,29.0,0.22010000000000002,51.09,0.0,39.85,39.85,2026-09-09 20:54:14,OK,
TO,GD,34558660000104,7896004700953,Pentoxifilina 400 mg Caixa 20 Comprimidos Revestidos,Santa Cruz - GO,47.0,0.1604,51.09,0.0,42.9,42.9,2026-09-09 20:54:14,OK,
TO,GD,34558660000104,7896004700953,Pentoxifilina 400 mg Caixa 20 Comprimidos Revestidos,Panpharma - GO,30.0,0.1604,51.09,0.0,42.9,42.9,2026-09-09 20:54:14,OK,
TO,GD,34558660000104,7896004700984,Cetoconazol 20 mg/g Frasco 100 ml Shampoo Anticaspa,Total - TO,1.0,0.6343,60.67,0.0,22.19,22.19,2026-09-09 20:54:18,OK,
TO,GD,34558660000104,7896004700984,Cetoconazol 20 mg/g Frasco 100 ml Shampoo Anticaspa,Panpharma - GO,211.0,0.624,60.67,0.0,22.81,22.81,2026-09-09 20:54:18,OK,
TO,GD,34558660000104,7896004700984,Cetoconazol 20 mg/g Frasco 100 ml Shampoo Anticaspa,Santa Cruz - GO,153.0,0.624,60.67,0.0,22.81,22.81,2026-09-09 20:54:18,OK,
TO,GD,34558660000104,7896004700984,Cetoconazol 20 mg/g Frasco 100 ml Shampoo Anticaspa,Profarma - DF,680.0,0.6041,57.69,0.0,32.82,22.84,2026-09-09 20:54:18,OK,
TO,GD,34558660000104,7896004700991,Claritromicina 500 mg Caixa 14 Comprimidos Revestidos,Nazaria - MA - Imperatriz,231.0,0.5946,215.34,0.0,87.3,87.3,2026-09-09 20:54:23,OK,
TO,GD,34558660000104,7896004700991,Claritromicina 500 mg Caixa 14 Comprimidos Revestidos,Nazaria - TO,36.0,0.5946,215.34,0.0,87.3,87.3,2026-09-09 20:54:23,OK,
TO,GD,34558660000104,7896004700991,Claritromicina 500 mg Caixa 14 Comprimidos Revestidos,Santa Cruz - GO,59.0,0.5915,215.34,0.0,87.97,87.97,2026-09-09 20:54:23,OK,
TO,GD,34558660000104,7896004700991,Claritromicina 500 mg Caixa 14 Comprimidos Revestidos,Panpharma - GO,46.0,0.5915,215.34,0.0,87.97,87.97,2026-09-09 20:54:23,OK,
TO,GD,34558660000104,7896004700991,Claritromicina 500 mg Caixa 14 Comprimidos Revestidos,Profarma - DF,182.0,0.5669,215.34,0.0,130.52,93.26,2026-09-09 20:54:23,OK,
TO,GD,34558660000104,7896004701035,Terbinafina 10 mg/g Bisnaga 20 g Creme,Total - TO,531.0,0.4941,34.92,0.0,17.66,17.66,2026-09-09 20:54:28,OK,
TO,GD,34558660000104,7896004701035,Terbinafina 10 mg/g Bisnaga 20 g Creme,Nazaria - MA - Imperatriz,457.0,0.49420000000000003,34.92,0.0,17.66,17.66,2026-09-09 20:54:28,OK,
TO,GD,34558660000104,7896004701035,Terbinafina 10 mg/g Bisnaga 20 g Creme,Nazaria - TO,180.0,0.49420000000000003,34.92,0.0,17.66,17.66,2026-09-09 20:54:28,OK,
TO,GD,34558660000104,7896004701035,Terbinafina 10 mg/g Bisnaga 20 g Creme,Panpharma - GO,344.0,0.4346,34.92,0.0,19.74,19.74,2026-09-09 20:54:28,OK,
TO,GD,34558660000104,7896004701035,Terbinafina 10 mg/g Bisnaga 20 g Creme,Santa Cruz - GO,234.0,0.4346,34.92,0.0,19.74,19.74,2026-09-09 20:54:28,OK,
TO,GD,34558660000104,7896004701035,Terbinafina 10 mg/g Bisnaga 20 g Creme,Profarma - DF,626.0,0.4147,34.92,0.0,25.17,20.44,2026-09-09 20:54:28,OK,
TO,GD,34558660000104,7896004701172,Claritromicina 500 mg Caixa 10 Comprimidos Revestidos,Total - TO,28.0,0.7763,146.93,0.0,32.86,32.86,2026-09-09 20:54:32,OK,
TO,GD,34558660000104,7896004701172,Claritromicina 500 mg Caixa 10 Comprimidos Revestidos,Nazaria - MA - Imperatriz,23.0,0.6553,146.93,0.0,50.65,50.65,2026-09-09 20:54:32,OK,
TO,GD,34558660000104,7896004701172,Claritromicina 500 mg Caixa 10 Comprimidos Revestidos,Santa Cruz - GO,127.0,0.6533,146.93,0.0,50.94,50.94,2026-09-09 20:54:32,OK,
TO,GD,34558660000104,7896004701172,Claritromicina 500 mg Caixa 10 Comprimidos Revestidos,Panpharma - GO,55.0,0.6533,146.93,0.0,50.94,50.94,2026-09-09 20:54:32,OK,
TO,GD,34558660000104,7896004701233,Bromoprida 4 mg/ml Frasco 20 ml Gotas,Nazaria - MA - Imperatriz,2107.0,0.7078,19.16,0.0,5.6,5.6,2026-09-09 20:54:37,OK,
TO,GD,34558660000104,7896004701233,Bromoprida 4 mg/ml Frasco 20 ml Gotas,Nazaria - TO,514.0,0.7078,19.16,0.0,5.6,5.6,2026-09-09 20:54:37,OK,
TO,GD,34558660000104,7896004701233,Bromoprida 4 mg/ml Frasco 20 ml Gotas,Total - TO,198.0,0.7078,19.16,0.0,5.6,5.6,2026-09-09 20:54:37,OK,
TO,GD,34558660000104,7896004701233,Bromoprida 4 mg/ml Frasco 20 ml Gotas,Santa Cruz - GO,532.0,0.7040000000000001,19.16,0.0,5.67,5.67,2026-09-09 20:54:37,OK,
TO,GD,34558660000104,7896004701233,Bromoprida 4 mg/ml Frasco 20 ml Gotas,Panpharma - GO,118.0,0.7040000000000001,19.16,0.0,5.67,5.67,2026-09-09 20:54:37,OK,
TO,GD,34558660000104,7896004701233,Bromoprida 4 mg/ml Frasco 20 ml Gotas,Profarma - DF,441.0,0.6840999999999999,19.16,0.0,9.67,6.05,2026-09-09 20:54:37,OK,
TO,GD,34558660000104,7896004701288,Hidróxido De Alumínio 61.5 mg/ml Frasco 240 ml Suspensão Oral,Total - TO,80.0,0.302,21.38,0.0,14.92,14.92,2026-09-09 20:54:42,OK,
TO,GD,34558660000104,7896004701288,Hidróxido De Alumínio 61.5 mg/ml Frasco 240 ml Suspensão Oral,Profarma - DF,2489.0,0.20129999999999998,15.99,0.0,14.98,12.77,2026-09-09 20:54:42,OK,
TO,GD,34558660000104,7896004701288,Hidróxido De Alumínio 61.5 mg/ml Frasco 240 ml Suspensão Oral,Nazaria - MA - Imperatriz,571.0,0.302,22.21,0.0,15.5,15.5,2026-09-09 20:54:42,OK,
TO,GD,34558660000104,7896004701288,Hidróxido De Alumínio 61.5 mg/ml Frasco 240 ml Suspensão Oral,Nazaria - TO,549.0,0.302,22.21,0.0,15.5,15.5,2026-09-09 20:54:42,OK,
TO,GD,34558660000104,7896004701288,Hidróxido De Alumínio 61.5 mg/ml Frasco 240 ml Suspensão Oral,Santa Cruz - GO,1242.0,0.2212,21.38,0.0,16.65,16.65,2026-09-09 20:54:42,OK,
TO,GD,34558660000104,7896004701288,Hidróxido De Alumínio 61.5 mg/ml Frasco 240 ml Suspensão Oral,Panpharma - GO,230.0,0.2212,21.38,0.0,16.65,16.65,2026-09-09 20:54:42,OK,
TO,GD,34558660000104,7896004701301,,,0.0,0.0,0.0,0.0,0.0,0.0,2026-09-09 20:54:54,ERRO,Message: Nenhuma distribuidora pôde ser lida no card do produto.
TO,GD,34558660000104,7896004701462,Lorazepam 2 mg Caixa 20 Comprimidos,Nazaria - TO,164.0,0.8423,17.59,0.0,2.77,2.77,2026-09-09 20:54:59,OK,
TO,GD,34558660000104,7896004701462,Lorazepam 2 mg Caixa 20 Comprimidos,Santa Cruz - GO,92.0,0.7909,17.59,0.0,3.68,3.68,2026-09-09 20:54:59,OK,
TO,GD,34558660000104,7896004701462,Lorazepam 2 mg Caixa 20 Comprimidos,Panpharma - GO,49.0,0.7909,17.59,0.0,3.68,3.68,2026-09-09 20:54:59,OK,
TO,GD,34558660000104,7896004701462,Lorazepam 2 mg Caixa 20 Comprimidos,Profarma - DF,67.0,0.7709999999999999,17.59,0.0,7.79,4.03,2026-09-09 20:54:59,OK,
TO,GD,34558660000104,7896004701820,Diclofenaco Potássico 50 mg Caixa 20 Comprimidos Revestidos,Nazaria - MA - Imperatriz,262.0,0.8402,22.44,0.0,3.59,3.59,2026-09-09 20:55:03,OK,
TO,GD,34558660000104,7896004701820,Diclofenaco Potássico 50 mg Caixa 20 Comprimidos Revestidos,Santa Cruz - GO,61.0,0.8381000000000001,22.44,0.0,3.63,3.63,2026-09-09 20:55:03,OK,
TO,GD,34558660000104,7896004701820,Diclofenaco Potássico 50 mg Caixa 20 Comprimidos Revestidos,Panpharma - GO,1.0,0.8381000000000001,22.44,0.0,3.63,3.63,2026-09-09 20:55:03,OK,
TO,GD,34558660000104,7896004701820,Diclofenaco Potássico 50 mg Caixa 20 Comprimidos Revestidos,Profarma - DF,341.0,0.8181999999999999,22.44,0.0,9.09,4.08,2026-09-09 20:55:03,OK,
TO,GD,34558660000104,7896004701943,Sinvastatina 10 mg Caixa 30 Comprimidos Revestidos,Nazaria - TO,75.0,0.7992,25.05,0.0,5.03,5.03,2026-09-09 20:55:08,OK,
TO,GD,34558660000104,7896004701943,Sinvastatina 10 mg Caixa 30 Comprimidos Revestidos,Nazaria - MA - Imperatriz,34.0,0.7992,25.05,0.0,5.03,5.03,2026-09-09 20:55:08,OK,
TO,GD,34558660000104,7896004701943,Sinvastatina 10 mg Caixa 30 Comprimidos Revestidos,Santa Cruz - GO,146.0,0.7970999999999999,25.05,0.0,5.08,5.08,2026-09-09 20:55:08,OK,
TO,GD,34558660000104,7896004701943,Sinvastatina 10 mg Caixa 30 Comprimidos Revestidos,Panpharma - GO,58.0,0.7970999999999999,25.05,0.0,5.08,5.08,2026-09-09 20:55:08,OK,
TO,GD,34558660000104,7896004701943,Sinvastatina 10 mg Caixa 30 Comprimidos Revestidos,Profarma - DF,464.0,0.7772,25.05,0.0,10.97,5.58,2026-09-09 20:55:08,OK,
TO,GD,34558660000104,7896004701967,Omeprazol Magnésico 20 mg Caixa 28 Cápsulas,Nazaria - MA - Imperatriz,111.0,0.8482999999999999,27.63,0.0,4.19,4.19,2026-09-09 20:55:12,OK,
TO,GD,34558660000104,7896004701967,Omeprazol Magnésico 20 mg Caixa 28 Cápsulas,Santa Cruz - GO,487.0,0.8462000000000001,27.63,0.0,4.25,4.25,2026-09-09 20:55:12,OK,
TO,GD,34558660000104,7896004701967,Omeprazol Magnésico 20 mg Caixa 28 Cápsulas,Panpharma - GO,438.0,0.8462000000000001,27.63,0.0,4.25,4.25,2026-09-09 20:55:12,OK,
TO,GD,34558660000104,7896004701967,Omeprazol Magnésico 20 mg Caixa 28 Cápsulas,Total - TO,107.0,0.8404,27.63,0.0,4.41,4.41,2026-09-09 20:55:12,OK,
TO,GD,34558660000104,7896004701967,Omeprazol Magnésico 20 mg Caixa 28 Cápsulas,Profarma - DF,3361.0,0.8262999999999999,27.63,0.0,11.02,4.8,2026-09-09 20:55:12,OK,
TO,GD,34558660000104,7896004702032,Nistatina 100000 ui/ml Frasco 50 ml Suspensão Oral,Nazaria - TO,275.0,0.7028,30.91,0.0,9.19,9.19,2026-09-09 20:55:17,OK,
TO,GD,34558660000104,7896004702032,Nistatina 100000 ui/ml Frasco 50 ml Suspensão Oral,Nazaria - MA - Imperatriz,239.0,0.7028,30.91,0.0,9.19,9.19,2026-09-09 20:55:17,OK,
TO,GD,34558660000104,7896004702032,Nistatina 100000 ui/ml Frasco 50 ml Suspensão Oral,Total - TO,99.0,0.7028,30.91,0.0,9.19,9.19,2026-09-09 20:55:17,OK,
TO,GD,34558660000104,7896004702032,Nistatina 100000 ui/ml Frasco 50 ml Suspensão Oral,Santa Cruz - GO,245.0,0.6981,30.91,0.0,9.33,9.33,2026-09-09 20:55:17,OK,
TO,GD,34558660000104,7896004702032,Nistatina 100000 ui/ml Frasco 50 ml Suspensão Oral,Panpharma - GO,196.0,0.6981,30.91,0.0,9.33,9.33,2026-09-09 20:55:17,OK,
TO,GD,34558660000104,7896004702032,Nistatina 100000 ui/ml Frasco 50 ml Suspensão Oral,Profarma - DF,825.0,0.6781999999999999,30.91,0.0,15.98,9.95,2026-09-09 20:55:17,OK,
TO,GD,34558660000104,7896004702049,Benzoilmetronidazol 40 mg/ml Frasco 120 ml Suspensão Oral,Nazaria - TO,684.0,0.2631,14.0,0.0,10.32,10.32,2026-09-09 20:55:22,OK,
TO,GD,34558660000104,7896004702049,Benzoilmetronidazol 40 mg/ml Frasco 120 ml Suspensão Oral,Nazaria - MA - Imperatriz,359.0,0.2631,14.0,0.0,10.32,10.32,2026-09-09 20:55:22,OK,
TO,GD,34558660000104,7896004702049,Benzoilmetronidazol 40 mg/ml Frasco 120 ml Suspensão Oral,Santa Cruz - GO,123.0,0.21989999999999998,14.0,0.0,10.92,10.92,2026-09-09 20:55:22,OK,
TO,GD,34558660000104,7896004702049,Benzoilmetronidazol 40 mg/ml Frasco 120 ml Suspensão Oral,Panpharma - GO,86.0,0.21989999999999998,14.0,0.0,10.92,10.92,2026-09-09 20:55:22,OK,
TO,GD,34558660000104,7896004702452,Albendazol 40 mg/ml Frasco 10 ml Suspensão Oral,Nazaria - MA - Imperatriz,1855.0,0.535,10.56,0.0,4.91,4.91,2026-09-09 20:55:26,OK,
TO,GD,34558660000104,7896004702452,Albendazol 40 mg/ml Frasco 10 ml Suspensão Oral,Nazaria - TO,1780.0,0.535,10.56,0.0,4.91,4.91,2026-09-09 20:55:26,OK,
TO,GD,34558660000104,7896004702452,Albendazol 40 mg/ml Frasco 10 ml Suspensão Oral,Panpharma - GO,647.0,0.5166,10.56,0.0,5.1,5.1,2026-09-09 20:55:26,OK,
TO,GD,34558660000104,7896004702452,Albendazol 40 mg/ml Frasco 10 ml Suspensão Oral,Santa Cruz - GO,223.0,0.5166,10.56,0.0,5.1,5.1,2026-09-09 20:55:26,OK,
TO,GD,34558660000104,7896004702452,Albendazol 40 mg/ml Frasco 10 ml Suspensão Oral,Profarma - DF,835.0,0.49670000000000003,10.56,0.0,6.99,5.31,2026-09-09 20:55:26,OK,
TO,GD,34558660000104,7896004703275,Cefadroxila 500 mg Caixa 8 Cápsulas,Nazaria - MA - Imperatriz,407.0,0.7443000000000001,54.33,0.0,13.89,13.89,2026-09-09 20:55:31,OK,
TO,GD,34558660000104,7896004703275,Cefadroxila 500 mg Caixa 8 Cápsulas,Nazaria - TO,218.0,0.7443000000000001,54.33,0.0,13.89,13.89,2026-09-09 20:55:31,OK,
TO,GD,34558660000104,7896004703275,Cefadroxila 500 mg Caixa 8 Cápsulas,Santa Cruz - GO,419.0,0.7415999999999999,54.33,0.0,14.04,14.04,2026-09-09 20:55:31,OK,
TO,GD,34558660000104,7896004703275,Cefadroxila 500 mg Caixa 8 Cápsulas,Panpharma - GO,151.0,0.7415999999999999,54.33,0.0,14.04,14.04,2026-09-09 20:55:31,OK,
TO,GD,34558660000104,7896004703275,Cefadroxila 500 mg Caixa 8 Cápsulas,Profarma - DF,1825.0,0.7217,54.33,0.0,26.2,15.12,2026-09-09 20:55:31,OK,
TO,GD,34558660000104,7896004703305,Anlodipino 5 mg Caixa 30 Comprimidos,Panpharma - GO,41.0,0.8012999999999999,27.55,0.0,5.47,5.47,2026-09-09 20:55:35,OK,
TO,GD,34558660000104,7896004703305,Anlodipino 5 mg Caixa 30 Comprimidos,Nazaria - TO,95.0,0.7978000000000001,27.55,0.0,5.57,5.57,2026-09-09 20:55:35,OK,
TO,GD,34558660000104,7896004703312,Anlodipino 10 mg Caixa 30 Comprimidos,Nazaria - MA - Imperatriz,209.0,0.8512000000000001,51.68,0.0,7.69,7.69,2026-09-09 20:55:39,OK,
TO,GD,34558660000104,7896004703312,Anlodipino 10 mg Caixa 30 Comprimidos,Total - TO,53.0,0.8511,51.68,0.0,7.7,7.7,2026-09-09 20:55:39,OK,
TO,GD,34558660000104,7896004703312,Anlodipino 10 mg Caixa 30 Comprimidos,Panpharma - GO,97.0,0.8491,51.68,0.0,7.8,7.8,2026-09-09 20:55:39,OK,
TO,GD,34558660000104,7896004703312,Anlodipino 10 mg Caixa 30 Comprimidos,Profarma - DF,140.0,0.8293,51.68,0.0,20.48,8.82,2026-09-09 20:55:39,OK,
TO,GD,34558660000104,7896004703336,Fluconazol 150 mg Caixa 1 Cápsula,Nazaria - TO,445.0,0.8406999999999999,12.11,0.0,1.93,1.93,2026-09-09 20:55:43,OK,
TO,GD,34558660000104,7896004703336,Fluconazol 150 mg Caixa 1 Cápsula,Total - TO,254.0,0.8325,12.11,0.0,2.02,2.02,2026-09-09 20:55:43,OK,
TO,GD,34558660000104,7896004703336,Fluconazol 150 mg Caixa 1 Cápsula,Profarma - DF,1.0,0.8187000000000001,12.11,0.0,4.9,2.2,2026-09-09 20:55:43,OK,
TO,GD,34558660000104,7896004703343,Fluconazol 150 mg Caixa 2 Cápsulas,Nazaria - TO,1229.0,0.677,20.38,0.0,6.58,6.58,2026-09-09 20:55:48,OK,
TO,GD,34558660000104,7896004703343,Fluconazol 150 mg Caixa 2 Cápsulas,Nazaria - MA - Imperatriz,196.0,0.677,20.38,0.0,6.58,6.58,2026-09-09 20:55:48,OK,
TO,GD,34558660000104,7896004703343,Fluconazol 150 mg Caixa 2 Cápsulas,Total - TO,53.0,0.677,20.38,0.0,6.58,6.58,2026-09-09 20:55:48,OK,
TO,GD,34558660000104,7896004703343,Fluconazol 150 mg Caixa 2 Cápsulas,Santa Cruz - GO,148.0,0.6635,20.38,0.0,6.86,6.86,2026-09-09 20:55:48,OK,
TO,GD,34558660000104,7896004703343,Fluconazol 150 mg Caixa 2 Cápsulas,Panpharma - GO,110.0,0.6635,20.38,0.0,6.86,6.86,2026-09-09 20:55:48,OK,
TO,GD,34558660000104,7896004703343,Fluconazol 150 mg Caixa 2 Cápsulas,Profarma - DF,676.0,0.6436,20.38,0.0,11.1,7.26,2026-09-09 20:55:48,OK,
TO,GD,34558660000104,7896004703381,Diclofenaco Resinato 15 mg/ml Frasco 20 ml Gotas,Nazaria - TO,40.0,0.7855,15.98,0.0,3.43,3.43,2026-09-09 20:55:51,OK,
TO,GD,34558660000104,7896004703398,Dipirona Monoidratada 500 mg Display 240 Comprimidos,Nazaria - TO,202.0,0.7265999999999999,187.97,0.0,51.39,51.39,2026-09-09 20:55:56,OK,
TO,GD,34558660000104,7896004703398,Dipirona Monoidratada 500 mg Display 240 Comprimidos,Nazaria - MA - Imperatriz,179.0,0.7265999999999999,187.97,0.0,51.39,51.39,2026-09-09 20:55:56,OK,
TO,GD,34558660000104,7896004703398,Dipirona Monoidratada 500 mg Display 240 Comprimidos,Santa Cruz - GO,977.0,0.7245999999999999,187.97,0.0,51.77,51.77,2026-09-09 20:55:56,OK,
TO,GD,34558660000104,7896004703398,Dipirona Monoidratada 500 mg Display 240 Comprimidos,Panpharma - GO,765.0,0.7245999999999999,187.97,0.0,51.77,51.77,2026-09-09 20:55:56,OK,
TO,GD,34558660000104,7896004703398,Dipirona Monoidratada 500 mg Display 240 Comprimidos,Total - TO,64.0,0.7222,187.97,0.0,52.22,52.22,2026-09-09 20:55:56,OK,
TO,GD,34558660000104,7896004703398,Dipirona Monoidratada 500 mg Display 240 Comprimidos,Profarma - DF,538.0,0.7047,187.97,0.0,91.83,55.51,2026-09-09 20:55:56,OK,
TO,GD,34558660000104,7896004703404,Amoxicilina + Clavulanato 500+125 mg Caixa 12 Comprimidos Revestidos,Total - TO,51.0,0.6828,88.08,0.0,27.93,27.93,2026-09-09 20:56:00,OK,
TO,GD,34558660000104,7896004703404,Amoxicilina + Clavulanato 500+125 mg Caixa 12 Comprimidos Revestidos,Nazaria - TO,40.0,0.6829000000000001,88.08,0.0,27.93,27.93,2026-09-09 20:56:00,OK,
TO,GD,34558660000104,7896004703404,Amoxicilina + Clavulanato 500+125 mg Caixa 12 Comprimidos Revestidos,Santa Cruz - GO,95.0,0.6531999999999999,88.08,0.0,30.55,30.55,2026-09-09 20:56:00,OK,
TO,GD,34558660000104,7896004703404,Amoxicilina + Clavulanato 500+125 mg Caixa 12 Comprimidos Revestidos,Panpharma - GO,36.0,0.6531999999999999,88.08,0.0,30.55,30.55,2026-09-09 20:56:00,OK,
TO,GD,34558660000104,7896004703404,Amoxicilina + Clavulanato 500+125 mg Caixa 12 Comprimidos Revestidos,Profarma - DF,109.0,0.6333,88.08,0.0,48.71,32.3,2026-09-09 20:56:00,OK,
TO,GD,34558660000104,7896004703411,Amoxicilina + Clavulanato 500+125 mg Caixa 18 Comprimidos Revestidos,Nazaria - TO,131.0,0.6829999999999999,131.78,0.0,41.77,41.77,2026-09-09 20:56:05,OK,
TO,GD,34558660000104,7896004703411,Amoxicilina + Clavulanato 500+125 mg Caixa 18 Comprimidos Revestidos,Nazaria - MA - Imperatriz,25.0,0.6829999999999999,131.78,0.0,41.77,41.77,2026-09-09 20:56:05,OK,
TO,GD,34558660000104,7896004703411,Amoxicilina + Clavulanato 500+125 mg Caixa 18 Comprimidos Revestidos,Total - TO,15.0,0.6829999999999999,131.78,0.0,41.77,41.77,2026-09-09 20:56:05,OK,
TO,GD,34558660000104,7896004703411,Amoxicilina + Clavulanato 500+125 mg Caixa 18 Comprimidos Revestidos,Santa Cruz - GO,107.0,0.6533,131.78,0.0,45.69,45.69,2026-09-09 20:56:05,OK,
TO,GD,34558660000104,7896004703411,Amoxicilina + Clavulanato 500+125 mg Caixa 18 Comprimidos Revestidos,Panpharma - GO,28.0,0.6533,131.78,0.0,45.69,45.69,2026-09-09 20:56:05,OK,
TO,GD,34558660000104,7896004703411,Amoxicilina + Clavulanato 500+125 mg Caixa 18 Comprimidos Revestidos,Profarma - DF,38.0,0.6334000000000001,131.78,0.0,72.87,48.31,2026-09-09 20:56:05,OK,
TO,GD,34558660000104,7896004703428,Amoxicilina + Clavulanato 250+62.5mg/5ml Frasco 75 ml Pó P/ Susp. Oral + Copo,Total - TO,255.0,0.6208,61.45,0.0,23.3,23.3,2026-09-09 20:56:10,OK,
TO,GD,34558660000104,7896004703428,Amoxicilina + Clavulanato 250+62.5mg/5ml Frasco 75 ml Pó P/ Susp. Oral + Copo,Nazaria - TO,70.0,0.6208,61.45,0.0,23.3,23.3,2026-09-09 20:56:10,OK,
TO,GD,34558660000104,7896004703428,Amoxicilina + Clavulanato 250+62.5mg/5ml Frasco 75 ml Pó P/ Susp. Oral + Copo,Nazaria - MA - Imperatriz,36.0,0.6208,61.45,0.0,23.3,23.3,2026-09-09 20:56:10,OK,
TO,GD,34558660000104,7896004703428,Amoxicilina + Clavulanato 250+62.5mg/5ml Frasco 75 ml Pó P/ Susp. Oral + Copo,Santa Cruz - GO,548.0,0.47700000000000004,61.45,0.0,32.14,32.14,2026-09-09 20:56:10,OK,
TO,GD,34558660000104,7896004703428,Amoxicilina + Clavulanato 250+62.5mg/5ml Frasco 75 ml Pó P/ Susp. Oral + Copo,Panpharma - GO,185.0,0.47700000000000004,61.45,0.0,32.14,32.14,2026-09-09 20:56:10,OK,
TO,GD,34558660000104,7896004703428,Amoxicilina + Clavulanato 250+62.5mg/5ml Frasco 75 ml Pó P/ Susp. Oral + Copo,Profarma - DF,514.0,0.4571,61.45,0.0,42.64,33.36,2026-09-09 20:56:10,OK,
TO,GD,34558660000104,7896004703466,Finasterida 5 mg Caixa 30 Comprimidos Revestidos,Santa Cruz - GO,161.0,0.8162,108.53,0.0,19.95,19.95,2026-09-09 20:56:14,OK,
TO,GD,34558660000104,7896004703466,Finasterida 5 mg Caixa 30 Comprimidos Revestidos,Profarma - DF,71.0,0.7963,108.53,0.0,45.87,22.11,2026-09-09 20:56:14,OK,
TO,GD,34558660000104,7896004703473,Metildopa 500 mg Caixa 30 Comprimidos Revestidos,Nazaria - MA - Imperatriz,804.0,0.1495,45.06,0.0,38.32,38.32,2026-09-09 20:56:19,OK,
TO,GD,34558660000104,7896004703473,Metildopa 500 mg Caixa 30 Comprimidos Revestidos,Total - TO,289.0,0.1495,45.06,0.0,38.32,38.32,2026-09-09 20:56:19,OK,
TO,GD,34558660000104,7896004703473,Metildopa 500 mg Caixa 30 Comprimidos Revestidos,Nazaria - TO,29.0,0.1495,45.06,0.0,38.32,38.32,2026-09-09 20:56:19,OK,
TO,GD,34558660000104,7896004703473,Metildopa 500 mg Caixa 30 Comprimidos Revestidos,Santa Cruz - GO,293.0,0.0601,45.06,0.0,42.35,42.35,2026-09-09 20:56:19,OK,
TO,GD,34558660000104,7896004703473,Metildopa 500 mg Caixa 30 Comprimidos Revestidos,Panpharma - GO,244.0,0.0601,45.06,0.0,42.35,42.35,2026-09-09 20:56:19,OK,
TO,GD,34558660000104,7896004703473,Metildopa 500 mg Caixa 30 Comprimidos Revestidos,Profarma - DF,306.0,0.04,45.06,0.0,46.29,43.26,2026-09-09 20:56:19,OK,
TO,GD,34558660000104,7896004703480,Metildopa 250 mg Caixa 30 Comprimidos Revestidos,Nazaria - MA - Imperatriz,700.0,0.1495,24.2,0.0,20.58,20.58,2026-09-09 20:56:24,OK,
TO,GD,34558660000104,7896004703480,Metildopa 250 mg Caixa 30 Comprimidos Revestidos,Total - TO,360.0,0.1495,24.2,0.0,20.58,20.58,2026-09-09 20:56:24,OK,
TO,GD,34558660000104,7896004703480,Metildopa 250 mg Caixa 30 Comprimidos Revestidos,Nazaria - TO,178.0,0.1495,24.2,0.0,20.58,20.58,2026-09-09 20:56:24,OK,
TO,GD,34558660000104,7896004703480,Metildopa 250 mg Caixa 30 Comprimidos Revestidos,Santa Cruz - GO,470.0,0.0601,24.2,0.0,22.75,22.75,2026-09-09 20:56:24,OK,
TO,GD,34558660000104,7896004703480,Metildopa 250 mg Caixa 30 Comprimidos Revestidos,Panpharma - GO,300.0,0.0601,24.2,0.0,22.75,22.75,2026-09-09 20:56:24,OK,
TO,GD,34558660000104,7896004703480,Metildopa 250 mg Caixa 30 Comprimidos Revestidos,Profarma - DF,800.0,0.04,24.2,0.0,24.86,23.23,2026-09-09 20:56:24,OK,
TO,GD,34558660000104,7896004703497,Claritromicina 250mg/5ml Frasco 60 ml Granulado Para Suspensão Oral + Diluente + Seringa,Nazaria - MA - Imperatriz,44.0,0.2647,126.86,0.0,93.28,93.28,2026-09-09 20:56:28,OK,
TO,GD,34558660000104,7896004703497,Claritromicina 250mg/5ml Frasco 60 ml Granulado Para Suspensão Oral + Diluente + Seringa,Nazaria - TO,35.0,0.2647,126.86,0.0,93.28,93.28,2026-09-09 20:56:28,OK,
TO,GD,34558660000104,7896004703497,Claritromicina 250mg/5ml Frasco 60 ml Granulado Para Suspensão Oral + Diluente + Seringa,Santa Cruz - GO,95.0,0.2125,126.86,0.0,99.9,99.9,2026-09-09 20:56:28,OK,
TO,GD,34558660000104,7896004703497,Claritromicina 250mg/5ml Frasco 60 ml Granulado Para Suspensão Oral + Diluente + Seringa,Panpharma - GO,95.0,0.2125,126.86,0.0,99.9,99.9,2026-09-09 20:56:28,OK,
TO,GD,34558660000104,7896004703565,Dexametasona 0.1 mg/ml Frasco 120 ml Elixir + Copo Dosador,Nazaria - TO,594.0,0.6693000000000001,15.95,0.0,5.27,5.27,2026-09-09 20:56:32,OK,
TO,GD,34558660000104,7896004703565,Dexametasona 0.1 mg/ml Frasco 120 ml Elixir + Copo Dosador,Total - TO,131.0,0.6693000000000001,15.95,0.0,5.28,5.27,2026-09-09 20:56:32,OK,
TO,GD,34558660000104,7896004703565,Dexametasona 0.1 mg/ml Frasco 120 ml Elixir + Copo Dosador,Profarma - DF,227.0,0.7719,15.95,0.0,7.06,3.64,2026-09-09 20:56:32,OK,
TO,GD,34558660000104,7896004703596,Paracetamol 750 mg Caixa 20 Comprimidos Revestidos,Santa Cruz - GO,1723.0,0.6401,19.26,0.0,6.93,6.93,2026-09-09 20:56:35,OK,
TO,GD,34558660000104,7896004703633,Lansoprazol 30 mg Caixa 28 Cápsulas de Liberação Retardada,Nazaria - MA - Imperatriz,22.0,0.6609,111.6,0.0,37.84,37.84,2026-09-09 20:56:39,OK,
TO,GD,34558660000104,7896004703633,Lansoprazol 30 mg Caixa 28 Cápsulas de Liberação Retardada,Santa Cruz - GO,87.0,0.6464,111.6,0.0,39.46,39.46,2026-09-09 20:56:39,OK,
TO,GD,34558660000104,7896004703633,Lansoprazol 30 mg Caixa 28 Cápsulas de Liberação Retardada,Panpharma - GO,41.0,0.6464,111.6,0.0,39.46,39.46,2026-09-09 20:56:39,OK,
TO,GD,34558660000104,7896004703633,Lansoprazol 30 mg Caixa 28 Cápsulas de Liberação Retardada,Profarma - DF,262.0,0.6265,111.6,0.0,62.33,41.68,2026-09-09 20:56:39,OK,
TO,GD,34558660000104,7896004703732,Sulfametoxazol+Trimetoprima 200+40mg/5ml Frasco 100 ml Susp. Oral + Copo,Nazaria - TO,7535.0,0.6414,15.36,0.0,5.51,5.51,2026-09-09 20:56:44,OK,
TO,GD,34558660000104,7896004703732,Sulfametoxazol+Trimetoprima 200+40mg/5ml Frasco 100 ml Susp. Oral + Copo,Nazaria - MA - Imperatriz,1333.0,0.6414,15.36,0.0,5.51,5.51,2026-09-09 20:56:44,OK,
TO,GD,34558660000104,7896004703732,Sulfametoxazol+Trimetoprima 200+40mg/5ml Frasco 100 ml Susp. Oral + Copo,Total - TO,479.0,0.6414,15.36,0.0,5.51,5.51,2026-09-09 20:56:44,OK,
TO,GD,34558660000104,7896004703732,Sulfametoxazol+Trimetoprima 200+40mg/5ml Frasco 100 ml Susp. Oral + Copo,Panpharma - GO,172.0,0.6304,15.36,0.0,5.68,5.68,2026-09-09 20:56:44,OK,
TO,GD,34558660000104,7896004703732,Sulfametoxazol+Trimetoprima 200+40mg/5ml Frasco 100 ml Susp. Oral + Copo,Santa Cruz - GO,94.0,0.6304,15.36,0.0,5.68,5.68,2026-09-09 20:56:44,OK,
TO,GD,34558660000104,7896004703732,Sulfametoxazol+Trimetoprima 200+40mg/5ml Frasco 100 ml Susp. Oral + Copo,Profarma - DF,120.0,0.6104999999999999,15.36,0.0,8.76,5.98,2026-09-09 20:56:44,OK,
TO,GD,34558660000104,7896004703794,Terbinafina 250 mg Caixa 14 Comprimidos,Nazaria - TO,38.0,0.7817000000000001,121.84,0.0,26.6,26.6,2026-09-09 20:56:49,OK,
TO,GD,34558660000104,7896004703794,Terbinafina 250 mg Caixa 14 Comprimidos,Nazaria - MA - Imperatriz,24.0,0.7817000000000001,121.84,0.0,26.6,26.6,2026-09-09 20:56:49,OK,
TO,GD,34558660000104,7896004703794,Terbinafina 250 mg Caixa 14 Comprimidos,Santa Cruz - GO,72.0,0.7796,121.84,0.0,26.85,26.85,2026-09-09 20:56:49,OK,
TO,GD,34558660000104,7896004703794,Terbinafina 250 mg Caixa 14 Comprimidos,Panpharma - GO,70.0,0.7796,121.84,0.0,26.85,26.85,2026-09-09 20:56:49,OK,
TO,GD,34558660000104,7896004703794,Terbinafina 250 mg Caixa 14 Comprimidos,Total - TO,40.0,0.7759999999999999,121.84,0.0,27.3,27.29,2026-09-09 20:56:49,OK,
TO,GD,34558660000104,7896004703794,Terbinafina 250 mg Caixa 14 Comprimidos,Profarma - DF,340.0,0.7597,121.84,0.0,55.05,29.28,2026-09-09 20:56:49,OK,
TO,GD,34558660000104,7896004704036,Nimesulida 100 mg Caixa 12 Comprimidos,Nazaria - TO,13896.0,0.9052,18.46,0.0,1.75,1.75,2026-09-09 20:56:54,OK,
TO,GD,34558660000104,7896004704036,Nimesulida 100 mg Caixa 12 Comprimidos,Nazaria - MA - Imperatriz,4104.0,0.9052,18.46,0.0,1.75,1.75,2026-09-09 20:56:54,OK,
TO,GD,34558660000104,7896004704036,Nimesulida 100 mg Caixa 12 Comprimidos,Panpharma - GO,988.0,0.8983,18.46,0.0,1.88,1.88,2026-09-09 20:56:54,OK,
TO,GD,34558660000104,7896004704036,Nimesulida 100 mg Caixa 12 Comprimidos,Santa Cruz - GO,852.0,0.8983,18.46,0.0,1.88,1.88,2026-09-09 20:56:54,OK,
TO,GD,34558660000104,7896004704036,Nimesulida 100 mg Caixa 12 Comprimidos,Profarma - DF,21581.0,0.8785,18.46,0.0,6.59,2.24,2026-09-09 20:56:54,OK,
TO,GD,34558660000104,7896004704043,Nimesulida 50 mg/ml Frasco 15 ml Gotas,Nazaria - TO,262.0,0.7894,27.43,0.0,5.78,5.78,2026-09-09 20:56:57,OK,
TO,GD,34558660000104,7896004704043,Nimesulida 50 mg/ml Frasco 15 ml Gotas,Profarma - DF,1.0,0.82,27.43,0.0,11.07,4.94,2026-09-09 20:56:57,OK,
TO,GD,34558660000104,7896004704180,,,0.0,0.0,0.0,0.0,0.0,0.0,2026-09-09 20:57:10,ERRO,Message: Nenhuma distribuidora pôde ser lida no card do produto.
TO,GD,34558660000104,7896004704210,Carbamazepina 400 mg Caixa 20 Comprimidos,Nazaria - TO,167.0,0.2347,29.43,0.0,22.52,22.52,2026-09-09 20:57:13,OK,
TO,GD,34558660000104,7896004704326,Captopril 25 mg Caixa 30 Comprimidos,Panpharma - GO,181.0,0.8495,13.0,0.0,1.96,1.96,2026-09-09 20:57:18,OK,
TO,GD,34558660000104,7896004704326,Captopril 25 mg Caixa 30 Comprimidos,Santa Cruz - GO,28.0,0.8495,13.0,0.0,1.96,1.96,2026-09-09 20:57:18,OK,
TO,GD,34558660000104,7896004704326,Captopril 25 mg Caixa 30 Comprimidos,Total - TO,658.0,0.8432,13.0,0.0,2.04,2.04,2026-09-09 20:57:18,OK,
TO,GD,34558660000104,7896004704326,Captopril 25 mg Caixa 30 Comprimidos,Nazaria - TO,469.0,0.8432,13.0,0.0,2.04,2.04,2026-09-09 20:57:18,OK,
TO,GD,34558660000104,7896004704326,Captopril 25 mg Caixa 30 Comprimidos,Nazaria - MA - Imperatriz,366.0,0.8432,13.0,0.0,2.04,2.04,2026-09-09 20:57:18,OK,
TO,GD,34558660000104,7896004704326,Captopril 25 mg Caixa 30 Comprimidos,Profarma - DF,2412.0,0.8295999999999999,13.0,0.0,5.14,2.22,2026-09-09 20:57:18,OK,
TO,GD,34558660000104,7896004704364,Cefalexina 250mg/5ml Frasco 100 ml Suspensão Oral + Copo,Nazaria - TO,704.0,0.5958,55.0,0.0,22.23,22.23,2026-09-09 20:57:22,OK,
TO,GD,34558660000104,7896004704364,Cefalexina 250mg/5ml Frasco 100 ml Suspensão Oral + Copo,Nazaria - MA - Imperatriz,225.0,0.5958,55.0,0.0,22.23,22.23,2026-09-09 20:57:22,OK,
TO,GD,34558660000104,7896004704364,Cefalexina 250mg/5ml Frasco 100 ml Suspensão Oral + Copo,Santa Cruz - GO,130.0,0.5938,55.0,0.0,22.34,22.34,2026-09-09 20:57:22,OK,
TO,GD,34558660000104,7896004704364,Cefalexina 250mg/5ml Frasco 100 ml Suspensão Oral + Copo,Panpharma - GO,36.0,0.5938,55.0,0.0,22.34,22.34,2026-09-09 20:57:22,OK,
TO,GD,34558660000104,7896004704364,Cefalexina 250mg/5ml Frasco 100 ml Suspensão Oral + Copo,Profarma - DF,395.0,0.5598,55.0,0.0,33.65,24.21,2026-09-09 20:57:22,OK,
TO,GD,34558660000104,7896004704586,Betametasona+Gentamicina+Clioquinol+Tolnaftato 0.5+1+10+10 mg/g Creme Bisnaga 20 g,Nazaria - TO,5.0,0.7161,27.2,0.0,7.72,7.72,2026-09-09 20:57:26,OK,
TO,GD,34558660000104,7896004704593,Amoxicilina 400mg/5ml Frasco 100 ml Pó Para Suspensão Oral + Seringa,Total - TO,65.0,0.5702,42.98,0.0,18.47,18.47,2026-09-09 20:57:30,OK,
TO,GD,34558660000104,7896004704593,Amoxicilina 400mg/5ml Frasco 100 ml Pó Para Suspensão Oral + Seringa,Santa Cruz - GO,227.0,0.5656,42.98,0.0,18.67,18.67,2026-09-09 20:57:30,OK,
TO,GD,34558660000104,7896004704593,Amoxicilina 400mg/5ml Frasco 100 ml Pó Para Suspensão Oral + Seringa,Panpharma - GO,64.0,0.5656,42.98,0.0,18.67,18.67,2026-09-09 20:57:30,OK,
TO,GD,34558660000104,7896004704593,Amoxicilina 400mg/5ml Frasco 100 ml Pó Para Suspensão Oral + Seringa,Profarma - DF,659.0,0.5407,42.98,0.0,26.95,19.74,2026-09-09 20:57:30,OK,
TO,GD,34558660000104,7896004704623,Dexclorfeniramina + Betametasona 0.4+0.05 mg/ml Frasco 120 ml Xarope,Nazaria - MA - Imperatriz,2169.0,0.6692,20.37,0.0,6.74,6.74,2026-09-09 20:57:34,OK,
TO,GD,34558660000104,7896004704623,Dexclorfeniramina + Betametasona 0.4+0.05 mg/ml Frasco 120 ml Xarope,Nazaria - TO,1159.0,0.6692,20.37,0.0,6.74,6.74,2026-09-09 20:57:34,OK,
TO,GD,34558660000104,7896004704623,Dexclorfeniramina + Betametasona 0.4+0.05 mg/ml Frasco 120 ml Xarope,Santa Cruz - GO,547.0,0.6557999999999999,20.37,0.0,7.01,7.01,2026-09-09 20:57:34,OK,
TO,GD,34558660000104,7896004704623,Dexclorfeniramina + Betametasona 0.4+0.05 mg/ml Frasco 120 ml Xarope,Panpharma - GO,526.0,0.6557999999999999,20.37,0.0,7.01,7.01,2026-09-09 20:57:34,OK,
TO,GD,34558660000104,7896004704623,Dexclorfeniramina + Betametasona 0.4+0.05 mg/ml Frasco 120 ml Xarope,Profarma - DF,263.0,0.6359,20.37,0.0,11.08,7.42,2026-09-09 20:57:34,OK,
TO,GD,34558660000104,7896004704692,Cefalexina 500 mg Caixa 10 Comprimidos Revestidos,Nazaria - MA - Imperatriz,2933.0,0.5316,26.9,0.0,12.6,12.6,2026-09-09 20:57:39,OK,
TO,GD,34558660000104,7896004704692,Cefalexina 500 mg Caixa 10 Comprimidos Revestidos,Nazaria - TO,542.0,0.5316,26.9,0.0,12.6,12.6,2026-09-09 20:57:39,OK,
TO,GD,34558660000104,7896004704692,Cefalexina 500 mg Caixa 10 Comprimidos Revestidos,Santa Cruz - GO,2212.0,0.5295000000000001,26.9,0.0,12.66,12.66,2026-09-09 20:57:39,OK,
TO,GD,34558660000104,7896004704692,Cefalexina 500 mg Caixa 10 Comprimidos Revestidos,Panpharma - GO,146.0,0.5295000000000001,26.9,0.0,12.66,12.66,2026-09-09 20:57:39,OK,
TO,GD,34558660000104,7896004704692,Cefalexina 500 mg Caixa 10 Comprimidos Revestidos,Profarma - DF,1858.0,0.52,26.9,0.0,17.31,12.91,2026-09-09 20:57:39,OK,
TO,GD,34558660000104,7896004704999,Dexclorfeniramina 2mg/5ml Frasco 120 ml Solução Oral,Nazaria - MA - Imperatriz,113.0,0.6783,20.11,0.0,6.47,6.47,2026-09-09 20:57:44,OK,
TO,GD,34558660000104,7896004704999,Dexclorfeniramina 2mg/5ml Frasco 120 ml Solução Oral,Nazaria - TO,29.0,0.6783,20.11,0.0,6.47,6.47,2026-09-09 20:57:44,OK,
TO,GD,34558660000104,7896004704999,Dexclorfeniramina 2mg/5ml Frasco 120 ml Solução Oral,Santa Cruz - GO,219.0,0.6714,20.11,0.0,6.61,6.61,2026-09-09 20:57:44,OK,
TO,GD,34558660000104,7896004704999,Dexclorfeniramina 2mg/5ml Frasco 120 ml Solução Oral,Panpharma - GO,97.0,0.6714,20.11,0.0,6.61,6.61,2026-09-09 20:57:44,OK,
TO,GD,34558660000104,7896004704999,Dexclorfeniramina 2mg/5ml Frasco 120 ml Solução Oral,Profarma - DF,96.0,0.6515000000000001,20.11,0.0,10.68,7.01,2026-09-09 20:57:44,OK,
TO,GD,34558660000104,7896004705057,Diclofenaco Dietilamônio 11.6 mg/g Bisnaga 60 g Gel,Nazaria - MA - Imperatriz,97.0,0.5422,14.9,0.0,6.82,6.82,2026-09-09 20:57:49,OK,
TO,GD,34558660000104,7896004705057,Diclofenaco Dietilamônio 11.6 mg/g Bisnaga 60 g Gel,Total - TO,71.0,0.5422,14.9,0.0,6.82,6.82,2026-09-09 20:57:49,OK,
TO,GD,34558660000104,7896004705057,Diclofenaco Dietilamônio 11.6 mg/g Bisnaga 60 g Gel,Nazaria - TO,50.0,0.5422,14.9,0.0,6.82,6.82,2026-09-09 20:57:49,OK,
TO,GD,34558660000104,7896004705057,Diclofenaco Dietilamônio 11.6 mg/g Bisnaga 60 g Gel,Santa Cruz - GO,712.0,0.30820000000000003,14.9,0.0,10.31,10.31,2026-09-09 20:57:49,OK,
TO,GD,34558660000104,7896004705057,Diclofenaco Dietilamônio 11.6 mg/g Bisnaga 60 g Gel,Panpharma - GO,102.0,0.30820000000000003,14.9,0.0,10.31,10.31,2026-09-09 20:57:49,OK,
TO,GD,34558660000104,7896004705057,Diclofenaco Dietilamônio 11.6 mg/g Bisnaga 60 g Gel,Profarma - DF,976.0,0.2883,14.9,0.0,12.25,10.6,2026-09-09 20:57:49,OK,
TO,GD,34558660000104,7896004705071,Piroxicam 20 mg Caixa 15 Cápsulas,Nazaria - MA - Imperatriz,1346.0,0.7275,26.35,0.0,7.18,7.18,2026-09-09 20:57:53,OK,
TO,GD,34558660000104,7896004705071,Piroxicam 20 mg Caixa 15 Cápsulas,Nazaria - TO,92.0,0.7275,26.35,0.0,7.18,7.18,2026-09-09 20:57:53,OK,
TO,GD,34558660000104,7896004705071,Piroxicam 20 mg Caixa 15 Cápsulas,Total - TO,46.0,0.7275,26.35,0.0,7.18,7.18,2026-09-09 20:57:53,OK,
TO,GD,34558660000104,7896004705071,Piroxicam 20 mg Caixa 15 Cápsulas,Santa Cruz - GO,161.0,0.7181000000000001,26.35,0.0,7.43,7.43,2026-09-09 20:57:53,OK,
TO,GD,34558660000104,7896004705071,Piroxicam 20 mg Caixa 15 Cápsulas,Panpharma - GO,100.0,0.7181000000000001,26.35,0.0,7.43,7.43,2026-09-09 20:57:53,OK,
TO,GD,34558660000104,7896004705071,Piroxicam 20 mg Caixa 15 Cápsulas,Profarma - DF,525.0,0.6981999999999999,26.35,0.0,13.2,7.95,2026-09-09 20:57:53,OK,
TO,GD,34558660000104,7896004705088,Piroxicam 20 mg Caixa 10 Cápsulas,Nazaria - TO,374.0,0.7506,18.79,0.0,4.69,4.69,2026-09-09 20:57:57,OK,
TO,GD,34558660000104,7896004705118,Cetoconazol + Betametasona 20+0.5 mg/g Bisnaga 30 g Pomada,Nazaria - MA - Imperatriz,129.0,0.7687999999999999,25.84,0.0,5.97,5.97,2026-09-09 20:58:01,OK,
TO,GD,34558660000104,7896004705118,Cetoconazol + Betametasona 20+0.5 mg/g Bisnaga 30 g Pomada,Nazaria - TO,29.0,0.7687999999999999,25.84,0.0,5.97,5.97,2026-09-09 20:58:01,OK,
TO,GD,34558660000104,7896004705118,Cetoconazol + Betametasona 20+0.5 mg/g Bisnaga 30 g Pomada,Panpharma - GO,74.0,0.7668,25.84,0.0,6.03,6.03,2026-09-09 20:58:01,OK,
TO,GD,34558660000104,7896004705118,Cetoconazol + Betametasona 20+0.5 mg/g Bisnaga 30 g Pomada,Santa Cruz - GO,36.0,0.7668,25.84,0.0,6.03,6.03,2026-09-09 20:58:01,OK,
TO,GD,34558660000104,7896004705118,Cetoconazol + Betametasona 20+0.5 mg/g Bisnaga 30 g Pomada,Profarma - DF,531.0,0.7469,25.84,0.0,11.74,6.54,2026-09-09 20:58:01,OK,
TO,GD,34558660000104,7896004705125,Cetoconazol + Betametasona 20+0.5 mg/g Bisnaga 30 g Creme,Nazaria - TO,99.0,0.7604000000000001,26.36,0.0,6.32,6.32,2026-09-09 20:58:06,OK,
TO,GD,34558660000104,7896004705125,Cetoconazol + Betametasona 20+0.5 mg/g Bisnaga 30 g Creme,Nazaria - MA - Imperatriz,37.0,0.7604000000000001,26.36,0.0,6.32,6.32,2026-09-09 20:58:06,OK,
TO,GD,34558660000104,7896004705125,Cetoconazol + Betametasona 20+0.5 mg/g Bisnaga 30 g Creme,Santa Cruz - GO,222.0,0.7583,26.36,0.0,6.37,6.37,2026-09-09 20:58:06,OK,
TO,GD,34558660000104,7896004705125,Cetoconazol + Betametasona 20+0.5 mg/g Bisnaga 30 g Creme,Panpharma - GO,199.0,0.7583,26.36,0.0,6.37,6.37,2026-09-09 20:58:06,OK,
TO,GD,34558660000104,7896004705125,Cetoconazol + Betametasona 20+0.5 mg/g Bisnaga 30 g Creme,Profarma - DF,593.0,0.7384000000000001,26.36,0.0,12.17,6.9,2026-09-09 20:58:06,OK,
TO,GD,34558660000104,7896004705132,Tioconazol + Tinidazol 20+30 mg/g Bisnaga 35 g Creme Vaginal + 7 Aplicadores,Nazaria - TO,83.0,0.6949,60.95,0.0,18.6,18.6,2026-09-09 20:58:10,OK,
TO,GD,34558660000104,7896004705132,Tioconazol + Tinidazol 20+30 mg/g Bisnaga 35 g Creme Vaginal + 7 Aplicadores,Santa Cruz - GO,152.0,0.6928,60.95,0.0,18.72,18.72,2026-09-09 20:58:10,OK,
TO,GD,34558660000104,7896004705132,Tioconazol + Tinidazol 20+30 mg/g Bisnaga 35 g Creme Vaginal + 7 Aplicadores,Panpharma - GO,3.0,0.6928,60.95,0.0,18.72,18.72,2026-09-09 20:58:10,OK,
TO,GD,34558660000104,7896004705132,Tioconazol + Tinidazol 20+30 mg/g Bisnaga 35 g Creme Vaginal + 7 Aplicadores,Total - TO,46.0,0.6905,60.95,0.0,18.86,18.86,2026-09-09 20:58:10,OK,
TO,GD,34558660000104,7896004705323,Secnidazol 900 mg Frasco 30 ml Pó Para Suspensão Oral,Nazaria - TO,8.0,0.1718,20.64,0.0,17.09,17.09,2026-09-09 20:58:13,OK,
TO,GD,34558660000104,7896004705330,Simeticona 75 mg/ml Frasco 15 ml Gotas,Panpharma - GO,523.0,0.8244,22.68,0.0,3.98,3.98,2026-09-09 20:58:18,OK,
TO,GD,34558660000104,7896004705330,Simeticona 75 mg/ml Frasco 15 ml Gotas,Total - TO,104.0,0.8244,22.68,0.0,3.98,3.98,2026-09-09 20:58:18,OK,
TO,GD,34558660000104,7896004705330,Simeticona 75 mg/ml Frasco 15 ml Gotas,Nazaria - TO,778.0,0.8244,23.57,0.0,4.14,4.14,2026-09-09 20:58:18,OK,
TO,GD,34558660000104,7896004705330,Simeticona 75 mg/ml Frasco 15 ml Gotas,Nazaria - MA - Imperatriz,409.0,0.8244,23.57,0.0,4.14,4.14,2026-09-09 20:58:18,OK,
TO,GD,34558660000104,7896004705330,Simeticona 75 mg/ml Frasco 15 ml Gotas,Profarma - DF,737.0,0.8045,21.39,0.0,8.74,4.18,2026-09-09 20:58:18,OK,
TO,GD,34558660000104,7896004705347,Secnidazol 450 mg Frasco 15 ml Pó Para Suspensão Oral,Nazaria - TO,22.0,0.1761,15.15,0.0,12.48,12.48,2026-09-09 20:58:21,OK,
TO,GD,34558660000104,7896004705347,Secnidazol 450 mg Frasco 15 ml Pó Para Suspensão Oral,Santa Cruz - GO,103.0,0.1119,15.15,0.0,13.45,13.45,2026-09-09 20:58:21,OK,
TO,GD,34558660000104,7896004705477,Amoxicilina 500mg/5ml Frasco 150 ml Pó Para Suspensão Oral + Copo,Nazaria - TO,24.0,0.6162,64.76,0.0,24.85,24.85,2026-09-09 20:58:26,OK,
TO,GD,34558660000104,7896004705477,Amoxicilina 500mg/5ml Frasco 150 ml Pó Para Suspensão Oral + Copo,Nazaria - MA - Imperatriz,7.0,0.6162,64.76,0.0,24.85,24.85,2026-09-09 20:58:26,OK,
TO,GD,34558660000104,7896004705477,Amoxicilina 500mg/5ml Frasco 150 ml Pó Para Suspensão Oral + Copo,Santa Cruz - GO,21.0,0.6141,64.76,0.0,24.99,24.99,2026-09-09 20:58:26,OK,
TO,GD,34558660000104,7896004705477,Amoxicilina 500mg/5ml Frasco 150 ml Pó Para Suspensão Oral + Copo,Panpharma - GO,4.0,0.6141,64.76,0.0,24.99,24.99,2026-09-09 20:58:26,OK,
TO,GD,34558660000104,7896004705477,Amoxicilina 500mg/5ml Frasco 150 ml Pó Para Suspensão Oral + Copo,Total - TO,36.0,0.5909,64.76,0.0,26.49,26.49,2026-09-09 20:58:26,OK,
TO,GD,34558660000104,7896004705477,Amoxicilina 500mg/5ml Frasco 150 ml Pó Para Suspensão Oral + Copo,Profarma - DF,31.0,0.5942000000000001,64.76,0.0,37.83,26.28,2026-09-09 20:58:26,OK,
TO,GD,34558660000104,7896004705583,Clortalidona 50 mg Caixa 30 Comprimidos,Total - TO,194.0,0.1495,23.03,0.0,19.59,19.59,2026-09-09 20:58:31,OK,
TO,GD,34558660000104,7896004705583,Clortalidona 50 mg Caixa 30 Comprimidos,Nazaria - TO,170.0,0.1495,23.03,0.0,19.59,19.59,2026-09-09 20:58:31,OK,
TO,GD,34558660000104,7896004705583,Clortalidona 50 mg Caixa 30 Comprimidos,Nazaria - MA - Imperatriz,83.0,0.1495,23.03,0.0,19.59,19.59,2026-09-09 20:58:31,OK,
TO,GD,34558660000104,7896004705583,Clortalidona 50 mg Caixa 30 Comprimidos,Santa Cruz - GO,166.0,0.08449999999999999,23.03,0.0,21.08,21.08,2026-09-09 20:58:31,OK,
TO,GD,34558660000104,7896004705583,Clortalidona 50 mg Caixa 30 Comprimidos,Panpharma - GO,53.0,0.08449999999999999,23.03,0.0,21.08,21.08,2026-09-09 20:58:31,OK,
TO,GD,34558660000104,7896004705583,Clortalidona 50 mg Caixa 30 Comprimidos,Profarma - DF,215.0,0.0646,23.03,0.0,23.21,21.54,2026-09-09 20:58:31,OK,
TO,GD,34558660000104,7896004705590,Cetoconazol+Betametasona+Neomicina 20+0.5+2.5 mg/g Pomada Bisnaga 30 g,Nazaria - MA - Imperatriz,118.0,0.7306,29.93,0.0,8.06,8.06,2026-09-09 20:58:36,OK,
TO,GD,34558660000104,7896004705590,Cetoconazol+Betametasona+Neomicina 20+0.5+2.5 mg/g Pomada Bisnaga 30 g,Nazaria - TO,44.0,0.7306,29.93,0.0,8.06,8.06,2026-09-09 20:58:36,OK,
TO,GD,34558660000104,7896004705590,Cetoconazol+Betametasona+Neomicina 20+0.5+2.5 mg/g Pomada Bisnaga 30 g,Santa Cruz - GO,416.0,0.7173,29.93,0.0,8.46,8.46,2026-09-09 20:58:36,OK,
TO,GD,34558660000104,7896004705590,Cetoconazol+Betametasona+Neomicina 20+0.5+2.5 mg/g Pomada Bisnaga 30 g,Panpharma - GO,132.0,0.7173,29.93,0.0,8.46,8.46,2026-09-09 20:58:36,OK,
TO,GD,34558660000104,7896004705590,Cetoconazol+Betametasona+Neomicina 20+0.5+2.5 mg/g Pomada Bisnaga 30 g,Profarma - DF,807.0,0.6973999999999999,29.93,0.0,14.8,9.06,2026-09-09 20:58:36,OK,
TO,GD,34558660000104,7896004705606,Cetoconazol+Betametasona+Neomicina 20+0.5+2.5 mg/g Creme Bisnaga 30 g,Nazaria - MA - Imperatriz,65.0,0.667,26.61,0.0,8.86,8.86,2026-09-09 20:58:40,OK,
TO,GD,34558660000104,7896004705606,Cetoconazol+Betametasona+Neomicina 20+0.5+2.5 mg/g Creme Bisnaga 30 g,Santa Cruz - GO,87.0,0.6428,26.61,0.0,9.51,9.51,2026-09-09 20:58:40,OK,
TO,GD,34558660000104,7896004705606,Cetoconazol+Betametasona+Neomicina 20+0.5+2.5 mg/g Creme Bisnaga 30 g,Panpharma - GO,65.0,0.6428,26.61,0.0,9.51,9.51,2026-09-09 20:58:40,OK,
TO,GD,34558660000104,7896004705606,Cetoconazol+Betametasona+Neomicina 20+0.5+2.5 mg/g Creme Bisnaga 30 g,Profarma - DF,505.0,0.6229,26.61,0.0,14.74,10.03,2026-09-09 20:58:40,OK,
TO,GD,34558660000104,7896004705736,Cetoprofeno 50 mg Caixa 24 Cápsulas,Total - TO,200.0,0.687,31.8,0.0,9.94,9.94,2026-09-09 20:58:45,OK,
TO,GD,34558660000104,7896004705736,Cetoprofeno 50 mg Caixa 24 Cápsulas,Nazaria - TO,117.0,0.687,31.8,0.0,9.95,9.95,2026-09-09 20:58:45,OK,
TO,GD,34558660000104,7896004705736,Cetoprofeno 50 mg Caixa 24 Cápsulas,Nazaria - MA - Imperatriz,44.0,0.687,31.8,0.0,9.95,9.95,2026-09-09 20:58:45,OK,
TO,GD,34558660000104,7896004705736,Cetoprofeno 50 mg Caixa 24 Cápsulas,Santa Cruz - GO,211.0,0.6818000000000001,31.8,0.0,10.12,10.12,2026-09-09 20:58:45,OK,
TO,GD,34558660000104,7896004705736,Cetoprofeno 50 mg Caixa 24 Cápsulas,Panpharma - GO,47.0,0.6818000000000001,31.8,0.0,10.12,10.12,2026-09-09 20:58:45,OK,
TO,GD,34558660000104,7896004705736,Cetoprofeno 50 mg Caixa 24 Cápsulas,Profarma - DF,163.0,0.6618999999999999,31.8,0.0,16.86,10.75,2026-09-09 20:58:45,OK,
TO,GD,34558660000104,7896004705781,Atenolol 25 mg Caixa 30 Comprimidos,Panpharma - GO,226.0,0.893,18.69,0.0,2.0,2.0,2026-09-09 20:58:50,OK,
TO,GD,34558660000104,7896004705781,Atenolol 25 mg Caixa 30 Comprimidos,Santa Cruz - GO,208.0,0.893,18.69,0.0,2.0,2.0,2026-09-09 20:58:50,OK,
TO,GD,34558660000104,7896004705781,Atenolol 25 mg Caixa 30 Comprimidos,Nazaria - TO,2611.0,0.8920999999999999,18.69,0.0,2.02,2.02,2026-09-09 20:58:50,OK,
TO,GD,34558660000104,7896004705781,Atenolol 25 mg Caixa 30 Comprimidos,Nazaria - MA - Imperatriz,174.0,0.8920999999999999,18.69,0.0,2.02,2.02,2026-09-09 20:58:50,OK,
TO,GD,34558660000104,7896004705781,Atenolol 25 mg Caixa 30 Comprimidos,Total - TO,55.0,0.8920999999999999,18.69,0.0,2.02,2.02,2026-09-09 20:58:50,OK,
TO,GD,34558660000104,7896004705781,Atenolol 25 mg Caixa 30 Comprimidos,Profarma - DF,11751.0,0.8731,18.69,0.0,6.74,2.37,2026-09-09 20:58:50,OK,
TO,GD,34558660000104,7896004705866,Atenolol 50 mg Caixa 60 Comprimidos,Nazaria - TO,18.0,0.8633,54.65,0.0,7.47,7.47,2026-09-09 20:58:53,OK,
TO,GD,34558660000104,7896004705873,Atenolol 50 mg Caixa 30 Comprimidos,Santa Cruz - GO,298.0,0.8299,22.3,0.0,3.79,3.79,2026-09-09 20:58:58,OK,
TO,GD,34558660000104,7896004705873,Atenolol 50 mg Caixa 30 Comprimidos,Panpharma - GO,289.0,0.8299,22.3,0.0,3.79,3.79,2026-09-09 20:58:58,OK,
TO,GD,34558660000104,7896004705873,Atenolol 50 mg Caixa 30 Comprimidos,Nazaria - TO,352.0,0.8295,22.3,0.0,3.8,3.8,2026-09-09 20:58:58,OK,
TO,GD,34558660000104,7896004705873,Atenolol 50 mg Caixa 30 Comprimidos,Total - TO,72.0,0.8295,22.3,0.0,3.8,3.8,2026-09-09 20:58:58,OK,
TO,GD,34558660000104,7896004705873,Atenolol 50 mg Caixa 30 Comprimidos,Nazaria - MA - Imperatriz,47.0,0.8295,22.3,0.0,3.8,3.8,2026-09-09 20:58:58,OK,
TO,GD,34558660000104,7896004705873,Atenolol 50 mg Caixa 30 Comprimidos,Profarma - DF,1818.0,0.8101,22.3,0.0,9.18,4.23,2026-09-09 20:58:58,OK,
TO,GD,34558660000104,7896004705880,Atenolol 25 mg Caixa 60 Comprimidos,Nazaria - MA - Imperatriz,16.0,0.8991,35.64,0.0,3.6,3.6,2026-09-09 20:59:02,OK,
TO,GD,34558660000104,7896004705880,Atenolol 25 mg Caixa 60 Comprimidos,Santa Cruz - GO,155.0,0.8963,35.64,0.0,3.7,3.7,2026-09-09 20:59:02,OK,
TO,GD,34558660000104,7896004705989,Pantoprazol 20 mg Caixa 28 Comprimidos Revestidos Lib. Retardada,Nazaria - MA - Imperatriz,77.0,0.8225,26.93,0.0,4.78,4.78,2026-09-09 20:59:05,OK,
TO,GD,34558660000104,7896004705989,Pantoprazol 20 mg Caixa 28 Comprimidos Revestidos Lib. Retardada,Profarma - DF,11.0,0.7458,26.93,0.0,12.46,6.85,2026-09-09 20:59:05,OK,
TO,GD,34558660000104,7896004706009,Pantoprazol 40 mg Caixa 28 Comprimidos Revestidos Lib. Retardada,Nazaria - TO,263.0,0.8038,41.98,0.0,8.24,8.24,2026-09-09 20:59:08,OK,
TO,GD,34558660000104,7896004706290,Xarope Cloridrato de Ambroxol Adulto 30mg/5ml Frasco 120 ml,Nazaria - TO,50.0,0.6972,29.85,0.0,9.04,9.04,2026-09-09 20:59:12,OK,
TO,GD,34558660000104,7896004706290,Xarope Cloridrato de Ambroxol Adulto 30mg/5ml Frasco 120 ml,Santa Cruz - GO,150.0,0.6951,29.85,0.0,9.1,9.1,2026-09-09 20:59:12,OK,
TO,GD,34558660000104,7896004706290,Xarope Cloridrato de Ambroxol Adulto 30mg/5ml Frasco 120 ml,Profarma - DF,257.0,0.6751999999999999,29.85,0.0,15.29,9.7,2026-09-09 20:59:12,OK,
TO,GD,34558660000104,7896004706306,Prednisona 5 mg Caixa 20 Comprimidos,Nazaria - TO,433.0,0.705,15.45,0.0,4.56,4.56,2026-09-09 20:59:17,OK,
TO,GD,34558660000104,7896004706306,Prednisona 5 mg Caixa 20 Comprimidos,Nazaria - MA - Imperatriz,141.0,0.705,15.45,0.0,4.56,4.56,2026-09-09 20:59:17,OK,
TO,GD,34558660000104,7896004706306,Prednisona 5 mg Caixa 20 Comprimidos,Santa Cruz - GO,301.0,0.7003,15.45,0.0,4.63,4.63,2026-09-09 20:59:17,OK,
TO,GD,34558660000104,7896004706306,Prednisona 5 mg Caixa 20 Comprimidos,Panpharma - GO,94.0,0.7003,15.45,0.0,4.63,4.63,2026-09-09 20:59:17,OK,
TO,GD,34558660000104,7896004706306,Prednisona 5 mg Caixa 20 Comprimidos,Profarma - DF,586.0,0.6804000000000001,15.45,0.0,7.96,4.94,2026-09-09 20:59:17,OK,
TO,GD,34558660000104,7896004706313,Prednisona 20 mg Caixa 10 Comprimidos,Nazaria - TO,651.0,0.8001999999999999,22.5,0.0,4.5,4.5,2026-09-09 20:59:22,OK,
TO,GD,34558660000104,7896004706313,Prednisona 20 mg Caixa 10 Comprimidos,Nazaria - MA - Imperatriz,183.0,0.8001999999999999,22.5,0.0,4.5,4.5,2026-09-09 20:59:22,OK,
TO,GD,34558660000104,7896004706313,Prednisona 20 mg Caixa 10 Comprimidos,Total - TO,63.0,0.8001999999999999,22.5,0.0,4.5,4.5,2026-09-09 20:59:22,OK,
TO,GD,34558660000104,7896004706313,Prednisona 20 mg Caixa 10 Comprimidos,Santa Cruz - GO,1727.0,0.7762,22.5,0.0,5.04,5.04,2026-09-09 20:59:22,OK,
TO,GD,34558660000104,7896004706313,Prednisona 20 mg Caixa 10 Comprimidos,Panpharma - GO,209.0,0.7762,22.5,0.0,5.04,5.04,2026-09-09 20:59:22,OK,
TO,GD,34558660000104,7896004706313,Prednisona 20 mg Caixa 10 Comprimidos,Profarma - DF,1762.0,0.7563,22.5,0.0,10.22,5.48,2026-09-09 20:59:22,OK,
TO,GD,34558660000104,7896004706368,Clortalidona 25 mg Caixa 60 Comprimidos,Total - TO,126.0,0.1707,30.23,0.0,25.07,25.07,2026-09-09 20:59:26,OK,
TO,GD,34558660000104,7896004706368,Clortalidona 25 mg Caixa 60 Comprimidos,Santa Cruz - GO,1121.0,0.0855,30.23,0.0,27.65,27.65,2026-09-09 20:59:26,OK,
TO,GD,34558660000104,7896004706368,Clortalidona 25 mg Caixa 60 Comprimidos,Panpharma - GO,345.0,0.0855,30.23,0.0,27.65,27.65,2026-09-09 20:59:26,OK,
TO,GD,34558660000104,7896004706368,Clortalidona 25 mg Caixa 60 Comprimidos,Profarma - DF,948.0,0.06559999999999999,30.23,0.0,30.44,28.25,2026-09-09 20:59:26,OK,
TO,GD,34558660000104,7896004706375,Clortalidona 12.5 mg Caixa 60 Comprimidos,Nazaria - TO,152.0,0.2263,17.19,0.0,13.3,13.3,2026-09-09 20:59:31,OK,
TO,GD,34558660000104,7896004706375,Clortalidona 12.5 mg Caixa 60 Comprimidos,Nazaria - MA - Imperatriz,101.0,0.2263,17.19,0.0,13.3,13.3,2026-09-09 20:59:31,OK,
TO,GD,34558660000104,7896004706375,Clortalidona 12.5 mg Caixa 60 Comprimidos,Total - TO,84.0,0.2263,17.19,0.0,13.3,13.3,2026-09-09 20:59:31,OK,
TO,GD,34558660000104,7896004706375,Clortalidona 12.5 mg Caixa 60 Comprimidos,Santa Cruz - GO,334.0,0.1481,17.19,0.0,14.64,14.64,2026-09-09 20:59:31,OK,
TO,GD,34558660000104,7896004706375,Clortalidona 12.5 mg Caixa 60 Comprimidos,Panpharma - GO,173.0,0.1481,17.19,0.0,14.64,14.64,2026-09-09 20:59:31,OK,
TO,GD,34558660000104,7896004706375,Clortalidona 12.5 mg Caixa 60 Comprimidos,Profarma - DF,440.0,0.1282,17.19,0.0,16.45,14.99,2026-09-09 20:59:31,OK,
TO,GD,34558660000104,7896004706382,Amoxicilina 875 mg Caixa 14 Comprimidos Revestidos,Nazaria - MA - Imperatriz,99.0,0.6264,65.16,0.0,24.34,24.34,2026-09-09 20:59:36,OK,
TO,GD,34558660000104,7896004706382,Amoxicilina 875 mg Caixa 14 Comprimidos Revestidos,Total - TO,55.0,0.6263000000000001,65.16,0.0,24.34,24.34,2026-09-09 20:59:36,OK,
TO,GD,34558660000104,7896004706382,Amoxicilina 875 mg Caixa 14 Comprimidos Revestidos,Nazaria - TO,31.0,0.6264,65.16,0.0,24.34,24.34,2026-09-09 20:59:36,OK,
TO,GD,34558660000104,7896004706382,Amoxicilina 875 mg Caixa 14 Comprimidos Revestidos,Santa Cruz - GO,513.0,0.5789,65.16,0.0,27.44,27.44,2026-09-09 20:59:36,OK,
TO,GD,34558660000104,7896004706382,Amoxicilina 875 mg Caixa 14 Comprimidos Revestidos,Panpharma - GO,73.0,0.5789,65.16,0.0,27.44,27.44,2026-09-09 20:59:36,OK,
TO,GD,34558660000104,7896004706382,Amoxicilina 875 mg Caixa 14 Comprimidos Revestidos,Profarma - DF,714.0,0.5536,65.16,0.0,40.19,29.09,2026-09-09 20:59:36,OK,
TO,GD,34558660000104,7896004706405,Finasterida 1 mg Caixa 30 Comprimidos Revestidos,Nazaria - MA - Imperatriz,55.0,0.7954000000000001,63.8,0.0,13.05,13.05,2026-09-09 20:59:40,OK,
TO,GD,34558660000104,7896004706405,Finasterida 1 mg Caixa 30 Comprimidos Revestidos,Panpharma - GO,300.0,0.7933,63.8,0.0,13.19,13.19,2026-09-09 20:59:40,OK,
TO,GD,34558660000104,7896004706405,Finasterida 1 mg Caixa 30 Comprimidos Revestidos,Profarma - DF,590.0,0.7734000000000001,63.8,0.0,27.66,14.46,2026-09-09 20:59:40,OK,
TO,GD,34558660000104,7896004706474,Glibenclamida 5 mg Caixa 30 Comprimidos,Santa Cruz - GO,748.0,0.8378,12.53,0.0,2.03,2.03,2026-09-09 20:59:44,OK,
TO,GD,34558660000104,7896004706474,Glibenclamida 5 mg Caixa 30 Comprimidos,Panpharma - GO,450.0,0.8378,12.53,0.0,2.03,2.03,2026-09-09 20:59:44,OK,
TO,GD,34558660000104,7896004706474,Glibenclamida 5 mg Caixa 30 Comprimidos,Nazaria - MA - Imperatriz,620.0,0.8326,12.53,0.0,2.1,2.1,2026-09-09 20:59:44,OK,
TO,GD,34558660000104,7896004706474,Glibenclamida 5 mg Caixa 30 Comprimidos,Nazaria - TO,604.0,0.8326,12.53,0.0,2.1,2.1,2026-09-09 20:59:44,OK,
TO,GD,34558660000104,7896004706474,Glibenclamida 5 mg Caixa 30 Comprimidos,Profarma - DF,2925.0,0.8179000000000001,12.53,0.0,5.07,2.28,2026-09-09 20:59:44,OK,
TO,GD,34558660000104,7896004706665,Diclofenaco Sódico 100 mg Caixa 10 Comprimidos Revestidos Lib. Lenta,Nazaria - TO,300.0,0.8156,27.78,0.0,5.12,5.12,2026-09-09 20:59:49,OK,
TO,GD,34558660000104,7896004706665,Diclofenaco Sódico 100 mg Caixa 10 Comprimidos Revestidos Lib. Lenta,Nazaria - MA - Imperatriz,110.0,0.8156,27.78,0.0,5.12,5.12,2026-09-09 20:59:49,OK,
TO,GD,34558660000104,7896004706665,Diclofenaco Sódico 100 mg Caixa 10 Comprimidos Revestidos Lib. Lenta,Panpharma - GO,270.0,0.8134999999999999,27.78,0.0,5.18,5.18,2026-09-09 20:59:49,OK,
TO,GD,34558660000104,7896004706665,Diclofenaco Sódico 100 mg Caixa 10 Comprimidos Revestidos Lib. Lenta,Santa Cruz - GO,255.0,0.8134999999999999,27.78,0.0,5.18,5.18,2026-09-09 20:59:49,OK,
TO,GD,34558660000104,7896004706665,Diclofenaco Sódico 100 mg Caixa 10 Comprimidos Revestidos Lib. Lenta,Profarma - DF,759.0,0.7936,27.78,0.0,11.8,5.73,2026-09-09 20:59:49,OK,
TO,GD,34558660000104,7896004706733,Diltiazem 30 mg Caixa 50 Comprimidos,Nazaria - MA - Imperatriz,47.0,0.24989999999999998,21.0,0.0,15.75,15.75,2026-09-09 20:59:54,OK,
TO,GD,34558660000104,7896004706733,Diltiazem 30 mg Caixa 50 Comprimidos,Total - TO,22.0,0.24989999999999998,21.0,0.0,15.75,15.75,2026-09-09 20:59:54,OK,
TO,GD,34558660000104,7896004706733,Diltiazem 30 mg Caixa 50 Comprimidos,Santa Cruz - GO,91.0,0.1934,21.0,0.0,16.94,16.94,2026-09-09 20:59:54,OK,
TO,GD,34558660000104,7896004706733,Diltiazem 30 mg Caixa 50 Comprimidos,Panpharma - GO,75.0,0.1934,21.0,0.0,16.94,16.94,2026-09-09 20:59:54,OK,
TO,GD,34558660000104,7896004706733,Diltiazem 30 mg Caixa 50 Comprimidos,Profarma - DF,534.0,0.1643,21.0,0.0,19.49,17.55,2026-09-09 20:59:54,OK,
TO,GD,34558660000104,7896004706795,Losartana Potássica 50 mg Caixa 30 Comprimidos Revestidos,Nazaria - MA - Imperatriz,6299.0,0.9012,17.74,0.0,1.75,1.75,2026-09-09 20:59:59,OK,
TO,GD,34558660000104,7896004706795,Losartana Potássica 50 mg Caixa 30 Comprimidos Revestidos,Nazaria - TO,2030.0,0.9012,17.74,0.0,1.75,1.75,2026-09-09 20:59:59,OK,
TO,GD,34558660000104,7896004706795,Losartana Potássica 50 mg Caixa 30 Comprimidos Revestidos,Total - TO,1581.0,0.9012,17.73,0.0,1.75,1.75,2026-09-09 20:59:59,OK,
TO,GD,34558660000104,7896004706795,Losartana Potássica 50 mg Caixa 30 Comprimidos Revestidos,Santa Cruz - GO,85938.0,0.875,17.74,0.0,2.22,2.22,2026-09-09 20:59:59,OK,
TO,GD,34558660000104,7896004706795,Losartana Potássica 50 mg Caixa 30 Comprimidos Revestidos,Panpharma - GO,26710.0,0.875,17.74,0.0,2.22,2.22,2026-09-09 20:59:59,OK,
TO,GD,34558660000104,7896004706795,Losartana Potássica 50 mg Caixa 30 Comprimidos Revestidos,Profarma - DF,86135.0,0.8551000000000001,17.74,0.0,6.67,2.57,2026-09-09 20:59:59,OK,
TO,GD,34558660000104,7896004706856,,,0.0,0.0,0.0,0.0,0.0,0.0,2026-09-09 21:00:11,ERRO,Message: Nenhuma distribuidora pôde ser lida no card do produto.
TO,GD,34558660000104,7896004706900,Cetorolaco 5 mg/ml Frasco 5 ml Solução Oftálmica,Nazaria - TO,102.0,0.30329999999999996,45.06,0.0,31.39,31.39,2026-09-09 21:00:15,OK,
TO,GD,34558660000104,7896004706900,Cetorolaco 5 mg/ml Frasco 5 ml Solução Oftálmica,Nazaria - MA - Imperatriz,48.0,0.30329999999999996,45.06,0.0,31.39,31.39,2026-09-09 21:00:15,OK,
TO,GD,34558660000104,7896004706900,Cetorolaco 5 mg/ml Frasco 5 ml Solução Oftálmica,Panpharma - GO,146.0,0.2837,45.06,0.0,32.28,32.28,2026-09-09 21:00:15,OK,
TO,GD,34558660000104,7896004706900,Cetorolaco 5 mg/ml Frasco 5 ml Solução Oftálmica,Santa Cruz - GO,83.0,0.2837,45.06,0.0,32.28,32.28,2026-09-09 21:00:15,OK,
TO,GD,34558660000104,7896004707310,Verapamil 80 mg Caixa 30 Comprimidos Revestidos,Nazaria - TO,57.0,0.6201,28.45,0.0,10.81,10.81,2026-09-09 21:00:20,OK,
TO,GD,34558660000104,7896004707310,Verapamil 80 mg Caixa 30 Comprimidos Revestidos,Nazaria - MA - Imperatriz,49.0,0.6201,28.45,0.0,10.81,10.81,2026-09-09 21:00:20,OK,
TO,GD,34558660000104,7896004707310,Verapamil 80 mg Caixa 30 Comprimidos Revestidos,Total - TO,30.0,0.6198,28.45,0.0,10.82,10.82,2026-09-09 21:00:20,OK,
TO,GD,34558660000104,7896004707310,Verapamil 80 mg Caixa 30 Comprimidos Revestidos,Santa Cruz - GO,91.0,0.6181,28.45,0.0,10.87,10.87,2026-09-09 21:00:20,OK,
TO,GD,34558660000104,7896004707310,Verapamil 80 mg Caixa 30 Comprimidos Revestidos,Panpharma - GO,85.0,0.6181,28.45,0.0,10.87,10.87,2026-09-09 21:00:20,OK,
TO,GD,34558660000104,7896004707310,Verapamil 80 mg Caixa 30 Comprimidos Revestidos,Profarma - DF,94.0,0.5938,28.45,0.0,16.62,11.56,2026-09-09 21:00:20,OK,
TO,GD,34558660000104,7896004708058,,,0.0,0.0,0.0,0.0,0.0,0.0,2026-09-09 21:00:32,ERRO,Message: Nenhuma distribuidora pôde ser lida no card do produto.
TO,GD,34558660000104,7896004708072,,,0.0,0.0,0.0,0.0,0.0,0.0,2026-09-09 21:00:45,ERRO,Message: Nenhuma distribuidora pôde ser lida no card do produto.
TO,GD,34558660000104,7896004708652,Simeticona 125 mg Caixa 10 Cápsulas Moles,Nazaria - MA - Imperatriz,11.0,0.8623000000000001,28.87,0.0,3.98,3.98,2026-09-09 21:00:49,OK,
TO,GD,34558660000104,7896004708652,Simeticona 125 mg Caixa 10 Cápsulas Moles,Panpharma - GO,203.0,0.8459,27.79,0.0,4.28,4.28,2026-09-09 21:00:49,OK,
TO,GD,34558660000104,7896004708652,Simeticona 125 mg Caixa 10 Cápsulas Moles,Santa Cruz - GO,202.0,0.8459,27.79,0.0,4.28,4.28,2026-09-09 21:00:49,OK,
TO,GD,34558660000104,7896004708706,Acetilcisteína 200 mg Caixa 5 g Granulado,Nazaria - TO,21.0,0.4439,37.19,0.0,20.68,20.68,2026-09-09 21:00:53,OK,
TO,GD,34558660000104,7896004708706,Acetilcisteína 200 mg Caixa 5 g Granulado,Santa Cruz - GO,242.0,0.41369999999999996,37.19,0.0,21.8,21.8,2026-09-09 21:00:53,OK,
TO,GD,34558660000104,7896004708706,Acetilcisteína 200 mg Caixa 5 g Granulado,Profarma - DF,293.0,0.39380000000000004,37.19,0.0,27.41,22.54,2026-09-09 21:00:53,OK,
TO,GD,34558660000104,7896004708744,Triancinolona+Neomicina+Gramicidina+Nistatina 1+2.5+0.25mg+100.000ui/g Creme Bisnaga 30 g,Nazaria - TO,48.0,0.7515999999999999,34.07,0.0,8.46,8.46,2026-09-09 21:00:56,OK,
TO,GD,34558660000104,7896004708942,Espironolactona 25 mg Caixa 30 Comprimidos,Nazaria - MA - Imperatriz,703.0,0.6912,22.71,0.0,7.01,7.01,2026-09-09 21:01:01,OK,
TO,GD,34558660000104,7896004708942,Espironolactona 25 mg Caixa 30 Comprimidos,Total - TO,613.0,0.6912,22.71,0.0,7.01,7.01,2026-09-09 21:01:01,OK,
TO,GD,34558660000104,7896004708942,Espironolactona 25 mg Caixa 30 Comprimidos,Nazaria - TO,196.0,0.6912,22.71,0.0,7.01,7.01,2026-09-09 21:01:01,OK,
TO,GD,34558660000104,7896004708942,Espironolactona 25 mg Caixa 30 Comprimidos,Panpharma - GO,1440.0,0.6441,22.71,0.0,8.08,8.08,2026-09-09 21:01:01,OK,
TO,GD,34558660000104,7896004708942,Espironolactona 25 mg Caixa 30 Comprimidos,Santa Cruz - GO,956.0,0.6441,22.71,0.0,8.08,8.08,2026-09-09 21:01:01,OK,
TO,GD,34558660000104,7896004708942,Espironolactona 25 mg Caixa 30 Comprimidos,Profarma - DF,9235.0,0.6242,22.71,0.0,12.73,8.53,2026-09-09 21:01:01,OK,
TO,GD,34558660000104,7896004708973,Simeticona 40 mg Caixa 20 Comprimidos,Nazaria - TO,61.0,0.8179000000000001,15.47,0.0,2.82,2.82,2026-09-09 21:01:04,OK,
TO,GD,34558660000104,7896004709123,Atenolol + Clortalidona 100+25 mg Caixa 30 Comprimidos,Nazaria - TO,74.0,0.8382999999999999,52.01,0.0,8.41,8.41,2026-09-09 21:01:08,OK,
TO,GD,34558660000104,7896004709130,Atenolol + Clortalidona 50+12.5 mg Caixa 30 Comprimidos,Nazaria - TO,275.0,0.8371999999999999,32.49,0.0,5.29,5.29,2026-09-09 21:01:13,OK,
TO,GD,34558660000104,7896004709130,Atenolol + Clortalidona 50+12.5 mg Caixa 30 Comprimidos,Nazaria - MA - Imperatriz,173.0,0.8371999999999999,32.49,0.0,5.29,5.29,2026-09-09 21:01:13,OK,
TO,GD,34558660000104,7896004709130,Atenolol + Clortalidona 50+12.5 mg Caixa 30 Comprimidos,Santa Cruz - GO,426.0,0.8351000000000001,32.49,0.0,5.36,5.36,2026-09-09 21:01:13,OK,
TO,GD,34558660000104,7896004709130,Atenolol + Clortalidona 50+12.5 mg Caixa 30 Comprimidos,Panpharma - GO,377.0,0.8351000000000001,32.49,0.0,5.36,5.36,2026-09-09 21:01:13,OK,
TO,GD,34558660000104,7896004709130,Atenolol + Clortalidona 50+12.5 mg Caixa 30 Comprimidos,Total - TO,35.0,0.8288,32.49,0.0,5.56,5.56,2026-09-09 21:01:13,OK,
TO,GD,34558660000104,7896004709130,Atenolol + Clortalidona 50+12.5 mg Caixa 30 Comprimidos,Profarma - DF,718.0,0.8151999999999999,32.49,0.0,13.25,6.0,2026-09-09 21:01:13,OK,
TO,GD,34558660000104,7896004709291,Deflazacorte 30 mg Caixa 10 Comprimidos,Nazaria - MA - Imperatriz,148.0,0.18359999999999999,121.7,0.0,99.36,99.36,2026-09-09 21:01:18,OK,
TO,GD,34558660000104,7896004709291,Deflazacorte 30 mg Caixa 10 Comprimidos,Nazaria - TO,130.0,0.18359999999999999,121.7,0.0,99.36,99.36,2026-09-09 21:01:18,OK,
TO,GD,34558660000104,7896004709291,Deflazacorte 30 mg Caixa 10 Comprimidos,Total - TO,58.0,0.18359999999999999,121.7,0.0,99.36,99.36,2026-09-09 21:01:18,OK,
TO,GD,34558660000104,7896004709291,Deflazacorte 30 mg Caixa 10 Comprimidos,Santa Cruz - GO,57.0,0.1202,121.7,0.0,107.07,107.07,2026-09-09 21:01:18,OK,
TO,GD,34558660000104,7896004709291,Deflazacorte 30 mg Caixa 10 Comprimidos,Panpharma - GO,27.0,0.1202,121.7,0.0,107.07,107.07,2026-09-09 21:01:18,OK,
TO,GD,34558660000104,7896004709291,Deflazacorte 30 mg Caixa 10 Comprimidos,Profarma - DF,123.0,0.09300000000000001,121.7,0.0,119.9,110.38,2026-09-09 21:01:18,OK,
TO,GD,34558660000104,7896004709307,Deflazacorte 6 mg Caixa 20 Comprimidos,Nazaria - TO,68.0,0.2685,50.94,0.0,37.26,37.26,2026-09-09 21:01:23,OK,
TO,GD,34558660000104,7896004709307,Deflazacorte 6 mg Caixa 20 Comprimidos,Total - TO,41.0,0.2685,50.94,0.0,37.26,37.26,2026-09-09 21:01:23,OK,
TO,GD,34558660000104,7896004709307,Deflazacorte 6 mg Caixa 20 Comprimidos,Nazaria - MA - Imperatriz,27.0,0.2685,50.94,0.0,37.26,37.26,2026-09-09 21:01:23,OK,
TO,GD,34558660000104,7896004709307,Deflazacorte 6 mg Caixa 20 Comprimidos,Santa Cruz - GO,155.0,0.1736,50.94,0.0,42.1,42.1,2026-09-09 21:01:23,OK,
TO,GD,34558660000104,7896004709307,Deflazacorte 6 mg Caixa 20 Comprimidos,Panpharma - GO,69.0,0.1736,50.94,0.0,42.1,42.1,2026-09-09 21:01:23,OK,
TO,GD,34558660000104,7896004709307,Deflazacorte 6 mg Caixa 20 Comprimidos,Profarma - DF,273.0,0.1537,50.94,0.0,47.7,43.11,2026-09-09 21:01:23,OK,
TO,GD,34558660000104,7896004709567,Amitriptilina 75 mg Caixa 30 Comprimidos Revestidos,Total - TO,307.0,0.6947,59.33,0.0,18.11,18.11,2026-09-09 21:01:27,OK,
TO,GD,34558660000104,7896004709567,Amitriptilina 75 mg Caixa 30 Comprimidos Revestidos,Nazaria - MA - Imperatriz,117.0,0.6947,59.33,0.0,18.11,18.11,2026-09-09 21:01:27,OK,
TO,GD,34558660000104,7896004709567,Amitriptilina 75 mg Caixa 30 Comprimidos Revestidos,Santa Cruz - GO,80.0,0.6894,59.33,0.0,18.43,18.43,2026-09-09 21:01:27,OK,
TO,GD,34558660000104,7896004709710,,,0.0,0.0,0.0,0.0,0.0,0.0,2026-09-09 21:01:39,ERRO,Message: Nenhuma distribuidora pôde ser lida no card do produto.
TO,GD,34558660000104,7896004709956,Enalapril + Hidroclorotiazida 20+12.5 mg Caixa 30 Comprimidos,Nazaria - TO,1.0,0.8538,76.64,0.0,11.2,11.2,2026-09-09 21:01:43,OK,
TO,GD,34558660000104,7896004710402,Desonida 0.5 mg/g Bisnaga 30 g Creme,Nazaria - TO,135.0,0.6591,34.84,0.0,11.88,11.88,2026-09-09 21:01:47,OK,
TO,GD,34558660000104,7896004710402,Desonida 0.5 mg/g Bisnaga 30 g Creme,Panpharma - GO,202.0,0.6509,34.84,0.0,12.16,12.16,2026-09-09 21:01:47,OK,
TO,GD,34558660000104,7896004710402,Desonida 0.5 mg/g Bisnaga 30 g Creme,Santa Cruz - GO,144.0,0.6509,34.84,0.0,12.16,12.16,2026-09-09 21:01:47,OK,
TO,GD,34558660000104,7896004710402,Desonida 0.5 mg/g Bisnaga 30 g Creme,Profarma - DF,886.0,0.631,34.84,0.0,19.07,12.86,2026-09-09 21:01:47,OK,
TO,GD,34558660000104,7896004710419,Rifamicina 10 mg/ml Frasco 20 ml Solução Tópica Spray,Nazaria - MA - Imperatriz,846.0,0.2551,22.83,0.0,17.01,17.01,2026-09-09 21:01:52,OK,
TO,GD,34558660000104,7896004710419,Rifamicina 10 mg/ml Frasco 20 ml Solução Tópica Spray,Nazaria - TO,32.0,0.2551,22.83,0.0,17.01,17.01,2026-09-09 21:01:52,OK,
TO,GD,34558660000104,7896004710419,Rifamicina 10 mg/ml Frasco 20 ml Solução Tópica Spray,Santa Cruz - GO,729.0,0.1805,22.83,0.0,18.71,18.71,2026-09-09 21:01:52,OK,
TO,GD,34558660000104,7896004710419,Rifamicina 10 mg/ml Frasco 20 ml Solução Tópica Spray,Panpharma - GO,103.0,0.1805,22.83,0.0,18.71,18.71,2026-09-09 21:01:52,OK,
TO,GD,34558660000104,7896004710419,Rifamicina 10 mg/ml Frasco 20 ml Solução Tópica Spray,Profarma - DF,425.0,0.15130000000000002,22.83,0.0,21.42,19.38,2026-09-09 21:01:52,OK,
TO,GD,34558660000104,7896004710464,Acebrofilina 25mg/5ml Frasco 120 ml Xarope Pediátrico,Nazaria - MA - Imperatriz,125.0,0.6117,23.98,0.0,9.31,9.31,2026-09-09 21:01:56,OK,
TO,GD,34558660000104,7896004710464,Acebrofilina 25mg/5ml Frasco 120 ml Xarope Pediátrico,Panpharma - GO,106.0,0.604,23.98,0.0,9.5,9.5,2026-09-09 21:01:56,OK,
TO,GD,34558660000104,7896004710464,Acebrofilina 25mg/5ml Frasco 120 ml Xarope Pediátrico,Santa Cruz - GO,97.0,0.604,23.98,0.0,9.5,9.5,2026-09-09 21:01:56,OK,
TO,GD,34558660000104,7896004710464,Acebrofilina 25mg/5ml Frasco 120 ml Xarope Pediátrico,Profarma - DF,29.0,0.5783,23.98,0.0,14.31,10.11,2026-09-09 21:01:56,OK,
TO,GD,34558660000104,7896004710471,Acebrofilina 50mg/5ml Frasco 120 ml Xarope Adulto,Nazaria - MA - Imperatriz,88.0,0.5761999999999999,33.86,0.0,14.35,14.35,2026-09-09 21:02:01,OK,
TO,GD,34558660000104,7896004710471,Acebrofilina 50mg/5ml Frasco 120 ml Xarope Adulto,Nazaria - TO,61.0,0.5761999999999999,33.86,0.0,14.35,14.35,2026-09-09 21:02:01,OK,
TO,GD,34558660000104,7896004710471,Acebrofilina 50mg/5ml Frasco 120 ml Xarope Adulto,Total - TO,18.0,0.5761999999999999,33.86,0.0,14.35,14.35,2026-09-09 21:02:01,OK,
TO,GD,34558660000104,7896004710471,Acebrofilina 50mg/5ml Frasco 120 ml Xarope Adulto,Santa Cruz - GO,282.0,0.5697,33.86,0.0,14.57,14.57,2026-09-09 21:02:01,OK,
TO,GD,34558660000104,7896004710471,Acebrofilina 50mg/5ml Frasco 120 ml Xarope Adulto,Panpharma - GO,84.0,0.5697,33.86,0.0,14.57,14.57,2026-09-09 21:02:01,OK,
TO,GD,34558660000104,7896004710471,Acebrofilina 50mg/5ml Frasco 120 ml Xarope Adulto,Profarma - DF,46.0,0.5498,33.86,0.0,20.97,15.24,2026-09-09 21:02:01,OK,
TO,GD,34558660000104,7896004710525,Bezafibrato 200 mg Caixa 20 Comprimidos Revestidos,Nazaria - TO,155.0,0.15,32.83,0.0,27.91,27.91,2026-09-09 21:02:06,OK,
TO,GD,34558660000104,7896004710525,Bezafibrato 200 mg Caixa 20 Comprimidos Revestidos,Total - TO,43.0,0.15,32.83,0.0,27.91,27.91,2026-09-09 21:02:06,OK,
TO,GD,34558660000104,7896004710525,Bezafibrato 200 mg Caixa 20 Comprimidos Revestidos,Santa Cruz - GO,45.0,0.08310000000000001,32.83,0.0,30.1,30.1,2026-09-09 21:02:06,OK,
TO,GD,34558660000104,7896004710525,Bezafibrato 200 mg Caixa 20 Comprimidos Revestidos,Panpharma - GO,32.0,0.08310000000000001,32.83,0.0,30.1,30.1,2026-09-09 21:02:06,OK,
TO,GD,34558660000104,7896004710525,Bezafibrato 200 mg Caixa 20 Comprimidos Revestidos,Profarma - DF,87.0,0.0529,32.83,0.0,33.39,31.09,2026-09-09 21:02:06,OK,
TO,GD,34558660000104,7896004710679,Meloxicam 15 mg Caixa 10 Comprimidos,Nazaria - MA - Imperatriz,175.0,0.9,33.74,0.0,3.37,3.37,2026-09-09 21:02:10,OK,
TO,GD,34558660000104,7896004710679,Meloxicam 15 mg Caixa 10 Comprimidos,Santa Cruz - GO,344.0,0.898,33.74,0.0,3.44,3.44,2026-09-09 21:02:10,OK,
TO,GD,34558660000104,7896004710679,Meloxicam 15 mg Caixa 10 Comprimidos,Panpharma - GO,310.0,0.898,33.74,0.0,3.44,3.44,2026-09-09 21:02:10,OK,
TO,GD,34558660000104,7896004710679,Meloxicam 15 mg Caixa 10 Comprimidos,Profarma - DF,872.0,0.8781,33.74,0.0,12.05,4.11,2026-09-09 21:02:10,OK,
TO,GD,34558660000104,7896004710761,Sinvastatina 20 mg Caixa 30 Comprimidos Revestidos,Santa Cruz - GO,6878.0,0.8994,42.95,0.0,4.32,4.32,2026-09-09 21:02:15,OK,
TO,GD,34558660000104,7896004710761,Sinvastatina 20 mg Caixa 30 Comprimidos Revestidos,Panpharma - GO,104.0,0.8994,42.95,0.0,4.32,4.32,2026-09-09 21:02:15,OK,
TO,GD,34558660000104,7896004710761,Sinvastatina 20 mg Caixa 30 Comprimidos Revestidos,Nazaria - TO,15.0,0.8966,42.95,0.0,4.44,4.44,2026-09-09 21:02:15,OK,
TO,GD,34558660000104,7896004710761,Sinvastatina 20 mg Caixa 30 Comprimidos Revestidos,Total - TO,2.0,0.8966,42.95,0.0,4.44,4.44,2026-09-09 21:02:15,OK,
TO,GD,34558660000104,7896004710761,Sinvastatina 20 mg Caixa 30 Comprimidos Revestidos,Profarma - DF,27868.0,0.8795000000000001,42.95,0.0,15.29,5.18,2026-09-09 21:02:15,OK,
TO,GD,34558660000104,7896004710860,,,0.0,0.0,0.0,0.0,0.0,0.0,2026-09-09 21:02:27,ERRO,Message: Nenhuma distribuidora pôde ser lida no card do produto.
TO,GD,34558660000104,7896004710891,Ácido Acetilsalicílico 100 mg Caixa 30 Comprimidos,Nazaria - MA - Imperatriz,956.0,0.2443,11.16,0.0,8.43,8.43,2026-09-09 21:02:32,OK,
TO,GD,34558660000104,7896004710891,Ácido Acetilsalicílico 100 mg Caixa 30 Comprimidos,Nazaria - TO,443.0,0.2443,11.16,0.0,8.43,8.43,2026-09-09 21:02:32,OK,
TO,GD,34558660000104,7896004710891,Ácido Acetilsalicílico 100 mg Caixa 30 Comprimidos,Total - TO,196.0,0.2443,11.16,0.0,8.43,8.43,2026-09-09 21:02:32,OK,
TO,GD,34558660000104,7896004710891,Ácido Acetilsalicílico 100 mg Caixa 30 Comprimidos,Santa Cruz - GO,554.0,0.2059,11.16,0.0,8.86,8.86,2026-09-09 21:02:32,OK,
TO,GD,34558660000104,7896004710891,Ácido Acetilsalicílico 100 mg Caixa 30 Comprimidos,Panpharma - GO,150.0,0.2059,11.16,0.0,8.86,8.86,2026-09-09 21:02:32,OK,
TO,GD,34558660000104,7896004710891,Ácido Acetilsalicílico 100 mg Caixa 30 Comprimidos,Profarma - DF,7045.0,0.18600000000000003,11.16,0.0,10.07,9.08,2026-09-09 21:02:32,OK,
TO,GD,34558660000104,7896004710907,Ácido Acetilsalicílico 100 mg Display 200 Comprimidos,Nazaria - MA - Imperatriz,38.0,0.4512,70.66,0.0,38.78,38.78,2026-09-09 21:02:36,OK,
TO,GD,34558660000104,7896004710907,Ácido Acetilsalicílico 100 mg Display 200 Comprimidos,Nazaria - TO,11.0,0.4512,70.66,0.0,38.78,38.78,2026-09-09 21:02:36,OK,
TO,GD,34558660000104,7896004710907,Ácido Acetilsalicílico 100 mg Display 200 Comprimidos,Panpharma - GO,64.0,0.44,70.66,0.0,39.57,39.57,2026-09-09 21:02:36,OK,
TO,GD,34558660000104,7896004710907,Ácido Acetilsalicílico 100 mg Display 200 Comprimidos,Santa Cruz - GO,30.0,0.44,70.66,0.0,39.57,39.57,2026-09-09 21:02:36,OK,
TO,GD,34558660000104,7896004711034,Espironolactona 50 mg Caixa 30 Comprimidos,Nazaria - TO,142.0,0.6114999999999999,36.53,0.0,14.19,14.19,2026-09-09 21:02:40,OK,
TO,GD,34558660000104,7896004711034,Espironolactona 50 mg Caixa 30 Comprimidos,Santa Cruz - GO,83.0,0.5635,36.53,0.0,15.95,15.95,2026-09-09 21:02:40,OK,
TO,GD,34558660000104,7896004711034,Espironolactona 50 mg Caixa 30 Comprimidos,Panpharma - GO,13.0,0.5635,36.53,0.0,15.95,15.95,2026-09-09 21:02:40,OK,
TO,GD,34558660000104,7896004711034,Espironolactona 50 mg Caixa 30 Comprimidos,Profarma - DF,2366.0,0.5436,36.53,0.0,22.82,16.67,2026-09-09 21:02:40,OK,
TO,GD,34558660000104,7896004711188,Sinvastatina 40 mg Caixa 30 Comprimidos Revestidos,Santa Cruz - GO,2249.0,0.883,51.13,0.0,5.98,5.98,2026-09-09 21:02:44,OK,
TO,GD,34558660000104,7896004711188,Sinvastatina 40 mg Caixa 30 Comprimidos Revestidos,Panpharma - GO,391.0,0.883,51.13,0.0,5.98,5.98,2026-09-09 21:02:44,OK,
TO,GD,34558660000104,7896004711188,Sinvastatina 40 mg Caixa 30 Comprimidos Revestidos,Nazaria - MA - Imperatriz,191.0,0.8798,51.13,0.0,6.15,6.15,2026-09-09 21:02:44,OK,
TO,GD,34558660000104,7896004711188,Sinvastatina 40 mg Caixa 30 Comprimidos Revestidos,Profarma - DF,21417.0,0.8631,51.13,0.0,18.88,7.0,2026-09-09 21:02:44,OK,
TO,GD,34558660000104,7896004711195,Nistatina + Óxido De Zinco 100.000ui+200mg/g Bisnaga 60 g Pomada,Santa Cruz - GO,1517.0,0.6218,29.57,0.0,11.18,11.18,2026-09-09 21:02:49,OK,
TO,GD,34558660000104,7896004711195,Nistatina + Óxido De Zinco 100.000ui+200mg/g Bisnaga 60 g Pomada,Nazaria - TO,1190.0,0.6218,29.57,0.0,11.18,11.18,2026-09-09 21:02:49,OK,
TO,GD,34558660000104,7896004711195,Nistatina + Óxido De Zinco 100.000ui+200mg/g Bisnaga 60 g Pomada,Panpharma - GO,377.0,0.6218,29.57,0.0,11.18,11.18,2026-09-09 21:02:49,OK,
TO,GD,34558660000104,7896004711195,Nistatina + Óxido De Zinco 100.000ui+200mg/g Bisnaga 60 g Pomada,Nazaria - MA - Imperatriz,293.0,0.6218,29.57,0.0,11.18,11.18,2026-09-09 21:02:49,OK,
TO,GD,34558660000104,7896004711195,Nistatina + Óxido De Zinco 100.000ui+200mg/g Bisnaga 60 g Pomada,Total - TO,45.0,0.6218,29.57,0.0,11.18,11.18,2026-09-09 21:02:49,OK,
TO,GD,34558660000104,7896004711195,Nistatina + Óxido De Zinco 100.000ui+200mg/g Bisnaga 60 g Pomada,Profarma - DF,1672.0,0.5931000000000001,29.57,0.0,17.07,12.03,2026-09-09 21:02:49,OK,
TO,GD,34558660000104,7896004711218,,,0.0,0.0,0.0,0.0,0.0,0.0,2026-09-09 21:03:02,ERRO,Message: Nenhuma distribuidora pôde ser lida no card do produto.
TO,GD,34558660000104,7896004711225,Glimepirida 2 mg Caixa 30 Comprimidos,Nazaria - TO,4.0,0.8314,37.5,0.0,6.32,6.32,2026-09-09 21:03:05,OK,
TO,GD,34558660000104,7896004711232,Glimepirida 4 mg Caixa 30 Comprimidos,Profarma - DF,1.0,0.815,54.8,0.0,22.33,10.14,2026-09-09 21:03:08,OK,
TO,GD,34558660000104,7896004711287,Dexclorfeniramina 2 mg Caixa 20 Comprimidos,Nazaria - TO,72.0,0.5767,13.46,0.0,5.7,5.7,2026-09-09 21:03:13,OK,
TO,GD,34558660000104,7896004711287,Dexclorfeniramina 2 mg Caixa 20 Comprimidos,Nazaria - MA - Imperatriz,22.0,0.5767,13.46,0.0,5.7,5.7,2026-09-09 21:03:13,OK,
TO,GD,34558660000104,7896004711287,Dexclorfeniramina 2 mg Caixa 20 Comprimidos,Santa Cruz - GO,134.0,0.5725,13.46,0.0,5.75,5.75,2026-09-09 21:03:13,OK,
TO,GD,34558660000104,7896004711287,Dexclorfeniramina 2 mg Caixa 20 Comprimidos,Panpharma - GO,56.0,0.5725,13.46,0.0,5.75,5.75,2026-09-09 21:03:13,OK,
TO,GD,34558660000104,7896004711287,Dexclorfeniramina 2 mg Caixa 20 Comprimidos,Profarma - DF,287.0,0.5477000000000001,13.47,0.0,8.27,6.09,2026-09-09 21:03:13,OK,
TO,GD,34558660000104,7896004711423,Clotrimazol 10 mg/g Bisnaga 35 g Creme Vaginal + 6 Aplicadores,Nazaria - MA - Imperatriz,144.0,0.6321,52.16,0.0,19.19,19.19,2026-09-09 21:03:17,OK,
TO,GD,34558660000104,7896004711423,Clotrimazol 10 mg/g Bisnaga 35 g Creme Vaginal + 6 Aplicadores,Total - TO,34.0,0.6321,52.16,0.0,19.19,19.19,2026-09-09 21:03:17,OK,
TO,GD,34558660000104,7896004711423,Clotrimazol 10 mg/g Bisnaga 35 g Creme Vaginal + 6 Aplicadores,Santa Cruz - GO,187.0,0.6217,52.16,0.0,19.73,19.73,2026-09-09 21:03:17,OK,
TO,GD,34558660000104,7896004711423,Clotrimazol 10 mg/g Bisnaga 35 g Creme Vaginal + 6 Aplicadores,Panpharma - GO,170.0,0.6217,52.16,0.0,19.73,19.73,2026-09-09 21:03:17,OK,
TO,GD,34558660000104,7896004711423,Clotrimazol 10 mg/g Bisnaga 35 g Creme Vaginal + 6 Aplicadores,Profarma - DF,432.0,0.6018,52.16,0.0,29.77,20.77,2026-09-09 21:03:17,OK,
TO,GD,34558660000104,7896004711454,Amilorida + Hidroclorotiazida 5+50 mg Caixa 30 Comprimidos,Nazaria - MA - Imperatriz,47.0,0.326,18.3,0.0,12.33,12.33,2026-09-09 21:03:21,OK,
TO,GD,34558660000104,7896004711454,Amilorida + Hidroclorotiazida 5+50 mg Caixa 30 Comprimidos,Panpharma - GO,114.0,0.2772,18.3,0.0,13.23,13.23,2026-09-09 21:03:21,OK,
TO,GD,34558660000104,7896004711454,Amilorida + Hidroclorotiazida 5+50 mg Caixa 30 Comprimidos,Santa Cruz - GO,31.0,0.2772,18.3,0.0,13.23,13.23,2026-09-09 21:03:21,OK,
TO,GD,34558660000104,7896004711485,Dexclorfeniramina + Betametasona 2+0.25 mg Caixa 20 Comprimidos,Nazaria - MA - Imperatriz,501.0,0.4017,20.41,0.0,12.21,12.21,2026-09-09 21:03:26,OK,
TO,GD,34558660000104,7896004711485,Dexclorfeniramina + Betametasona 2+0.25 mg Caixa 20 Comprimidos,Nazaria - TO,40.0,0.4017,20.41,0.0,12.21,12.21,2026-09-09 21:03:26,OK,
TO,GD,34558660000104,7896004711485,Dexclorfeniramina + Betametasona 2+0.25 mg Caixa 20 Comprimidos,Santa Cruz - GO,124.0,0.3605,20.41,0.0,13.05,13.05,2026-09-09 21:03:26,OK,
TO,GD,34558660000104,7896004711485,Dexclorfeniramina + Betametasona 2+0.25 mg Caixa 20 Comprimidos,Panpharma - GO,72.0,0.3605,20.41,0.0,13.05,13.05,2026-09-09 21:03:26,OK,
TO,GD,34558660000104,7896004711485,Dexclorfeniramina + Betametasona 2+0.25 mg Caixa 20 Comprimidos,Profarma - DF,424.0,0.3406,20.41,0.0,15.92,13.46,2026-09-09 21:03:26,OK,
TO,GD,34558660000104,7896004711539,Diclofenaco Colestiramina 70 mg Caixa 14 Cápsulas,Nazaria - MA - Imperatriz,135.0,0.7358,28.96,0.0,7.65,7.65,2026-09-09 21:03:30,OK,
TO,GD,34558660000104,7896004711539,Diclofenaco Colestiramina 70 mg Caixa 14 Cápsulas,Nazaria - TO,47.0,0.7358,28.96,0.0,7.65,7.65,2026-09-09 21:03:30,OK,
TO,GD,34558660000104,7896004711539,Diclofenaco Colestiramina 70 mg Caixa 14 Cápsulas,Santa Cruz - GO,77.0,0.7337,28.96,0.0,7.71,7.71,2026-09-09 21:03:30,OK,
TO,GD,34558660000104,7896004711539,Diclofenaco Colestiramina 70 mg Caixa 14 Cápsulas,Panpharma - GO,17.0,0.7337,28.96,0.0,7.71,7.71,2026-09-09 21:03:30,OK,
TO,GD,34558660000104,7896004711539,Diclofenaco Colestiramina 70 mg Caixa 14 Cápsulas,Profarma - DF,182.0,0.7138,28.96,0.0,14.14,8.29,2026-09-09 21:03:30,OK,
TO,GD,34558660000104,7896004711690,Betametasona + Gentamicina 0.5+1 mg/g Bisnaga 30 g Creme,Nazaria - MA - Imperatriz,75.0,0.7584000000000001,25.92,0.0,6.26,6.26,2026-09-09 21:03:35,OK,
TO,GD,34558660000104,7896004711690,Betametasona + Gentamicina 0.5+1 mg/g Bisnaga 30 g Creme,Nazaria - TO,7.0,0.7584000000000001,25.92,0.0,6.26,6.26,2026-09-09 21:03:35,OK,
TO,GD,34558660000104,7896004711690,Betametasona + Gentamicina 0.5+1 mg/g Bisnaga 30 g Creme,Santa Cruz - GO,78.0,0.7563,25.92,0.0,6.32,6.32,2026-09-09 21:03:35,OK,
TO,GD,34558660000104,7896004711690,Betametasona + Gentamicina 0.5+1 mg/g Bisnaga 30 g Creme,Panpharma - GO,58.0,0.7563,25.92,0.0,6.32,6.32,2026-09-09 21:03:35,OK,
TO,GD,34558660000104,7896004711690,Betametasona + Gentamicina 0.5+1 mg/g Bisnaga 30 g Creme,Profarma - DF,37.0,0.7364,25.92,0.0,12.0,6.83,2026-09-09 21:03:35,OK,
TO,GD,34558660000104,7896004711744,Tramadol 50 mg Caixa 10 Cápsulas,Nazaria - TO,939.0,0.7854000000000001,28.93,0.0,6.21,6.21,2026-09-09 21:03:39,OK,
TO,GD,34558660000104,7896004711744,Tramadol 50 mg Caixa 10 Cápsulas,Nazaria - MA - Imperatriz,293.0,0.7854000000000001,28.93,0.0,6.21,6.21,2026-09-09 21:03:39,OK,
TO,GD,34558660000104,7896004711850,Betametasona 0.5 mg/g Bisnaga 30 g Creme,Nazaria - TO,91.0,0.3373,28.89,0.0,19.15,19.15,2026-09-09 21:03:43,OK,
TO,GD,34558660000104,7896004711850,Betametasona 0.5 mg/g Bisnaga 30 g Creme,Nazaria - MA - Imperatriz,88.0,0.3373,28.89,0.0,19.15,19.15,2026-09-09 21:03:43,OK,
TO,GD,34558660000104,7896004711850,Betametasona 0.5 mg/g Bisnaga 30 g Creme,Santa Cruz - GO,116.0,0.2359,28.89,0.0,22.07,22.07,2026-09-09 21:03:43,OK,
TO,GD,34558660000104,7896004711850,Betametasona 0.5 mg/g Bisnaga 30 g Creme,Panpharma - GO,98.0,0.2359,28.89,0.0,22.07,22.07,2026-09-09 21:03:43,OK,
TO,GD,34558660000104,7896004711850,Betametasona 0.5 mg/g Bisnaga 30 g Creme,Profarma - DF,394.0,0.21600000000000003,28.89,0.0,25.39,22.65,2026-09-09 21:03:43,OK,
TO,GD,34558660000104,7896004712048,Triancinolona Acetonida 1 mg/g Bisnaga 10 g Pomada Bucal,Nazaria - MA - Imperatriz,193.0,0.7049,13.28,0.0,3.92,3.92,2026-09-09 21:03:48,OK,
TO,GD,34558660000104,7896004712048,Triancinolona Acetonida 1 mg/g Bisnaga 10 g Pomada Bucal,Total - TO,111.0,0.7048000000000001,13.28,0.0,3.92,3.92,2026-09-09 21:03:48,OK,
TO,GD,34558660000104,7896004712048,Triancinolona Acetonida 1 mg/g Bisnaga 10 g Pomada Bucal,Nazaria - TO,94.0,0.7049,13.28,0.0,3.92,3.92,2026-09-09 21:03:48,OK,
TO,GD,34558660000104,7896004712048,Triancinolona Acetonida 1 mg/g Bisnaga 10 g Pomada Bucal,Santa Cruz - GO,717.0,0.7005,13.28,0.0,3.98,3.98,2026-09-09 21:03:48,OK,
TO,GD,34558660000104,7896004712048,Triancinolona Acetonida 1 mg/g Bisnaga 10 g Pomada Bucal,Panpharma - GO,594.0,0.7005,13.28,0.0,3.98,3.98,2026-09-09 21:03:48,OK,
TO,GD,34558660000104,7896004712048,Triancinolona Acetonida 1 mg/g Bisnaga 10 g Pomada Bucal,Profarma - DF,1192.0,0.6806,13.28,0.0,6.84,4.24,2026-09-09 21:03:48,OK,
TO,GD,34558660000104,7896004712147,Dexametasona 4 mg Caixa 10 Comprimidos,Nazaria - MA - Imperatriz,748.0,0.6455,12.98,0.0,4.6,4.6,2026-09-09 21:03:53,OK,
TO,GD,34558660000104,7896004712147,Dexametasona 4 mg Caixa 10 Comprimidos,Nazaria - TO,458.0,0.6455,12.98,0.0,4.6,4.6,2026-09-09 21:03:53,OK,
TO,GD,34558660000104,7896004712147,Dexametasona 4 mg Caixa 10 Comprimidos,Santa Cruz - GO,2477.0,0.6434000000000001,12.98,0.0,4.63,4.63,2026-09-09 21:03:53,OK,
TO,GD,34558660000104,7896004712147,Dexametasona 4 mg Caixa 10 Comprimidos,Panpharma - GO,664.0,0.6434000000000001,12.98,0.0,4.63,4.63,2026-09-09 21:03:53,OK,
TO,GD,34558660000104,7896004712147,Dexametasona 4 mg Caixa 10 Comprimidos,Profarma - DF,4388.0,0.6114,12.98,0.0,7.4,5.04,2026-09-09 21:03:53,OK,
TO,GD,34558660000104,7896004712413,Clobetasol 0.5 mg/g Bisnaga 30 g Creme,Nazaria - TO,169.0,0.688,22.08,0.0,6.89,6.89,2026-09-09 21:03:58,OK,
TO,GD,34558660000104,7896004712413,Clobetasol 0.5 mg/g Bisnaga 30 g Creme,Nazaria - MA - Imperatriz,161.0,0.688,22.08,0.0,6.89,6.89,2026-09-09 21:03:58,OK,
TO,GD,34558660000104,7896004712413,Clobetasol 0.5 mg/g Bisnaga 30 g Creme,Santa Cruz - GO,215.0,0.6859999999999999,22.08,0.0,6.93,6.93,2026-09-09 21:03:58,OK,
TO,GD,34558660000104,7896004712413,Clobetasol 0.5 mg/g Bisnaga 30 g Creme,Panpharma - GO,110.0,0.6859999999999999,22.08,0.0,6.93,6.93,2026-09-09 21:03:58,OK,
TO,GD,34558660000104,7896004712413,Clobetasol 0.5 mg/g Bisnaga 30 g Creme,Total - TO,2.0,0.6843,22.08,0.0,6.97,6.97,2026-09-09 21:03:58,OK,
TO,GD,34558660000104,7896004712413,Clobetasol 0.5 mg/g Bisnaga 30 g Creme,Profarma - DF,431.0,0.6661,22.08,0.0,11.63,7.37,2026-09-09 21:03:58,OK,
TO,GD,34558660000104,7896004712499,Doxazosina 2 mg Caixa 30 Comprimidos,Nazaria - TO,70.0,0.8782,44.31,0.0,5.4,5.4,2026-09-09 21:04:02,OK,
TO,GD,34558660000104,7896004712499,Doxazosina 2 mg Caixa 30 Comprimidos,Panpharma - GO,67.0,0.8745,44.31,0.0,5.56,5.56,2026-09-09 21:04:02,OK,
TO,GD,34558660000104,7896004712499,Doxazosina 2 mg Caixa 30 Comprimidos,Santa Cruz - GO,33.0,0.8745,44.31,0.0,5.56,5.56,2026-09-09 21:04:02,OK,
TO,GD,34558660000104,7896004712499,Doxazosina 2 mg Caixa 30 Comprimidos,Profarma - DF,643.0,0.8545999999999999,44.31,0.0,16.66,6.44,2026-09-09 21:04:02,OK,
TO,GD,34558660000104,7896004712581,Cefalexina 1 g Caixa 8 Comprimidos Revestidos,Nazaria - MA - Imperatriz,63.0,0.3353,80.6,0.0,53.57,53.57,2026-09-09 21:04:07,OK,
TO,GD,34558660000104,7896004712581,Cefalexina 1 g Caixa 8 Comprimidos Revestidos,Nazaria - TO,22.0,0.3353,80.6,0.0,53.57,53.57,2026-09-09 21:04:07,OK,
TO,GD,34558660000104,7896004712581,Cefalexina 1 g Caixa 8 Comprimidos Revestidos,Total - TO,91.0,0.3353,80.59,0.0,53.58,53.57,2026-09-09 21:04:07,OK,
TO,GD,34558660000104,7896004712581,Cefalexina 1 g Caixa 8 Comprimidos Revestidos,Santa Cruz - GO,163.0,0.3031,80.6,0.0,56.17,56.17,2026-09-09 21:04:07,OK,
TO,GD,34558660000104,7896004712581,Cefalexina 1 g Caixa 8 Comprimidos Revestidos,Panpharma - GO,143.0,0.3031,80.6,0.0,56.17,56.17,2026-09-09 21:04:07,OK,
TO,GD,34558660000104,7896004712581,Cefalexina 1 g Caixa 8 Comprimidos Revestidos,Profarma - DF,410.0,0.2593,80.6,0.0,68.68,59.7,2026-09-09 21:04:07,OK,
TO,GD,34558660000104,7896004712932,Clonazepam 2.5 mg/ml Frasco 20 ml Gotas,Nazaria - MA - Imperatriz,1670.0,0.6698999999999999,14.98,0.0,4.94,4.94,2026-09-09 21:04:12,OK,
TO,GD,34558660000104,7896004712932,Clonazepam 2.5 mg/ml Frasco 20 ml Gotas,Nazaria - TO,3.0,0.6698999999999999,14.98,0.0,4.94,4.94,2026-09-09 21:04:12,OK,
TO,GD,34558660000104,7896004712932,Clonazepam 2.5 mg/ml Frasco 20 ml Gotas,Total - TO,165.0,0.6698999999999999,14.98,0.0,4.95,4.94,2026-09-09 21:04:12,OK,
TO,GD,34558660000104,7896004712932,Clonazepam 2.5 mg/ml Frasco 20 ml Gotas,Panpharma - GO,2330.0,0.6625,14.98,0.0,5.06,5.06,2026-09-09 21:04:12,OK,
TO,GD,34558660000104,7896004712932,Clonazepam 2.5 mg/ml Frasco 20 ml Gotas,Santa Cruz - GO,1604.0,0.6625,14.98,0.0,5.06,5.06,2026-09-09 21:04:12,OK,
TO,GD,34558660000104,7896004712932,Clonazepam 2.5 mg/ml Frasco 20 ml Gotas,Profarma - DF,3340.0,0.6426000000000001,14.98,0.0,8.17,5.35,2026-09-09 21:04:12,OK,
TO,GD,34558660000104,7896004712963,,,0.0,0.0,0.0,0.0,0.0,0.0,2026-09-09 21:04:24,ERRO,Message: Nenhuma distribuidora pôde ser lida no card do produto.
TO,GD,34558660000104,7896004713007,Topiramato 100 mg Caixa 60 Comprimidos Revestidos,Nazaria - MA - Imperatriz,13.0,0.8043,235.44,0.0,46.08,46.08,2026-09-09 21:04:28,OK,
TO,GD,34558660000104,7896004713007,Topiramato 100 mg Caixa 60 Comprimidos Revestidos,Santa Cruz - GO,83.0,0.7864,235.44,0.0,50.29,50.29,2026-09-09 21:04:28,OK,
TO,GD,34558660000104,7896004713007,Topiramato 100 mg Caixa 60 Comprimidos Revestidos,Panpharma - GO,14.0,0.7864,235.44,0.0,50.29,50.29,2026-09-09 21:04:28,OK,
TO,GD,34558660000104,7896004713007,Topiramato 100 mg Caixa 60 Comprimidos Revestidos,Profarma - DF,24.0,0.7665000000000001,235.44,0.0,105.13,54.98,2026-09-09 21:04:28,OK,
TO,GD,34558660000104,7896004713014,Topiramato 50 mg Caixa 60 Comprimidos Revestidos,Nazaria - MA - Imperatriz,49.0,0.8640000000000001,160.44,0.0,21.82,21.82,2026-09-09 21:04:33,OK,
TO,GD,34558660000104,7896004713014,Topiramato 50 mg Caixa 60 Comprimidos Revestidos,Nazaria - TO,31.0,0.8640000000000001,160.44,0.0,21.82,21.82,2026-09-09 21:04:33,OK,
TO,GD,34558660000104,7896004713014,Topiramato 50 mg Caixa 60 Comprimidos Revestidos,Santa Cruz - GO,214.0,0.8497,160.44,0.0,24.11,24.11,2026-09-09 21:04:33,OK,
TO,GD,34558660000104,7896004713014,Topiramato 50 mg Caixa 60 Comprimidos Revestidos,Panpharma - GO,7.0,0.8497,160.44,0.0,24.11,24.11,2026-09-09 21:04:33,OK,
TO,GD,34558660000104,7896004713014,Topiramato 50 mg Caixa 60 Comprimidos Revestidos,Profarma - DF,591.0,0.8298000000000001,160.44,0.0,63.5,27.31,2026-09-09 21:04:33,OK,
TO,GD,34558660000104,7896004713021,Topiramato 25 mg Caixa 60 Comprimidos Revestidos,Nazaria - MA - Imperatriz,54.0,0.8647,88.26,0.0,11.94,11.94,2026-09-09 21:04:38,OK,
TO,GD,34558660000104,7896004713021,Topiramato 25 mg Caixa 60 Comprimidos Revestidos,Nazaria - TO,11.0,0.8647,88.26,0.0,11.94,11.94,2026-09-09 21:04:38,OK,
TO,GD,34558660000104,7896004713021,Topiramato 25 mg Caixa 60 Comprimidos Revestidos,Santa Cruz - GO,283.0,0.8533,88.26,0.0,12.95,12.95,2026-09-09 21:04:38,OK,
TO,GD,34558660000104,7896004713021,Topiramato 25 mg Caixa 60 Comprimidos Revestidos,Panpharma - GO,94.0,0.8533,88.26,0.0,12.95,12.95,2026-09-09 21:04:38,OK,
TO,GD,34558660000104,7896004713021,Topiramato 25 mg Caixa 60 Comprimidos Revestidos,Profarma - DF,281.0,0.8334,88.26,0.0,34.69,14.7,2026-09-09 21:04:38,OK,
TO,GD,34558660000104,7896004713120,Levofloxacino 500 mg Caixa 10 Comprimidos Revestidos,Nazaria - TO,29.0,0.8690000000000001,95.73,0.0,12.54,12.54,2026-09-09 21:04:41,OK,
TO,GD,34558660000104,7896004713137,Levofloxacino 500 mg Caixa 7 Comprimidos Revestidos,Nazaria - TO,67.0,0.9086,99.36,0.0,9.08,9.08,2026-09-09 21:04:44,OK,
TO,GD,34558660000104,7896004713137,Levofloxacino 500 mg Caixa 7 Comprimidos Revestidos,Profarma - DF,101.0,0.8859,99.36,0.0,34.87,11.34,2026-09-09 21:04:44,OK,
TO,GD,34558660000104,7896004713182,Ácido Acetilsalicílico 100 mg Display 100 Comprimidos,Nazaria - TO,27.0,0.4017,38.35,0.0,22.94,22.94,2026-09-09 21:04:49,OK,
TO,GD,34558660000104,7896004713182,Ácido Acetilsalicílico 100 mg Display 100 Comprimidos,Nazaria - MA - Imperatriz,26.0,0.4017,38.35,0.0,22.94,22.94,2026-09-09 21:04:49,OK,
TO,GD,34558660000104,7896004713182,Ácido Acetilsalicílico 100 mg Display 100 Comprimidos,Santa Cruz - GO,48.0,0.3605,38.35,0.0,24.52,24.52,2026-09-09 21:04:49,OK,
TO,GD,34558660000104,7896004713182,Ácido Acetilsalicílico 100 mg Display 100 Comprimidos,Panpharma - GO,9.0,0.3605,38.35,0.0,24.52,24.52,2026-09-09 21:04:49,OK,
TO,GD,34558660000104,7896004713250,Gabapentina 300 mg Caixa 30 Cápsulas,Santa Cruz - GO,229.0,0.8003,98.2,0.0,19.61,19.61,2026-09-09 21:04:52,OK,
TO,GD,34558660000104,7896004713250,Gabapentina 300 mg Caixa 30 Cápsulas,Panpharma - GO,127.0,0.8003,98.2,0.0,19.61,19.61,2026-09-09 21:04:52,OK,
TO,GD,34558660000104,7896004713250,Gabapentina 300 mg Caixa 30 Cápsulas,Profarma - DF,325.0,0.7804000000000001,98.2,0.0,42.74,21.56,2026-09-09 21:04:52,OK,
TO,GD,34558660000104,7896004713267,Gabapentina 400 mg Caixa 30 Cápsulas,Nazaria - TO,1.0,0.7878000000000001,154.24,0.0,32.74,32.73,2026-09-09 21:04:56,OK,
TO,GD,34558660000104,7896004713342,Acetilcisteína 600 mg Caixa 5 g Granulado,Nazaria - TO,313.0,0.735,67.4,0.0,17.86,17.86,2026-09-09 21:05:00,OK,
TO,GD,34558660000104,7896004713342,Acetilcisteína 600 mg Caixa 5 g Granulado,Nazaria - MA - Imperatriz,287.0,0.735,67.4,0.0,17.86,17.86,2026-09-09 21:05:00,OK,
TO,GD,34558660000104,7896004713342,Acetilcisteína 600 mg Caixa 5 g Granulado,Santa Cruz - GO,2847.0,0.6970999999999999,67.4,0.0,20.42,20.42,2026-09-09 21:05:00,OK,
TO,GD,34558660000104,7896004713342,Acetilcisteína 600 mg Caixa 5 g Granulado,Panpharma - GO,226.0,0.6970999999999999,67.4,0.0,20.42,20.42,2026-09-09 21:05:00,OK,
TO,GD,34558660000104,7896004713342,Acetilcisteína 600 mg Caixa 5 g Granulado,Profarma - DF,2499.0,0.71,67.4,0.0,32.64,19.55,2026-09-09 21:05:00,OK,
TO,GD,34558660000104,7896004713366,Acetilcisteína 40mg/ml Frasco 120 ml Xarope Adulto,Nazaria - MA - Imperatriz,634.0,0.7706000000000001,43.62,0.0,10.01,10.01,2026-09-09 21:05:05,OK,
TO,GD,34558660000104,7896004713366,Acetilcisteína 40mg/ml Frasco 120 ml Xarope Adulto,Nazaria - TO,404.0,0.7706000000000001,43.62,0.0,10.01,10.01,2026-09-09 21:05:05,OK,
TO,GD,34558660000104,7896004713366,Acetilcisteína 40mg/ml Frasco 120 ml Xarope Adulto,Santa Cruz - GO,1018.0,0.7685,43.62,0.0,10.1,10.1,2026-09-09 21:05:05,OK,
TO,GD,34558660000104,7896004713366,Acetilcisteína 40mg/ml Frasco 120 ml Xarope Adulto,Panpharma - GO,767.0,0.7685,43.62,0.0,10.1,10.1,2026-09-09 21:05:05,OK,
TO,GD,34558660000104,7896004713366,Acetilcisteína 40mg/ml Frasco 120 ml Xarope Adulto,Total - TO,51.0,0.7529,43.62,0.0,10.78,10.78,2026-09-09 21:05:05,OK,
TO,GD,34558660000104,7896004713366,Acetilcisteína 40mg/ml Frasco 120 ml Xarope Adulto,Profarma - DF,1634.0,0.77,43.62,0.0,19.03,10.03,2026-09-09 21:05:05,OK,
TO,GD,34558660000104,7896004713571,Pentoxifilina 400 mg Caixa 30 Comprimidos Revestidos,Santa Cruz - GO,60.0,0.1216,69.01,0.0,60.62,60.62,2026-09-09 21:05:09,OK,
TO,GD,34558660000104,7896004713571,Pentoxifilina 400 mg Caixa 30 Comprimidos Revestidos,Panpharma - GO,29.0,0.1216,69.01,0.0,60.62,60.62,2026-09-09 21:05:09,OK,
TO,GD,34558660000104,7896004713618,Algestona + Estradiol 150+10mg/ml Ampola 1 ml Solução Injetável,Nazaria - MA - Imperatriz,2311.0,0.1751,12.99,0.0,10.72,10.72,2026-09-09 21:05:14,OK,
TO,GD,34558660000104,7896004713618,Algestona + Estradiol 150+10mg/ml Ampola 1 ml Solução Injetável,Nazaria - TO,581.0,0.1751,12.99,0.0,10.72,10.72,2026-09-09 21:05:14,OK,
TO,GD,34558660000104,7896004713618,Algestona + Estradiol 150+10mg/ml Ampola 1 ml Solução Injetável,Total - TO,200.0,0.1317,12.99,0.0,11.28,11.28,2026-09-09 21:05:14,OK,
TO,GD,34558660000104,7896004713618,Algestona + Estradiol 150+10mg/ml Ampola 1 ml Solução Injetável,Santa Cruz - GO,616.0,0.057999999999999996,12.99,0.0,12.24,12.24,2026-09-09 21:05:14,OK,
TO,GD,34558660000104,7896004713618,Algestona + Estradiol 150+10mg/ml Ampola 1 ml Solução Injetável,Panpharma - GO,592.0,0.057999999999999996,12.99,0.0,12.24,12.24,2026-09-09 21:05:14,OK,
TO,GD,34558660000104,7896004713618,Algestona + Estradiol 150+10mg/ml Ampola 1 ml Solução Injetável,Profarma - DF,240.0,0.1188,12.99,0.0,12.52,11.45,2026-09-09 21:05:14,OK,
TO,GD,34558660000104,7896004713717,Oximetazolina 0.25 mg/ml Frasco 20 ml Solução Nasal Pediátrico,Total - TO,188.0,0.36829999999999996,9.93,0.0,6.27,6.27,2026-09-09 21:05:18,OK,
TO,GD,34558660000104,7896004713717,Oximetazolina 0.25 mg/ml Frasco 20 ml Solução Nasal Pediátrico,Santa Cruz - GO,275.0,0.3264,9.93,0.0,6.69,6.69,2026-09-09 21:05:18,OK,
TO,GD,34558660000104,7896004713717,Oximetazolina 0.25 mg/ml Frasco 20 ml Solução Nasal Pediátrico,Panpharma - GO,96.0,0.3264,9.93,0.0,6.69,6.69,2026-09-09 21:05:18,OK,
TO,GD,34558660000104,7896004713724,Oximetazolina 0.5 mg/ml Frasco 30 ml Solução Nasal Adulto,Total - TO,75.0,0.4017,14.27,0.0,8.53,8.53,2026-09-09 21:05:23,OK,
TO,GD,34558660000104,7896004713724,Oximetazolina 0.5 mg/ml Frasco 30 ml Solução Nasal Adulto,Nazaria - MA - Imperatriz,251.0,0.4017,14.27,0.0,8.54,8.54,2026-09-09 21:05:23,OK,
TO,GD,34558660000104,7896004713724,Oximetazolina 0.5 mg/ml Frasco 30 ml Solução Nasal Adulto,Nazaria - TO,57.0,0.4017,14.27,0.0,8.54,8.54,2026-09-09 21:05:23,OK,
TO,GD,34558660000104,7896004713724,Oximetazolina 0.5 mg/ml Frasco 30 ml Solução Nasal Adulto,Panpharma - GO,225.0,0.3605,14.27,0.0,9.13,9.13,2026-09-09 21:05:23,OK,
TO,GD,34558660000104,7896004713724,Oximetazolina 0.5 mg/ml Frasco 30 ml Solução Nasal Adulto,Santa Cruz - GO,130.0,0.3605,14.27,0.0,9.13,9.13,2026-09-09 21:05:23,OK,
TO,GD,34558660000104,7896004713724,Oximetazolina 0.5 mg/ml Frasco 30 ml Solução Nasal Adulto,Profarma - DF,172.0,0.35,14.27,0.0,11.01,9.28,2026-09-09 21:05:23,OK,
TO,GD,34558660000104,7896004713731,Diclofenaco Potássico 50 mg Caixa 10 Comprimidos Revestidos,Profarma - DF,80.0,0.3851,14.11,0.0,10.6,8.68,2026-09-09 21:05:26,OK,
TO,GD,34558660000104,7896004713762,,,0.0,0.0,0.0,0.0,0.0,0.0,2026-09-09 21:05:38,ERRO,Message: Nenhuma distribuidora pôde ser lida no card do produto.
TO,GD,34558660000104,7896004713915,Losartana + Hidroclorotiazida 100+25 mg Caixa 30 Comprimidos Revestidos,Nazaria - MA - Imperatriz,55.0,0.7859999999999999,90.83,0.0,19.44,19.44,2026-09-09 21:05:42,OK,
TO,GD,34558660000104,7896004713915,Losartana + Hidroclorotiazida 100+25 mg Caixa 30 Comprimidos Revestidos,Panpharma - GO,69.0,0.784,90.83,0.0,19.62,19.62,2026-09-09 21:05:42,OK,
TO,GD,34558660000104,7896004713915,Losartana + Hidroclorotiazida 100+25 mg Caixa 30 Comprimidos Revestidos,Santa Cruz - GO,41.0,0.784,90.83,0.0,19.62,19.62,2026-09-09 21:05:42,OK,
TO,GD,34558660000104,7896004713915,Losartana + Hidroclorotiazida 100+25 mg Caixa 30 Comprimidos Revestidos,Profarma - DF,232.0,0.7641,90.83,0.0,40.73,21.43,2026-09-09 21:05:42,OK,
TO,GD,34558660000104,7896004713922,Losartana + Hidroclorotiazida 50+12.5 mg Caixa 30 Comprimidos Revestidos,Santa Cruz - GO,73.0,0.7551000000000001,56.68,0.0,13.88,13.88,2026-09-09 21:05:46,OK,
TO,GD,34558660000104,7896004713922,Losartana + Hidroclorotiazida 50+12.5 mg Caixa 30 Comprimidos Revestidos,Panpharma - GO,59.0,0.7551000000000001,56.68,0.0,13.88,13.88,2026-09-09 21:05:46,OK,
TO,GD,34558660000104,7896004713922,Losartana + Hidroclorotiazida 50+12.5 mg Caixa 30 Comprimidos Revestidos,Profarma - DF,379.0,0.7352,56.68,0.0,26.73,15.01,2026-09-09 21:05:46,OK,
TO,GD,34558660000104,7896004715292,Acetilcisteína 20mg/ml Frasco 120 ml Xarope Pediátrico,Nazaria - TO,401.0,0.7092,32.71,0.0,9.51,9.51,2026-09-09 21:05:51,OK,
TO,GD,34558660000104,7896004715292,Acetilcisteína 20mg/ml Frasco 120 ml Xarope Pediátrico,Nazaria - MA - Imperatriz,377.0,0.7092,32.71,0.0,9.51,9.51,2026-09-09 21:05:51,OK,
TO,GD,34558660000104,7896004715292,Acetilcisteína 20mg/ml Frasco 120 ml Xarope Pediátrico,Total - TO,108.0,0.7092,32.71,0.0,9.51,9.51,2026-09-09 21:05:51,OK,
TO,GD,34558660000104,7896004715292,Acetilcisteína 20mg/ml Frasco 120 ml Xarope Pediátrico,Santa Cruz - GO,618.0,0.6907,32.71,0.0,10.12,10.12,2026-09-09 21:05:51,OK,
TO,GD,34558660000104,7896004715292,Acetilcisteína 20mg/ml Frasco 120 ml Xarope Pediátrico,Panpharma - GO,320.0,0.6907,32.71,0.0,10.12,10.12,2026-09-09 21:05:51,OK,
TO,GD,34558660000104,7896004715292,Acetilcisteína 20mg/ml Frasco 120 ml Xarope Pediátrico,Profarma - DF,1045.0,0.7,32.72,0.0,16.11,9.82,2026-09-09 21:05:51,OK,
TO,GD,34558660000104,7896004715322,Alendronato De Sódio 70 mg Caixa 4 Comprimidos,Nazaria - MA - Imperatriz,196.0,0.9698,81.83,0.0,2.47,2.47,2026-09-09 21:05:56,OK,
TO,GD,34558660000104,7896004715322,Alendronato De Sódio 70 mg Caixa 4 Comprimidos,Panpharma - GO,959.0,0.9608,81.83,0.0,3.21,3.21,2026-09-09 21:05:56,OK,
TO,GD,34558660000104,7896004715322,Alendronato De Sódio 70 mg Caixa 4 Comprimidos,Santa Cruz - GO,100.0,0.9608,81.83,0.0,3.21,3.21,2026-09-09 21:05:56,OK,
TO,GD,34558660000104,7896004715322,Alendronato De Sódio 70 mg Caixa 4 Comprimidos,Profarma - DF,2700.0,0.9409000000000001,81.83,0.0,25.12,4.84,2026-09-09 21:05:56,OK,
TO,GD,34558660000104,7896004715537,Mometasona 1 mg/g Bisnaga 20 g Creme,Total - TO,140.0,0.5859000000000001,34.68,0.0,14.36,14.36,2026-09-09 21:06:00,OK,
TO,GD,34558660000104,7896004715537,Mometasona 1 mg/g Bisnaga 20 g Creme,Panpharma - GO,483.0,0.5717,34.68,0.0,14.85,14.85,2026-09-09 21:06:00,OK,
TO,GD,34558660000104,7896004715537,Mometasona 1 mg/g Bisnaga 20 g Creme,Santa Cruz - GO,212.0,0.5717,34.68,0.0,14.85,14.85,2026-09-09 21:06:00,OK,
TO,GD,34558660000104,7896004715537,Mometasona 1 mg/g Bisnaga 20 g Creme,Profarma - DF,1035.0,0.5518,34.68,0.0,21.44,15.54,2026-09-09 21:06:00,OK,
TO,GD,34558660000104,7896004715674,Dipirona Monoidratada 50 mg/ml Frasco 100 ml Solução Oral,Nazaria - MA - Imperatriz,1759.0,0.6074,17.43,0.0,6.84,6.84,2026-09-09 21:06:05,OK,
TO,GD,34558660000104,7896004715674,Dipirona Monoidratada 50 mg/ml Frasco 100 ml Solução Oral,Nazaria - TO,642.0,0.6074,17.43,0.0,6.84,6.84,2026-09-09 21:06:05,OK,
TO,GD,34558660000104,7896004715674,Dipirona Monoidratada 50 mg/ml Frasco 100 ml Solução Oral,Total - TO,112.0,0.6074,17.43,0.0,6.84,6.84,2026-09-09 21:06:05,OK,
TO,GD,34558660000104,7896004715674,Dipirona Monoidratada 50 mg/ml Frasco 100 ml Solução Oral,Santa Cruz - GO,693.0,0.6049,17.43,0.0,6.89,6.89,2026-09-09 21:06:05,OK,
TO,GD,34558660000104,7896004715674,Dipirona Monoidratada 50 mg/ml Frasco 100 ml Solução Oral,Panpharma - GO,448.0,0.6049,17.43,0.0,6.89,6.89,2026-09-09 21:06:05,OK,
TO,GD,34558660000104,7896004715674,Dipirona Monoidratada 50 mg/ml Frasco 100 ml Solução Oral,Profarma - DF,1768.0,0.5804,17.43,0.0,10.25,7.31,2026-09-09 21:06:05,OK,
TO,GD,34558660000104,7896004715711,Timolol 5 mg/ml Frasco 5 ml Solução Oftálmica,Nazaria - MA - Imperatriz,499.0,0.6828,11.98,0.0,3.8,3.8,2026-09-09 21:06:10,OK,
TO,GD,34558660000104,7896004715711,Timolol 5 mg/ml Frasco 5 ml Solução Oftálmica,Nazaria - TO,211.0,0.6828,11.98,0.0,3.8,3.8,2026-09-09 21:06:10,OK,
TO,GD,34558660000104,7896004715711,Timolol 5 mg/ml Frasco 5 ml Solução Oftálmica,Total - TO,9.0,0.6828,11.98,0.0,3.8,3.8,2026-09-09 21:06:10,OK,
TO,GD,34558660000104,7896004715711,Timolol 5 mg/ml Frasco 5 ml Solução Oftálmica,Santa Cruz - GO,433.0,0.6770999999999999,11.98,0.0,3.87,3.87,2026-09-09 21:06:10,OK,
TO,GD,34558660000104,7896004715711,Timolol 5 mg/ml Frasco 5 ml Solução Oftálmica,Panpharma - GO,247.0,0.6770999999999999,11.98,0.0,3.87,3.87,2026-09-09 21:06:10,OK,
TO,GD,34558660000104,7896004715711,Timolol 5 mg/ml Frasco 5 ml Solução Oftálmica,Profarma - DF,1809.0,0.6572,11.98,0.0,6.39,4.11,2026-09-09 21:06:10,OK,
TO,GD,34558660000104,7896004715803,Cefalexina 500 mg Caixa 8 Comprimidos Revestidos,Santa Cruz - GO,72.0,0.613,28.01,0.0,10.84,10.84,2026-09-09 21:06:15,OK,
TO,GD,34558660000104,7896004715803,Cefalexina 500 mg Caixa 8 Comprimidos Revestidos,Panpharma - GO,43.0,0.613,28.01,0.0,10.84,10.84,2026-09-09 21:06:15,OK,
TO,GD,34558660000104,7896004715803,Cefalexina 500 mg Caixa 8 Comprimidos Revestidos,Nazaria - TO,590.0,0.4315,28.01,0.0,15.92,15.92,2026-09-09 21:06:15,OK,
TO,GD,34558660000104,7896004715803,Cefalexina 500 mg Caixa 8 Comprimidos Revestidos,Nazaria - MA - Imperatriz,85.0,0.4315,28.01,0.0,15.92,15.92,2026-09-09 21:06:15,OK,
TO,GD,34558660000104,7896004715803,Cefalexina 500 mg Caixa 8 Comprimidos Revestidos,Profarma - DF,447.0,0.5931000000000001,28.01,0.0,16.39,11.4,2026-09-09 21:06:15,OK,
TO,GD,34558660000104,7896004715841,Dipirona Monoidratada 500 mg/ml Frasco 10 ml Gotas,Total - TO,110.0,0.6983,7.49,0.0,2.25,2.25,2026-09-09 21:06:20,OK,
TO,GD,34558660000104,7896004715841,Dipirona Monoidratada 500 mg/ml Frasco 10 ml Gotas,Nazaria - TO,8768.0,0.6983,7.49,0.0,2.26,2.26,2026-09-09 21:06:20,OK,
TO,GD,34558660000104,7896004715841,Dipirona Monoidratada 500 mg/ml Frasco 10 ml Gotas,Nazaria - MA - Imperatriz,1237.0,0.6983,7.49,0.0,2.26,2.26,2026-09-09 21:06:20,OK,
TO,GD,34558660000104,7896004715841,Dipirona Monoidratada 500 mg/ml Frasco 10 ml Gotas,Panpharma - GO,356.0,0.67,7.49,0.0,2.47,2.47,2026-09-09 21:06:20,OK,
TO,GD,34558660000104,7896004715841,Dipirona Monoidratada 500 mg/ml Frasco 10 ml Gotas,Santa Cruz - GO,90.0,0.67,7.49,0.0,2.47,2.47,2026-09-09 21:06:20,OK,
TO,GD,34558660000104,7896004715841,Dipirona Monoidratada 500 mg/ml Frasco 10 ml Gotas,Profarma - DF,2244.0,0.6501,7.49,0.0,3.98,2.62,2026-09-09 21:06:20,OK,
TO,GD,34558660000104,7896004715902,Neomicina + Bacitracina 5mg+250ui/g Bisnaga 15 g Pomada,Nazaria - TO,911.0,0.5781000000000001,12.26,0.0,5.17,5.17,2026-09-09 21:06:25,OK,
TO,GD,34558660000104,7896004715902,Neomicina + Bacitracina 5mg+250ui/g Bisnaga 15 g Pomada,Nazaria - MA - Imperatriz,223.0,0.5781000000000001,12.26,0.0,5.17,5.17,2026-09-09 21:06:25,OK,
TO,GD,34558660000104,7896004715902,Neomicina + Bacitracina 5mg+250ui/g Bisnaga 15 g Pomada,Santa Cruz - GO,2579.0,0.5574,12.26,0.0,5.43,5.43,2026-09-09 21:06:25,OK,
TO,GD,34558660000104,7896004715902,Neomicina + Bacitracina 5mg+250ui/g Bisnaga 15 g Pomada,Panpharma - GO,457.0,0.5574,12.26,0.0,5.43,5.43,2026-09-09 21:06:25,OK,
TO,GD,34558660000104,7896004715902,Neomicina + Bacitracina 5mg+250ui/g Bisnaga 15 g Pomada,Profarma - DF,1832.0,0.5375,12.26,0.0,7.63,5.67,2026-09-09 21:06:25,OK,
TO,GD,34558660000104,7896004715957,Azitromicina Di-hidratada 500 mg Caixa 3 Comprimidos Revestidos,Nazaria - TO,95.0,0.8384999999999999,24.88,0.0,4.02,4.02,2026-09-09 21:06:28,OK,
TO,GD,34558660000104,7896004715964,Azitromicina Di-hidratada 900 mg Frasco 22.5 ml Pó Para Suspensão Oral + Seringa,Nazaria - TO,76.0,0.7870999999999999,76.94,0.0,16.38,16.38,2026-09-09 21:06:33,OK,
TO,GD,34558660000104,7896004715964,Azitromicina Di-hidratada 900 mg Frasco 22.5 ml Pó Para Suspensão Oral + Seringa,Nazaria - MA - Imperatriz,64.0,0.7870999999999999,76.94,0.0,16.38,16.38,2026-09-09 21:06:33,OK,
TO,GD,34558660000104,7896004715964,Azitromicina Di-hidratada 900 mg Frasco 22.5 ml Pó Para Suspensão Oral + Seringa,Santa Cruz - GO,113.0,0.7851,76.94,0.0,16.53,16.53,2026-09-09 21:06:33,OK,
TO,GD,34558660000104,7896004715964,Azitromicina Di-hidratada 900 mg Frasco 22.5 ml Pó Para Suspensão Oral + Seringa,Panpharma - GO,33.0,0.7851,76.94,0.0,16.53,16.53,2026-09-09 21:06:33,OK,
TO,GD,34558660000104,7896004715964,Azitromicina Di-hidratada 900 mg Frasco 22.5 ml Pó Para Suspensão Oral + Seringa,Total - TO,23.0,0.7809999999999999,76.94,0.0,16.85,16.85,2026-09-09 21:06:33,OK,
TO,GD,34558660000104,7896004715964,Azitromicina Di-hidratada 900 mg Frasco 22.5 ml Pó Para Suspensão Oral + Seringa,Profarma - DF,43.0,0.7652,76.94,0.0,34.43,18.07,2026-09-09 21:06:33,OK,
TO,GD,34558660000104,7896004715971,Azitromicina Di-hidratada 600 mg Frasco 15 ml Pó Para Suspensão Oral + Seringa,Nazaria - MA - Imperatriz,218.0,0.7983,62.5,0.0,12.61,12.61,2026-09-09 21:06:38,OK,
TO,GD,34558660000104,7896004715971,Azitromicina Di-hidratada 600 mg Frasco 15 ml Pó Para Suspensão Oral + Seringa,Santa Cruz - GO,235.0,0.7962,62.5,0.0,12.74,12.74,2026-09-09 21:06:38,OK,
TO,GD,34558660000104,7896004715971,Azitromicina Di-hidratada 600 mg Frasco 15 ml Pó Para Suspensão Oral + Seringa,Panpharma - GO,12.0,0.7962,62.5,0.0,12.74,12.74,2026-09-09 21:06:38,OK,
TO,GD,34558660000104,7896004715971,Azitromicina Di-hidratada 600 mg Frasco 15 ml Pó Para Suspensão Oral + Seringa,Total - TO,106.0,0.7913,62.5,0.0,13.04,13.04,2026-09-09 21:06:38,OK,
TO,GD,34558660000104,7896004715971,Azitromicina Di-hidratada 600 mg Frasco 15 ml Pó Para Suspensão Oral + Seringa,Profarma - DF,126.0,0.7763,62.5,0.0,27.41,13.98,2026-09-09 21:06:38,OK,
TO,GD,34558660000104,7896004716138,Espironolactona 100 mg Caixa 30 Comprimidos,Nazaria - MA - Imperatriz,272.0,0.1791,39.98,0.0,32.82,32.82,2026-09-09 21:06:42,OK,
TO,GD,34558660000104,7896004716138,Espironolactona 100 mg Caixa 30 Comprimidos,Total - TO,258.0,0.1791,39.97,0.0,32.82,32.81,2026-09-09 21:06:42,OK,
TO,GD,34558660000104,7896004716138,Espironolactona 100 mg Caixa 30 Comprimidos,Panpharma - GO,368.0,0.095,39.98,0.0,36.18,36.18,2026-09-09 21:06:42,OK,
TO,GD,34558660000104,7896004716138,Espironolactona 100 mg Caixa 30 Comprimidos,Santa Cruz - GO,184.0,0.095,39.98,0.0,36.18,36.18,2026-09-09 21:06:42,OK,
TO,GD,34558660000104,7896004716138,Espironolactona 100 mg Caixa 30 Comprimidos,Profarma - DF,1704.0,0.0751,39.98,0.0,39.95,36.98,2026-09-09 21:06:42,OK,
TO,GD,34558660000104,7896004716145,,,0.0,0.0,0.0,0.0,0.0,0.0,2026-09-09 21:06:55,ERRO,Message: Nenhuma distribuidora pôde ser lida no card do produto.
TO,GD,34558660000104,7896004716176,Hidroclorotiazida 25 mg Caixa 30 Comprimidos,Santa Cruz - GO,1217.0,0.7718,7.83,0.0,1.79,1.79,2026-09-09 21:06:59,OK,
TO,GD,34558660000104,7896004716176,Hidroclorotiazida 25 mg Caixa 30 Comprimidos,Panpharma - GO,408.0,0.7718,7.83,0.0,1.79,1.79,2026-09-09 21:06:59,OK,
TO,GD,34558660000104,7896004716176,Hidroclorotiazida 25 mg Caixa 30 Comprimidos,Nazaria - TO,410.0,0.7652,7.83,0.0,1.84,1.84,2026-09-09 21:06:59,OK,
TO,GD,34558660000104,7896004716176,Hidroclorotiazida 25 mg Caixa 30 Comprimidos,Profarma - DF,14045.0,0.7465999999999999,7.83,0.0,3.62,1.98,2026-09-09 21:06:59,OK,
TO,GD,34558660000104,7896004716268,Bromazepam 3 mg Caixa 30 Comprimidos,Nazaria - MA - Imperatriz,119.0,0.7884,19.88,0.0,4.21,4.21,2026-09-09 21:07:03,OK,
TO,GD,34558660000104,7896004716268,Bromazepam 3 mg Caixa 30 Comprimidos,Total - TO,64.0,0.7836,19.88,0.0,4.3,4.3,2026-09-09 21:07:03,OK,
TO,GD,34558660000104,7896004716268,Bromazepam 3 mg Caixa 30 Comprimidos,Santa Cruz - GO,47.0,0.7513,19.88,0.0,4.94,4.94,2026-09-09 21:07:03,OK,
TO,GD,34558660000104,7896004716299,Paracetamol Bebê 100 mg/ml Frasco 15 ml Gotas,Nazaria - TO,336.0,0.4008,22.74,0.0,13.63,13.63,2026-09-09 21:07:08,OK,
TO,GD,34558660000104,7896004716299,Paracetamol Bebê 100 mg/ml Frasco 15 ml Gotas,Nazaria - MA - Imperatriz,179.0,0.4008,22.74,0.0,13.63,13.63,2026-09-09 21:07:08,OK,
TO,GD,34558660000104,7896004716299,Paracetamol Bebê 100 mg/ml Frasco 15 ml Gotas,Santa Cruz - GO,114.0,0.3713,22.74,0.0,14.3,14.3,2026-09-09 21:07:08,OK,
TO,GD,34558660000104,7896004716299,Paracetamol Bebê 100 mg/ml Frasco 15 ml Gotas,Panpharma - GO,86.0,0.3713,22.74,0.0,14.3,14.3,2026-09-09 21:07:08,OK,
TO,GD,34558660000104,7896004716299,Paracetamol Bebê 100 mg/ml Frasco 15 ml Gotas,Profarma - DF,660.0,0.3514,21.91,0.0,16.89,14.21,2026-09-09 21:07:08,OK,
TO,GD,34558660000104,7896004716343,Finasterida 1 mg Caixa 60 Comprimidos Revestidos,Nazaria - MA - Imperatriz,73.0,0.7873,133.1,0.0,28.31,28.31,2026-09-09 21:07:12,OK,
TO,GD,34558660000104,7896004716343,Finasterida 1 mg Caixa 60 Comprimidos Revestidos,Nazaria - TO,63.0,0.7873,133.1,0.0,28.31,28.31,2026-09-09 21:07:12,OK,
TO,GD,34558660000104,7896004716343,Finasterida 1 mg Caixa 60 Comprimidos Revestidos,Santa Cruz - GO,70.0,0.7853,133.1,0.0,28.58,28.58,2026-09-09 21:07:12,OK,
TO,GD,34558660000104,7896004716343,Finasterida 1 mg Caixa 60 Comprimidos Revestidos,Profarma - DF,341.0,0.7654000000000001,133.1,0.0,58.55,31.23,2026-09-09 21:07:12,OK,
TO,GD,34558660000104,7896004718446,Dipirona Monoidratada 500 mg/ml Frasco 20 ml Gotas,Nazaria - TO,1669.0,0.7066,13.77,0.0,4.04,4.04,2026-09-09 21:07:17,OK,
TO,GD,34558660000104,7896004718446,Dipirona Monoidratada 500 mg/ml Frasco 20 ml Gotas,Nazaria - MA - Imperatriz,1115.0,0.7066,13.77,0.0,4.04,4.04,2026-09-09 21:07:17,OK,
TO,GD,34558660000104,7896004718446,Dipirona Monoidratada 500 mg/ml Frasco 20 ml Gotas,Santa Cruz - GO,659.0,0.7045999999999999,13.77,0.0,4.07,4.07,2026-09-09 21:07:17,OK,
TO,GD,34558660000104,7896004718446,Dipirona Monoidratada 500 mg/ml Frasco 20 ml Gotas,Panpharma - GO,500.0,0.7045999999999999,13.77,0.0,4.07,4.07,2026-09-09 21:07:17,OK,
TO,GD,34558660000104,7896004718446,Dipirona Monoidratada 500 mg/ml Frasco 20 ml Gotas,Total - TO,159.0,0.7014,13.77,0.0,4.11,4.11,2026-09-09 21:07:17,OK,
TO,GD,34558660000104,7896004718446,Dipirona Monoidratada 500 mg/ml Frasco 20 ml Gotas,Profarma - DF,5428.0,0.6847,13.77,0.0,6.94,4.34,2026-09-09 21:07:17,OK,
TO,GD,34558660000104,7896004718453,Clotrimazol 10 mg/g Bisnaga 20 g Creme,Nazaria - MA - Imperatriz,212.0,0.5529,15.62,0.0,6.98,6.98,2026-09-09 21:07:22,OK,
TO,GD,34558660000104,7896004718453,Clotrimazol 10 mg/g Bisnaga 20 g Creme,Total - TO,181.0,0.5528,15.62,0.0,6.98,6.98,2026-09-09 21:07:22,OK,
TO,GD,34558660000104,7896004718453,Clotrimazol 10 mg/g Bisnaga 20 g Creme,Nazaria - TO,116.0,0.5529,15.62,0.0,6.98,6.98,2026-09-09 21:07:22,OK,
TO,GD,34558660000104,7896004718453,Clotrimazol 10 mg/g Bisnaga 20 g Creme,Santa Cruz - GO,364.0,0.5361,15.62,0.0,7.25,7.25,2026-09-09 21:07:22,OK,
TO,GD,34558660000104,7896004718453,Clotrimazol 10 mg/g Bisnaga 20 g Creme,Panpharma - GO,121.0,0.5361,15.62,0.0,7.25,7.25,2026-09-09 21:07:22,OK,
TO,GD,34558660000104,7896004718453,Clotrimazol 10 mg/g Bisnaga 20 g Creme,Profarma - DF,343.0,0.5162,15.62,0.0,9.99,7.56,2026-09-09 21:07:22,OK,
TO,GD,34558660000104,7896004718460,Cetoconazol 20 mg/g Bisnaga 30 g Creme,Nazaria - MA - Imperatriz,1038.0,0.7382,26.88,0.0,7.04,7.04,2026-09-09 21:07:28,OK,
TO,GD,34558660000104,7896004718460,Cetoconazol 20 mg/g Bisnaga 30 g Creme,Nazaria - TO,1020.0,0.7382,26.88,0.0,7.04,7.04,2026-09-09 21:07:28,OK,
TO,GD,34558660000104,7896004718460,Cetoconazol 20 mg/g Bisnaga 30 g Creme,Total - TO,108.0,0.7381,26.88,0.0,7.04,7.04,2026-09-09 21:07:28,OK,
TO,GD,34558660000104,7896004718460,Cetoconazol 20 mg/g Bisnaga 30 g Creme,Santa Cruz - GO,461.0,0.7351000000000001,26.88,0.0,7.12,7.12,2026-09-09 21:07:28,OK,
TO,GD,34558660000104,7896004718460,Cetoconazol 20 mg/g Bisnaga 30 g Creme,Panpharma - GO,375.0,0.7351000000000001,26.88,0.0,7.12,7.12,2026-09-09 21:07:28,OK,
TO,GD,34558660000104,7896004718460,Cetoconazol 20 mg/g Bisnaga 30 g Creme,Profarma - DF,1014.0,0.7152,25.84,0.0,12.4,7.36,2026-09-09 21:07:28,OK,
TO,GD,34558660000104,7896004718804,Alprazolam 0.50 mg Caixa 30 Comprimidos,Nazaria - MA - Imperatriz,388.0,0.7451000000000001,12.24,0.0,3.12,3.12,2026-09-09 21:07:33,OK,
TO,GD,34558660000104,7896004718804,Alprazolam 0.50 mg Caixa 30 Comprimidos,Nazaria - TO,339.0,0.7451000000000001,12.24,0.0,3.12,3.12,2026-09-09 21:07:33,OK,
TO,GD,34558660000104,7896004718804,Alprazolam 0.50 mg Caixa 30 Comprimidos,Santa Cruz - GO,507.0,0.743,12.24,0.0,3.15,3.15,2026-09-09 21:07:33,OK,
TO,GD,34558660000104,7896004718804,Alprazolam 0.50 mg Caixa 30 Comprimidos,Panpharma - GO,450.0,0.743,12.24,0.0,3.15,3.15,2026-09-09 21:07:33,OK,
TO,GD,34558660000104,7896004718804,Alprazolam 0.50 mg Caixa 30 Comprimidos,Total - TO,50.0,0.7367,12.24,0.0,3.22,3.22,2026-09-09 21:07:33,OK,
TO,GD,34558660000104,7896004718804,Alprazolam 0.50 mg Caixa 30 Comprimidos,Profarma - DF,845.0,0.7145999999999999,12.24,0.0,5.97,3.49,2026-09-09 21:07:33,OK,
TO,GD,34558660000104,7896004718811,Alprazolam 0.25 mg Caixa 30 Comprimidos,Nazaria - MA - Imperatriz,137.0,0.696,14.46,0.0,4.4,4.4,2026-09-09 21:07:37,OK,
TO,GD,34558660000104,7896004718811,Alprazolam 0.25 mg Caixa 30 Comprimidos,Santa Cruz - GO,432.0,0.6939,14.46,0.0,4.43,4.43,2026-09-09 21:07:37,OK,
TO,GD,34558660000104,7896004718811,Alprazolam 0.25 mg Caixa 30 Comprimidos,Panpharma - GO,94.0,0.6939,14.46,0.0,4.43,4.43,2026-09-09 21:07:37,OK,
TO,GD,34558660000104,7896004718811,Alprazolam 0.25 mg Caixa 30 Comprimidos,Total - TO,38.0,0.6912,14.46,0.0,4.46,4.46,2026-09-09 21:07:37,OK,
TO,GD,34558660000104,7896004718811,Alprazolam 0.25 mg Caixa 30 Comprimidos,Profarma - DF,317.0,0.674,14.46,0.0,7.53,4.71,2026-09-09 21:07:37,OK,
TO,GD,34558660000104,7896004718828,Alprazolam 1 mg Caixa 30 Comprimidos,Nazaria - TO,625.0,0.8291,24.03,0.0,4.11,4.11,2026-09-09 21:07:42,OK,
TO,GD,34558660000104,7896004718828,Alprazolam 1 mg Caixa 30 Comprimidos,Nazaria - MA - Imperatriz,174.0,0.8291,24.03,0.0,4.11,4.11,2026-09-09 21:07:42,OK,
TO,GD,34558660000104,7896004718828,Alprazolam 1 mg Caixa 30 Comprimidos,Total - TO,78.0,0.8291,24.03,0.0,4.11,4.11,2026-09-09 21:07:42,OK,
TO,GD,34558660000104,7896004718828,Alprazolam 1 mg Caixa 30 Comprimidos,Santa Cruz - GO,205.0,0.8178,24.03,0.0,4.38,4.38,2026-09-09 21:07:42,OK,
TO,GD,34558660000104,7896004718828,Alprazolam 1 mg Caixa 30 Comprimidos,Panpharma - GO,162.0,0.8178,24.03,0.0,4.38,4.38,2026-09-09 21:07:42,OK,
TO,GD,34558660000104,7896004718828,Alprazolam 1 mg Caixa 30 Comprimidos,Profarma - DF,776.0,0.7979999999999999,24.03,0.0,10.11,4.85,2026-09-09 21:07:42,OK,
TO,GD,34558660000104,7896004718842,Alprazolam 2 mg Caixa 30 Comprimidos,Nazaria - MA - Imperatriz,117.0,0.888,71.83,0.0,8.04,8.04,2026-09-09 21:07:47,OK,
TO,GD,34558660000104,7896004718842,Alprazolam 2 mg Caixa 30 Comprimidos,Nazaria - TO,29.0,0.888,71.83,0.0,8.04,8.04,2026-09-09 21:07:47,OK,
TO,GD,34558660000104,7896004718842,Alprazolam 2 mg Caixa 30 Comprimidos,Total - TO,52.0,0.888,71.83,0.0,8.05,8.04,2026-09-09 21:07:47,OK,
TO,GD,34558660000104,7896004718842,Alprazolam 2 mg Caixa 30 Comprimidos,Santa Cruz - GO,561.0,0.8795999999999999,71.83,0.0,8.65,8.65,2026-09-09 21:07:47,OK,
TO,GD,34558660000104,7896004718842,Alprazolam 2 mg Caixa 30 Comprimidos,Panpharma - GO,326.0,0.8795999999999999,71.83,0.0,8.65,8.65,2026-09-09 21:07:47,OK,
TO,GD,34558660000104,7896004718842,Alprazolam 2 mg Caixa 30 Comprimidos,Profarma - DF,1323.0,0.8597,71.83,0.0,26.71,10.08,2026-09-09 21:07:47,OK,
TO,GD,34558660000104,7896004718996,Amoxicilina 500 mg Caixa 30 Cápsulas,Nazaria - MA - Imperatriz,118.0,0.6958,54.56,0.0,16.6,16.6,2026-09-09 21:07:52,OK,
TO,GD,34558660000104,7896004718996,Amoxicilina 500 mg Caixa 30 Cápsulas,Nazaria - TO,73.0,0.6958,54.56,0.0,16.6,16.6,2026-09-09 21:07:52,OK,
TO,GD,34558660000104,7896004718996,Amoxicilina 500 mg Caixa 30 Cápsulas,Santa Cruz - GO,211.0,0.6937000000000001,54.56,0.0,16.71,16.71,2026-09-09 21:07:52,OK,
TO,GD,34558660000104,7896004718996,Amoxicilina 500 mg Caixa 30 Cápsulas,Panpharma - GO,21.0,0.6937000000000001,54.56,0.0,16.71,16.71,2026-09-09 21:07:52,OK,
TO,GD,34558660000104,7896004718996,Amoxicilina 500 mg Caixa 30 Cápsulas,Profarma - DF,511.0,0.6738,54.56,0.0,28.41,17.8,2026-09-09 21:07:52,OK,
TO,GD,34558660000104,7896004719283,Hidrocortisona 10 mg/g Bisnaga 30 g Pomada,Nazaria - TO,117.0,0.30519999999999997,27.42,0.0,19.05,19.05,2026-09-09 21:07:57,OK,
TO,GD,34558660000104,7896004719283,Hidrocortisona 10 mg/g Bisnaga 30 g Pomada,Santa Cruz - GO,241.0,0.26789999999999997,27.42,0.0,20.07,20.07,2026-09-09 21:07:57,OK,
TO,GD,34558660000104,7896004719283,Hidrocortisona 10 mg/g Bisnaga 30 g Pomada,Panpharma - GO,223.0,0.26789999999999997,27.42,0.0,20.07,20.07,2026-09-09 21:07:57,OK,
TO,GD,34558660000104,7896004719283,Hidrocortisona 10 mg/g Bisnaga 30 g Pomada,Profarma - DF,518.0,0.248,27.42,0.0,23.41,20.62,2026-09-09 21:07:57,OK,
TO,GD,34558660000104,7896004719580,Amoxicilina + Clavulanato 875+125 mg Caixa 12 Comprimidos Revestidos,Total - TO,51.0,0.8317,143.88,0.0,24.22,24.22,2026-09-09 21:08:01,OK,
TO,GD,34558660000104,7896004719580,Amoxicilina + Clavulanato 875+125 mg Caixa 12 Comprimidos Revestidos,Nazaria - MA - Imperatriz,38.0,0.8317,143.88,0.0,24.22,24.22,2026-09-09 21:08:01,OK,
TO,GD,34558660000104,7896004719580,Amoxicilina + Clavulanato 875+125 mg Caixa 12 Comprimidos Revestidos,Panpharma - GO,370.0,0.8208,143.88,0.0,25.78,25.78,2026-09-09 21:08:01,OK,
TO,GD,34558660000104,7896004719580,Amoxicilina + Clavulanato 875+125 mg Caixa 12 Comprimidos Revestidos,Santa Cruz - GO,288.0,0.8208,143.88,0.0,25.78,25.78,2026-09-09 21:08:01,OK,
TO,GD,34558660000104,7896004719580,Amoxicilina + Clavulanato 875+125 mg Caixa 12 Comprimidos Revestidos,Profarma - DF,159.0,0.8009000000000001,143.88,0.0,60.27,28.65,2026-09-09 21:08:01,OK,
TO,GD,34558660000104,7896004719597,Amoxicilina + Clavulanato 875+125 mg Caixa 14 Comprimidos Revestidos,Total - TO,77.0,0.7773,158.13,0.0,35.22,35.22,2026-09-09 21:08:06,OK,
TO,GD,34558660000104,7896004719597,Amoxicilina + Clavulanato 875+125 mg Caixa 14 Comprimidos Revestidos,Nazaria - MA - Imperatriz,104.0,0.7578,158.14,0.0,38.3,38.3,2026-09-09 21:08:06,OK,
TO,GD,34558660000104,7896004719597,Amoxicilina + Clavulanato 875+125 mg Caixa 14 Comprimidos Revestidos,Santa Cruz - GO,5735.0,0.7389,158.14,0.0,41.29,41.29,2026-09-09 21:08:06,OK,
TO,GD,34558660000104,7896004719597,Amoxicilina + Clavulanato 875+125 mg Caixa 14 Comprimidos Revestidos,Panpharma - GO,222.0,0.7389,158.14,0.0,41.29,41.29,2026-09-09 21:08:06,OK,
TO,GD,34558660000104,7896004719597,Amoxicilina + Clavulanato 875+125 mg Caixa 14 Comprimidos Revestidos,Profarma - DF,2412.0,0.72,158.14,0.0,76.49,44.28,2026-09-09 21:08:06,OK,
TO,GD,34558660000104,7896004720241,Bromexina 4mg/5ml Frasco 120 ml Xarope Pediátrico,Nazaria - TO,66.0,0.4456,14.18,0.0,7.86,7.86,2026-09-09 21:08:09,OK,
TO,GD,34558660000104,7896004720746,Amoxicilina + Clavulanato 400+57mg/5ml Frasco 70 ml Pó P/ Susp. Oral + Seringa + Copo,Nazaria - MA - Imperatriz,438.0,0.7877,83.08,0.0,17.64,17.64,2026-09-09 21:08:14,OK,
TO,GD,34558660000104,7896004720746,Amoxicilina + Clavulanato 400+57mg/5ml Frasco 70 ml Pó P/ Susp. Oral + Seringa + Copo,Nazaria - TO,170.0,0.7877,83.08,0.0,17.64,17.64,2026-09-09 21:08:14,OK,
TO,GD,34558660000104,7896004720746,Amoxicilina + Clavulanato 400+57mg/5ml Frasco 70 ml Pó P/ Susp. Oral + Seringa + Copo,Santa Cruz - GO,1452.0,0.7856000000000001,83.08,0.0,17.81,17.81,2026-09-09 21:08:14,OK,
TO,GD,34558660000104,7896004720746,Amoxicilina + Clavulanato 400+57mg/5ml Frasco 70 ml Pó P/ Susp. Oral + Seringa + Copo,Panpharma - GO,955.0,0.7856000000000001,83.08,0.0,17.81,17.81,2026-09-09 21:08:14,OK,
TO,GD,34558660000104,7896004720746,Amoxicilina + Clavulanato 400+57mg/5ml Frasco 70 ml Pó P/ Susp. Oral + Seringa + Copo,Total - TO,93.0,0.7729,83.08,0.0,18.87,18.87,2026-09-09 21:08:14,OK,
TO,GD,34558660000104,7896004720746,Amoxicilina + Clavulanato 400+57mg/5ml Frasco 70 ml Pó P/ Susp. Oral + Seringa + Copo,Profarma - DF,924.0,0.7587,83.08,0.0,37.6,20.05,2026-09-09 21:08:14,OK,
TO,GD,34558660000104,7896004720784,Dexclorfeniramina 10 mg/g Bisnaga 30 g Creme,Nazaria - MA - Imperatriz,61.0,0.4961,14.71,0.0,7.41,7.41,2026-09-09 21:08:19,OK,
TO,GD,34558660000104,7896004720784,Dexclorfeniramina 10 mg/g Bisnaga 30 g Creme,Nazaria - TO,44.0,0.4961,14.71,0.0,7.41,7.41,2026-09-09 21:08:19,OK,
TO,GD,34558660000104,7896004720784,Dexclorfeniramina 10 mg/g Bisnaga 30 g Creme,Santa Cruz - GO,85.0,0.4744,14.71,0.0,7.73,7.73,2026-09-09 21:08:19,OK,
TO,GD,34558660000104,7896004720784,Dexclorfeniramina 10 mg/g Bisnaga 30 g Creme,Panpharma - GO,40.0,0.4744,14.71,0.0,7.73,7.73,2026-09-09 21:08:19,OK,
TO,GD,34558660000104,7896004720784,Dexclorfeniramina 10 mg/g Bisnaga 30 g Creme,Profarma - DF,802.0,0.4545,14.71,0.0,10.13,8.02,2026-09-09 21:08:19,OK,
TO,GD,34558660000104,7896004720869,Ácido Mefenâmico 500 mg Caixa 24 Comprimidos,Total - TO,184.0,0.4677,23.93,0.0,12.74,12.74,2026-09-09 21:08:22,OK,
TO,GD,34558660000104,7896004721125,Sibutramina 15 mg Caixa 30 Cápsulas,Nazaria - MA - Imperatriz,159.0,0.8154,77.46,0.0,14.3,14.3,2026-09-09 21:08:27,OK,
TO,GD,34558660000104,7896004721125,Sibutramina 15 mg Caixa 30 Cápsulas,Nazaria - TO,41.0,0.8154,77.46,0.0,14.3,14.3,2026-09-09 21:08:27,OK,
TO,GD,34558660000104,7896004721125,Sibutramina 15 mg Caixa 30 Cápsulas,Santa Cruz - GO,222.0,0.8133,77.46,0.0,14.46,14.46,2026-09-09 21:08:27,OK,
TO,GD,34558660000104,7896004721125,Sibutramina 15 mg Caixa 30 Cápsulas,Panpharma - GO,115.0,0.8133,77.46,0.0,14.46,14.46,2026-09-09 21:08:27,OK,
TO,GD,34558660000104,7896004721125,Sibutramina 15 mg Caixa 30 Cápsulas,Profarma - DF,89.0,0.7934,77.46,0.0,32.34,16.0,2026-09-09 21:08:27,OK,
TO,GD,34558660000104,7896004721255,Risperidona 1 mg/g Frasco 30 ml Solução Oral,Total - TO,643.0,0.5901,60.93,0.0,24.98,24.98,2026-09-09 21:08:32,OK,
TO,GD,34558660000104,7896004721255,Risperidona 1 mg/g Frasco 30 ml Solução Oral,Nazaria - MA - Imperatriz,68.0,0.5901,60.93,0.0,24.98,24.98,2026-09-09 21:08:32,OK,
TO,GD,34558660000104,7896004721255,Risperidona 1 mg/g Frasco 30 ml Solução Oral,Santa Cruz - GO,273.0,0.4853,60.93,0.0,31.36,31.36,2026-09-09 21:08:32,OK,
TO,GD,34558660000104,7896004721255,Risperidona 1 mg/g Frasco 30 ml Solução Oral,Panpharma - GO,116.0,0.4853,60.93,0.0,31.36,31.36,2026-09-09 21:08:32,OK,
TO,GD,34558660000104,7896004721255,Risperidona 1 mg/g Frasco 30 ml Solução Oral,Profarma - DF,751.0,0.4654,60.93,0.0,41.88,32.57,2026-09-09 21:08:32,OK,
TO,GD,34558660000104,7896004721323,Paracetamol + Cafeína 65 mg Caixa 20 Comprimidos Revestidos,Nazaria - TO,24.0,0.5012,23.28,0.0,11.61,11.61,2026-09-09 21:08:35,OK,
TO,GD,34558660000104,7896004721828,Clonazepam 2 mg Caixa 30 Comprimidos,Nazaria - TO,684.0,0.8051999999999999,17.99,0.0,3.5,3.5,2026-09-09 21:08:40,OK,
TO,GD,34558660000104,7896004721828,Clonazepam 2 mg Caixa 30 Comprimidos,Nazaria - MA - Imperatriz,273.0,0.8051999999999999,17.99,0.0,3.5,3.5,2026-09-09 21:08:40,OK,
TO,GD,34558660000104,7896004721828,Clonazepam 2 mg Caixa 30 Comprimidos,Total - TO,15.0,0.8051999999999999,17.98,0.0,3.5,3.5,2026-09-09 21:08:40,OK,
TO,GD,34558660000104,7896004721828,Clonazepam 2 mg Caixa 30 Comprimidos,Santa Cruz - GO,711.0,0.7918999999999999,17.99,0.0,3.74,3.74,2026-09-09 21:08:40,OK,
TO,GD,34558660000104,7896004721828,Clonazepam 2 mg Caixa 30 Comprimidos,Panpharma - GO,332.0,0.7918999999999999,17.99,0.0,3.74,3.74,2026-09-09 21:08:40,OK,
TO,GD,34558660000104,7896004721828,Clonazepam 2 mg Caixa 30 Comprimidos,Profarma - DF,923.0,0.772,17.99,0.0,7.95,4.1,2026-09-09 21:08:40,OK,
TO,GD,34558660000104,7896004721903,Dexametasona 1 mg/g Bisnaga 10 g Creme Dermatológico,Nazaria - TO,1014.0,0.6764,11.1,0.0,3.59,3.59,2026-09-09 21:08:45,OK,
TO,GD,34558660000104,7896004721903,Dexametasona 1 mg/g Bisnaga 10 g Creme Dermatológico,Nazaria - MA - Imperatriz,136.0,0.6764,11.1,0.0,3.59,3.59,2026-09-09 21:08:45,OK,
TO,GD,34558660000104,7896004721903,Dexametasona 1 mg/g Bisnaga 10 g Creme Dermatológico,Total - TO,86.0,0.6764,11.1,0.0,3.59,3.59,2026-09-09 21:08:45,OK,
TO,GD,34558660000104,7896004721903,Dexametasona 1 mg/g Bisnaga 10 g Creme Dermatológico,Santa Cruz - GO,857.0,0.6658,11.1,0.0,3.71,3.71,2026-09-09 21:08:45,OK,
TO,GD,34558660000104,7896004721903,Dexametasona 1 mg/g Bisnaga 10 g Creme Dermatológico,Panpharma - GO,818.0,0.6658,11.1,0.0,3.71,3.71,2026-09-09 21:08:45,OK,
TO,GD,34558660000104,7896004721903,Dexametasona 1 mg/g Bisnaga 10 g Creme Dermatológico,Profarma - DF,1310.0,0.6459,11.1,0.0,6.03,3.93,2026-09-09 21:08:45,OK,
TO,GD,34558660000104,7896004722122,Aceclofenaco 100 mg Caixa 12 Comprimidos Revestidos,Nazaria - MA - Imperatriz,328.0,0.7676000000000001,40.34,0.0,9.38,9.38,2026-09-09 21:08:49,OK,
TO,GD,34558660000104,7896004722122,Aceclofenaco 100 mg Caixa 12 Comprimidos Revestidos,Panpharma - GO,13.0,0.7655,40.34,0.0,9.46,9.46,2026-09-09 21:08:49,OK,
TO,GD,34558660000104,7896004722122,Aceclofenaco 100 mg Caixa 12 Comprimidos Revestidos,Profarma - DF,77.0,0.7456,40.34,0.0,18.69,10.26,2026-09-09 21:08:49,OK,
TO,GD,34558660000104,7896004722160,Bisoprolol 1.25 mg Caixa 30 Comprimidos Revestidos,Nazaria - MA - Imperatriz,287.0,0.8375,67.84,0.0,11.02,11.02,2026-09-09 21:08:54,OK,
TO,GD,34558660000104,7896004722160,Bisoprolol 1.25 mg Caixa 30 Comprimidos Revestidos,Panpharma - GO,194.0,0.8354,67.84,0.0,11.17,11.17,2026-09-09 21:08:54,OK,
TO,GD,34558660000104,7896004722160,Bisoprolol 1.25 mg Caixa 30 Comprimidos Revestidos,Santa Cruz - GO,163.0,0.8354,67.84,0.0,11.17,11.17,2026-09-09 21:08:54,OK,
TO,GD,34558660000104,7896004722160,Bisoprolol 1.25 mg Caixa 30 Comprimidos Revestidos,Total - TO,37.0,0.835,67.84,0.0,11.19,11.19,2026-09-09 21:08:54,OK,
TO,GD,34558660000104,7896004722160,Bisoprolol 1.25 mg Caixa 30 Comprimidos Revestidos,Profarma - DF,733.0,0.8271999999999999,67.84,0.0,26.99,11.72,2026-09-09 21:08:54,OK,
TO,GD,34558660000104,7896004722177,Bisoprolol 2.5 mg Caixa 30 Comprimidos Revestidos,Nazaria - TO,225.0,0.6655,42.16,0.0,14.1,14.1,2026-09-09 21:08:59,OK,
TO,GD,34558660000104,7896004722177,Bisoprolol 2.5 mg Caixa 30 Comprimidos Revestidos,Total - TO,121.0,0.6655,42.16,0.0,14.1,14.1,2026-09-09 21:08:59,OK,
TO,GD,34558660000104,7896004722177,Bisoprolol 2.5 mg Caixa 30 Comprimidos Revestidos,Nazaria - MA - Imperatriz,113.0,0.6655,42.16,0.0,14.1,14.1,2026-09-09 21:08:59,OK,
TO,GD,34558660000104,7896004722177,Bisoprolol 2.5 mg Caixa 30 Comprimidos Revestidos,Santa Cruz - GO,522.0,0.6481999999999999,42.16,0.0,14.83,14.83,2026-09-09 21:08:59,OK,
TO,GD,34558660000104,7896004722177,Bisoprolol 2.5 mg Caixa 30 Comprimidos Revestidos,Profarma - DF,924.0,0.6992,42.16,0.0,21.09,12.68,2026-09-09 21:08:59,OK,
TO,GD,34558660000104,7896004722337,Paracetamol + Pseudoefedrina 500+30 mg Caixa 24 Comprimidos Revestidos,Nazaria - MA - Imperatriz,25.0,0.1495,12.27,0.0,10.44,10.44,2026-09-09 21:09:03,OK,
TO,GD,34558660000104,7896004722337,Paracetamol + Pseudoefedrina 500+30 mg Caixa 24 Comprimidos Revestidos,Santa Cruz - GO,575.0,0.0599,12.27,0.0,11.54,11.54,2026-09-09 21:09:03,OK,
TO,GD,34558660000104,7896004722337,Paracetamol + Pseudoefedrina 500+30 mg Caixa 24 Comprimidos Revestidos,Panpharma - GO,261.0,0.0599,12.27,0.0,11.54,11.54,2026-09-09 21:09:03,OK,
TO,GD,34558660000104,7896004722337,Paracetamol + Pseudoefedrina 500+30 mg Caixa 24 Comprimidos Revestidos,Profarma - DF,1021.0,0.04,12.27,0.0,12.7,11.78,2026-09-09 21:09:03,OK,
TO,GD,34558660000104,7896004722467,Lidocaína 50 mg/g Bisnaga 25 g Pomada,Total - TO,67.0,0.4395,15.15,0.0,8.49,8.49,2026-09-09 21:09:08,OK,
TO,GD,34558660000104,7896004722467,Lidocaína 50 mg/g Bisnaga 25 g Pomada,Nazaria - TO,47.0,0.4395,15.15,0.0,8.49,8.49,2026-09-09 21:09:08,OK,
TO,GD,34558660000104,7896004722467,Lidocaína 50 mg/g Bisnaga 25 g Pomada,Nazaria - MA - Imperatriz,31.0,0.4395,15.15,0.0,8.49,8.49,2026-09-09 21:09:08,OK,
TO,GD,34558660000104,7896004722467,Lidocaína 50 mg/g Bisnaga 25 g Pomada,Santa Cruz - GO,806.0,0.38799999999999996,15.15,0.0,9.27,9.27,2026-09-09 21:09:08,OK,
TO,GD,34558660000104,7896004722467,Lidocaína 50 mg/g Bisnaga 25 g Pomada,Panpharma - GO,366.0,0.38799999999999996,15.15,0.0,9.27,9.27,2026-09-09 21:09:08,OK,
TO,GD,34558660000104,7896004722467,Lidocaína 50 mg/g Bisnaga 25 g Pomada,Profarma - DF,1197.0,0.36810000000000004,15.15,0.0,11.58,9.57,2026-09-09 21:09:08,OK,
TO,GD,34558660000104,7896004722474,Lidocaína 50 mg/g Bisnaga 25 g Pomada Sabor Laranja,Nazaria - MA - Imperatriz,332.0,0.4429,14.48,0.0,8.07,8.07,2026-09-09 21:09:13,OK,
TO,GD,34558660000104,7896004722474,Lidocaína 50 mg/g Bisnaga 25 g Pomada Sabor Laranja,Total - TO,73.0,0.4429,14.48,0.0,8.07,8.07,2026-09-09 21:09:13,OK,
TO,GD,34558660000104,7896004722474,Lidocaína 50 mg/g Bisnaga 25 g Pomada Sabor Laranja,Nazaria - TO,69.0,0.4429,14.48,0.0,8.07,8.07,2026-09-09 21:09:13,OK,
TO,GD,34558660000104,7896004722474,Lidocaína 50 mg/g Bisnaga 25 g Pomada Sabor Laranja,Santa Cruz - GO,425.0,0.402,14.48,0.0,8.66,8.66,2026-09-09 21:09:13,OK,
TO,GD,34558660000104,7896004722474,Lidocaína 50 mg/g Bisnaga 25 g Pomada Sabor Laranja,Panpharma - GO,240.0,0.402,14.48,0.0,8.66,8.66,2026-09-09 21:09:13,OK,
TO,GD,34558660000104,7896004722474,Lidocaína 50 mg/g Bisnaga 25 g Pomada Sabor Laranja,Profarma - DF,690.0,0.3737,14.48,0.0,11.01,9.07,2026-09-09 21:09:13,OK,
TO,GD,34558660000104,7896004722528,Ciprofloxacino + Dexametasona 3.5+1 mg/ml Frasco 5 ml Solução Oftálmica,Nazaria - TO,55.0,0.4178,26.84,0.0,15.63,15.63,2026-09-09 21:09:17,OK,
TO,GD,34558660000104,7896004722528,Ciprofloxacino + Dexametasona 3.5+1 mg/ml Frasco 5 ml Solução Oftálmica,Nazaria - MA - Imperatriz,28.0,0.4178,26.84,0.0,15.63,15.63,2026-09-09 21:09:17,OK,
TO,GD,34558660000104,7896004722528,Ciprofloxacino + Dexametasona 3.5+1 mg/ml Frasco 5 ml Solução Oftálmica,Panpharma - GO,171.0,0.40490000000000004,26.84,0.0,15.97,15.97,2026-09-09 21:09:17,OK,
TO,GD,34558660000104,7896004722528,Ciprofloxacino + Dexametasona 3.5+1 mg/ml Frasco 5 ml Solução Oftálmica,Santa Cruz - GO,120.0,0.40490000000000004,26.84,0.0,15.97,15.97,2026-09-09 21:09:17,OK,
TO,GD,34558660000104,7896004722870,Losartana Potássica 100 mg Caixa 30 Comprimidos Revestidos,Nazaria - TO,15.0,0.4003,43.21,0.0,25.91,25.91,2026-09-09 21:09:22,OK,
TO,GD,34558660000104,7896004722870,Losartana Potássica 100 mg Caixa 30 Comprimidos Revestidos,Santa Cruz - GO,73.0,0.3931,43.21,0.0,26.22,26.22,2026-09-09 21:09:22,OK,
TO,GD,34558660000104,7896004722870,Losartana Potássica 100 mg Caixa 30 Comprimidos Revestidos,Panpharma - GO,37.0,0.3931,43.21,0.0,26.22,26.22,2026-09-09 21:09:22,OK,
TO,GD,34558660000104,7896004722870,Losartana Potássica 100 mg Caixa 30 Comprimidos Revestidos,Profarma - DF,212.0,0.35229999999999995,43.21,0.0,33.6,27.99,2026-09-09 21:09:22,OK,
TO,GD,34558660000104,7896004723020,Ácido Tranexâmico 250 mg Caixa 12 Comprimidos,Nazaria - MA - Imperatriz,543.0,0.1495,43.41,0.0,36.92,36.92,2026-09-09 21:09:27,OK,
TO,GD,34558660000104,7896004723020,Ácido Tranexâmico 250 mg Caixa 12 Comprimidos,Nazaria - TO,123.0,0.1495,43.41,0.0,36.92,36.92,2026-09-09 21:09:27,OK,
TO,GD,34558660000104,7896004723020,Ácido Tranexâmico 250 mg Caixa 12 Comprimidos,Total - TO,71.0,0.1495,43.41,0.0,36.92,36.92,2026-09-09 21:09:27,OK,
TO,GD,34558660000104,7896004723020,Ácido Tranexâmico 250 mg Caixa 12 Comprimidos,Santa Cruz - GO,1426.0,0.0599,43.41,0.0,40.81,40.81,2026-09-09 21:09:27,OK,
TO,GD,34558660000104,7896004723020,Ácido Tranexâmico 250 mg Caixa 12 Comprimidos,Panpharma - GO,1177.0,0.0599,43.41,0.0,40.81,40.81,2026-09-09 21:09:27,OK,
TO,GD,34558660000104,7896004723020,Ácido Tranexâmico 250 mg Caixa 12 Comprimidos,Profarma - DF,2367.0,0.04,43.41,0.0,44.28,41.67,2026-09-09 21:09:27,OK,
TO,GD,34558660000104,7896004723365,Fenofibrato 200 mg Caixa 30 Cápsulas,Nazaria - MA - Imperatriz,46.0,0.214,100.01,0.0,78.61,78.61,2026-09-09 21:09:32,OK,
TO,GD,34558660000104,7896004723365,Fenofibrato 200 mg Caixa 30 Cápsulas,Total - TO,29.0,0.214,100.01,0.0,78.61,78.61,2026-09-09 21:09:32,OK,
TO,GD,34558660000104,7896004723365,Fenofibrato 200 mg Caixa 30 Cápsulas,Santa Cruz - GO,216.0,0.1693,100.01,0.0,83.08,83.08,2026-09-09 21:09:32,OK,
TO,GD,34558660000104,7896004723365,Fenofibrato 200 mg Caixa 30 Cápsulas,Panpharma - GO,95.0,0.1693,100.01,0.0,83.08,83.08,2026-09-09 21:09:32,OK,
TO,GD,34558660000104,7896004723365,Fenofibrato 200 mg Caixa 30 Cápsulas,Profarma - DF,298.0,0.1494,100.01,0.0,94.02,85.07,2026-09-09 21:09:32,OK,
TO,GD,34558660000104,7896004723563,Domperidona 10 mg Caixa 30 Comprimidos,Nazaria - MA - Imperatriz,671.0,0.7931999999999999,19.4,0.0,4.01,4.01,2026-09-09 21:09:36,OK,
TO,GD,34558660000104,7896004723563,Domperidona 10 mg Caixa 30 Comprimidos,Nazaria - TO,418.0,0.7931999999999999,19.4,0.0,4.01,4.01,2026-09-09 21:09:36,OK,
TO,GD,34558660000104,7896004723563,Domperidona 10 mg Caixa 30 Comprimidos,Panpharma - GO,955.0,0.7911,19.4,0.0,4.05,4.05,2026-09-09 21:09:36,OK,
TO,GD,34558660000104,7896004723563,Domperidona 10 mg Caixa 30 Comprimidos,Santa Cruz - GO,779.0,0.7911,19.4,0.0,4.05,4.05,2026-09-09 21:09:36,OK,
TO,GD,34558660000104,7896004723563,Domperidona 10 mg Caixa 30 Comprimidos,Profarma - DF,7151.0,0.7712,19.4,0.0,8.45,4.44,2026-09-09 21:09:36,OK,
TO,GD,34558660000104,7896004723570,Domperidona 10 mg Caixa 60 Comprimidos,Nazaria - TO,175.0,0.7968000000000001,36.83,0.0,7.48,7.48,2026-09-09 21:09:41,OK,
TO,GD,34558660000104,7896004723570,Domperidona 10 mg Caixa 60 Comprimidos,Nazaria - MA - Imperatriz,83.0,0.7968000000000001,36.83,0.0,7.48,7.48,2026-09-09 21:09:41,OK,
TO,GD,34558660000104,7896004723570,Domperidona 10 mg Caixa 60 Comprimidos,Santa Cruz - GO,773.0,0.7947,36.83,0.0,7.56,7.56,2026-09-09 21:09:41,OK,
TO,GD,34558660000104,7896004723570,Domperidona 10 mg Caixa 60 Comprimidos,Panpharma - GO,278.0,0.7947,36.83,0.0,7.56,7.56,2026-09-09 21:09:41,OK,
TO,GD,34558660000104,7896004723570,Domperidona 10 mg Caixa 60 Comprimidos,Profarma - DF,1106.0,0.7748,36.83,0.0,15.93,8.29,2026-09-09 21:09:41,OK,
TO,GD,34558660000104,7896004724102,Isotretinoína 20 mg Caixa 30 Cápsulas Moles,Santa Cruz - GO,54.0,0.7939,178.15,0.0,36.72,36.72,2026-09-09 21:09:45,OK,
TO,GD,34558660000104,7896004724102,Isotretinoína 20 mg Caixa 30 Cápsulas Moles,Panpharma - GO,30.0,0.7939,178.15,0.0,36.72,36.72,2026-09-09 21:09:45,OK,
TO,GD,34558660000104,7896004724102,Isotretinoína 20 mg Caixa 30 Cápsulas Moles,Profarma - DF,1696.0,0.774,178.15,0.0,78.47,40.26,2026-09-09 21:09:45,OK,
TO,GD,34558660000104,7896004724508,Latanoprosta 50 mcg/ml Frasco 2.5 ml Solução Oftálmica,Nazaria - TO,89.0,0.1996,126.48,0.0,101.23,101.23,2026-09-09 21:09:50,OK,
TO,GD,34558660000104,7896004724508,Latanoprosta 50 mcg/ml Frasco 2.5 ml Solução Oftálmica,Nazaria - MA - Imperatriz,79.0,0.1996,126.48,0.0,101.23,101.23,2026-09-09 21:09:50,OK,
TO,GD,34558660000104,7896004724508,Latanoprosta 50 mcg/ml Frasco 2.5 ml Solução Oftálmica,Panpharma - GO,156.0,0.1777,126.48,0.0,104.0,104.0,2026-09-09 21:09:50,OK,
TO,GD,34558660000104,7896004724508,Latanoprosta 50 mcg/ml Frasco 2.5 ml Solução Oftálmica,Santa Cruz - GO,152.0,0.1777,126.48,0.0,104.0,104.0,2026-09-09 21:09:50,OK,
TO,GD,34558660000104,7896004724508,Latanoprosta 50 mcg/ml Frasco 2.5 ml Solução Oftálmica,Profarma - DF,118.0,0.1578,126.48,0.0,118.06,106.52,2026-09-09 21:09:50,OK,
TO,GD,34558660000104,7896004724577,Gliclazida 30 mg Caixa 60 Comprimidos de Liberação Prolongada,Nazaria - MA - Imperatriz,115.0,0.47509999999999997,35.85,0.0,18.82,18.82,2026-09-09 21:09:55,OK,
TO,GD,34558660000104,7896004724577,Gliclazida 30 mg Caixa 60 Comprimidos de Liberação Prolongada,Nazaria - TO,108.0,0.47509999999999997,35.85,0.0,18.82,18.82,2026-09-09 21:09:55,OK,
TO,GD,34558660000104,7896004724577,Gliclazida 30 mg Caixa 60 Comprimidos de Liberação Prolongada,Total - TO,56.0,0.47509999999999997,35.85,0.0,18.82,18.82,2026-09-09 21:09:55,OK,
TO,GD,34558660000104,7896004724577,Gliclazida 30 mg Caixa 60 Comprimidos de Liberação Prolongada,Santa Cruz - GO,666.0,0.43270000000000003,35.85,0.0,20.34,20.34,2026-09-09 21:09:55,OK,
TO,GD,34558660000104,7896004724577,Gliclazida 30 mg Caixa 60 Comprimidos de Liberação Prolongada,Panpharma - GO,103.0,0.43270000000000003,35.85,0.0,20.34,20.34,2026-09-09 21:09:55,OK,
TO,GD,34558660000104,7896004724577,Gliclazida 30 mg Caixa 60 Comprimidos de Liberação Prolongada,Profarma - DF,720.0,0.4128,35.85,0.0,26.14,21.05,2026-09-09 21:09:55,OK,
TO,GD,34558660000104,7896004724683,Bimatoprosta 0.03% Frasco 5 ml Solução Oftálmica,Nazaria - MA - Imperatriz,293.0,0.6219,154.36,0.0,58.36,58.36,2026-09-09 21:10:00,OK,
TO,GD,34558660000104,7896004724683,Bimatoprosta 0.03% Frasco 5 ml Solução Oftálmica,Nazaria - TO,192.0,0.6219,154.36,0.0,58.36,58.36,2026-09-09 21:10:00,OK,
TO,GD,34558660000104,7896004724683,Bimatoprosta 0.03% Frasco 5 ml Solução Oftálmica,Santa Cruz - GO,201.0,0.6199,154.36,0.0,58.67,58.67,2026-09-09 21:10:00,OK,
TO,GD,34558660000104,7896004724683,Bimatoprosta 0.03% Frasco 5 ml Solução Oftálmica,Panpharma - GO,107.0,0.6199,154.36,0.0,58.67,58.67,2026-09-09 21:10:00,OK,
TO,GD,34558660000104,7896004724683,Bimatoprosta 0.03% Frasco 5 ml Solução Oftálmica,Profarma - DF,41.0,0.5956,154.36,0.0,90.02,62.42,2026-09-09 21:10:00,OK,
TO,GD,34558660000104,7896004724690,Bimatoprosta 0.03% Frasco 3 ml Solução Oftálmica,Nazaria - MA - Imperatriz,78.0,0.7212999999999999,102.88,0.0,28.67,28.67,2026-09-09 21:10:05,OK,
TO,GD,34558660000104,7896004724690,Bimatoprosta 0.03% Frasco 3 ml Solução Oftálmica,Nazaria - TO,67.0,0.7212999999999999,102.88,0.0,28.67,28.67,2026-09-09 21:10:05,OK,
TO,GD,34558660000104,7896004724690,Bimatoprosta 0.03% Frasco 3 ml Solução Oftálmica,Santa Cruz - GO,242.0,0.7192000000000001,102.88,0.0,28.89,28.89,2026-09-09 21:10:05,OK,
TO,GD,34558660000104,7896004724690,Bimatoprosta 0.03% Frasco 3 ml Solução Oftálmica,Panpharma - GO,214.0,0.7192000000000001,102.88,0.0,28.89,28.89,2026-09-09 21:10:05,OK,
TO,GD,34558660000104,7896004724690,Bimatoprosta 0.03% Frasco 3 ml Solução Oftálmica,Total - TO,58.0,0.7154,102.88,0.0,29.28,29.28,2026-09-09 21:10:05,OK,
TO,GD,34558660000104,7896004725000,Zolpidem 10 mg Caixa 20 Comprimidos Revestidos,Nazaria - TO,49.0,0.9490000000000001,55.25,0.0,2.82,2.82,2026-09-09 21:10:09,OK,
TO,GD,34558660000104,7896004725000,Zolpidem 10 mg Caixa 20 Comprimidos Revestidos,Nazaria - MA - Imperatriz,19.0,0.9490000000000001,55.25,0.0,2.82,2.82,2026-09-09 21:10:09,OK,
TO,GD,34558660000104,7896004725000,Zolpidem 10 mg Caixa 20 Comprimidos Revestidos,Santa Cruz - GO,1061.0,0.9272,55.25,0.0,4.02,4.02,2026-09-09 21:10:09,OK,
TO,GD,34558660000104,7896004725000,Zolpidem 10 mg Caixa 20 Comprimidos Revestidos,Profarma - DF,21.0,0.9074,55.25,0.0,18.44,5.12,2026-09-09 21:10:09,OK,
TO,GD,34558660000104,7896004725420,Ipratrópio 0.25 mg/ml Frasco 20 ml Solução Para Inalação,Santa Cruz - GO,485.0,0.7848,15.49,0.0,3.33,3.33,2026-09-09 21:10:14,OK,
TO,GD,34558660000104,7896004725420,Ipratrópio 0.25 mg/ml Frasco 20 ml Solução Para Inalação,Panpharma - GO,145.0,0.7848,15.49,0.0,3.33,3.33,2026-09-09 21:10:14,OK,
TO,GD,34558660000104,7896004725420,Ipratrópio 0.25 mg/ml Frasco 20 ml Solução Para Inalação,Nazaria - TO,99.0,0.7775,15.49,0.0,3.45,3.45,2026-09-09 21:10:14,OK,
TO,GD,34558660000104,7896004725420,Ipratrópio 0.25 mg/ml Frasco 20 ml Solução Para Inalação,Total - TO,96.0,0.7775,15.49,0.0,3.45,3.45,2026-09-09 21:10:14,OK,
TO,GD,34558660000104,7896004725420,Ipratrópio 0.25 mg/ml Frasco 20 ml Solução Para Inalação,Profarma - DF,190.0,0.7648999999999999,15.49,0.0,6.94,3.64,2026-09-09 21:10:14,OK,
TO,GD,34558660000104,7896004725697,Dorzolamida + Timolol 20+5 mg/ml Frasco 5 ml Gotas,Nazaria - MA - Imperatriz,95.0,0.5687,91.93,0.0,39.65,39.65,2026-09-09 21:10:19,OK,
TO,GD,34558660000104,7896004725697,Dorzolamida + Timolol 20+5 mg/ml Frasco 5 ml Gotas,Nazaria - TO,54.0,0.5687,91.93,0.0,39.65,39.65,2026-09-09 21:10:19,OK,
TO,GD,34558660000104,7896004725697,Dorzolamida + Timolol 20+5 mg/ml Frasco 5 ml Gotas,Total - TO,3.0,0.5687,91.93,0.0,39.65,39.65,2026-09-09 21:10:19,OK,
TO,GD,34558660000104,7896004725697,Dorzolamida + Timolol 20+5 mg/ml Frasco 5 ml Gotas,Santa Cruz - GO,51.0,0.5642,91.93,0.0,40.06,40.06,2026-09-09 21:10:19,OK,
TO,GD,34558660000104,7896004725697,Dorzolamida + Timolol 20+5 mg/ml Frasco 5 ml Gotas,Panpharma - GO,36.0,0.5642,91.93,0.0,40.06,40.06,2026-09-09 21:10:19,OK,
TO,GD,34558660000104,7896004725697,Dorzolamida + Timolol 20+5 mg/ml Frasco 5 ml Gotas,Profarma - DF,57.0,0.5393,91.93,0.0,57.75,42.35,2026-09-09 21:10:19,OK,
TO,GD,34558660000104,7896004726069,Dorzolamida 20 mg/ml Frasco 5 ml Solução Oftálmica,Nazaria - MA - Imperatriz,242.0,0.23329999999999998,63.31,0.0,48.54,48.54,2026-09-09 21:10:23,OK,
TO,GD,34558660000104,7896004726069,Dorzolamida 20 mg/ml Frasco 5 ml Solução Oftálmica,Total - TO,63.0,0.23329999999999998,63.31,0.0,48.54,48.54,2026-09-09 21:10:23,OK,
TO,GD,34558660000104,7896004726069,Dorzolamida 20 mg/ml Frasco 5 ml Solução Oftálmica,Santa Cruz - GO,1179.0,0.2097,63.31,0.0,50.03,50.03,2026-09-09 21:10:23,OK,
TO,GD,34558660000104,7896004726069,Dorzolamida 20 mg/ml Frasco 5 ml Solução Oftálmica,Panpharma - GO,67.0,0.2097,63.31,0.0,50.03,50.03,2026-09-09 21:10:23,OK,
TO,GD,34558660000104,7896004726069,Dorzolamida 20 mg/ml Frasco 5 ml Solução Oftálmica,Profarma - DF,155.0,0.1809,63.31,0.0,57.92,51.86,2026-09-09 21:10:23,OK,
TO,GD,34558660000104,7896004726229,Hidroquinona 40 mg/g Bisnaga 30 g Creme,Nazaria - MA - Imperatriz,167.0,0.2078,47.95,0.0,37.99,37.99,2026-09-09 21:10:28,OK,
TO,GD,34558660000104,7896004726229,Hidroquinona 40 mg/g Bisnaga 30 g Creme,Nazaria - TO,74.0,0.2078,47.95,0.0,37.99,37.99,2026-09-09 21:10:28,OK,
TO,GD,34558660000104,7896004726229,Hidroquinona 40 mg/g Bisnaga 30 g Creme,Santa Cruz - GO,137.0,0.14679999999999999,47.95,0.0,40.91,40.91,2026-09-09 21:10:28,OK,
TO,GD,34558660000104,7896004726229,Hidroquinona 40 mg/g Bisnaga 30 g Creme,Panpharma - GO,36.0,0.14679999999999999,47.95,0.0,40.91,40.91,2026-09-09 21:10:28,OK,
TO,GD,34558660000104,7896004726229,Hidroquinona 40 mg/g Bisnaga 30 g Creme,Profarma - DF,71.0,0.11720000000000001,47.95,0.0,45.95,42.33,2026-09-09 21:10:28,OK,
TO,GD,34558660000104,7896004726533,Hidroquinona+Tretinoína+Fluocinolona 0.1+40+0.5 mg/g Creme Bisnaga 30 g,Nazaria - TO,34.0,0.34619999999999995,164.49,0.0,107.54,107.54,2026-09-09 21:10:32,OK,
TO,GD,34558660000104,7896004726533,Hidroquinona+Tretinoína+Fluocinolona 0.1+40+0.5 mg/g Creme Bisnaga 30 g,Santa Cruz - GO,49.0,0.2994,164.49,0.0,115.24,115.24,2026-09-09 21:10:32,OK,
TO,GD,34558660000104,7896004726533,Hidroquinona+Tretinoína+Fluocinolona 0.1+40+0.5 mg/g Creme Bisnaga 30 g,Panpharma - GO,39.0,0.2994,164.49,0.0,115.24,115.24,2026-09-09 21:10:32,OK,
TO,GD,34558660000104,7896004726533,Hidroquinona+Tretinoína+Fluocinolona 0.1+40+0.5 mg/g Creme Bisnaga 30 g,Profarma - DF,11.0,0.2716,164.49,0.0,137.35,119.81,2026-09-09 21:10:32,OK,
TO,GD,34558660000104,7896004726854,Brimonidina 2 mg/ml Frasco 5 ml Solução Oftálmica,Nazaria - MA - Imperatriz,188.0,0.7648999999999999,62.21,0.0,14.63,14.63,2026-09-09 21:10:37,OK,
TO,GD,34558660000104,7896004726854,Brimonidina 2 mg/ml Frasco 5 ml Solução Oftálmica,Nazaria - TO,69.0,0.7648999999999999,62.21,0.0,14.63,14.63,2026-09-09 21:10:37,OK,
TO,GD,34558660000104,7896004726854,Brimonidina 2 mg/ml Frasco 5 ml Solução Oftálmica,Panpharma - GO,301.0,0.7629,62.21,0.0,14.75,14.75,2026-09-09 21:10:37,OK,
TO,GD,34558660000104,7896004726854,Brimonidina 2 mg/ml Frasco 5 ml Solução Oftálmica,Santa Cruz - GO,205.0,0.7629,62.21,0.0,14.75,14.75,2026-09-09 21:10:37,OK,
TO,GD,34558660000104,7896004726854,Brimonidina 2 mg/ml Frasco 5 ml Solução Oftálmica,Profarma - DF,64.0,0.743,62.21,0.0,28.94,15.99,2026-09-09 21:10:37,OK,
TO,GD,34558660000104,7896004726908,Ciclobenzaprina 10 mg Caixa 10 Comprimidos Revestidos,Nazaria - TO,671.0,0.6526000000000001,11.8,0.0,4.1,4.1,2026-09-09 21:10:42,OK,
TO,GD,34558660000104,7896004726908,Ciclobenzaprina 10 mg Caixa 10 Comprimidos Revestidos,Nazaria - MA - Imperatriz,620.0,0.6526000000000001,11.8,0.0,4.1,4.1,2026-09-09 21:10:42,OK,
TO,GD,34558660000104,7896004726908,Ciclobenzaprina 10 mg Caixa 10 Comprimidos Revestidos,Santa Cruz - GO,416.0,0.6505,11.8,0.0,4.12,4.12,2026-09-09 21:10:42,OK,
TO,GD,34558660000104,7896004726908,Ciclobenzaprina 10 mg Caixa 10 Comprimidos Revestidos,Panpharma - GO,164.0,0.6505,11.8,0.0,4.12,4.12,2026-09-09 21:10:42,OK,
TO,GD,34558660000104,7896004726908,Ciclobenzaprina 10 mg Caixa 10 Comprimidos Revestidos,Profarma - DF,1328.0,0.6306,11.8,0.0,6.47,4.36,2026-09-09 21:10:42,OK,
TO,GD,34558660000104,7896004727028,Gabapentina 600 mg Caixa 27 Comprimidos Revestidos,Nazaria - MA - Imperatriz,162.0,0.3372,182.56,0.0,121.0,121.0,2026-09-09 21:10:46,OK,
TO,GD,34558660000104,7896004727028,Gabapentina 600 mg Caixa 27 Comprimidos Revestidos,Nazaria - TO,41.0,0.3372,182.56,0.0,121.0,121.0,2026-09-09 21:10:46,OK,
TO,GD,34558660000104,7896004727233,Ciclopirox Olamina 10 mg/ml Frasco 15 ml Solução Tópica,Total - TO,583.0,0.7014,28.55,0.0,8.52,8.52,2026-09-09 21:10:50,OK,
TO,GD,34558660000104,7896004727233,Ciclopirox Olamina 10 mg/ml Frasco 15 ml Solução Tópica,Nazaria - MA - Imperatriz,270.0,0.7014,28.55,0.0,8.53,8.53,2026-09-09 21:10:50,OK,
TO,GD,34558660000104,7896004727233,Ciclopirox Olamina 10 mg/ml Frasco 15 ml Solução Tópica,Nazaria - TO,184.0,0.7014,28.55,0.0,8.53,8.53,2026-09-09 21:10:50,OK,
TO,GD,34558660000104,7896004727776,Amitriptilina 25 mg Caixa 30 Comprimidos Revestidos,Nazaria - MA - Imperatriz,305.0,0.7109000000000001,18.59,0.0,5.37,5.37,2026-09-09 21:10:54,OK,
TO,GD,34558660000104,7896004727776,Amitriptilina 25 mg Caixa 30 Comprimidos Revestidos,Nazaria - TO,256.0,0.7109000000000001,18.59,0.0,5.37,5.37,2026-09-09 21:10:54,OK,
TO,GD,34558660000104,7896004727776,Amitriptilina 25 mg Caixa 30 Comprimidos Revestidos,Panpharma - GO,1457.0,0.7079000000000001,18.59,0.0,5.43,5.43,2026-09-09 21:10:54,OK,
TO,GD,34558660000104,7896004727776,Amitriptilina 25 mg Caixa 30 Comprimidos Revestidos,Santa Cruz - GO,1136.0,0.7079000000000001,18.59,0.0,5.43,5.43,2026-09-09 21:10:54,OK,
TO,GD,34558660000104,7896004727776,Amitriptilina 25 mg Caixa 30 Comprimidos Revestidos,Profarma - DF,828.0,0.688,18.59,0.0,9.46,5.8,2026-09-09 21:10:54,OK,
TO,GD,34558660000104,7896004727882,Bromoprida 10 mg Caixa 20 Cápsulas,Total - TO,62.0,0.6534,26.54,0.0,9.19,9.19,2026-09-09 21:10:59,OK,
TO,GD,34558660000104,7896004727882,Bromoprida 10 mg Caixa 20 Cápsulas,Nazaria - MA - Imperatriz,675.0,0.6535,26.54,0.0,9.2,9.2,2026-09-09 21:10:59,OK,
TO,GD,34558660000104,7896004727882,Bromoprida 10 mg Caixa 20 Cápsulas,Nazaria - TO,23.0,0.6535,26.54,0.0,9.2,9.2,2026-09-09 21:10:59,OK,
TO,GD,34558660000104,7896004727882,Bromoprida 10 mg Caixa 20 Cápsulas,Santa Cruz - GO,762.0,0.6401,26.54,0.0,9.55,9.55,2026-09-09 21:10:59,OK,
TO,GD,34558660000104,7896004727882,Bromoprida 10 mg Caixa 20 Cápsulas,Panpharma - GO,126.0,0.6401,26.54,0.0,9.55,9.55,2026-09-09 21:10:59,OK,
TO,GD,34558660000104,7896004727882,Bromoprida 10 mg Caixa 20 Cápsulas,Profarma - DF,690.0,0.6202000000000001,26.54,0.0,14.76,10.08,2026-09-09 21:10:59,OK,
TO,GD,34558660000104,7896004728261,Travoprosta 0.04 mg/ml Frasco 2.5 ml Solução Oftálmica,Nazaria - MA - Imperatriz,45.0,0.6628000000000001,93.3,0.0,31.46,31.46,2026-09-09 21:11:04,OK,
TO,GD,34558660000104,7896004728261,Travoprosta 0.04 mg/ml Frasco 2.5 ml Solução Oftálmica,Santa Cruz - GO,237.0,0.6584,93.3,0.0,31.87,31.87,2026-09-09 21:11:04,OK,
TO,GD,34558660000104,7896004728261,Travoprosta 0.04 mg/ml Frasco 2.5 ml Solução Oftálmica,Panpharma - GO,148.0,0.6584,93.3,0.0,31.87,31.87,2026-09-09 21:11:04,OK,
TO,GD,34558660000104,7896004728261,Travoprosta 0.04 mg/ml Frasco 2.5 ml Solução Oftálmica,Profarma - DF,54.0,0.6385000000000001,93.3,0.0,51.2,33.73,2026-09-09 21:11:04,OK,
TO,GD,34558660000104,7896004728490,Sildenafila 100 mg Caixa 4 Comprimidos Revestidos,Nazaria - TO,6.0,0.9251999999999999,123.1,0.0,9.21,9.21,2026-09-09 21:11:07,OK,
TO,GD,34558660000104,7896004728612,Venlafaxina 150 mg Caixa 30 Cápsulas de Liberação Prolongada,Nazaria - MA - Imperatriz,69.0,0.7737,167.96,0.0,38.01,38.01,2026-09-09 21:11:11,OK,
TO,GD,34558660000104,7896004728612,Venlafaxina 150 mg Caixa 30 Cápsulas de Liberação Prolongada,Nazaria - TO,35.0,0.7737,167.96,0.0,38.01,38.01,2026-09-09 21:11:11,OK,
TO,GD,34558660000104,7896004728612,Venlafaxina 150 mg Caixa 30 Cápsulas de Liberação Prolongada,Panpharma - GO,237.0,0.7471,167.96,0.0,42.48,42.48,2026-09-09 21:11:11,OK,
TO,GD,34558660000104,7896004728612,Venlafaxina 150 mg Caixa 30 Cápsulas de Liberação Prolongada,Santa Cruz - GO,186.0,0.7471,167.96,0.0,42.48,42.48,2026-09-09 21:11:11,OK,
TO,GD,34558660000104,7896004728612,Venlafaxina 150 mg Caixa 30 Cápsulas de Liberação Prolongada,Profarma - DF,1775.0,0.7272,167.96,0.0,80.27,45.82,2026-09-09 21:11:11,OK,
TO,GD,34558660000104,7896004728629,Diclofenaco Sódico 100 mg Caixa 20 Comprimidos Revestidos Lib. Lenta,Nazaria - TO,59.0,0.3373,54.79,0.0,36.31,36.31,2026-09-09 21:11:16,OK,
TO,GD,34558660000104,7896004728629,Diclofenaco Sódico 100 mg Caixa 20 Comprimidos Revestidos Lib. Lenta,Panpharma - GO,28.0,0.2896,54.79,0.0,38.92,38.92,2026-09-09 21:11:16,OK,
TO,GD,34558660000104,7896004728629,Diclofenaco Sódico 100 mg Caixa 20 Comprimidos Revestidos Lib. Lenta,Santa Cruz - GO,23.0,0.2896,54.79,0.0,38.92,38.92,2026-09-09 21:11:16,OK,
TO,GD,34558660000104,7896004728629,Diclofenaco Sódico 100 mg Caixa 20 Comprimidos Revestidos Lib. Lenta,Profarma - DF,18.0,0.26170000000000004,54.79,0.0,46.58,40.45,2026-09-09 21:11:16,OK,
TO,GD,34558660000104,7896004728667,Risedronato Sódico 35 mg Caixa 4 Comprimidos Revestidos,Nazaria - TO,37.0,0.7785,139.38,0.0,30.87,30.87,2026-09-09 21:11:19,OK,
TO,GD,34558660000104,7896004728667,Risedronato Sódico 35 mg Caixa 4 Comprimidos Revestidos,Profarma - DF,67.0,0.7565000000000001,139.38,0.0,63.34,33.94,2026-09-09 21:11:19,OK,
TO,GD,34558660000104,7896004728827,Indapamida 1.5 mg Caixa 30 Comprimidos Revestidos,Nazaria - MA - Imperatriz,142.0,0.7618,32.63,0.0,7.77,7.77,2026-09-09 21:11:24,OK,
TO,GD,34558660000104,7896004728827,Indapamida 1.5 mg Caixa 30 Comprimidos Revestidos,Nazaria - TO,116.0,0.7618,32.63,0.0,7.77,7.77,2026-09-09 21:11:24,OK,
TO,GD,34558660000104,7896004728827,Indapamida 1.5 mg Caixa 30 Comprimidos Revestidos,Santa Cruz - GO,304.0,0.7284999999999999,32.63,0.0,8.86,8.86,2026-09-09 21:11:24,OK,
TO,GD,34558660000104,7896004728827,Indapamida 1.5 mg Caixa 30 Comprimidos Revestidos,Panpharma - GO,79.0,0.7284999999999999,32.63,0.0,8.86,8.86,2026-09-09 21:11:24,OK,
TO,GD,34558660000104,7896004728827,Indapamida 1.5 mg Caixa 30 Comprimidos Revestidos,Profarma - DF,2485.0,0.7193999999999999,32.63,0.0,15.8,9.16,2026-09-09 21:11:24,OK,
TO,GD,34558660000104,7896004728858,Rosuvastatina Cálcica 20 mg Caixa 30 Comprimidos Revestidos,Nazaria - TO,47.0,0.9355,169.06,0.0,10.9,10.9,2026-09-09 21:11:28,OK,
TO,GD,34558660000104,7896004728858,Rosuvastatina Cálcica 20 mg Caixa 30 Comprimidos Revestidos,Santa Cruz - GO,49890.0,0.9319,169.06,0.0,11.51,11.51,2026-09-09 21:11:28,OK,
TO,GD,34558660000104,7896004728858,Rosuvastatina Cálcica 20 mg Caixa 30 Comprimidos Revestidos,Panpharma - GO,5058.0,0.9319,169.06,0.0,11.51,11.51,2026-09-09 21:11:28,OK,
TO,GD,34558660000104,7896004729428,Atorvastatina Cálcica 10 mg Caixa 30 Comprimidos Revestidos,Nazaria - TO,193.0,0.867,70.84,0.0,9.42,9.42,2026-09-09 21:11:33,OK,
TO,GD,34558660000104,7896004729428,Atorvastatina Cálcica 10 mg Caixa 30 Comprimidos Revestidos,Nazaria - MA - Imperatriz,74.0,0.867,70.84,0.0,9.42,9.42,2026-09-09 21:11:33,OK,
TO,GD,34558660000104,7896004729428,Atorvastatina Cálcica 10 mg Caixa 30 Comprimidos Revestidos,Total - TO,4.0,0.867,70.84,0.0,9.43,9.42,2026-09-09 21:11:33,OK,
TO,GD,34558660000104,7896004729428,Atorvastatina Cálcica 10 mg Caixa 30 Comprimidos Revestidos,Santa Cruz - GO,1385.0,0.8276,70.84,0.0,12.21,12.21,2026-09-09 21:11:33,OK,
TO,GD,34558660000104,7896004729428,Atorvastatina Cálcica 10 mg Caixa 30 Comprimidos Revestidos,Panpharma - GO,15.0,0.8276,70.84,0.0,12.21,12.21,2026-09-09 21:11:33,OK,
TO,GD,34558660000104,7896004729428,Atorvastatina Cálcica 10 mg Caixa 30 Comprimidos Revestidos,Profarma - DF,585.0,0.8077,70.84,0.0,29.29,13.62,2026-09-09 21:11:33,OK,
TO,GD,34558660000104,7896004729435,Atorvastatina Cálcica 20 mg Caixa 30 Comprimidos Revestidos,Nazaria - TO,621.0,0.8839,70.71,0.0,8.21,8.21,2026-09-09 21:11:37,OK,
TO,GD,34558660000104,7896004729435,Atorvastatina Cálcica 20 mg Caixa 30 Comprimidos Revestidos,Nazaria - MA - Imperatriz,45.0,0.8839,70.71,0.0,8.21,8.21,2026-09-09 21:11:37,OK,
TO,GD,34558660000104,7896004729435,Atorvastatina Cálcica 20 mg Caixa 30 Comprimidos Revestidos,Profarma - DF,842.0,0.8595999999999999,70.71,0.0,26.29,9.93,2026-09-09 21:11:37,OK,
TO,GD,34558660000104,7896004729442,Atorvastatina Cálcica 40 mg Caixa 30 Comprimidos Revestidos,Nazaria - MA - Imperatriz,489.0,0.8945000000000001,142.3,0.0,15.01,15.01,2026-09-09 21:11:42,OK,
TO,GD,34558660000104,7896004729442,Atorvastatina Cálcica 40 mg Caixa 30 Comprimidos Revestidos,Total - TO,25.0,0.8945000000000001,142.3,0.0,15.01,15.01,2026-09-09 21:11:42,OK,
TO,GD,34558660000104,7896004729442,Atorvastatina Cálcica 40 mg Caixa 30 Comprimidos Revestidos,Santa Cruz - GO,1474.0,0.889,142.3,0.0,15.8,15.8,2026-09-09 21:11:42,OK,
TO,GD,34558660000104,7896004729442,Atorvastatina Cálcica 40 mg Caixa 30 Comprimidos Revestidos,Panpharma - GO,597.0,0.889,142.3,0.0,15.8,15.8,2026-09-09 21:11:42,OK,
TO,GD,34558660000104,7896004729442,Atorvastatina Cálcica 40 mg Caixa 30 Comprimidos Revestidos,Profarma - DF,839.0,0.87,142.3,0.0,51.75,18.5,2026-09-09 21:11:42,OK,
TO,GD,34558660000104,7896004729459,Atorvastatina Cálcica 80 mg Caixa 30 Comprimidos Revestidos,Nazaria - MA - Imperatriz,80.0,0.4017,291.49,0.0,174.4,174.4,2026-09-09 21:11:47,OK,
TO,GD,34558660000104,7896004729459,Atorvastatina Cálcica 80 mg Caixa 30 Comprimidos Revestidos,Nazaria - TO,27.0,0.4017,291.49,0.0,174.4,174.4,2026-09-09 21:11:47,OK,
TO,GD,34558660000104,7896004729459,Atorvastatina Cálcica 80 mg Caixa 30 Comprimidos Revestidos,Santa Cruz - GO,66.0,0.3457,291.49,0.0,190.72,190.72,2026-09-09 21:11:47,OK,
TO,GD,34558660000104,7896004729459,Atorvastatina Cálcica 80 mg Caixa 30 Comprimidos Revestidos,Panpharma - GO,18.0,0.3457,291.49,0.0,190.72,190.72,2026-09-09 21:11:47,OK,
TO,GD,34558660000104,7896004729459,Atorvastatina Cálcica 80 mg Caixa 30 Comprimidos Revestidos,Profarma - DF,4.0,0.3258,291.49,0.0,232.91,196.52,2026-09-09 21:11:47,OK,
TO,GD,34558660000104,7896004729640,Rosuvastatina Cálcica 10 mg Caixa 30 Comprimidos Revestidos,Nazaria - TO,2030.0,0.9257,92.96,0.0,6.91,6.91,2026-09-09 21:11:51,OK,
TO,GD,34558660000104,7896004729640,Rosuvastatina Cálcica 10 mg Caixa 30 Comprimidos Revestidos,Santa Cruz - GO,35673.0,0.9196,92.96,0.0,7.47,7.47,2026-09-09 21:11:51,OK,
TO,GD,34558660000104,7896004729640,Rosuvastatina Cálcica 10 mg Caixa 30 Comprimidos Revestidos,Panpharma - GO,242.0,0.9196,92.96,0.0,7.47,7.47,2026-09-09 21:11:51,OK,
TO,GD,34558660000104,7896004729640,Rosuvastatina Cálcica 10 mg Caixa 30 Comprimidos Revestidos,Profarma - DF,9665.0,0.8996999999999999,92.96,0.0,31.61,9.32,2026-09-09 21:11:51,OK,
TO,GD,34558660000104,7896004729688,Hidroxizina 25 mg Caixa 30 Comprimidos,Nazaria - MA - Imperatriz,150.0,0.1325,33.63,0.0,29.17,29.17,2026-09-09 21:11:56,OK,
TO,GD,34558660000104,7896004729688,Hidroxizina 25 mg Caixa 30 Comprimidos,Nazaria - TO,13.0,0.1325,33.63,0.0,29.17,29.17,2026-09-09 21:11:56,OK,
TO,GD,34558660000104,7896004729688,Hidroxizina 25 mg Caixa 30 Comprimidos,Total - TO,70.0,0.1325,33.63,0.0,29.18,29.17,2026-09-09 21:11:56,OK,
TO,GD,34558660000104,7896004729688,Hidroxizina 25 mg Caixa 30 Comprimidos,Santa Cruz - GO,135.0,0.0623,33.63,0.0,31.53,31.53,2026-09-09 21:11:56,OK,
TO,GD,34558660000104,7896004729688,Hidroxizina 25 mg Caixa 30 Comprimidos,Panpharma - GO,86.0,0.0623,33.63,0.0,31.53,31.53,2026-09-09 21:11:56,OK,
TO,GD,34558660000104,7896004729688,Hidroxizina 25 mg Caixa 30 Comprimidos,Profarma - DF,686.0,0.0424,33.63,0.0,34.23,32.2,2026-09-09 21:11:56,OK,
TO,GD,34558660000104,7896004730059,Ciclobenzaprina 5 mg Caixa 30 Comprimidos Revestidos,Nazaria - TO,80.0,0.7424,31.75,0.0,8.18,8.18,2026-09-09 21:11:59,OK,
TO,GD,34558660000104,7896004730080,Sildenafila 25 mg Caixa 4 Comprimidos Revestidos,Profarma - DF,4.0,0.8917,71.55,0.0,24.25,7.75,2026-09-09 21:12:03,OK,
TO,GD,34558660000104,7896004730103,Sildenafila 50 mg Caixa 4 Comprimidos Revestidos,Nazaria - TO,362.0,0.8264,16.51,0.0,2.87,2.87,2026-09-09 21:12:07,OK,
TO,GD,34558660000104,7896004730103,Sildenafila 50 mg Caixa 4 Comprimidos Revestidos,Nazaria - MA - Imperatriz,95.0,0.8264,16.51,0.0,2.87,2.87,2026-09-09 21:12:07,OK,
TO,GD,34558660000104,7896004730103,Sildenafila 50 mg Caixa 4 Comprimidos Revestidos,Santa Cruz - GO,260.0,0.8212999999999999,16.51,0.0,2.95,2.95,2026-09-09 21:12:07,OK,
TO,GD,34558660000104,7896004730103,Sildenafila 50 mg Caixa 4 Comprimidos Revestidos,Panpharma - GO,115.0,0.8212999999999999,16.51,0.0,2.95,2.95,2026-09-09 21:12:07,OK,
TO,GD,34558660000104,7896004730103,Sildenafila 50 mg Caixa 4 Comprimidos Revestidos,Profarma - DF,1951.0,0.8014,16.51,0.0,6.79,3.28,2026-09-09 21:12:07,OK,
TO,GD,34558660000104,7896004730189,Ciclobenzaprina 10 mg Caixa 30 Comprimidos Revestidos,Nazaria - MA - Imperatriz,178.0,0.7367,35.43,0.0,9.33,9.33,2026-09-09 21:12:12,OK,
TO,GD,34558660000104,7896004730189,Ciclobenzaprina 10 mg Caixa 30 Comprimidos Revestidos,Nazaria - TO,86.0,0.7367,35.43,0.0,9.33,9.33,2026-09-09 21:12:12,OK,
TO,GD,34558660000104,7896004730189,Ciclobenzaprina 10 mg Caixa 30 Comprimidos Revestidos,Panpharma - GO,255.0,0.7345999999999999,35.43,0.0,9.4,9.4,2026-09-09 21:12:12,OK,
TO,GD,34558660000104,7896004730189,Ciclobenzaprina 10 mg Caixa 30 Comprimidos Revestidos,Santa Cruz - GO,246.0,0.7345999999999999,35.43,0.0,9.4,9.4,2026-09-09 21:12:12,OK,
TO,GD,34558660000104,7896004730189,Ciclobenzaprina 10 mg Caixa 30 Comprimidos Revestidos,Profarma - DF,147.0,0.7147,35.43,0.0,17.03,10.11,2026-09-09 21:12:12,OK,
TO,GD,34558660000104,7896004730196,Ciclobenzaprina 10 mg Caixa 15 Comprimidos Revestidos,Nazaria - MA - Imperatriz,348.0,0.6965,17.72,0.0,5.38,5.38,2026-09-09 21:12:17,OK,
TO,GD,34558660000104,7896004730196,Ciclobenzaprina 10 mg Caixa 15 Comprimidos Revestidos,Nazaria - TO,12.0,0.6965,17.72,0.0,5.38,5.38,2026-09-09 21:12:17,OK,
TO,GD,34558660000104,7896004730196,Ciclobenzaprina 10 mg Caixa 15 Comprimidos Revestidos,Santa Cruz - GO,230.0,0.6944,17.72,0.0,5.42,5.42,2026-09-09 21:12:17,OK,
TO,GD,34558660000104,7896004730196,Ciclobenzaprina 10 mg Caixa 15 Comprimidos Revestidos,Panpharma - GO,176.0,0.6944,17.72,0.0,5.42,5.42,2026-09-09 21:12:17,OK,
TO,GD,34558660000104,7896004730196,Ciclobenzaprina 10 mg Caixa 15 Comprimidos Revestidos,Profarma - DF,334.0,0.6745,17.72,0.0,9.08,5.77,2026-09-09 21:12:17,OK,
TO,GD,34558660000104,7896004730370,Quetiapina 100 mg Caixa 30 Comprimidos Revestidos,Nazaria - MA - Imperatriz,266.0,0.8088,133.89,0.0,25.6,25.6,2026-09-09 21:12:21,OK,
TO,GD,34558660000104,7896004730370,Quetiapina 100 mg Caixa 30 Comprimidos Revestidos,Santa Cruz - GO,203.0,0.8068000000000001,133.89,0.0,25.87,25.87,2026-09-09 21:12:21,OK,
TO,GD,34558660000104,7896004730370,Quetiapina 100 mg Caixa 30 Comprimidos Revestidos,Profarma - DF,1031.0,0.7868999999999999,133.89,0.0,56.61,28.53,2026-09-09 21:12:21,OK,
TO,GD,34558660000104,7896004730387,Quetiapina 200 mg Caixa 30 Comprimidos Revestidos,Nazaria - MA - Imperatriz,32.0,0.835,259.69,0.0,42.85,42.85,2026-09-09 21:12:25,OK,
TO,GD,34558660000104,7896004730387,Quetiapina 200 mg Caixa 30 Comprimidos Revestidos,Nazaria - TO,11.0,0.835,259.69,0.0,42.85,42.85,2026-09-09 21:12:25,OK,
TO,GD,34558660000104,7896004730387,Quetiapina 200 mg Caixa 30 Comprimidos Revestidos,Panpharma - GO,129.0,0.8329000000000001,259.69,0.0,43.39,43.39,2026-09-09 21:12:25,OK,
TO,GD,34558660000104,7896004730387,Quetiapina 200 mg Caixa 30 Comprimidos Revestidos,Santa Cruz - GO,88.0,0.8329000000000001,259.69,0.0,43.39,43.39,2026-09-09 21:12:25,OK,
TO,GD,34558660000104,7896004730387,Quetiapina 200 mg Caixa 30 Comprimidos Revestidos,Profarma - DF,71.0,0.813,259.69,0.0,104.37,48.56,2026-09-09 21:12:25,OK,
TO,GD,34558660000104,7896004730981,Citalopram 20 mg Caixa 30 Comprimidos Revestidos,Nazaria - MA - Imperatriz,73.0,0.8281999999999999,52.15,0.0,8.96,8.96,2026-09-09 21:12:30,OK,
TO,GD,34558660000104,7896004730981,Citalopram 20 mg Caixa 30 Comprimidos Revestidos,Total - TO,51.0,0.8281999999999999,52.15,0.0,8.96,8.96,2026-09-09 21:12:30,OK,
TO,GD,34558660000104,7896004730981,Citalopram 20 mg Caixa 30 Comprimidos Revestidos,Nazaria - TO,48.0,0.8281999999999999,52.15,0.0,8.96,8.96,2026-09-09 21:12:30,OK,
TO,GD,34558660000104,7896004730981,Citalopram 20 mg Caixa 30 Comprimidos Revestidos,Santa Cruz - GO,154.0,0.8256999999999999,52.15,0.0,9.09,9.09,2026-09-09 21:12:30,OK,
TO,GD,34558660000104,7896004730981,Citalopram 20 mg Caixa 30 Comprimidos Revestidos,Panpharma - GO,99.0,0.8256999999999999,52.15,0.0,9.09,9.09,2026-09-09 21:12:30,OK,
TO,GD,34558660000104,7896004730981,Citalopram 20 mg Caixa 30 Comprimidos Revestidos,Profarma - DF,283.0,0.8058,52.15,0.0,21.65,10.13,2026-09-09 21:12:30,OK,
TO,GD,34558660000104,7896004731261,,,0.0,0.0,0.0,0.0,0.0,0.0,2026-09-09 21:12:43,ERRO,Message: Nenhuma distribuidora pôde ser lida no card do produto.
TO,GD,34558660000104,7896004731285,,,0.0,0.0,0.0,0.0,0.0,0.0,2026-09-09 21:12:55,ERRO,Message: Nenhuma distribuidora pôde ser lida no card do produto.
TO,GD,34558660000104,7896004731308,,,0.0,0.0,0.0,0.0,0.0,0.0,2026-09-09 21:13:07,ERRO,Message: Nenhuma distribuidora pôde ser lida no card do produto.
TO,GD,34558660000104,7896004731322,Carvedilol 25 mg Caixa 30 Comprimidos,Nazaria - TO,181.0,0.9135,95.01,0.0,8.22,8.22,2026-09-09 21:13:11,OK,
TO,GD,34558660000104,7896004731322,Carvedilol 25 mg Caixa 30 Comprimidos,Santa Cruz - GO,136.0,0.9114,95.01,0.0,8.42,8.42,2026-09-09 21:13:11,OK,
TO,GD,34558660000104,7896004731322,Carvedilol 25 mg Caixa 30 Comprimidos,Panpharma - GO,53.0,0.9114,95.01,0.0,8.42,8.42,2026-09-09 21:13:11,OK,
TO,GD,34558660000104,7896004731568,Escitalopram 10 mg Caixa 30 Comprimidos Revestidos,Nazaria - MA - Imperatriz,824.0,0.9135,67.6,0.0,5.85,5.85,2026-09-09 21:13:16,OK,
TO,GD,34558660000104,7896004731568,Escitalopram 10 mg Caixa 30 Comprimidos Revestidos,Nazaria - TO,399.0,0.9135,67.6,0.0,5.85,5.85,2026-09-09 21:13:16,OK,
TO,GD,34558660000104,7896004731568,Escitalopram 10 mg Caixa 30 Comprimidos Revestidos,Santa Cruz - GO,1784.0,0.9115000000000001,67.6,0.0,5.98,5.98,2026-09-09 21:13:16,OK,
TO,GD,34558660000104,7896004731568,Escitalopram 10 mg Caixa 30 Comprimidos Revestidos,Panpharma - GO,1181.0,0.9115000000000001,67.6,0.0,5.98,5.98,2026-09-09 21:13:16,OK,
TO,GD,34558660000104,7896004731568,Escitalopram 10 mg Caixa 30 Comprimidos Revestidos,Total - TO,20.0,0.8993000000000001,67.59,0.0,6.81,6.81,2026-09-09 21:13:16,OK,
TO,GD,34558660000104,7896004731568,Escitalopram 10 mg Caixa 30 Comprimidos Revestidos,Profarma - DF,1836.0,0.9,67.6,0.0,22.96,6.76,2026-09-09 21:13:16,OK,
TO,GD,34558660000104,7896004731575,Escitalopram 10 mg Caixa 60 Comprimidos Revestidos,Nazaria - TO,2.0,0.9131999999999999,121.7,0.0,10.56,10.56,2026-09-09 21:13:21,OK,
TO,GD,34558660000104,7896004731575,Escitalopram 10 mg Caixa 60 Comprimidos Revestidos,Santa Cruz - GO,454.0,0.9111,121.7,0.0,10.82,10.82,2026-09-09 21:13:21,OK,
TO,GD,34558660000104,7896004731575,Escitalopram 10 mg Caixa 60 Comprimidos Revestidos,Panpharma - GO,55.0,0.9111,121.7,0.0,10.82,10.82,2026-09-09 21:13:21,OK,
TO,GD,34558660000104,7896004731575,Escitalopram 10 mg Caixa 60 Comprimidos Revestidos,Profarma - DF,52.0,0.8912,121.7,0.0,42.2,13.24,2026-09-09 21:13:21,OK,
TO,GD,34558660000104,7896004731582,Escitalopram 20 mg Caixa 30 Comprimidos Revestidos,Nazaria - MA - Imperatriz,168.0,0.9159,137.66,0.0,11.58,11.58,2026-09-09 21:13:25,OK,
TO,GD,34558660000104,7896004731582,Escitalopram 20 mg Caixa 30 Comprimidos Revestidos,Santa Cruz - GO,1067.0,0.9138,137.66,0.0,11.87,11.87,2026-09-09 21:13:25,OK,
TO,GD,34558660000104,7896004731582,Escitalopram 20 mg Caixa 30 Comprimidos Revestidos,Panpharma - GO,533.0,0.9138,137.66,0.0,11.87,11.87,2026-09-09 21:13:25,OK,
TO,GD,34558660000104,7896004731582,Escitalopram 20 mg Caixa 30 Comprimidos Revestidos,Total - TO,31.0,0.9091,137.66,0.0,12.51,12.51,2026-09-09 21:13:25,OK,
TO,GD,34558660000104,7896004731582,Escitalopram 20 mg Caixa 30 Comprimidos Revestidos,Profarma - DF,2484.0,0.8939,137.66,0.0,47.44,14.61,2026-09-09 21:13:25,OK,
TO,GD,34558660000104,7896004731698,Pioglitazona 15 mg Caixa 15 Comprimidos,Profarma - DF,13.0,0.1703,61.46,0.0,56.74,50.99,2026-09-09 21:13:29,OK,
TO,GD,34558660000104,7896004731704,Pioglitazona 30 mg Caixa 15 Comprimidos,Nazaria - MA - Imperatriz,34.0,0.5476,65.01,0.0,29.41,29.41,2026-09-09 21:13:33,OK,
TO,GD,34558660000104,7896004731704,Pioglitazona 30 mg Caixa 15 Comprimidos,Nazaria - TO,17.0,0.5476,65.01,0.0,29.41,29.41,2026-09-09 21:13:33,OK,
TO,GD,34558660000104,7896004731704,Pioglitazona 30 mg Caixa 15 Comprimidos,Santa Cruz - GO,286.0,0.5213,65.01,0.0,31.12,31.12,2026-09-09 21:13:33,OK,
TO,GD,34558660000104,7896004731704,Pioglitazona 30 mg Caixa 15 Comprimidos,Panpharma - GO,10.0,0.5213,65.01,0.0,31.12,31.12,2026-09-09 21:13:33,OK,
TO,GD,34558660000104,7896004731704,Pioglitazona 30 mg Caixa 15 Comprimidos,Profarma - DF,97.0,0.4959,65.01,0.0,43.1,32.77,2026-09-09 21:13:33,OK,
TO,GD,34558660000104,7896004732626,Bupropiona 150 mg Caixa 30 Comprimidos de Liberação Lenta,Total - TO,63.0,0.8122,114.63,0.0,21.53,21.53,2026-09-09 21:13:38,OK,
TO,GD,34558660000104,7896004732626,Bupropiona 150 mg Caixa 30 Comprimidos de Liberação Lenta,Santa Cruz - GO,60.0,0.8072,114.63,0.0,22.1,22.1,2026-09-09 21:13:38,OK,
TO,GD,34558660000104,7896004732626,Bupropiona 150 mg Caixa 30 Comprimidos de Liberação Lenta,Panpharma - GO,18.0,0.8072,114.63,0.0,22.1,22.1,2026-09-09 21:13:38,OK,
TO,GD,34558660000104,7896004732626,Bupropiona 150 mg Caixa 30 Comprimidos de Liberação Lenta,Profarma - DF,170.0,0.7873,114.63,0.0,49.27,24.38,2026-09-09 21:13:38,OK,
TO,GD,34558660000104,7896004732633,Bupropiona 150 mg Caixa 60 Comprimidos de Liberação Lenta,Nazaria - TO,14.0,0.8249,221.23,0.0,38.74,38.74,2026-09-09 21:13:42,OK,
TO,GD,34558660000104,7896004732633,Bupropiona 150 mg Caixa 60 Comprimidos de Liberação Lenta,Santa Cruz - GO,99.0,0.8026000000000001,221.23,0.0,43.67,43.67,2026-09-09 21:13:42,OK,
TO,GD,34558660000104,7896004732633,Bupropiona 150 mg Caixa 60 Comprimidos de Liberação Lenta,Panpharma - GO,71.0,0.8026000000000001,221.23,0.0,43.67,43.67,2026-09-09 21:13:42,OK,
TO,GD,34558660000104,7896004732633,Bupropiona 150 mg Caixa 60 Comprimidos de Liberação Lenta,Profarma - DF,293.0,0.7827,221.23,0.0,95.91,48.07,2026-09-09 21:13:42,OK,
TO,GD,34558660000104,7896004733234,Prednisolona 20 mg Caixa 10 Comprimidos,Nazaria - TO,514.0,0.6881999999999999,18.16,0.0,5.66,5.66,2026-09-09 21:13:47,OK,
TO,GD,34558660000104,7896004733234,Prednisolona 20 mg Caixa 10 Comprimidos,Nazaria - MA - Imperatriz,29.0,0.6881999999999999,18.16,0.0,5.66,5.66,2026-09-09 21:13:47,OK,
TO,GD,34558660000104,7896004733234,Prednisolona 20 mg Caixa 10 Comprimidos,Santa Cruz - GO,3252.0,0.6712,18.16,0.0,5.97,5.97,2026-09-09 21:13:47,OK,
TO,GD,34558660000104,7896004733234,Prednisolona 20 mg Caixa 10 Comprimidos,Panpharma - GO,467.0,0.6712,18.16,0.0,5.97,5.97,2026-09-09 21:13:47,OK,
TO,GD,34558660000104,7896004733234,Prednisolona 20 mg Caixa 10 Comprimidos,Profarma - DF,3790.0,0.6461,18.16,0.0,9.86,6.43,2026-09-09 21:13:47,OK,
TO,GD,34558660000104,7896004734354,Moxifloxacino 400 mg Caixa 5 Comprimidos Revestidos,Nazaria - TO,3.0,0.7031999999999999,143.06,0.0,42.46,42.46,2026-09-09 21:13:51,OK,
TO,GD,34558660000104,7896004734354,Moxifloxacino 400 mg Caixa 5 Comprimidos Revestidos,Panpharma - GO,60.0,0.7011,143.06,0.0,42.76,42.76,2026-09-09 21:13:51,OK,
TO,GD,34558660000104,7896004734354,Moxifloxacino 400 mg Caixa 5 Comprimidos Revestidos,Santa Cruz - GO,47.0,0.7011,143.06,0.0,42.76,42.76,2026-09-09 21:13:51,OK,
TO,GD,34558660000104,7896004734354,Moxifloxacino 400 mg Caixa 5 Comprimidos Revestidos,Profarma - DF,114.0,0.6812,143.06,0.0,73.64,45.61,2026-09-09 21:13:51,OK,
TO,GD,34558660000104,7896004734361,Moxifloxacino 400 mg Caixa 7 Comprimidos Revestidos,Nazaria - TO,53.0,0.7151000000000001,181.0,0.0,51.57,51.57,2026-09-09 21:13:56,OK,
TO,GD,34558660000104,7896004734361,Moxifloxacino 400 mg Caixa 7 Comprimidos Revestidos,Nazaria - MA - Imperatriz,19.0,0.7151000000000001,181.0,0.0,51.57,51.57,2026-09-09 21:13:56,OK,
TO,GD,34558660000104,7896004734361,Moxifloxacino 400 mg Caixa 7 Comprimidos Revestidos,Santa Cruz - GO,77.0,0.713,181.0,0.0,51.95,51.95,2026-09-09 21:13:56,OK,
TO,GD,34558660000104,7896004734361,Moxifloxacino 400 mg Caixa 7 Comprimidos Revestidos,Total - TO,57.0,0.7095999999999999,181.0,0.0,52.56,52.56,2026-09-09 21:13:56,OK,
TO,GD,34558660000104,7896004734361,Moxifloxacino 400 mg Caixa 7 Comprimidos Revestidos,Profarma - DF,291.0,0.6931,181.0,0.0,91.44,55.55,2026-09-09 21:13:56,OK,
TO,GD,34558660000104,7896004734392,Drospirenona + Etinilestradiol 3+0.03 mg Caixa 21 Comprimidos Revestidos,Nazaria - MA - Imperatriz,405.0,0.8094,53.54,0.0,10.2,10.2,2026-09-09 21:14:01,OK,
TO,GD,34558660000104,7896004734392,Drospirenona + Etinilestradiol 3+0.03 mg Caixa 21 Comprimidos Revestidos,Nazaria - TO,197.0,0.8094,53.54,0.0,10.2,10.2,2026-09-09 21:14:01,OK,
TO,GD,34558660000104,7896004734392,Drospirenona + Etinilestradiol 3+0.03 mg Caixa 21 Comprimidos Revestidos,Santa Cruz - GO,637.0,0.8073999999999999,53.54,0.0,10.31,10.31,2026-09-09 21:14:01,OK,
TO,GD,34558660000104,7896004734392,Drospirenona + Etinilestradiol 3+0.03 mg Caixa 21 Comprimidos Revestidos,Panpharma - GO,287.0,0.8073999999999999,53.54,0.0,10.31,10.31,2026-09-09 21:14:01,OK,
TO,GD,34558660000104,7896004734392,Drospirenona + Etinilestradiol 3+0.03 mg Caixa 21 Comprimidos Revestidos,Profarma - DF,676.0,0.7875,53.54,0.0,23.01,11.38,2026-09-09 21:14:01,OK,
TO,GD,34558660000104,7896004737058,Atorvastatina Cálcica 20 mg Caixa 60 Comprimidos Revestidos,Nazaria - TO,116.0,0.8953,125.66,0.0,13.16,13.16,2026-09-09 21:14:04,OK,
TO,GD,34558660000104,7896004737058,Atorvastatina Cálcica 20 mg Caixa 60 Comprimidos Revestidos,Santa Cruz - GO,34.0,0.8931999999999999,125.66,0.0,13.42,13.42,2026-09-09 21:14:04,OK,
TO,GD,34558660000104,7896004737119,Paroxetina 20 mg Caixa 30 Comprimidos Revestidos,Nazaria - MA - Imperatriz,62.0,0.8432999999999999,49.28,0.0,7.72,7.72,2026-09-09 21:14:08,OK,
TO,GD,34558660000104,7896004737119,Paroxetina 20 mg Caixa 30 Comprimidos Revestidos,Santa Cruz - GO,258.0,0.7794,49.28,0.0,10.87,10.87,2026-09-09 21:14:08,OK,
TO,GD,34558660000104,7896004737119,Paroxetina 20 mg Caixa 30 Comprimidos Revestidos,Panpharma - GO,250.0,0.7794,49.28,0.0,10.87,10.87,2026-09-09 21:14:08,OK,
TO,GD,34558660000104,7896004737119,Paroxetina 20 mg Caixa 30 Comprimidos Revestidos,Profarma - DF,216.0,0.7595000000000001,49.28,0.0,22.28,11.85,2026-09-09 21:14:08,OK,
TO,GD,34558660000104,7896004737218,Orlistate 120 mg Caixa 42 Cápsulas,Nazaria - MA - Imperatriz,188.0,0.6058,178.09,0.0,70.2,70.2,2026-09-09 21:14:13,OK,
TO,GD,34558660000104,7896004737218,Orlistate 120 mg Caixa 42 Cápsulas,Total - TO,63.0,0.6058,178.09,0.0,70.2,70.2,2026-09-09 21:14:13,OK,
TO,GD,34558660000104,7896004737218,Orlistate 120 mg Caixa 42 Cápsulas,Nazaria - TO,3.0,0.6058,178.09,0.0,70.2,70.2,2026-09-09 21:14:13,OK,
TO,GD,34558660000104,7896004737218,Orlistate 120 mg Caixa 42 Cápsulas,Santa Cruz - GO,341.0,0.5872999999999999,178.09,0.0,73.5,73.5,2026-09-09 21:14:13,OK,
TO,GD,34558660000104,7896004737218,Orlistate 120 mg Caixa 42 Cápsulas,Panpharma - GO,108.0,0.5872999999999999,178.09,0.0,73.5,73.5,2026-09-09 21:14:13,OK,
TO,GD,34558660000104,7896004737218,Orlistate 120 mg Caixa 42 Cápsulas,Profarma - DF,141.0,0.5674,178.09,0.0,106.56,77.04,2026-09-09 21:14:13,OK,
TO,GD,34558660000104,7896004737225,Orlistate 120 mg Caixa 84 Cápsulas,Nazaria - MA - Imperatriz,22.0,0.6918000000000001,358.18,0.0,110.39,110.39,2026-09-09 21:14:18,OK,
TO,GD,34558660000104,7896004737225,Orlistate 120 mg Caixa 84 Cápsulas,Nazaria - TO,2.0,0.6918000000000001,358.18,0.0,110.39,110.39,2026-09-09 21:14:18,OK,
TO,GD,34558660000104,7896004737225,Orlistate 120 mg Caixa 84 Cápsulas,Santa Cruz - GO,534.0,0.6819,358.18,0.0,113.94,113.94,2026-09-09 21:14:18,OK,
TO,GD,34558660000104,7896004737225,Orlistate 120 mg Caixa 84 Cápsulas,Panpharma - GO,57.0,0.6819,358.18,0.0,113.94,113.94,2026-09-09 21:14:18,OK,
TO,GD,34558660000104,7896004737225,Orlistate 120 mg Caixa 84 Cápsulas,Profarma - DF,236.0,0.662,358.18,0.0,187.22,121.06,2026-09-09 21:14:18,OK,
TO,GD,34558660000104,7896004738406,Clopidogrel 75 mg Caixa 28 Comprimidos Revestidos,Nazaria - TO,246.0,0.7567,71.83,0.0,17.48,17.48,2026-09-09 21:14:23,OK,
TO,GD,34558660000104,7896004738406,Clopidogrel 75 mg Caixa 28 Comprimidos Revestidos,Nazaria - MA - Imperatriz,23.0,0.7567,71.83,0.0,17.48,17.48,2026-09-09 21:14:23,OK,
TO,GD,34558660000104,7896004738406,Clopidogrel 75 mg Caixa 28 Comprimidos Revestidos,Panpharma - GO,126.0,0.7408,71.83,0.0,18.62,18.62,2026-09-09 21:14:23,OK,
TO,GD,34558660000104,7896004738406,Clopidogrel 75 mg Caixa 28 Comprimidos Revestidos,Santa Cruz - GO,27.0,0.7408,71.83,0.0,18.62,18.62,2026-09-09 21:14:23,OK,
TO,GD,34558660000104,7896004738406,Clopidogrel 75 mg Caixa 28 Comprimidos Revestidos,Profarma - DF,925.0,0.7209,71.83,0.0,34.68,20.05,2026-09-09 21:14:23,OK,
TO,GD,34558660000104,7896004739588,Bisoprolol 5 mg Caixa 30 Comprimidos Revestidos,Total - TO,254.0,0.7514,51.31,0.0,12.75,12.75,2026-09-09 21:14:27,OK,
TO,GD,34558660000104,7896004739588,Bisoprolol 5 mg Caixa 30 Comprimidos Revestidos,Nazaria - MA - Imperatriz,247.0,0.7515000000000001,51.31,0.0,12.75,12.75,2026-09-09 21:14:27,OK,
TO,GD,34558660000104,7896004739588,Bisoprolol 5 mg Caixa 30 Comprimidos Revestidos,Santa Cruz - GO,571.0,0.695,51.31,0.0,15.65,15.65,2026-09-09 21:14:27,OK,
TO,GD,34558660000104,7896004739588,Bisoprolol 5 mg Caixa 30 Comprimidos Revestidos,Profarma - DF,741.0,0.6912999999999999,51.31,0.0,26.0,15.84,2026-09-09 21:14:27,OK,
TO,GD,34558660000104,7896004739595,Bisoprolol 10 mg Caixa 30 Comprimidos Revestidos,Total - TO,153.0,0.8565,108.23,0.0,15.53,15.53,2026-09-09 21:14:30,OK,
TO,GD,34558660000104,7896004742007,Diclofenaco Sódico 50 mg Caixa 20 Comprimidos Revestidos Lib. Retardada,Nazaria - MA - Imperatriz,241.0,0.8511,25.31,0.0,3.77,3.77,2026-09-09 21:14:35,OK,
TO,GD,34558660000104,7896004742007,Diclofenaco Sódico 50 mg Caixa 20 Comprimidos Revestidos Lib. Retardada,Nazaria - TO,3.0,0.8511,25.31,0.0,3.77,3.77,2026-09-09 21:14:35,OK,
TO,GD,34558660000104,7896004742007,Diclofenaco Sódico 50 mg Caixa 20 Comprimidos Revestidos Lib. Retardada,Santa Cruz - GO,178.0,0.789,25.31,0.0,5.34,5.34,2026-09-09 21:14:35,OK,
TO,GD,34558660000104,7896004742007,Diclofenaco Sódico 50 mg Caixa 20 Comprimidos Revestidos Lib. Retardada,Panpharma - GO,113.0,0.789,25.31,0.0,5.34,5.34,2026-09-09 21:14:35,OK,
TO,GD,34558660000104,7896004742007,Diclofenaco Sódico 50 mg Caixa 20 Comprimidos Revestidos Lib. Retardada,Profarma - DF,271.0,0.7691,25.31,0.0,11.25,5.84,2026-09-09 21:14:35,OK,
TO,GD,34558660000104,7896004742069,Esomeprazol Magnésico 20 mg Caixa 28 Comprimidos Revestidos Lib. Retardada,Nazaria - TO,159.0,0.643,71.18,0.0,25.41,25.41,2026-09-09 21:14:39,OK,
TO,GD,34558660000104,7896004742069,Esomeprazol Magnésico 20 mg Caixa 28 Comprimidos Revestidos Lib. Retardada,Santa Cruz - GO,104.0,0.6335999999999999,71.18,0.0,26.08,26.08,2026-09-09 21:14:39,OK,
TO,GD,34558660000104,7896004742069,Esomeprazol Magnésico 20 mg Caixa 28 Comprimidos Revestidos Lib. Retardada,Profarma - DF,488.0,0.6137,71.18,0.0,40.48,27.5,2026-09-09 21:14:39,OK,
TO,GD,34558660000104,7896004742076,Esomeprazol Magnésico 40 mg Caixa 28 Comprimidos Revestidos Lib. Retardada,Nazaria - TO,624.0,0.8001,235.29,0.0,47.03,47.03,2026-09-09 21:14:43,OK,
TO,GD,34558660000104,7896004742076,Esomeprazol Magnésico 40 mg Caixa 28 Comprimidos Revestidos Lib. Retardada,Santa Cruz - GO,889.0,0.7981,235.29,0.0,47.51,47.51,2026-09-09 21:14:43,OK,
TO,GD,34558660000104,7896004742076,Esomeprazol Magnésico 40 mg Caixa 28 Comprimidos Revestidos Lib. Retardada,Panpharma - GO,304.0,0.7981,235.29,0.0,47.51,47.51,2026-09-09 21:14:43,OK,
TO,GD,34558660000104,7896004742076,Esomeprazol Magnésico 40 mg Caixa 28 Comprimidos Revestidos Lib. Retardada,Profarma - DF,1506.0,0.7781999999999999,235.29,0.0,102.84,52.19,2026-09-09 21:14:43,OK,
TO,GD,34558660000104,7896004742199,Tibolona 2.5 mg Caixa 30 Comprimidos,Nazaria - MA - Imperatriz,139.0,0.6141,65.74,0.0,25.37,25.37,2026-09-09 21:14:48,OK,
TO,GD,34558660000104,7896004742199,Tibolona 2.5 mg Caixa 30 Comprimidos,Nazaria - TO,46.0,0.6141,65.74,0.0,25.37,25.37,2026-09-09 21:14:48,OK,
TO,GD,34558660000104,7896004742199,Tibolona 2.5 mg Caixa 30 Comprimidos,Total - TO,20.0,0.6141,65.73,0.0,25.37,25.37,2026-09-09 21:14:48,OK,
TO,GD,34558660000104,7896004742199,Tibolona 2.5 mg Caixa 30 Comprimidos,Santa Cruz - GO,844.0,0.6022,65.74,0.0,26.15,26.15,2026-09-09 21:14:48,OK,
TO,GD,34558660000104,7896004742199,Tibolona 2.5 mg Caixa 30 Comprimidos,Panpharma - GO,105.0,0.6022,65.74,0.0,26.15,26.15,2026-09-09 21:14:48,OK,
TO,GD,34558660000104,7896004742199,Tibolona 2.5 mg Caixa 30 Comprimidos,Profarma - DF,896.0,0.5822999999999999,65.74,0.0,39.03,27.46,2026-09-09 21:14:48,OK,
TO,GD,34558660000104,7896004743042,Pramipexol 0.250 mg Caixa 30 Comprimidos,Nazaria - MA - Imperatriz,19.0,0.706,78.21,0.0,22.99,22.99,2026-09-09 21:14:52,OK,
TO,GD,34558660000104,7896004743042,Pramipexol 0.250 mg Caixa 30 Comprimidos,Santa Cruz - GO,121.0,0.7039,78.21,0.0,23.16,23.16,2026-09-09 21:14:52,OK,
TO,GD,34558660000104,7896004743042,Pramipexol 0.250 mg Caixa 30 Comprimidos,Panpharma - GO,34.0,0.7039,78.21,0.0,23.16,23.16,2026-09-09 21:14:52,OK,
TO,GD,34558660000104,7896004743745,Rosuvastatina Cálcica 5 mg Caixa 30 Comprimidos Revestidos,Nazaria - TO,129.0,0.8198000000000001,65.76,0.0,11.85,11.85,2026-09-09 21:14:57,OK,
TO,GD,34558660000104,7896004743745,Rosuvastatina Cálcica 5 mg Caixa 30 Comprimidos Revestidos,Nazaria - MA - Imperatriz,118.0,0.8198000000000001,65.76,0.0,11.85,11.85,2026-09-09 21:14:57,OK,
TO,GD,34558660000104,7896004743745,Rosuvastatina Cálcica 5 mg Caixa 30 Comprimidos Revestidos,Santa Cruz - GO,347.0,0.7870999999999999,65.76,0.0,14.0,14.0,2026-09-09 21:14:57,OK,
TO,GD,34558660000104,7896004743745,Rosuvastatina Cálcica 5 mg Caixa 30 Comprimidos Revestidos,Panpharma - GO,125.0,0.7870999999999999,65.76,0.0,14.0,14.0,2026-09-09 21:14:57,OK,
TO,GD,34558660000104,7896004743745,Rosuvastatina Cálcica 5 mg Caixa 30 Comprimidos Revestidos,Profarma - DF,873.0,0.7672,65.76,0.0,29.31,15.31,2026-09-09 21:14:57,OK,
TO,GD,34558660000104,7896004743936,Esomeprazol Magnésico 20 mg Caixa 14 Comprimidos Revestidos Lib. Retardada,Profarma - DF,2.0,0.7762,63.25,0.0,27.75,14.16,2026-09-09 21:15:00,OK,
TO,GD,34558660000104,7896004743943,Esomeprazol Magnésico 40 mg Caixa 14 Comprimidos Revestidos Lib. Retardada,Nazaria - TO,16.0,0.8277,132.2,0.0,22.78,22.78,2026-09-09 21:15:04,OK,
TO,GD,34558660000104,7896004743943,Esomeprazol Magnésico 40 mg Caixa 14 Comprimidos Revestidos Lib. Retardada,Santa Cruz - GO,53.0,0.8256999999999999,132.2,0.0,23.04,23.04,2026-09-09 21:15:04,OK,
TO,GD,34558660000104,7896004743943,Esomeprazol Magnésico 40 mg Caixa 14 Comprimidos Revestidos Lib. Retardada,Panpharma - GO,18.0,0.8256999999999999,132.2,0.0,23.04,23.04,2026-09-09 21:15:04,OK,
TO,GD,34558660000104,7896004743943,Esomeprazol Magnésico 40 mg Caixa 14 Comprimidos Revestidos Lib. Retardada,Profarma - DF,29.0,0.8058,132.2,0.0,54.87,25.67,2026-09-09 21:15:04,OK,
TO,GD,34558660000104,7896004744360,Fluoxetina 20 mg Caixa 30 Cápsulas,Santa Cruz - GO,1000.0,0.9087000000000001,56.79,0.0,5.18,5.18,2026-09-09 21:15:08,OK,
TO,GD,34558660000104,7896004744360,Fluoxetina 20 mg Caixa 30 Cápsulas,Panpharma - GO,483.0,0.9087000000000001,56.79,0.0,5.18,5.18,2026-09-09 21:15:08,OK,
TO,GD,34558660000104,7896004744360,Fluoxetina 20 mg Caixa 30 Cápsulas,Profarma - DF,725.0,0.8887999999999999,56.79,0.0,19.8,6.32,2026-09-09 21:15:08,OK,
TO,GD,34558660000104,7896004744957,Drospirenona + Etinilestradiol 3+0.02 mg Caixa 24 Comprimidos Revestidos,Nazaria - MA - Imperatriz,266.0,0.7901,58.38,0.0,12.25,12.25,2026-09-09 21:15:13,OK,
TO,GD,34558660000104,7896004744957,Drospirenona + Etinilestradiol 3+0.02 mg Caixa 24 Comprimidos Revestidos,Nazaria - TO,209.0,0.7901,58.38,0.0,12.25,12.25,2026-09-09 21:15:13,OK,
TO,GD,34558660000104,7896004744957,Drospirenona + Etinilestradiol 3+0.02 mg Caixa 24 Comprimidos Revestidos,Total - TO,19.0,0.7901,58.38,0.0,12.25,12.25,2026-09-09 21:15:13,OK,
TO,GD,34558660000104,7896004744957,Drospirenona + Etinilestradiol 3+0.02 mg Caixa 24 Comprimidos Revestidos,Santa Cruz - GO,1573.0,0.7812,58.38,0.0,12.77,12.77,2026-09-09 21:15:13,OK,
TO,GD,34558660000104,7896004744957,Drospirenona + Etinilestradiol 3+0.02 mg Caixa 24 Comprimidos Revestidos,Panpharma - GO,47.0,0.7812,58.38,0.0,12.77,12.77,2026-09-09 21:15:13,OK,
TO,GD,34558660000104,7896004744957,Drospirenona + Etinilestradiol 3+0.02 mg Caixa 24 Comprimidos Revestidos,Profarma - DF,354.0,0.7613,58.38,0.0,26.31,13.94,2026-09-09 21:15:13,OK,
TO,GD,34558660000104,7896004746388,Venlafaxina 75 mg Caixa 30 Cápsulas de Liberação Prolongada,Nazaria - MA - Imperatriz,45.0,0.7121999999999999,86.1,0.0,24.78,24.78,2026-09-09 21:15:18,OK,
TO,GD,34558660000104,7896004746388,Venlafaxina 75 mg Caixa 30 Cápsulas de Liberação Prolongada,Nazaria - TO,3.0,0.7121999999999999,86.1,0.0,24.78,24.78,2026-09-09 21:15:18,OK,
TO,GD,34558660000104,7896004746388,Venlafaxina 75 mg Caixa 30 Cápsulas de Liberação Prolongada,Panpharma - GO,149.0,0.6678000000000001,86.1,0.0,28.6,28.6,2026-09-09 21:15:18,OK,
TO,GD,34558660000104,7896004746388,Venlafaxina 75 mg Caixa 30 Cápsulas de Liberação Prolongada,Santa Cruz - GO,116.0,0.6678000000000001,86.1,0.0,28.6,28.6,2026-09-09 21:15:18,OK,
TO,GD,34558660000104,7896004746388,Venlafaxina 75 mg Caixa 30 Cápsulas de Liberação Prolongada,Profarma - DF,194.0,0.6479,86.1,0.0,46.61,30.32,2026-09-09 21:15:18,OK,
TO,GD,34558660000104,7896004746920,Ezetimiba 10 mg Caixa 60 Comprimidos,Nazaria - MA - Imperatriz,211.0,0.7834,135.04,0.0,29.25,29.25,2026-09-09 21:15:23,OK,
TO,GD,34558660000104,7896004746920,Ezetimiba 10 mg Caixa 60 Comprimidos,Nazaria - TO,129.0,0.7834,135.04,0.0,29.25,29.25,2026-09-09 21:15:23,OK,
TO,GD,34558660000104,7896004746920,Ezetimiba 10 mg Caixa 60 Comprimidos,Panpharma - GO,230.0,0.7814,135.04,0.0,29.52,29.52,2026-09-09 21:15:23,OK,
TO,GD,34558660000104,7896004746920,Ezetimiba 10 mg Caixa 60 Comprimidos,Santa Cruz - GO,161.0,0.7814,135.04,0.0,29.52,29.52,2026-09-09 21:15:23,OK,
TO,GD,34558660000104,7896004746920,Ezetimiba 10 mg Caixa 60 Comprimidos,Profarma - DF,696.0,0.7615000000000001,135.04,0.0,60.83,32.21,2026-09-09 21:15:23,OK,
TO,GD,34558660000104,7896004746937,Ezetimiba 10 mg Caixa 30 Comprimidos,Total - TO,31.0,0.792,80.98,0.0,16.85,16.84,2026-09-09 21:15:27,OK,
TO,GD,34558660000104,7896004746937,Ezetimiba 10 mg Caixa 30 Comprimidos,Santa Cruz - GO,1379.0,0.7901,80.99,0.0,17.0,17.0,2026-09-09 21:15:27,OK,
TO,GD,34558660000104,7896004746937,Ezetimiba 10 mg Caixa 30 Comprimidos,Panpharma - GO,1072.0,0.7901,80.99,0.0,17.0,17.0,2026-09-09 21:15:27,OK,
TO,GD,34558660000104,7896004746937,Ezetimiba 10 mg Caixa 30 Comprimidos,Profarma - DF,2065.0,0.7702,80.99,0.0,35.93,18.61,2026-09-09 21:15:27,OK,
TO,GD,34558660000104,7896004747002,Escitalopram 15 mg Caixa 30 Comprimidos Revestidos,Nazaria - MA - Imperatriz,95.0,0.9107999999999999,157.06,0.0,14.01,14.01,2026-09-09 21:15:31,OK,
TO,GD,34558660000104,7896004747002,Escitalopram 15 mg Caixa 30 Comprimidos Revestidos,Santa Cruz - GO,171.0,0.9087000000000001,157.06,0.0,14.34,14.34,2026-09-09 21:15:31,OK,
TO,GD,34558660000104,7896004747002,Escitalopram 15 mg Caixa 30 Comprimidos Revestidos,Panpharma - GO,68.0,0.9087000000000001,157.06,0.0,14.34,14.34,2026-09-09 21:15:31,OK,
TO,GD,34558660000104,7896004747002,Escitalopram 15 mg Caixa 30 Comprimidos Revestidos,Profarma - DF,1052.0,0.8887999999999999,157.06,0.0,54.76,17.47,2026-09-09 21:15:31,OK,
TO,GD,34558660000104,7896004747040,Ezetimiba + Sinvastatina 10+10 mg Caixa 30 Comprimidos,Santa Cruz - GO,43.0,0.7029000000000001,102.0,0.0,30.3,30.3,2026-09-09 21:15:36,OK,
TO,GD,34558660000104,7896004747040,Ezetimiba + Sinvastatina 10+10 mg Caixa 30 Comprimidos,Panpharma - GO,40.0,0.7029000000000001,102.0,0.0,30.3,30.3,2026-09-09 21:15:36,OK,
TO,GD,34558660000104,7896004747040,Ezetimiba + Sinvastatina 10+10 mg Caixa 30 Comprimidos,Profarma - DF,58.0,0.6829999999999999,102.0,0.0,52.36,32.33,2026-09-09 21:15:36,OK,
TO,GD,34558660000104,7896004747040,Ezetimiba + Sinvastatina 10+10 mg Caixa 30 Comprimidos,Nazaria - TO,55.0,0.4153,102.0,0.0,59.64,59.64,2026-09-09 21:15:36,OK,
TO,GD,34558660000104,7896004747040,Ezetimiba + Sinvastatina 10+10 mg Caixa 30 Comprimidos,Total - TO,4.0,0.4017,102.0,0.0,61.02,61.02,2026-09-09 21:15:36,OK,
TO,GD,34558660000104,7896004747057,Ezetimiba + Sinvastatina 10+20 mg Caixa 30 Comprimidos,Nazaria - TO,70.0,0.6731,92.3,0.0,30.17,30.17,2026-09-09 21:15:41,OK,
TO,GD,34558660000104,7896004747057,Ezetimiba + Sinvastatina 10+20 mg Caixa 30 Comprimidos,Nazaria - MA - Imperatriz,14.0,0.6731,92.3,0.0,30.17,30.17,2026-09-09 21:15:41,OK,
TO,GD,34558660000104,7896004747057,Ezetimiba + Sinvastatina 10+20 mg Caixa 30 Comprimidos,Total - TO,26.0,0.6731,92.3,0.0,30.18,30.17,2026-09-09 21:15:41,OK,
TO,GD,34558660000104,7896004747057,Ezetimiba + Sinvastatina 10+20 mg Caixa 30 Comprimidos,Santa Cruz - GO,117.0,0.6659999999999999,92.3,0.0,30.83,30.83,2026-09-09 21:15:41,OK,
TO,GD,34558660000104,7896004747057,Ezetimiba + Sinvastatina 10+20 mg Caixa 30 Comprimidos,Panpharma - GO,52.0,0.6659999999999999,92.3,0.0,30.83,30.83,2026-09-09 21:15:41,OK,
TO,GD,34558660000104,7896004747057,Ezetimiba + Sinvastatina 10+20 mg Caixa 30 Comprimidos,Profarma - DF,900.0,0.6461,92.3,0.0,50.1,32.66,2026-09-09 21:15:41,OK,
TO,GD,34558660000104,7896004747064,Ezetimiba + Sinvastatina 10+40 mg Caixa 30 Comprimidos,Nazaria - TO,80.0,0.3045,162.38,0.0,112.94,112.94,2026-09-09 21:15:45,OK,
TO,GD,34558660000104,7896004747064,Ezetimiba + Sinvastatina 10+40 mg Caixa 30 Comprimidos,Total - TO,43.0,0.3045,162.38,0.0,112.94,112.94,2026-09-09 21:15:45,OK,
TO,GD,34558660000104,7896004747064,Ezetimiba + Sinvastatina 10+40 mg Caixa 30 Comprimidos,Panpharma - GO,11.0,0.2534,162.38,0.0,121.23,121.23,2026-09-09 21:15:45,OK,
TO,GD,34558660000104,7896004747064,Ezetimiba + Sinvastatina 10+40 mg Caixa 30 Comprimidos,Santa Cruz - GO,7.0,0.2534,162.38,0.0,121.23,121.23,2026-09-09 21:15:45,OK,
TO,GD,34558660000104,7896004747620,Aripiprazol 10 mg Caixa 30 Comprimidos,Santa Cruz - GO,231.0,0.7648,241.58,0.0,56.82,56.82,2026-09-09 21:15:50,OK,
TO,GD,34558660000104,7896004747620,Aripiprazol 10 mg Caixa 30 Comprimidos,Panpharma - GO,222.0,0.7648,241.58,0.0,56.82,56.82,2026-09-09 21:15:50,OK,
TO,GD,34558660000104,7896004747620,Aripiprazol 10 mg Caixa 30 Comprimidos,Total - TO,15.0,0.6439,241.58,0.0,86.02,86.02,2026-09-09 21:15:50,OK,
TO,GD,34558660000104,7896004747620,Aripiprazol 10 mg Caixa 30 Comprimidos,Nazaria - MA - Imperatriz,23.0,0.6439,241.58,0.0,86.03,86.03,2026-09-09 21:15:50,OK,
TO,GD,34558660000104,7896004747620,Aripiprazol 10 mg Caixa 30 Comprimidos,Profarma - DF,14.0,0.7448999999999999,241.58,0.0,112.03,61.63,2026-09-09 21:15:50,OK,
TO,GD,34558660000104,7896004747637,Aripiprazol 15 mg Caixa 30 Comprimidos,Santa Cruz - GO,121.0,0.8017,354.09,0.0,70.22,70.22,2026-09-09 21:15:54,OK,
TO,GD,34558660000104,7896004747637,Aripiprazol 15 mg Caixa 30 Comprimidos,Panpharma - GO,92.0,0.8017,354.09,0.0,70.22,70.22,2026-09-09 21:15:54,OK,
TO,GD,34558660000104,7896004747637,Aripiprazol 15 mg Caixa 30 Comprimidos,Total - TO,12.0,0.7465999999999999,354.09,0.0,89.72,89.72,2026-09-09 21:15:54,OK,
TO,GD,34558660000104,7896004747637,Aripiprazol 15 mg Caixa 30 Comprimidos,Profarma - DF,88.0,0.7818999999999999,354.09,0.0,153.73,77.23,2026-09-09 21:15:54,OK,
TO,GD,34558660000104,7896004747774,Duloxetina 60 mg Caixa 30 Cápsulas de Liberação Retardada,Nazaria - MA - Imperatriz,232.0,0.4885,126.61,0.0,64.76,64.76,2026-09-09 21:15:59,OK,
TO,GD,34558660000104,7896004747774,Duloxetina 60 mg Caixa 30 Cápsulas de Liberação Retardada,Total - TO,30.0,0.4885,126.61,0.0,64.76,64.76,2026-09-09 21:15:59,OK,
TO,GD,34558660000104,7896004747774,Duloxetina 60 mg Caixa 30 Cápsulas de Liberação Retardada,Santa Cruz - GO,208.0,0.4732,126.61,0.0,66.7,66.7,2026-09-09 21:15:59,OK,
TO,GD,34558660000104,7896004747774,Duloxetina 60 mg Caixa 30 Cápsulas de Liberação Retardada,Panpharma - GO,188.0,0.4732,126.61,0.0,66.7,66.7,2026-09-09 21:15:59,OK,
TO,GD,34558660000104,7896004747774,Duloxetina 60 mg Caixa 30 Cápsulas de Liberação Retardada,Profarma - DF,454.0,0.4533,126.61,0.0,88.25,69.22,2026-09-09 21:15:59,OK,
TO,GD,34558660000104,7896004747880,Celecoxibe 200 mg Caixa 10 Cápsulas,Nazaria - MA - Imperatriz,95.0,0.8020999999999999,40.96,0.0,8.11,8.11,2026-09-09 21:16:03,OK,
TO,GD,34558660000104,7896004747880,Celecoxibe 200 mg Caixa 10 Cápsulas,Panpharma - GO,124.0,0.8,40.96,0.0,8.19,8.19,2026-09-09 21:16:03,OK,
TO,GD,34558660000104,7896004747880,Celecoxibe 200 mg Caixa 10 Cápsulas,Santa Cruz - GO,116.0,0.8,40.96,0.0,8.19,8.19,2026-09-09 21:16:03,OK,
TO,GD,34558660000104,7896004747880,Celecoxibe 200 mg Caixa 10 Cápsulas,Profarma - DF,213.0,0.7801,40.96,0.0,17.85,9.01,2026-09-09 21:16:03,OK,
TO,GD,34558660000104,7896004747897,Celecoxibe 200 mg Caixa 30 Cápsulas,Nazaria - TO,24.0,0.8114,119.75,0.0,22.58,22.58,2026-09-09 21:16:07,OK,
TO,GD,34558660000104,7896004747897,Celecoxibe 200 mg Caixa 30 Cápsulas,Santa Cruz - GO,80.0,0.8093,119.75,0.0,22.84,22.84,2026-09-09 21:16:07,OK,
TO,GD,34558660000104,7896004747897,Celecoxibe 200 mg Caixa 30 Cápsulas,Panpharma - GO,56.0,0.8093,119.75,0.0,22.84,22.84,2026-09-09 21:16:07,OK,
TO,GD,34558660000104,7896004747897,Celecoxibe 200 mg Caixa 30 Cápsulas,Profarma - DF,39.0,0.7894,119.75,0.0,51.26,25.22,2026-09-09 21:16:07,OK,
TO,GD,34558660000104,7896004748214,Quetiapina 25 mg Caixa 30 Comprimidos Revestidos,Nazaria - MA - Imperatriz,3350.0,0.8581,50.23,0.0,7.13,7.13,2026-09-09 21:16:12,OK,
TO,GD,34558660000104,7896004748214,Quetiapina 25 mg Caixa 30 Comprimidos Revestidos,Nazaria - TO,726.0,0.8581,50.23,0.0,7.13,7.13,2026-09-09 21:16:12,OK,
TO,GD,34558660000104,7896004748214,Quetiapina 25 mg Caixa 30 Comprimidos Revestidos,Total - TO,143.0,0.8581,50.23,0.0,7.13,7.13,2026-09-09 21:16:12,OK,
TO,GD,34558660000104,7896004748214,Quetiapina 25 mg Caixa 30 Comprimidos Revestidos,Santa Cruz - GO,1767.0,0.8538,50.23,0.0,7.34,7.34,2026-09-09 21:16:12,OK,
TO,GD,34558660000104,7896004748214,Quetiapina 25 mg Caixa 30 Comprimidos Revestidos,Panpharma - GO,1453.0,0.8538,50.23,0.0,7.34,7.34,2026-09-09 21:16:12,OK,
TO,GD,34558660000104,7896004748214,Quetiapina 25 mg Caixa 30 Comprimidos Revestidos,Profarma - DF,3875.0,0.8339,50.23,0.0,19.35,8.34,2026-09-09 21:16:12,OK,
TO,GD,34558660000104,7896004749303,Pantoprazol 20 mg Caixa 42 Comprimidos Revestidos Lib. Retardada,Profarma - DF,38.0,0.7946,52.03,0.0,22.05,10.69,2026-09-09 21:16:15,OK,
TO,GD,34558660000104,7896004749358,Pantoprazol 40 mg Caixa 42 Comprimidos Revestidos Lib. Retardada,Nazaria - TO,155.0,0.8256,63.0,0.0,10.99,10.99,2026-09-09 21:16:19,OK,
TO,GD,34558660000104,7896004749624,Tadalafila 5 mg Caixa 30 Comprimidos Revestidos,Nazaria - MA - Imperatriz,1008.0,0.9420000000000001,96.45,0.0,5.59,5.59,2026-09-09 21:16:24,OK,
TO,GD,34558660000104,7896004749624,Tadalafila 5 mg Caixa 30 Comprimidos Revestidos,Nazaria - TO,322.0,0.9420000000000001,96.45,0.0,5.59,5.59,2026-09-09 21:16:24,OK,
TO,GD,34558660000104,7896004749624,Tadalafila 5 mg Caixa 30 Comprimidos Revestidos,Santa Cruz - GO,75129.0,0.9398000000000001,96.45,0.0,5.81,5.81,2026-09-09 21:16:24,OK,
TO,GD,34558660000104,7896004749624,Tadalafila 5 mg Caixa 30 Comprimidos Revestidos,Panpharma - GO,15858.0,0.9398000000000001,96.45,0.0,5.81,5.81,2026-09-09 21:16:24,OK,
TO,GD,34558660000104,7896004749624,Tadalafila 5 mg Caixa 30 Comprimidos Revestidos,Total - TO,166.0,0.9390000000000001,96.45,0.0,5.89,5.88,2026-09-09 21:16:24,OK,
TO,GD,34558660000104,7896004749624,Tadalafila 5 mg Caixa 30 Comprimidos Revestidos,Profarma - DF,19907.0,0.92,96.45,0.0,31.22,7.72,2026-09-09 21:16:24,OK,
TO,GD,34558660000104,7896004749631,Tadalafila 20 mg Caixa 2 Comprimidos Revestidos,Nazaria - TO,674.0,0.9547,40.85,0.0,1.85,1.85,2026-09-09 21:16:27,OK,
TO,GD,34558660000104,7896004749648,Tadalafila 20 mg Caixa 4 Comprimidos Revestidos,Nazaria - MA - Imperatriz,612.0,0.9151,34.25,0.0,2.91,2.91,2026-09-09 21:16:32,OK,
TO,GD,34558660000104,7896004749648,Tadalafila 20 mg Caixa 4 Comprimidos Revestidos,Nazaria - TO,200.0,0.9151,34.25,0.0,2.91,2.91,2026-09-09 21:16:32,OK,
TO,GD,34558660000104,7896004749648,Tadalafila 20 mg Caixa 4 Comprimidos Revestidos,Panpharma - GO,48334.0,0.9131,34.25,0.0,2.98,2.98,2026-09-09 21:16:32,OK,
TO,GD,34558660000104,7896004749648,Tadalafila 20 mg Caixa 4 Comprimidos Revestidos,Santa Cruz - GO,35210.0,0.9131,34.25,0.0,2.98,2.98,2026-09-09 21:16:32,OK,
TO,GD,34558660000104,7896004749648,Tadalafila 20 mg Caixa 4 Comprimidos Revestidos,Profarma - DF,11161.0,0.8931999999999999,34.25,0.0,11.82,3.66,2026-09-09 21:16:32,OK,
TO,GD,34558660000104,7896004749655,Tadalafila 20 mg Caixa 1 Comprimido Revestido,Nazaria - TO,226.0,0.9629000000000001,27.09,0.0,1.01,1.01,2026-09-09 21:16:35,OK,
TO,GD,34558660000104,7896004750330,Olmesartana + Hidroclorotiazida 20+12.5 mg Caixa 30 Comprimidos Revestidos,Total - TO,45.0,0.5818,50.05,0.0,20.93,20.93,2026-09-09 21:16:39,OK,
TO,GD,34558660000104,7896004750330,Olmesartana + Hidroclorotiazida 20+12.5 mg Caixa 30 Comprimidos Revestidos,Santa Cruz - GO,172.0,0.5677,50.05,0.0,21.64,21.64,2026-09-09 21:16:39,OK,
TO,GD,34558660000104,7896004750330,Olmesartana + Hidroclorotiazida 20+12.5 mg Caixa 30 Comprimidos Revestidos,Panpharma - GO,158.0,0.5677,50.05,0.0,21.64,21.64,2026-09-09 21:16:39,OK,
TO,GD,34558660000104,7896004750330,Olmesartana + Hidroclorotiazida 20+12.5 mg Caixa 30 Comprimidos Revestidos,Profarma - DF,220.0,0.5478000000000001,50.05,0.0,31.1,22.63,2026-09-09 21:16:39,OK,
TO,GD,34558660000104,7896004750347,Olmesartana + Hidroclorotiazida 40+12.5 mg Caixa 30 Comprimidos Revestidos,Total - TO,111.0,0.6183,57.01,0.0,21.76,21.76,2026-09-09 21:16:44,OK,
TO,GD,34558660000104,7896004750347,Olmesartana + Hidroclorotiazida 40+12.5 mg Caixa 30 Comprimidos Revestidos,Nazaria - MA - Imperatriz,559.0,0.5816,57.01,0.0,23.85,23.85,2026-09-09 21:16:44,OK,
TO,GD,34558660000104,7896004750347,Olmesartana + Hidroclorotiazida 40+12.5 mg Caixa 30 Comprimidos Revestidos,Nazaria - TO,484.0,0.5816,57.01,0.0,23.85,23.85,2026-09-09 21:16:44,OK,
TO,GD,34558660000104,7896004750347,Olmesartana + Hidroclorotiazida 40+12.5 mg Caixa 30 Comprimidos Revestidos,Santa Cruz - GO,781.0,0.5456,57.01,0.0,25.91,25.91,2026-09-09 21:16:44,OK,
TO,GD,34558660000104,7896004750347,Olmesartana + Hidroclorotiazida 40+12.5 mg Caixa 30 Comprimidos Revestidos,Panpharma - GO,251.0,0.5456,57.01,0.0,25.91,25.91,2026-09-09 21:16:44,OK,
TO,GD,34558660000104,7896004750347,Olmesartana + Hidroclorotiazida 40+12.5 mg Caixa 30 Comprimidos Revestidos,Profarma - DF,1497.0,0.5257000000000001,57.01,0.0,36.44,27.04,2026-09-09 21:16:44,OK,
TO,GD,34558660000104,7896004750354,Olmesartana Medoxomila + Hidroclorotiazida (40+25) mg Caixa 30 Comprimidos Revestidos,Nazaria - TO,478.0,0.5859000000000001,57.0,0.0,23.6,23.6,2026-09-09 21:16:49,OK,
TO,GD,34558660000104,7896004750354,Olmesartana Medoxomila + Hidroclorotiazida (40+25) mg Caixa 30 Comprimidos Revestidos,Nazaria - MA - Imperatriz,101.0,0.5859000000000001,57.0,0.0,23.6,23.6,2026-09-09 21:16:49,OK,
TO,GD,34558660000104,7896004750354,Olmesartana Medoxomila + Hidroclorotiazida (40+25) mg Caixa 30 Comprimidos Revestidos,Total - TO,26.0,0.5859000000000001,57.0,0.0,23.6,23.6,2026-09-09 21:16:49,OK,
TO,GD,34558660000104,7896004750354,Olmesartana Medoxomila + Hidroclorotiazida (40+25) mg Caixa 30 Comprimidos Revestidos,Santa Cruz - GO,1564.0,0.5633,57.0,0.0,24.89,24.89,2026-09-09 21:16:49,OK,
TO,GD,34558660000104,7896004750354,Olmesartana Medoxomila + Hidroclorotiazida (40+25) mg Caixa 30 Comprimidos Revestidos,Panpharma - GO,588.0,0.5633,57.0,0.0,24.89,24.89,2026-09-09 21:16:49,OK,
TO,GD,34558660000104,7896004750354,Olmesartana Medoxomila + Hidroclorotiazida (40+25) mg Caixa 30 Comprimidos Revestidos,Profarma - DF,720.0,0.5434,57.0,0.0,35.62,26.03,2026-09-09 21:16:49,OK,
TO,GD,34558660000104,7896004750620,Olmesartana + Anlodipino 40+10 mg Caixa 30 Comprimidos Revestidos,Nazaria - TO,78.0,0.45409999999999995,51.24,0.0,27.97,27.97,2026-09-09 21:16:54,OK,
TO,GD,34558660000104,7896004750620,Olmesartana + Anlodipino 40+10 mg Caixa 30 Comprimidos Revestidos,Nazaria - MA - Imperatriz,55.0,0.45409999999999995,51.24,0.0,27.97,27.97,2026-09-09 21:16:54,OK,
TO,GD,34558660000104,7896004750620,Olmesartana + Anlodipino 40+10 mg Caixa 30 Comprimidos Revestidos,Total - TO,1.0,0.45409999999999995,51.24,0.0,27.97,27.97,2026-09-09 21:16:54,OK,
TO,GD,34558660000104,7896004750620,Olmesartana + Anlodipino 40+10 mg Caixa 30 Comprimidos Revestidos,Santa Cruz - GO,176.0,0.244,51.24,0.0,38.74,38.74,2026-09-09 21:16:54,OK,
TO,GD,34558660000104,7896004750620,Olmesartana + Anlodipino 40+10 mg Caixa 30 Comprimidos Revestidos,Panpharma - GO,135.0,0.244,51.24,0.0,38.74,38.74,2026-09-09 21:16:54,OK,
TO,GD,34558660000104,7896004750620,Olmesartana + Anlodipino 40+10 mg Caixa 30 Comprimidos Revestidos,Profarma - DF,24.0,0.3157,51.24,0.0,41.36,35.06,2026-09-09 21:16:54,OK,
TO,GD,34558660000104,7896004750637,,,0.0,0.0,0.0,0.0,0.0,0.0,2026-09-09 21:17:07,ERRO,Message: Nenhuma distribuidora pôde ser lida no card do produto.
TO,GD,34558660000104,7896004750644,Olmesartana + Anlodipino 20+5 mg Caixa 30 Comprimidos Revestidos,Nazaria - MA - Imperatriz,106.0,0.45990000000000003,45.31,0.0,24.47,24.47,2026-09-09 21:17:11,OK,
TO,GD,34558660000104,7896004750644,Olmesartana + Anlodipino 20+5 mg Caixa 30 Comprimidos Revestidos,Santa Cruz - GO,161.0,0.2809,45.31,0.0,32.58,32.58,2026-09-09 21:17:11,OK,
TO,GD,34558660000104,7896004750644,Olmesartana + Anlodipino 20+5 mg Caixa 30 Comprimidos Revestidos,Profarma - DF,245.0,0.261,45.31,0.0,38.55,33.48,2026-09-09 21:17:11,OK,
TO,GD,34558660000104,7896004751009,Desvenlafaxina 50 mg Caixa 30 Comprimidos Lib. Prolongada,Nazaria - TO,17.0,0.7923,135.74,0.0,28.19,28.19,2026-09-09 21:17:14,OK,
TO,GD,34558660000104,7896004751016,Desvenlafaxina 100 mg Caixa 30 Comprimidos Lib. Prolongada,Nazaria - TO,16.0,0.7389,142.15,0.0,37.12,37.12,2026-09-09 21:17:18,OK,
TO,GD,34558660000104,7896004751016,Desvenlafaxina 100 mg Caixa 30 Comprimidos Lib. Prolongada,Nazaria - MA - Imperatriz,12.0,0.7389,142.15,0.0,37.12,37.12,2026-09-09 21:17:18,OK,
TO,GD,34558660000104,7896004751016,Desvenlafaxina 100 mg Caixa 30 Comprimidos Lib. Prolongada,Santa Cruz - GO,309.0,0.7251000000000001,142.15,0.0,39.08,39.08,2026-09-09 21:17:18,OK,
TO,GD,34558660000104,7896004751016,Desvenlafaxina 100 mg Caixa 30 Comprimidos Lib. Prolongada,Profarma - DF,1119.0,0.7053,142.15,0.0,70.43,41.89,2026-09-09 21:17:18,OK,
TO,GD,34558660000104,7896004751641,Desogestrel 75 mcg Caixa 28 Comprimidos Revestidos,Nazaria - MA - Imperatriz,63.0,0.767,30.46,0.0,7.1,7.1,2026-09-09 21:17:23,OK,
TO,GD,34558660000104,7896004751641,Desogestrel 75 mcg Caixa 28 Comprimidos Revestidos,Nazaria - TO,48.0,0.767,30.46,0.0,7.1,7.1,2026-09-09 21:17:23,OK,
TO,GD,34558660000104,7896004751641,Desogestrel 75 mcg Caixa 28 Comprimidos Revestidos,Santa Cruz - GO,264.0,0.7033,30.46,0.0,9.04,9.04,2026-09-09 21:17:23,OK,
TO,GD,34558660000104,7896004751641,Desogestrel 75 mcg Caixa 28 Comprimidos Revestidos,Panpharma - GO,64.0,0.7033,30.46,0.0,9.04,9.04,2026-09-09 21:17:23,OK,
TO,GD,34558660000104,7896004751641,Desogestrel 75 mcg Caixa 28 Comprimidos Revestidos,Profarma - DF,255.0,0.6834,30.46,0.0,15.62,9.64,2026-09-09 21:17:23,OK,
TO,GD,34558660000104,7896004752112,Tansulosina 0.4 mg Caixa 20 Comprimidos de Liberação Prolongada,Nazaria - MA - Imperatriz,36.0,0.6587999999999999,80.38,0.0,27.43,27.43,2026-09-09 21:17:28,OK,
TO,GD,34558660000104,7896004752112,Tansulosina 0.4 mg Caixa 20 Comprimidos de Liberação Prolongada,Nazaria - TO,35.0,0.6587999999999999,80.38,0.0,27.43,27.43,2026-09-09 21:17:28,OK,
TO,GD,34558660000104,7896004752112,Tansulosina 0.4 mg Caixa 20 Comprimidos de Liberação Prolongada,Santa Cruz - GO,133.0,0.6567000000000001,80.38,0.0,27.59,27.59,2026-09-09 21:17:28,OK,
TO,GD,34558660000104,7896004752112,Tansulosina 0.4 mg Caixa 20 Comprimidos de Liberação Prolongada,Total - TO,45.0,0.6555,80.38,0.0,27.69,27.69,2026-09-09 21:17:28,OK,
TO,GD,34558660000104,7896004752112,Tansulosina 0.4 mg Caixa 20 Comprimidos de Liberação Prolongada,Profarma - DF,117.0,0.6314,80.38,0.0,44.57,29.63,2026-09-09 21:17:28,OK,
TO,GD,34558660000104,7896004752211,Trazodona 50 mg Caixa 60 Comprimidos Revestidos,Total - TO,44.0,0.6723,68.0,0.0,22.29,22.28,2026-09-09 21:17:32,OK,
TO,GD,34558660000104,7896004752211,Trazodona 50 mg Caixa 60 Comprimidos Revestidos,Nazaria - MA - Imperatriz,434.0,0.6478,68.0,0.0,23.95,23.95,2026-09-09 21:17:32,OK,
TO,GD,34558660000104,7896004752211,Trazodona 50 mg Caixa 60 Comprimidos Revestidos,Santa Cruz - GO,544.0,0.6386,68.0,0.0,24.58,24.58,2026-09-09 21:17:32,OK,
TO,GD,34558660000104,7896004752211,Trazodona 50 mg Caixa 60 Comprimidos Revestidos,Panpharma - GO,463.0,0.6386,68.0,0.0,24.58,24.58,2026-09-09 21:17:32,OK,
TO,GD,34558660000104,7896004752211,Trazodona 50 mg Caixa 60 Comprimidos Revestidos,Profarma - DF,1919.0,0.6187,68.0,0.0,38.4,25.93,2026-09-09 21:17:32,OK,
TO,GD,34558660000104,7896004752228,Trazodona 100 mg Caixa 30 Comprimidos Revestidos,Santa Cruz - GO,140.0,0.6268,67.99,0.0,25.37,25.37,2026-09-09 21:17:36,OK,
TO,GD,34558660000104,7896004752228,Trazodona 100 mg Caixa 30 Comprimidos Revestidos,Panpharma - GO,60.0,0.6268,67.99,0.0,25.37,25.37,2026-09-09 21:17:36,OK,
TO,GD,34558660000104,7896004752228,Trazodona 100 mg Caixa 30 Comprimidos Revestidos,Profarma - DF,430.0,0.6026,67.99,0.0,39.26,27.02,2026-09-09 21:17:36,OK,
TO,GD,34558660000104,7896004752471,Ibandronato De Sódio 150 mg Caixa 1 Comprimido Revestido,Nazaria - MA - Imperatriz,27.0,0.7827,79.14,0.0,17.2,17.2,2026-09-09 21:17:41,OK,
TO,GD,34558660000104,7896004752471,Ibandronato De Sódio 150 mg Caixa 1 Comprimido Revestido,Nazaria - TO,23.0,0.7827,79.14,0.0,17.2,17.2,2026-09-09 21:17:41,OK,
TO,GD,34558660000104,7896004752471,Ibandronato De Sódio 150 mg Caixa 1 Comprimido Revestido,Santa Cruz - GO,136.0,0.7806000000000001,79.14,0.0,17.36,17.36,2026-09-09 21:17:41,OK,
TO,GD,34558660000104,7896004752471,Ibandronato De Sódio 150 mg Caixa 1 Comprimido Revestido,Panpharma - GO,61.0,0.7806000000000001,79.14,0.0,17.36,17.36,2026-09-09 21:17:41,OK,
TO,GD,34558660000104,7896004752525,Cetoprofeno 150 mg Caixa 10 Comprimidos de Liberação Prolongada,Nazaria - MA - Imperatriz,478.0,0.8473999999999999,43.16,0.0,6.59,6.59,2026-09-09 21:17:46,OK,
TO,GD,34558660000104,7896004752525,Cetoprofeno 150 mg Caixa 10 Comprimidos de Liberação Prolongada,Total - TO,431.0,0.8473999999999999,43.16,0.0,6.59,6.59,2026-09-09 21:17:46,OK,
TO,GD,34558660000104,7896004752525,Cetoprofeno 150 mg Caixa 10 Comprimidos de Liberação Prolongada,Nazaria - TO,426.0,0.8473999999999999,43.16,0.0,6.59,6.59,2026-09-09 21:17:46,OK,
TO,GD,34558660000104,7896004752525,Cetoprofeno 150 mg Caixa 10 Comprimidos de Liberação Prolongada,Panpharma - GO,1517.0,0.838,43.16,0.0,6.99,6.99,2026-09-09 21:17:46,OK,
TO,GD,34558660000104,7896004752525,Cetoprofeno 150 mg Caixa 10 Comprimidos de Liberação Prolongada,Santa Cruz - GO,507.0,0.838,43.16,0.0,6.99,6.99,2026-09-09 21:17:46,OK,
TO,GD,34558660000104,7896004752525,Cetoprofeno 150 mg Caixa 10 Comprimidos de Liberação Prolongada,Profarma - DF,204.0,0.83,43.16,0.0,17.08,7.34,2026-09-09 21:17:46,OK,
TO,GD,34558660000104,7896004752730,Gliclazida 60 mg Caixa 30 Comprimidos de Liberação Prolongada,Nazaria - TO,57.0,0.5449,52.9,0.0,24.07,24.07,2026-09-09 21:17:50,OK,
TO,GD,34558660000104,7896004752730,Gliclazida 60 mg Caixa 30 Comprimidos de Liberação Prolongada,Santa Cruz - GO,723.0,0.5023,52.9,0.0,26.33,26.33,2026-09-09 21:17:50,OK,
TO,GD,34558660000104,7896004752730,Gliclazida 60 mg Caixa 30 Comprimidos de Liberação Prolongada,Panpharma - GO,322.0,0.5023,52.9,0.0,26.33,26.33,2026-09-09 21:17:50,OK,
TO,GD,34558660000104,7896004752730,Gliclazida 60 mg Caixa 30 Comprimidos de Liberação Prolongada,Profarma - DF,1301.0,0.4824,52.9,0.0,35.64,27.38,2026-09-09 21:17:50,OK,
TO,GD,34558660000104,7896004753089,Lercanidipino 10 mg Caixa 30 Comprimidos Revestidos,Nazaria - TO,13.0,0.25489999999999996,96.18,0.0,71.66,71.66,2026-09-09 21:17:54,OK,
TO,GD,34558660000104,7896004753089,Lercanidipino 10 mg Caixa 30 Comprimidos Revestidos,Panpharma - GO,68.0,0.19879999999999998,96.18,0.0,77.06,77.06,2026-09-09 21:17:54,OK,
TO,GD,34558660000104,7896004753089,Lercanidipino 10 mg Caixa 30 Comprimidos Revestidos,Santa Cruz - GO,46.0,0.19879999999999998,96.18,0.0,77.06,77.06,2026-09-09 21:17:54,OK,
TO,GD,34558660000104,7896004753089,Lercanidipino 10 mg Caixa 30 Comprimidos Revestidos,Profarma - DF,222.0,0.1698,96.18,0.0,88.84,79.85,2026-09-09 21:17:54,OK,
TO,GD,34558660000104,7896004754154,Metilfenidato 10 mg Caixa 30 Comprimidos,Total - TO,95.0,0.3814,27.12,0.0,16.78,16.78,2026-09-09 21:17:59,OK,
TO,GD,34558660000104,7896004754154,Metilfenidato 10 mg Caixa 30 Comprimidos,Nazaria - MA - Imperatriz,49.0,0.2959,27.12,0.0,19.1,19.1,2026-09-09 21:17:59,OK,
TO,GD,34558660000104,7896004754154,Metilfenidato 10 mg Caixa 30 Comprimidos,Santa Cruz - GO,3751.0,0.2563,27.12,0.0,20.17,20.17,2026-09-09 21:17:59,OK,
TO,GD,34558660000104,7896004754154,Metilfenidato 10 mg Caixa 30 Comprimidos,Panpharma - GO,180.0,0.2563,27.12,0.0,20.17,20.17,2026-09-09 21:17:59,OK,
TO,GD,34558660000104,7896004754154,Metilfenidato 10 mg Caixa 30 Comprimidos,Profarma - DF,691.0,0.2364,27.12,0.0,23.41,20.71,2026-09-09 21:17:59,OK,
TO,GD,34558660000104,7896004754161,Metilfenidato 10 mg Caixa 60 Comprimidos,Total - TO,74.0,0.42969999999999997,52.96,0.0,30.2,30.2,2026-09-09 21:18:04,OK,
TO,GD,34558660000104,7896004754161,Metilfenidato 10 mg Caixa 60 Comprimidos,Nazaria - MA - Imperatriz,221.0,0.2818,52.96,0.0,38.04,38.04,2026-09-09 21:18:04,OK,
TO,GD,34558660000104,7896004754161,Metilfenidato 10 mg Caixa 60 Comprimidos,Nazaria - TO,46.0,0.2818,52.96,0.0,38.04,38.04,2026-09-09 21:18:04,OK,
TO,GD,34558660000104,7896004754161,Metilfenidato 10 mg Caixa 60 Comprimidos,Panpharma - GO,180.0,0.24109999999999998,52.96,0.0,40.19,40.19,2026-09-09 21:18:04,OK,
TO,GD,34558660000104,7896004754161,Metilfenidato 10 mg Caixa 60 Comprimidos,Santa Cruz - GO,95.0,0.24109999999999998,52.96,0.0,40.19,40.19,2026-09-09 21:18:04,OK,
TO,GD,34558660000104,7896004754161,Metilfenidato 10 mg Caixa 60 Comprimidos,Profarma - DF,509.0,0.2212,52.96,0.0,46.36,41.25,2026-09-09 21:18:04,OK,
TO,GD,34558660000104,7896004754949,Duloxetina 30 mg Caixa 30 Cápsulas de Liberação Retardada,Nazaria - MA - Imperatriz,2244.0,0.4725,67.38,0.0,35.54,35.54,2026-09-09 21:18:09,OK,
TO,GD,34558660000104,7896004754949,Duloxetina 30 mg Caixa 30 Cápsulas de Liberação Retardada,Total - TO,94.0,0.4725,67.38,0.0,35.54,35.54,2026-09-09 21:18:09,OK,
TO,GD,34558660000104,7896004754949,Duloxetina 30 mg Caixa 30 Cápsulas de Liberação Retardada,Santa Cruz - GO,465.0,0.4443,67.38,0.0,37.44,37.44,2026-09-09 21:18:09,OK,
TO,GD,34558660000104,7896004754949,Duloxetina 30 mg Caixa 30 Cápsulas de Liberação Retardada,Panpharma - GO,64.0,0.4443,67.38,0.0,37.44,37.44,2026-09-09 21:18:09,OK,
TO,GD,34558660000104,7896004754949,Duloxetina 30 mg Caixa 30 Cápsulas de Liberação Retardada,Profarma - DF,410.0,0.4244,67.38,0.0,48.53,38.78,2026-09-09 21:18:09,OK,
TO,GD,34558660000104,7896004755342,Rosuvastatina Cálcica 5 mg Caixa 60 Comprimidos Revestidos,Nazaria - MA - Imperatriz,151.0,0.7835,121.79,0.0,26.37,26.37,2026-09-09 21:18:13,OK,
TO,GD,34558660000104,7896004755342,Rosuvastatina Cálcica 5 mg Caixa 60 Comprimidos Revestidos,Nazaria - TO,51.0,0.7835,121.79,0.0,26.37,26.37,2026-09-09 21:18:13,OK,
TO,GD,34558660000104,7896004755342,Rosuvastatina Cálcica 5 mg Caixa 60 Comprimidos Revestidos,Profarma - DF,246.0,0.7615000000000001,121.79,0.0,54.87,29.05,2026-09-09 21:18:13,OK,
TO,GD,34558660000104,7896004755878,Drospirenona + Etinilestradiol 3+0.03 mg Caixa 63 Comprimidos Revestidos,Total - TO,42.0,0.7389,126.8,0.0,33.1,33.1,2026-09-09 21:18:18,OK,
TO,GD,34558660000104,7896004755878,Drospirenona + Etinilestradiol 3+0.03 mg Caixa 63 Comprimidos Revestidos,Nazaria - MA - Imperatriz,59.0,0.7389,126.8,0.0,33.11,33.11,2026-09-09 21:18:18,OK,
TO,GD,34558660000104,7896004755878,Drospirenona + Etinilestradiol 3+0.03 mg Caixa 63 Comprimidos Revestidos,Nazaria - TO,13.0,0.7389,126.8,0.0,33.11,33.11,2026-09-09 21:18:18,OK,
TO,GD,34558660000104,7896004755878,Drospirenona + Etinilestradiol 3+0.03 mg Caixa 63 Comprimidos Revestidos,Santa Cruz - GO,139.0,0.735,126.8,0.0,33.6,33.6,2026-09-09 21:18:18,OK,
TO,GD,34558660000104,7896004755878,Drospirenona + Etinilestradiol 3+0.03 mg Caixa 63 Comprimidos Revestidos,Panpharma - GO,83.0,0.735,126.8,0.0,33.6,33.6,2026-09-09 21:18:18,OK,
TO,GD,34558660000104,7896004755878,Drospirenona + Etinilestradiol 3+0.03 mg Caixa 63 Comprimidos Revestidos,Profarma - DF,47.0,0.7151000000000001,126.8,0.0,61.83,36.13,2026-09-09 21:18:18,OK,
TO,GD,34558660000104,7896004756417,Paracetamol + Codeína 500+30 mg Caixa 12 Comprimidos,Nazaria - TO,17.0,0.6173,21.25,0.0,8.13,8.13,2026-09-09 21:18:21,OK,
TO,GD,34558660000104,7896004756424,Paracetamol + Codeína 500+30 mg Caixa 24 Comprimidos,Nazaria - TO,3.0,0.6493000000000001,47.12,0.0,16.52,16.52,2026-09-09 21:18:24,OK,
TO,GD,34558660000104,7896004756431,Paracetamol + Codeína 500+30 mg Caixa 36 Comprimidos,Nazaria - TO,6.0,0.5878,63.73,0.0,26.27,26.27,2026-09-09 21:18:27,OK,
TO,GD,34558660000104,7896004756875,Clonixinato De Lisina + Ciclobenzaprina 125+5 mg Caixa 15 Comprimidos Revestidos,Nazaria - MA - Imperatriz,178.0,0.4017,29.35,0.0,17.56,17.56,2026-09-09 21:18:31,OK,
TO,GD,34558660000104,7896004756875,Clonixinato De Lisina + Ciclobenzaprina 125+5 mg Caixa 15 Comprimidos Revestidos,Profarma - DF,171.0,0.3333,29.35,0.0,23.05,19.57,2026-09-09 21:18:31,OK,
TO,GD,34558660000104,7896004757353,Levocetirizina 5 mg Caixa 10 Comprimidos Revestidos,Nazaria - TO,104.0,0.637,41.98,0.0,15.24,15.24,2026-09-09 21:18:36,OK,
TO,GD,34558660000104,7896004757353,Levocetirizina 5 mg Caixa 10 Comprimidos Revestidos,Nazaria - MA - Imperatriz,95.0,0.637,41.98,0.0,15.24,15.24,2026-09-09 21:18:36,OK,
TO,GD,34558660000104,7896004757353,Levocetirizina 5 mg Caixa 10 Comprimidos Revestidos,Total - TO,25.0,0.637,41.98,0.0,15.24,15.24,2026-09-09 21:18:36,OK,
TO,GD,34558660000104,7896004757353,Levocetirizina 5 mg Caixa 10 Comprimidos Revestidos,Santa Cruz - GO,255.0,0.5528,41.98,0.0,18.77,18.77,2026-09-09 21:18:36,OK,
TO,GD,34558660000104,7896004757353,Levocetirizina 5 mg Caixa 10 Comprimidos Revestidos,Panpharma - GO,153.0,0.5528,41.98,0.0,18.77,18.77,2026-09-09 21:18:36,OK,
TO,GD,34558660000104,7896004757353,Levocetirizina 5 mg Caixa 10 Comprimidos Revestidos,Profarma - DF,742.0,0.5278,41.98,0.0,26.44,19.82,2026-09-09 21:18:36,OK,
TO,GD,34558660000104,7896004758114,Mirtazapina 15 mg Caixa 30 Comprimidos Orodispersíveis,Nazaria - TO,48.0,0.5332,66.9,0.0,31.23,31.23,2026-09-09 21:18:40,OK,
TO,GD,34558660000104,7896004758114,Mirtazapina 15 mg Caixa 30 Comprimidos Orodispersíveis,Santa Cruz - GO,314.0,0.4894,66.9,0.0,34.16,34.16,2026-09-09 21:18:40,OK,
TO,GD,34558660000104,7896004758114,Mirtazapina 15 mg Caixa 30 Comprimidos Orodispersíveis,Panpharma - GO,69.0,0.4894,66.9,0.0,34.16,34.16,2026-09-09 21:18:40,OK,
TO,GD,34558660000104,7896004758114,Mirtazapina 15 mg Caixa 30 Comprimidos Orodispersíveis,Profarma - DF,489.0,0.46950000000000003,66.9,0.0,45.76,35.49,2026-09-09 21:18:40,OK,
TO,GD,34558660000104,7896004758121,,,0.0,0.0,0.0,0.0,0.0,0.0,2026-09-09 21:18:52,ERRO,Message: Nenhuma distribuidora pôde ser lida no card do produto.
TO,GD,34558660000104,7896004758268,Budesonida 32 mcg Frasco 120 Doses Suspensão Spray Nasal,Nazaria - TO,318.0,0.3925,23.41,0.0,14.22,14.22,2026-09-09 21:18:57,OK,
TO,GD,34558660000104,7896004758268,Budesonida 32 mcg Frasco 120 Doses Suspensão Spray Nasal,Nazaria - MA - Imperatriz,215.0,0.3925,23.41,0.0,14.22,14.22,2026-09-09 21:18:57,OK,
TO,GD,34558660000104,7896004758268,Budesonida 32 mcg Frasco 120 Doses Suspensão Spray Nasal,Total - TO,197.0,0.3925,23.41,0.0,14.22,14.22,2026-09-09 21:18:57,OK,
TO,GD,34558660000104,7896004758268,Budesonida 32 mcg Frasco 120 Doses Suspensão Spray Nasal,Santa Cruz - GO,1942.0,0.2938,23.41,0.0,16.53,16.53,2026-09-09 21:18:57,OK,
TO,GD,34558660000104,7896004758268,Budesonida 32 mcg Frasco 120 Doses Suspensão Spray Nasal,Panpharma - GO,363.0,0.2938,23.41,0.0,16.53,16.53,2026-09-09 21:18:57,OK,
TO,GD,34558660000104,7896004758268,Budesonida 32 mcg Frasco 120 Doses Suspensão Spray Nasal,Profarma - DF,1637.0,0.251,23.41,0.0,20.09,17.53,2026-09-09 21:18:57,OK,
TO,GD,34558660000104,7896004758275,Budesonida 64 mcg Frasco 120 Doses Suspensão Spray Nasal,Nazaria - TO,69.0,0.3055,28.4,0.0,19.72,19.72,2026-09-09 21:19:02,OK,
TO,GD,34558660000104,7896004758275,Budesonida 64 mcg Frasco 120 Doses Suspensão Spray Nasal,Total - TO,64.0,0.3055,28.4,0.0,19.72,19.72,2026-09-09 21:19:02,OK,
TO,GD,34558660000104,7896004758275,Budesonida 64 mcg Frasco 120 Doses Suspensão Spray Nasal,Nazaria - MA - Imperatriz,41.0,0.3055,28.4,0.0,19.72,19.72,2026-09-09 21:19:02,OK,
TO,GD,34558660000104,7896004758275,Budesonida 64 mcg Frasco 120 Doses Suspensão Spray Nasal,Profarma - DF,2275.0,0.21539999999999998,28.4,0.0,25.19,22.28,2026-09-09 21:19:02,OK,
TO,GD,34558660000104,7896004759593,Sertralina 100 mg Caixa 30 Comprimidos Revestidos,Santa Cruz - GO,180.0,0.8902,171.59,0.0,18.84,18.84,2026-09-09 21:19:06,OK,
TO,GD,34558660000104,7896004759593,Sertralina 100 mg Caixa 30 Comprimidos Revestidos,Panpharma - GO,87.0,0.8902,171.59,0.0,18.84,18.84,2026-09-09 21:19:06,OK,
TO,GD,34558660000104,7896004759593,Sertralina 100 mg Caixa 30 Comprimidos Revestidos,Profarma - DF,5432.0,0.8703,171.59,0.0,62.36,22.26,2026-09-09 21:19:06,OK,
TO,GD,34558660000104,7896004759609,Amoxicilina + Clavulanato 875+125 mg Caixa 20 Comprimidos Revestidos,Total - TO,25.0,0.5684,107.08,0.0,46.21,46.21,2026-09-09 21:19:10,OK,
TO,GD,34558660000104,7896004759609,Amoxicilina + Clavulanato 875+125 mg Caixa 20 Comprimidos Revestidos,Nazaria - MA - Imperatriz,38.0,0.46990000000000004,107.08,0.0,56.76,56.76,2026-09-09 21:19:10,OK,
TO,GD,34558660000104,7896004759609,Amoxicilina + Clavulanato 875+125 mg Caixa 20 Comprimidos Revestidos,Santa Cruz - GO,1452.0,0.45520000000000005,107.08,0.0,58.34,58.34,2026-09-09 21:19:10,OK,
TO,GD,34558660000104,7896004759609,Amoxicilina + Clavulanato 875+125 mg Caixa 20 Comprimidos Revestidos,Panpharma - GO,51.0,0.45520000000000005,107.08,0.0,58.34,58.34,2026-09-09 21:19:10,OK,
TO,GD,34558660000104,7896004759609,Amoxicilina + Clavulanato 875+125 mg Caixa 20 Comprimidos Revestidos,Profarma - DF,1446.0,0.4303,107.08,0.0,76.6,61.0,2026-09-09 21:19:10,OK,
TO,GD,34558660000104,7896004759678,Azitromicina Di-hidratada 1500 mg Frasco 37.5 ml Pó Para Suspensão Oral + Seringa,Nazaria - MA - Imperatriz,49.0,0.1677,37.96,0.0,31.59,31.59,2026-09-09 21:19:15,OK,
TO,GD,34558660000104,7896004759678,Azitromicina Di-hidratada 1500 mg Frasco 37.5 ml Pó Para Suspensão Oral + Seringa,Total - TO,42.0,0.1677,37.96,0.0,31.6,31.59,2026-09-09 21:19:15,OK,
TO,GD,34558660000104,7896004759678,Azitromicina Di-hidratada 1500 mg Frasco 37.5 ml Pó Para Suspensão Oral + Seringa,Santa Cruz - GO,296.0,0.1404,37.96,0.0,32.63,32.63,2026-09-09 21:19:15,OK,
TO,GD,34558660000104,7896004759678,Azitromicina Di-hidratada 1500 mg Frasco 37.5 ml Pó Para Suspensão Oral + Seringa,Panpharma - GO,68.0,0.1404,37.96,0.0,32.63,32.63,2026-09-09 21:19:15,OK,
TO,GD,34558660000104,7896004759678,Azitromicina Di-hidratada 1500 mg Frasco 37.5 ml Pó Para Suspensão Oral + Seringa,Profarma - DF,143.0,0.1108,37.96,0.0,36.85,33.75,2026-09-09 21:19:15,OK,
TO,GD,34558660000104,7896004759692,Clonazepam 2 mg Caixa 60 Comprimidos,Nazaria - MA - Imperatriz,64.0,0.7711,33.28,0.0,7.62,7.62,2026-09-09 21:19:19,OK,
TO,GD,34558660000104,7896004759692,Clonazepam 2 mg Caixa 60 Comprimidos,Nazaria - TO,45.0,0.7711,33.28,0.0,7.62,7.62,2026-09-09 21:19:19,OK,
TO,GD,34558660000104,7896004759692,Clonazepam 2 mg Caixa 60 Comprimidos,Santa Cruz - GO,251.0,0.7691,33.28,0.0,7.68,7.68,2026-09-09 21:19:19,OK,
TO,GD,34558660000104,7896004759692,Clonazepam 2 mg Caixa 60 Comprimidos,Panpharma - GO,75.0,0.7691,33.28,0.0,7.68,7.68,2026-09-09 21:19:19,OK,
TO,GD,34558660000104,7896004759715,Venlafaxina 37.5 mg Caixa 30 Cápsulas de Liberação Prolongada,Nazaria - TO,50.0,0.6112,49.99,0.0,19.44,19.44,2026-09-09 21:19:24,OK,
TO,GD,34558660000104,7896004759715,Venlafaxina 37.5 mg Caixa 30 Cápsulas de Liberação Prolongada,Nazaria - MA - Imperatriz,24.0,0.6112,49.99,0.0,19.44,19.44,2026-09-09 21:19:24,OK,
TO,GD,34558660000104,7896004759715,Venlafaxina 37.5 mg Caixa 30 Cápsulas de Liberação Prolongada,Panpharma - GO,106.0,0.5953,49.99,0.0,20.23,20.23,2026-09-09 21:19:24,OK,
TO,GD,34558660000104,7896004759715,Venlafaxina 37.5 mg Caixa 30 Cápsulas de Liberação Prolongada,Santa Cruz - GO,53.0,0.5953,49.99,0.0,20.23,20.23,2026-09-09 21:19:24,OK,
TO,GD,34558660000104,7896004759722,Drospirenona + Etinilestradiol 3+0.02 mg Caixa 72 Comprimidos (3x24),Nazaria - TO,60.0,0.8016,146.85,0.0,29.14,29.14,2026-09-09 21:19:28,OK,
TO,GD,34558660000104,7896004759722,Drospirenona + Etinilestradiol 3+0.02 mg Caixa 72 Comprimidos (3x24),Nazaria - MA - Imperatriz,27.0,0.8016,146.85,0.0,29.14,29.14,2026-09-09 21:19:28,OK,
TO,GD,34558660000104,7896004759722,Drospirenona + Etinilestradiol 3+0.02 mg Caixa 72 Comprimidos (3x24),Santa Cruz - GO,108.0,0.7995,146.85,0.0,29.44,29.44,2026-09-09 21:19:28,OK,
TO,GD,34558660000104,7896004759722,Drospirenona + Etinilestradiol 3+0.02 mg Caixa 72 Comprimidos (3x24),Panpharma - GO,27.0,0.7995,146.85,0.0,29.44,29.44,2026-09-09 21:19:28,OK,
TO,GD,34558660000104,7896004759722,Drospirenona + Etinilestradiol 3+0.02 mg Caixa 72 Comprimidos (3x24),Profarma - DF,47.0,0.7796,146.85,0.0,64.02,32.37,2026-09-09 21:19:28,OK,
TO,GD,34558660000104,7896004759739,Atenolol + Clortalidona 50+12.5 mg Caixa 60 Comprimidos,Nazaria - TO,154.0,0.7356,55.54,0.0,14.68,14.68,2026-09-09 21:19:33,OK,
TO,GD,34558660000104,7896004759739,Atenolol + Clortalidona 50+12.5 mg Caixa 60 Comprimidos,Nazaria - MA - Imperatriz,22.0,0.7356,55.54,0.0,14.68,14.68,2026-09-09 21:19:33,OK,
TO,GD,34558660000104,7896004759739,Atenolol + Clortalidona 50+12.5 mg Caixa 60 Comprimidos,Santa Cruz - GO,127.0,0.7334999999999999,55.54,0.0,14.8,14.8,2026-09-09 21:19:33,OK,
TO,GD,34558660000104,7896004759739,Atenolol + Clortalidona 50+12.5 mg Caixa 60 Comprimidos,Panpharma - GO,41.0,0.7334999999999999,55.54,0.0,14.8,14.8,2026-09-09 21:19:33,OK,
TO,GD,34558660000104,7896004759791,Olanzapina 10 mg Caixa 30 Comprimidos Revestidos,Total - TO,52.0,0.8554999999999999,246.74,0.0,35.65,35.65,2026-09-09 21:19:37,OK,
TO,GD,34558660000104,7896004759791,Olanzapina 10 mg Caixa 30 Comprimidos Revestidos,Nazaria - MA - Imperatriz,28.0,0.8554999999999999,246.74,0.0,35.65,35.65,2026-09-09 21:19:37,OK,
TO,GD,34558660000104,7896004759791,Olanzapina 10 mg Caixa 30 Comprimidos Revestidos,Santa Cruz - GO,80.0,0.8340000000000001,246.74,0.0,40.96,40.96,2026-09-09 21:19:37,OK,
TO,GD,34558660000104,7896004759791,Olanzapina 10 mg Caixa 30 Comprimidos Revestidos,Panpharma - GO,25.0,0.8340000000000001,246.74,0.0,40.96,40.96,2026-09-09 21:19:37,OK,
TO,GD,34558660000104,7896004759791,Olanzapina 10 mg Caixa 30 Comprimidos Revestidos,Profarma - DF,103.0,0.8140999999999999,246.74,0.0,100.76,45.87,2026-09-09 21:19:37,OK,
TO,GD,34558660000104,7896004759807,Olanzapina 5 mg Caixa 30 Comprimidos Revestidos,Nazaria - MA - Imperatriz,18.0,0.8344,125.85,0.0,20.84,20.84,2026-09-09 21:19:41,OK,
TO,GD,34558660000104,7896004759807,Olanzapina 5 mg Caixa 30 Comprimidos Revestidos,Santa Cruz - GO,91.0,0.8323,125.85,0.0,21.11,21.11,2026-09-09 21:19:41,OK,
TO,GD,34558660000104,7896004759807,Olanzapina 5 mg Caixa 30 Comprimidos Revestidos,Panpharma - GO,34.0,0.8323,125.85,0.0,21.11,21.11,2026-09-09 21:19:41,OK,
TO,GD,34558660000104,7896004759807,Olanzapina 5 mg Caixa 30 Comprimidos Revestidos,Profarma - DF,110.0,0.8123999999999999,125.85,0.0,51.56,23.61,2026-09-09 21:19:41,OK,
TO,GD,34558660000104,7896004759814,Olanzapina 2.5 mg Caixa 30 Comprimidos Revestidos,Nazaria - MA - Imperatriz,45.0,0.8592,74.89,0.0,10.54,10.54,2026-09-09 21:19:46,OK,
TO,GD,34558660000104,7896004759814,Olanzapina 2.5 mg Caixa 30 Comprimidos Revestidos,Nazaria - TO,12.0,0.8592,74.89,0.0,10.54,10.54,2026-09-09 21:19:46,OK,
TO,GD,34558660000104,7896004759814,Olanzapina 2.5 mg Caixa 30 Comprimidos Revestidos,Total - TO,35.0,0.8592,74.89,0.0,10.55,10.54,2026-09-09 21:19:46,OK,
TO,GD,34558660000104,7896004759814,Olanzapina 2.5 mg Caixa 30 Comprimidos Revestidos,Santa Cruz - GO,127.0,0.8170000000000001,74.89,0.0,13.7,13.7,2026-09-09 21:19:46,OK,
TO,GD,34558660000104,7896004759814,Olanzapina 2.5 mg Caixa 30 Comprimidos Revestidos,Panpharma - GO,17.0,0.8170000000000001,74.89,0.0,13.7,13.7,2026-09-09 21:19:46,OK,
TO,GD,34558660000104,7896004759845,Sertralina 50 mg Caixa 30 Comprimidos Revestidos,Nazaria - MA - Imperatriz,618.0,0.9012,79.99,0.0,7.9,7.9,2026-09-09 21:19:51,OK,
TO,GD,34558660000104,7896004759845,Sertralina 50 mg Caixa 30 Comprimidos Revestidos,Nazaria - TO,605.0,0.9012,79.99,0.0,7.9,7.9,2026-09-09 21:19:51,OK,
TO,GD,34558660000104,7896004759845,Sertralina 50 mg Caixa 30 Comprimidos Revestidos,Panpharma - GO,1093.0,0.8991,79.99,0.0,8.07,8.07,2026-09-09 21:19:51,OK,
TO,GD,34558660000104,7896004759845,Sertralina 50 mg Caixa 30 Comprimidos Revestidos,Santa Cruz - GO,853.0,0.8991,79.99,0.0,8.07,8.07,2026-09-09 21:19:51,OK,
TO,GD,34558660000104,7896004759845,Sertralina 50 mg Caixa 30 Comprimidos Revestidos,Total - TO,32.0,0.8901,79.98,0.0,8.78,8.78,2026-09-09 21:19:51,OK,
TO,GD,34558660000104,7896004759845,Sertralina 50 mg Caixa 30 Comprimidos Revestidos,Profarma - DF,1681.0,0.88,79.99,0.0,28.46,9.6,2026-09-09 21:19:51,OK,
TO,GD,34558660000104,7896004761275,Cilostazol 50 mg Caixa 30 Comprimidos,Nazaria - TO,33.0,0.4227,15.69,0.0,9.06,9.06,2026-09-09 21:19:55,OK,
TO,GD,34558660000104,7896004761275,Cilostazol 50 mg Caixa 30 Comprimidos,Profarma - DF,1.0,0.389,15.69,0.0,11.74,9.59,2026-09-09 21:19:55,OK,
TO,GD,34558660000104,7896004761299,Cilostazol 100 mg Caixa 30 Comprimidos,Total - TO,54.0,0.3569,33.7,0.0,21.67,21.67,2026-09-09 21:19:59,OK,
TO,GD,34558660000104,7896004761299,Cilostazol 100 mg Caixa 30 Comprimidos,Nazaria - TO,37.0,0.3569,33.7,0.0,21.67,21.67,2026-09-09 21:19:59,OK,
TO,GD,34558660000104,7896004761299,Cilostazol 100 mg Caixa 30 Comprimidos,Santa Cruz - GO,169.0,0.3404,33.7,0.0,22.23,22.23,2026-09-09 21:19:59,OK,
TO,GD,34558660000104,7896004761299,Cilostazol 100 mg Caixa 30 Comprimidos,Panpharma - GO,65.0,0.3404,33.7,0.0,22.23,22.23,2026-09-09 21:19:59,OK,
TO,GD,34558660000104,7896004761299,Cilostazol 100 mg Caixa 30 Comprimidos,Profarma - DF,64.0,0.313,33.7,0.0,27.27,23.15,2026-09-09 21:19:59,OK,
TO,GD,34558660000104,7896004761305,Cilostazol 100 mg Caixa 60 Comprimidos,Nazaria - MA - Imperatriz,52.0,0.33130000000000004,47.36,0.0,31.67,31.67,2026-09-09 21:20:04,OK,
TO,GD,34558660000104,7896004761305,Cilostazol 100 mg Caixa 60 Comprimidos,Nazaria - TO,41.0,0.33130000000000004,47.36,0.0,31.67,31.67,2026-09-09 21:20:04,OK,
TO,GD,34558660000104,7896004761305,Cilostazol 100 mg Caixa 60 Comprimidos,Santa Cruz - GO,106.0,0.2929,47.36,0.0,33.49,33.49,2026-09-09 21:20:04,OK,
TO,GD,34558660000104,7896004761305,Cilostazol 100 mg Caixa 60 Comprimidos,Panpharma - GO,57.0,0.2929,47.36,0.0,33.49,33.49,2026-09-09 21:20:04,OK,
TO,GD,34558660000104,7896004761305,Cilostazol 100 mg Caixa 60 Comprimidos,Profarma - DF,427.0,0.273,47.36,0.0,39.84,34.43,2026-09-09 21:20:04,OK,
TO,GD,34558660000104,7896004761817,Tansulosina 0.4 mg Caixa 30 Comprimidos de Liberação Prolongada,Total - TO,40.0,0.6434000000000001,93.51,0.0,33.33,33.33,2026-09-09 21:20:09,OK,
TO,GD,34558660000104,7896004761817,Tansulosina 0.4 mg Caixa 30 Comprimidos de Liberação Prolongada,Nazaria - TO,652.0,0.6435,93.51,0.0,33.34,33.34,2026-09-09 21:20:09,OK,
TO,GD,34558660000104,7896004761817,Tansulosina 0.4 mg Caixa 30 Comprimidos de Liberação Prolongada,Nazaria - MA - Imperatriz,345.0,0.6435,93.51,0.0,33.34,33.34,2026-09-09 21:20:09,OK,
TO,GD,34558660000104,7896004761817,Tansulosina 0.4 mg Caixa 30 Comprimidos de Liberação Prolongada,Santa Cruz - GO,951.0,0.6278,93.51,0.0,34.8,34.8,2026-09-09 21:20:09,OK,
TO,GD,34558660000104,7896004761817,Tansulosina 0.4 mg Caixa 30 Comprimidos de Liberação Prolongada,Panpharma - GO,618.0,0.6278,93.51,0.0,34.8,34.8,2026-09-09 21:20:09,OK,
TO,GD,34558660000104,7896004761817,Tansulosina 0.4 mg Caixa 30 Comprimidos de Liberação Prolongada,Profarma - DF,2697.0,0.6079,93.51,0.0,53.61,36.67,2026-09-09 21:20:09,OK,
TO,GD,34558660000104,7896004761824,Tansulosina 0.4 mg Caixa 60 Comprimidos de Liberação Prolongada,Nazaria - MA - Imperatriz,199.0,0.7051000000000001,216.76,0.0,63.92,63.92,2026-09-09 21:20:14,OK,
TO,GD,34558660000104,7896004761824,Tansulosina 0.4 mg Caixa 60 Comprimidos de Liberação Prolongada,Nazaria - TO,27.0,0.7051000000000001,216.76,0.0,63.92,63.92,2026-09-09 21:20:14,OK,
TO,GD,34558660000104,7896004761824,Tansulosina 0.4 mg Caixa 60 Comprimidos de Liberação Prolongada,Total - TO,35.0,0.705,216.76,0.0,63.93,63.93,2026-09-09 21:20:14,OK,
TO,GD,34558660000104,7896004761824,Tansulosina 0.4 mg Caixa 60 Comprimidos de Liberação Prolongada,Santa Cruz - GO,378.0,0.6938,216.76,0.0,66.37,66.37,2026-09-09 21:20:14,OK,
TO,GD,34558660000104,7896004761824,Tansulosina 0.4 mg Caixa 60 Comprimidos de Liberação Prolongada,Panpharma - GO,81.0,0.6938,216.76,0.0,66.37,66.37,2026-09-09 21:20:14,OK,
TO,GD,34558660000104,7896004761824,Tansulosina 0.4 mg Caixa 60 Comprimidos de Liberação Prolongada,Profarma - DF,252.0,0.6739,216.76,0.0,112.84,70.69,2026-09-09 21:20:14,OK,
TO,GD,34558660000104,7896004762227,Azitromicina Di-hidratada 500 mg Caixa 5 Comprimidos Revestidos,Nazaria - TO,139.0,0.8648,49.41,0.0,6.68,6.68,2026-09-09 21:20:19,OK,
TO,GD,34558660000104,7896004762227,Azitromicina Di-hidratada 500 mg Caixa 5 Comprimidos Revestidos,Nazaria - MA - Imperatriz,53.0,0.8648,49.41,0.0,6.68,6.68,2026-09-09 21:20:19,OK,
TO,GD,34558660000104,7896004762227,Azitromicina Di-hidratada 500 mg Caixa 5 Comprimidos Revestidos,Santa Cruz - GO,858.0,0.8626999999999999,49.41,0.0,6.78,6.78,2026-09-09 21:20:19,OK,
TO,GD,34558660000104,7896004762227,Azitromicina Di-hidratada 500 mg Caixa 5 Comprimidos Revestidos,Total - TO,57.0,0.8588,49.41,0.0,6.97,6.97,2026-09-09 21:20:19,OK,
TO,GD,34558660000104,7896004762227,Azitromicina Di-hidratada 500 mg Caixa 5 Comprimidos Revestidos,Profarma - DF,457.0,0.8428,49.41,0.0,19.04,7.77,2026-09-09 21:20:19,OK,
TO,GD,34558660000104,7896004762319,Gliclazida 30 mg Caixa 30 Comprimidos de Liberação Prolongada,Nazaria - MA - Imperatriz,578.0,0.6589,24.69,0.0,8.42,8.42,2026-09-09 21:20:23,OK,
TO,GD,34558660000104,7896004762319,Gliclazida 30 mg Caixa 30 Comprimidos de Liberação Prolongada,Nazaria - TO,32.0,0.6589,24.69,0.0,8.42,8.42,2026-09-09 21:20:23,OK,
TO,GD,34558660000104,7896004762319,Gliclazida 30 mg Caixa 30 Comprimidos de Liberação Prolongada,Total - TO,27.0,0.6589,24.69,0.0,8.42,8.42,2026-09-09 21:20:23,OK,
TO,GD,34558660000104,7896004762319,Gliclazida 30 mg Caixa 30 Comprimidos de Liberação Prolongada,Santa Cruz - GO,123.0,0.537,24.69,0.0,11.43,11.43,2026-09-09 21:20:23,OK,
TO,GD,34558660000104,7896004762319,Gliclazida 30 mg Caixa 30 Comprimidos de Liberação Prolongada,Profarma - DF,513.0,0.5171,24.69,0.0,15.95,11.92,2026-09-09 21:20:23,OK,
TO,GD,34558660000104,7896004762364,Gliclazida 60 mg Caixa 60 Comprimidos de Liberação Prolongada,Nazaria - MA - Imperatriz,226.0,0.5183,96.35,0.0,46.41,46.41,2026-09-09 21:20:27,OK,
TO,GD,34558660000104,7896004762364,Gliclazida 60 mg Caixa 60 Comprimidos de Liberação Prolongada,Total - TO,49.0,0.5183,96.35,0.0,46.41,46.41,2026-09-09 21:20:27,OK,
TO,GD,34558660000104,7896004762364,Gliclazida 60 mg Caixa 60 Comprimidos de Liberação Prolongada,Santa Cruz - GO,75.0,0.4978,96.35,0.0,48.39,48.39,2026-09-09 21:20:27,OK,
TO,GD,34558660000104,7896004763576,Hidroxicloroquina 400 mg Caixa 30 Comprimidos Revestidos,Nazaria - TO,39.0,0.1461,77.51,0.0,66.19,66.19,2026-09-09 21:20:31,OK,
TO,GD,34558660000104,7896004763576,Hidroxicloroquina 400 mg Caixa 30 Comprimidos Revestidos,Total - TO,9.0,0.1461,77.51,0.0,66.19,66.19,2026-09-09 21:20:31,OK,
TO,GD,34558660000104,7896004763576,Hidroxicloroquina 400 mg Caixa 30 Comprimidos Revestidos,Santa Cruz - GO,22.0,0.1223,77.51,0.0,68.03,68.03,2026-09-09 21:20:31,OK,
TO,GD,34558660000104,7896004766980,,,0.0,0.0,0.0,0.0,0.0,0.0,2026-09-09 21:20:43,ERRO,Message: Nenhuma distribuidora pôde ser lida no card do produto.
TO,GD,34558660000104,7896004766997,Rivaroxabana 10 mg Caixa 30 Comprimidos Revestidos,Nazaria - MA - Imperatriz,44.0,0.9305,211.66,0.0,14.71,14.71,2026-09-09 21:20:47,OK,
TO,GD,34558660000104,7896004766997,Rivaroxabana 10 mg Caixa 30 Comprimidos Revestidos,Nazaria - TO,27.0,0.9305,211.66,0.0,14.71,14.71,2026-09-09 21:20:47,OK,
TO,GD,34558660000104,7896004766997,Rivaroxabana 10 mg Caixa 30 Comprimidos Revestidos,Santa Cruz - GO,57.0,0.9284,211.66,0.0,15.15,15.15,2026-09-09 21:20:47,OK,
TO,GD,34558660000104,7896004766997,Rivaroxabana 10 mg Caixa 30 Comprimidos Revestidos,Profarma - DF,348.0,0.9085,211.66,0.0,70.46,19.37,2026-09-09 21:20:47,OK,
TO,GD,34558660000104,7896004767017,,,0.0,0.0,0.0,0.0,0.0,0.0,2026-09-09 21:21:00,ERRO,Message: Nenhuma distribuidora pôde ser lida no card do produto.
TO,GD,34558660000104,7896004767055,,,0.0,0.0,0.0,0.0,0.0,0.0,2026-09-09 21:21:12,ERRO,Message: Nenhuma distribuidora pôde ser lida no card do produto.
TO,GD,34558660000104,7896004767130,Zolpidem 10 mg Caixa 30 Comprimidos Revestidos,Nazaria - TO,1223.0,0.9196,65.53,0.0,5.27,5.27,2026-09-09 21:21:16,OK,
TO,GD,34558660000104,7896004767130,Zolpidem 10 mg Caixa 30 Comprimidos Revestidos,Nazaria - MA - Imperatriz,20.0,0.9196,65.53,0.0,5.27,5.27,2026-09-09 21:21:16,OK,
TO,GD,34558660000104,7896004767130,Zolpidem 10 mg Caixa 30 Comprimidos Revestidos,Santa Cruz - GO,2028.0,0.9176000000000001,65.53,0.0,5.4,5.4,2026-09-09 21:21:16,OK,
TO,GD,34558660000104,7896004767130,Zolpidem 10 mg Caixa 30 Comprimidos Revestidos,Panpharma - GO,1050.0,0.9176000000000001,65.53,0.0,5.4,5.4,2026-09-09 21:21:16,OK,
TO,GD,34558660000104,7896004767130,Zolpidem 10 mg Caixa 30 Comprimidos Revestidos,Profarma - DF,1438.0,0.8976999999999999,65.53,0.0,22.38,6.7,2026-09-09 21:21:16,OK,
TO,GD,34558660000104,7896004768212,Donepezila 5 mg Caixa 30 Comprimidos Revestidos,Nazaria - MA - Imperatriz,32.0,0.8554999999999999,145.03,0.0,20.96,20.96,2026-09-09 21:21:21,OK,
TO,GD,34558660000104,7896004768212,Donepezila 5 mg Caixa 30 Comprimidos Revestidos,Santa Cruz - GO,130.0,0.8534,145.03,0.0,21.26,21.26,2026-09-09 21:21:21,OK,
TO,GD,34558660000104,7896004768212,Donepezila 5 mg Caixa 30 Comprimidos Revestidos,Panpharma - GO,114.0,0.8534,145.03,0.0,21.26,21.26,2026-09-09 21:21:21,OK,
TO,GD,34558660000104,7896004768212,Donepezila 5 mg Caixa 30 Comprimidos Revestidos,Profarma - DF,186.0,0.8334999999999999,145.03,0.0,56.97,24.15,2026-09-09 21:21:21,OK,
TO,GD,34558660000104,7896004768298,Donepezila 10 mg Caixa 30 Comprimidos Revestidos,Nazaria - MA - Imperatriz,217.0,0.8210999999999999,160.69,0.0,28.75,28.75,2026-09-09 21:21:24,OK,
TO,GD,34558660000104,7896004768298,Donepezila 10 mg Caixa 30 Comprimidos Revestidos,Profarma - DF,262.0,0.7992,160.69,0.0,67.54,32.27,2026-09-09 21:21:24,OK,
TO,GD,34558660000104,7896004768687,Desogestrel 75 mcg Caixa 84 Comprimidos Revestidos,Santa Cruz - GO,299.0,0.7070000000000001,77.33,0.0,22.66,22.66,2026-09-09 21:21:28,OK,
TO,GD,34558660000104,7896004768687,Desogestrel 75 mcg Caixa 84 Comprimidos Revestidos,Panpharma - GO,56.0,0.7070000000000001,77.33,0.0,22.66,22.66,2026-09-09 21:21:28,OK,
TO,GD,34558660000104,7896004768687,Desogestrel 75 mcg Caixa 84 Comprimidos Revestidos,Profarma - DF,69.0,0.6870999999999999,77.33,0.0,39.43,24.2,2026-09-09 21:21:28,OK,
TO,GD,34558660000104,7896004769622,Desloratadina 0.5 mg/ml Frasco 60 ml Xarope,Nazaria - TO,102.0,0.7670999999999999,39.06,0.0,9.1,9.1,2026-09-09 21:21:33,OK,
TO,GD,34558660000104,7896004769622,Desloratadina 0.5 mg/ml Frasco 60 ml Xarope,Total - TO,16.0,0.767,39.06,0.0,9.1,9.1,2026-09-09 21:21:33,OK,
TO,GD,34558660000104,7896004769622,Desloratadina 0.5 mg/ml Frasco 60 ml Xarope,Santa Cruz - GO,241.0,0.7143999999999999,39.06,0.0,11.16,11.16,2026-09-09 21:21:33,OK,
TO,GD,34558660000104,7896004769622,Desloratadina 0.5 mg/ml Frasco 60 ml Xarope,Panpharma - GO,103.0,0.7143999999999999,39.06,0.0,11.16,11.16,2026-09-09 21:21:33,OK,
TO,GD,34558660000104,7896004769622,Desloratadina 0.5 mg/ml Frasco 60 ml Xarope,Profarma - DF,188.0,0.6945,39.06,0.0,19.4,11.93,2026-09-09 21:21:33,OK,
TO,GD,34558660000104,7896004769684,Desloratadina 0.5 mg/ml Frasco 100 ml Xarope,Nazaria - MA - Imperatriz,63.0,0.7976000000000001,64.48,0.0,13.05,13.05,2026-09-09 21:21:37,OK,
TO,GD,34558660000104,7896004769684,Desloratadina 0.5 mg/ml Frasco 100 ml Xarope,Nazaria - TO,47.0,0.7976000000000001,64.48,0.0,13.05,13.05,2026-09-09 21:21:37,OK,
TO,GD,34558660000104,7896004769684,Desloratadina 0.5 mg/ml Frasco 100 ml Xarope,Panpharma - GO,143.0,0.7956,64.48,0.0,13.18,13.18,2026-09-09 21:21:37,OK,
TO,GD,34558660000104,7896004769684,Desloratadina 0.5 mg/ml Frasco 100 ml Xarope,Profarma - DF,118.0,0.7757,64.48,0.0,27.84,14.46,2026-09-09 21:21:37,OK,
TO,GD,34558660000104,7896004771199,Aciclovir 50 mg/g Bisnaga 10 g Creme,Nazaria - MA - Imperatriz,168.0,0.7628,26.55,0.0,6.3,6.3,2026-09-09 21:21:42,OK,
TO,GD,34558660000104,7896004771199,Aciclovir 50 mg/g Bisnaga 10 g Creme,Total - TO,57.0,0.7628,26.55,0.0,6.3,6.3,2026-09-09 21:21:42,OK,
TO,GD,34558660000104,7896004771199,Aciclovir 50 mg/g Bisnaga 10 g Creme,Santa Cruz - GO,215.0,0.7608,26.55,0.0,6.35,6.35,2026-09-09 21:21:42,OK,
TO,GD,34558660000104,7896004771199,Aciclovir 50 mg/g Bisnaga 10 g Creme,Panpharma - GO,167.0,0.7608,26.55,0.0,6.35,6.35,2026-09-09 21:21:42,OK,
TO,GD,34558660000104,7896004771199,Aciclovir 50 mg/g Bisnaga 10 g Creme,Profarma - DF,339.0,0.7409,26.55,0.0,12.2,6.88,2026-09-09 21:21:42,OK,
TO,GD,34558660000104,7896004771373,Nebivolol 5 mg Caixa 30 Comprimidos,Nazaria - MA - Imperatriz,239.0,0.6808,51.54,0.0,16.45,16.45,2026-09-09 21:21:47,OK,
TO,GD,34558660000104,7896004771373,Nebivolol 5 mg Caixa 30 Comprimidos,Nazaria - TO,95.0,0.6808,51.54,0.0,16.45,16.45,2026-09-09 21:21:47,OK,
TO,GD,34558660000104,7896004771373,Nebivolol 5 mg Caixa 30 Comprimidos,Panpharma - GO,450.0,0.6474,51.54,0.0,18.17,18.17,2026-09-09 21:21:47,OK,
TO,GD,34558660000104,7896004771373,Nebivolol 5 mg Caixa 30 Comprimidos,Santa Cruz - GO,104.0,0.6474,51.54,0.0,18.17,18.17,2026-09-09 21:21:47,OK,
TO,GD,34558660000104,7896004771373,Nebivolol 5 mg Caixa 30 Comprimidos,Profarma - DF,1494.0,0.6275,51.54,0.0,28.36,19.2,2026-09-09 21:21:47,OK,
TO,GD,34558660000104,7896004771403,Nebivolol 5 mg Caixa 60 Comprimidos,Nazaria - TO,52.0,0.6779000000000001,101.82,0.0,32.8,32.8,2026-09-09 21:21:50,OK,
TO,GD,34558660000104,7896004771403,Nebivolol 5 mg Caixa 60 Comprimidos,Profarma - DF,148.0,0.6559,101.82,0.0,53.72,35.04,2026-09-09 21:21:50,OK,
TO,GD,34558660000104,7896004771762,Cilostazol 50 mg Caixa 60 Comprimidos,Nazaria - TO,43.0,0.34049999999999997,23.56,0.0,15.54,15.54,2026-09-09 21:21:54,OK,
TO,GD,34558660000104,7896004771762,Cilostazol 50 mg Caixa 60 Comprimidos,Nazaria - MA - Imperatriz,11.0,0.34049999999999997,23.56,0.0,15.54,15.54,2026-09-09 21:21:54,OK,
TO,GD,34558660000104,7896004771762,Cilostazol 50 mg Caixa 60 Comprimidos,Santa Cruz - GO,111.0,0.3059,23.56,0.0,16.35,16.35,2026-09-09 21:21:54,OK,
TO,GD,34558660000104,7896004771762,Cilostazol 50 mg Caixa 60 Comprimidos,Panpharma - GO,69.0,0.3059,23.56,0.0,16.35,16.35,2026-09-09 21:21:54,OK,
TO,GD,34558660000104,7896004772332,Cloperastina 3.54 mg/ml Frasco 120 ml Xarope,Nazaria - MA - Imperatriz,152.0,0.2438,19.86,0.0,15.02,15.02,2026-09-09 21:21:59,OK,
TO,GD,34558660000104,7896004772332,Cloperastina 3.54 mg/ml Frasco 120 ml Xarope,Total - TO,111.0,0.2438,19.86,0.0,15.02,15.02,2026-09-09 21:21:59,OK,
TO,GD,34558660000104,7896004772332,Cloperastina 3.54 mg/ml Frasco 120 ml Xarope,Nazaria - TO,92.0,0.2438,19.86,0.0,15.02,15.02,2026-09-09 21:21:59,OK,
TO,GD,34558660000104,7896004772332,Cloperastina 3.54 mg/ml Frasco 120 ml Xarope,Panpharma - GO,691.0,0.18170000000000003,19.86,0.0,16.25,16.25,2026-09-09 21:21:59,OK,
TO,GD,34558660000104,7896004772332,Cloperastina 3.54 mg/ml Frasco 120 ml Xarope,Santa Cruz - GO,253.0,0.18170000000000003,19.86,0.0,16.25,16.25,2026-09-09 21:21:59,OK,
TO,GD,34558660000104,7896004772332,Cloperastina 3.54 mg/ml Frasco 120 ml Xarope,Profarma - DF,741.0,0.1576,19.86,0.0,18.39,16.73,2026-09-09 21:21:59,OK,
TO,GD,34558660000104,7896004772868,Pregabalina 150 mg Caixa 30 Cápsulas,Nazaria - MA - Imperatriz,95.0,0.8892,143.68,0.0,15.92,15.92,2026-09-09 21:22:04,OK,
TO,GD,34558660000104,7896004772868,Pregabalina 150 mg Caixa 30 Cápsulas,Santa Cruz - GO,313.0,0.8842,143.68,0.0,16.64,16.64,2026-09-09 21:22:04,OK,
TO,GD,34558660000104,7896004772868,Pregabalina 150 mg Caixa 30 Cápsulas,Panpharma - GO,188.0,0.8842,143.68,0.0,16.64,16.64,2026-09-09 21:22:04,OK,
TO,GD,34558660000104,7896004772868,Pregabalina 150 mg Caixa 30 Cápsulas,Profarma - DF,1525.0,0.8643000000000001,143.68,0.0,52.91,19.5,2026-09-09 21:22:04,OK,
TO,GD,34558660000104,7896004773117,Drospirenona + Etinilestradiol 3+0.02 mg Caixa 28 Comprimidos (24+4),Santa Cruz - GO,12.0,0.8556,58.36,0.0,8.43,8.43,2026-09-09 21:22:07,OK,
TO,GD,34558660000104,7896004773117,Drospirenona + Etinilestradiol 3+0.02 mg Caixa 28 Comprimidos (24+4),Profarma - DF,73.0,0.8356999999999999,58.36,0.0,22.83,9.59,2026-09-09 21:22:07,OK,
TO,GD,34558660000104,7896004773339,Pregabalina 75 mg Caixa 30 Cápsulas,Total - TO,22.0,0.91,89.88,0.0,8.09,8.09,2026-09-09 21:22:12,OK,
TO,GD,34558660000104,7896004773339,Pregabalina 75 mg Caixa 30 Cápsulas,Nazaria - MA - Imperatriz,832.0,0.8864,89.88,0.0,10.21,10.21,2026-09-09 21:22:12,OK,
TO,GD,34558660000104,7896004773339,Pregabalina 75 mg Caixa 30 Cápsulas,Santa Cruz - GO,1314.0,0.8843000000000001,89.88,0.0,10.4,10.4,2026-09-09 21:22:12,OK,
TO,GD,34558660000104,7896004773339,Pregabalina 75 mg Caixa 30 Cápsulas,Panpharma - GO,1311.0,0.8843000000000001,89.88,0.0,10.4,10.4,2026-09-09 21:22:12,OK,
TO,GD,34558660000104,7896004773339,Pregabalina 75 mg Caixa 30 Cápsulas,Profarma - DF,10811.0,0.8644,89.88,0.0,33.1,12.19,2026-09-09 21:22:12,OK,
TO,GD,34558660000104,7896004775043,Aciclovir 400 mg Caixa 30 Comprimidos,Nazaria - TO,86.0,0.7775,168.71,0.0,37.54,37.54,2026-09-09 21:22:16,OK,
TO,GD,34558660000104,7896004775043,Aciclovir 400 mg Caixa 30 Comprimidos,Panpharma - GO,120.0,0.7754000000000001,168.71,0.0,37.89,37.89,2026-09-09 21:22:16,OK,
TO,GD,34558660000104,7896004775043,Aciclovir 400 mg Caixa 30 Comprimidos,Santa Cruz - GO,69.0,0.7754000000000001,168.71,0.0,37.89,37.89,2026-09-09 21:22:16,OK,
TO,GD,34558660000104,7896004775043,Aciclovir 400 mg Caixa 30 Comprimidos,Profarma - DF,223.0,0.7555,168.71,0.0,76.81,41.25,2026-09-09 21:22:16,OK,
TO,GD,34558660000104,7896004777184,Tramadol 100 mg Caixa 10 Comprimidos de Liberação Prolongada,Total - TO,195.0,0.38170000000000004,82.96,0.0,51.29,51.29,2026-09-09 21:22:21,OK,
TO,GD,34558660000104,7896004777184,Tramadol 100 mg Caixa 10 Comprimidos de Liberação Prolongada,Nazaria - MA - Imperatriz,68.0,0.38170000000000004,82.96,0.0,51.29,51.29,2026-09-09 21:22:21,OK,
TO,GD,34558660000104,7896004777184,Tramadol 100 mg Caixa 10 Comprimidos de Liberação Prolongada,Santa Cruz - GO,462.0,0.3023,82.96,0.0,57.88,57.88,2026-09-09 21:22:21,OK,
TO,GD,34558660000104,7896004777184,Tramadol 100 mg Caixa 10 Comprimidos de Liberação Prolongada,Panpharma - GO,360.0,0.3023,82.96,0.0,57.88,57.88,2026-09-09 21:22:21,OK,
TO,GD,34558660000104,7896004777184,Tramadol 100 mg Caixa 10 Comprimidos de Liberação Prolongada,Profarma - DF,670.0,0.2824,82.96,0.0,69.16,59.53,2026-09-09 21:22:21,OK,
TO,GD,34558660000104,7896004777535,Fexofenadina 120 mg Caixa 10 Comprimidos Revestidos,Santa Cruz - GO,1364.0,0.8449,47.77,0.0,7.41,7.41,2026-09-09 21:22:25,OK,
TO,GD,34558660000104,7896004777535,Fexofenadina 120 mg Caixa 10 Comprimidos Revestidos,Panpharma - GO,676.0,0.8449,47.77,0.0,7.41,7.41,2026-09-09 21:22:25,OK,
TO,GD,34558660000104,7896004777535,Fexofenadina 120 mg Caixa 10 Comprimidos Revestidos,Total - TO,187.0,0.8428,47.77,0.0,7.51,7.51,2026-09-09 21:22:25,OK,
TO,GD,34558660000104,7896004777535,Fexofenadina 120 mg Caixa 10 Comprimidos Revestidos,Profarma - DF,3315.0,0.825,47.77,0.0,18.74,8.36,2026-09-09 21:22:25,OK,
TO,GD,34558660000104,7896004777559,Fexofenadina 180 mg Caixa 10 Comprimidos Revestidos,Nazaria - MA - Imperatriz,239.0,0.85,68.56,0.0,10.28,10.28,2026-09-09 21:22:30,OK,
TO,GD,34558660000104,7896004777559,Fexofenadina 180 mg Caixa 10 Comprimidos Revestidos,Panpharma - GO,1411.0,0.8479000000000001,68.56,0.0,10.43,10.43,2026-09-09 21:22:30,OK,
TO,GD,34558660000104,7896004777559,Fexofenadina 180 mg Caixa 10 Comprimidos Revestidos,Santa Cruz - GO,890.0,0.8479000000000001,68.56,0.0,10.43,10.43,2026-09-09 21:22:30,OK,
TO,GD,34558660000104,7896004777559,Fexofenadina 180 mg Caixa 10 Comprimidos Revestidos,Total - TO,182.0,0.8472,68.56,0.0,10.48,10.48,2026-09-09 21:22:30,OK,
TO,GD,34558660000104,7896004777559,Fexofenadina 180 mg Caixa 10 Comprimidos Revestidos,Profarma - DF,3339.0,0.828,68.56,0.0,26.72,11.79,2026-09-09 21:22:30,OK,
TO,GD,34558660000104,7896004779713,Dienogeste 2 mg Caixa 30 Comprimidos,Nazaria - TO,77.0,0.7553,66.4,0.0,16.25,16.25,2026-09-09 21:22:34,OK,
TO,GD,34558660000104,7896004779713,Dienogeste 2 mg Caixa 30 Comprimidos,Nazaria - MA - Imperatriz,15.0,0.7553,66.4,0.0,16.25,16.25,2026-09-09 21:22:34,OK,
TO,GD,34558660000104,7896004779713,Dienogeste 2 mg Caixa 30 Comprimidos,Santa Cruz - GO,334.0,0.7184999999999999,66.4,0.0,18.69,18.69,2026-09-09 21:22:34,OK,
TO,GD,34558660000104,7896004779713,Dienogeste 2 mg Caixa 30 Comprimidos,Panpharma - GO,287.0,0.7184999999999999,66.4,0.0,18.69,18.69,2026-09-09 21:22:34,OK,
TO,GD,34558660000104,7896004779713,Dienogeste 2 mg Caixa 30 Comprimidos,Profarma - DF,420.0,0.6986,66.4,0.0,32.76,20.01,2026-09-09 21:22:34,OK,
TO,GD,34558660000104,7896004780184,Ácido Ursodesoxicólico 150 mg Caixa 30 Comprimidos,Panpharma - GO,89.0,0.4742,80.93,0.0,42.55,42.55,2026-09-09 21:22:38,OK,
TO,GD,34558660000104,7896004780184,Ácido Ursodesoxicólico 150 mg Caixa 30 Comprimidos,Santa Cruz - GO,53.0,0.4742,80.93,0.0,42.55,42.55,2026-09-09 21:22:38,OK,
TO,GD,34558660000104,7896004780184,Ácido Ursodesoxicólico 150 mg Caixa 30 Comprimidos,Profarma - DF,59.0,0.4543,80.93,0.0,56.34,44.16,2026-09-09 21:22:38,OK,
TO,GD,34558660000104,7896004780191,Ácido Ursodesoxicólico 300 mg Caixa 30 Comprimidos,Nazaria - TO,88.0,0.4043,159.98,0.0,95.3,95.3,2026-09-09 21:22:43,OK,
TO,GD,34558660000104,7896004780191,Ácido Ursodesoxicólico 300 mg Caixa 30 Comprimidos,Nazaria - MA - Imperatriz,48.0,0.4043,159.98,0.0,95.3,95.3,2026-09-09 21:22:43,OK,
TO,GD,34558660000104,7896004780191,Ácido Ursodesoxicólico 300 mg Caixa 30 Comprimidos,Santa Cruz - GO,48.0,0.3713,159.98,0.0,100.58,100.58,2026-09-09 21:22:43,OK,
TO,GD,34558660000104,7896004780191,Ácido Ursodesoxicólico 300 mg Caixa 30 Comprimidos,Panpharma - GO,46.0,0.3713,159.98,0.0,100.58,100.58,2026-09-09 21:22:43,OK,
TO,GD,34558660000104,7896004780191,Ácido Ursodesoxicólico 300 mg Caixa 30 Comprimidos,Profarma - DF,170.0,0.3514,159.98,0.0,124.55,103.76,2026-09-09 21:22:43,OK,
TO,GD,34558660000104,7896004780504,Rivaroxabana 15 mg Caixa 30 Comprimidos Revestidos,Nazaria - MA - Imperatriz,286.0,0.9345,208.94,0.0,13.69,13.69,2026-09-09 21:22:48,OK,
TO,GD,34558660000104,7896004780504,Rivaroxabana 15 mg Caixa 30 Comprimidos Revestidos,Nazaria - TO,55.0,0.9345,208.94,0.0,13.69,13.69,2026-09-09 21:22:48,OK,
TO,GD,34558660000104,7896004780504,Rivaroxabana 15 mg Caixa 30 Comprimidos Revestidos,Panpharma - GO,2270.0,0.9323999999999999,208.94,0.0,14.12,14.12,2026-09-09 21:22:48,OK,
TO,GD,34558660000104,7896004780504,Rivaroxabana 15 mg Caixa 30 Comprimidos Revestidos,Santa Cruz - GO,376.0,0.9323999999999999,208.94,0.0,14.12,14.12,2026-09-09 21:22:48,OK,
TO,GD,34558660000104,7896004780504,Rivaroxabana 15 mg Caixa 30 Comprimidos Revestidos,Profarma - DF,446.0,0.9125,208.94,0.0,68.88,18.28,2026-09-09 21:22:48,OK,
TO,GD,34558660000104,7896004780511,Rivaroxabana 20 mg Caixa 30 Comprimidos Revestidos,Nazaria - MA - Imperatriz,230.0,0.9211,208.94,0.0,16.49,16.49,2026-09-09 21:22:52,OK,
TO,GD,34558660000104,7896004780511,Rivaroxabana 20 mg Caixa 30 Comprimidos Revestidos,Santa Cruz - GO,364.0,0.9134,208.94,0.0,18.09,18.09,2026-09-09 21:22:52,OK,
TO,GD,34558660000104,7896004780511,Rivaroxabana 20 mg Caixa 30 Comprimidos Revestidos,Panpharma - GO,198.0,0.9134,208.94,0.0,18.09,18.09,2026-09-09 21:22:52,OK,
TO,GD,34558660000104,7896004780511,Rivaroxabana 20 mg Caixa 30 Comprimidos Revestidos,Profarma - DF,3998.0,0.8935,208.94,0.0,72.06,22.25,2026-09-09 21:22:52,OK,
TO,GD,34558660000104,7896004781280,Donepezila + Memantina 10+10 mg Caixa 7 Comprimidos Revestidos,Nazaria - TO,86.0,0.3729,24.21,0.0,15.18,15.18,2026-09-09 21:22:55,OK,
TO,GD,34558660000104,7896004781372,,,0.0,0.0,0.0,0.0,0.0,0.0,2026-09-09 21:23:07,ERRO,Message: Nenhuma distribuidora pôde ser lida no card do produto.
TO,GD,34558660000104,7896004781389,,,0.0,0.0,0.0,0.0,0.0,0.0,2026-09-09 21:23:19,ERRO,Message: Nenhuma distribuidora pôde ser lida no card do produto.
TO,GD,34558660000104,7896004781396,Etoricoxibe 90 mg Caixa 7 Comprimidos Revestidos,Santa Cruz - GO,666.0,0.4738,41.14,0.0,21.65,21.65,2026-09-09 21:23:23,OK,
TO,GD,34558660000104,7896004781396,Etoricoxibe 90 mg Caixa 7 Comprimidos Revestidos,Profarma - DF,401.0,0.4539,41.14,0.0,28.65,22.47,2026-09-09 21:23:23,OK,
TO,GD,34558660000104,7896004781402,Etoricoxibe 90 mg Caixa 14 Comprimidos Revestidos,Total - TO,22.0,0.5025999999999999,79.83,0.0,39.71,39.71,2026-09-09 21:23:27,OK,
TO,GD,34558660000104,7896004781402,Etoricoxibe 90 mg Caixa 14 Comprimidos Revestidos,Panpharma - GO,273.0,0.4889,79.83,0.0,40.8,40.8,2026-09-09 21:23:27,OK,
TO,GD,34558660000104,7896004781402,Etoricoxibe 90 mg Caixa 14 Comprimidos Revestidos,Santa Cruz - GO,144.0,0.4889,79.83,0.0,40.8,40.8,2026-09-09 21:23:27,OK,
TO,GD,34558660000104,7896004782546,,,0.0,0.0,0.0,0.0,0.0,0.0,2026-09-09 21:23:39,ERRO,Message: Nenhuma distribuidora pôde ser lida no card do produto.
TO,GD,34558660000104,7896004782553,,,0.0,0.0,0.0,0.0,0.0,0.0,2026-09-09 21:23:51,ERRO,Message: Nenhuma distribuidora pôde ser lida no card do produto.
TO,GD,34558660000104,7896004782690,Apixabana 2.5 mg Caixa 20 Comprimidos Revestidos,Total - TO,26.0,0.7378,69.59,0.0,18.25,18.25,2026-09-09 21:23:56,OK,
TO,GD,34558660000104,7896004782690,Apixabana 2.5 mg Caixa 20 Comprimidos Revestidos,Nazaria - MA - Imperatriz,5.0,0.7378,69.6,0.0,18.25,18.25,2026-09-09 21:23:56,OK,
TO,GD,34558660000104,7896004782690,Apixabana 2.5 mg Caixa 20 Comprimidos Revestidos,Santa Cruz - GO,147.0,0.7232,69.6,0.0,19.27,19.27,2026-09-09 21:23:56,OK,
TO,GD,34558660000104,7896004782690,Apixabana 2.5 mg Caixa 20 Comprimidos Revestidos,Panpharma - GO,114.0,0.7232,69.6,0.0,19.27,19.27,2026-09-09 21:23:56,OK,
TO,GD,34558660000104,7896004782690,Apixabana 2.5 mg Caixa 20 Comprimidos Revestidos,Profarma - DF,157.0,0.7033,69.6,0.0,34.59,20.65,2026-09-09 21:23:56,OK,
TO,GD,34558660000104,7896004782713,Apixabana 2.5 mg Caixa 60 Comprimidos Revestidos,Nazaria - TO,37.0,0.7573000000000001,208.86,0.0,50.69,50.69,2026-09-09 21:23:59,OK,
TO,GD,34558660000104,7896004782744,Apixabana 5 mg Caixa 20 Comprimidos Revestidos,Nazaria - MA - Imperatriz,97.0,0.7390000000000001,69.6,0.0,18.17,18.17,2026-09-09 21:24:04,OK,
TO,GD,34558660000104,7896004782744,Apixabana 5 mg Caixa 20 Comprimidos Revestidos,Nazaria - TO,33.0,0.7390000000000001,69.6,0.0,18.17,18.17,2026-09-09 21:24:04,OK,
TO,GD,34558660000104,7896004782744,Apixabana 5 mg Caixa 20 Comprimidos Revestidos,Panpharma - GO,105.0,0.7245999999999999,69.6,0.0,19.17,19.17,2026-09-09 21:24:04,OK,
TO,GD,34558660000104,7896004782744,Apixabana 5 mg Caixa 20 Comprimidos Revestidos,Santa Cruz - GO,97.0,0.7245999999999999,69.6,0.0,19.17,19.17,2026-09-09 21:24:04,OK,
TO,GD,34558660000104,7896004782768,Apixabana 5 mg Caixa 60 Comprimidos Revestidos,Nazaria - TO,12.0,0.7568,208.86,0.0,50.79,50.79,2026-09-09 21:24:08,OK,
TO,GD,34558660000104,7896004782768,Apixabana 5 mg Caixa 60 Comprimidos Revestidos,Nazaria - MA - Imperatriz,6.0,0.7568,208.86,0.0,50.79,50.79,2026-09-09 21:24:08,OK,
TO,GD,34558660000104,7896004782768,Apixabana 5 mg Caixa 60 Comprimidos Revestidos,Santa Cruz - GO,25.0,0.7439,208.86,0.0,53.49,53.49,2026-09-09 21:24:08,OK,
TO,GD,34558660000104,7896004782935,Levetiracetam 250 mg Caixa 30 Comprimidos Revestidos,Nazaria - MA - Imperatriz,47.0,0.5123,43.36,0.0,21.15,21.15,2026-09-09 21:24:11,OK,
TO,GD,34558660000104,7896004782935,Levetiracetam 250 mg Caixa 30 Comprimidos Revestidos,Profarma - DF,264.0,0.47159999999999996,43.36,0.0,29.26,22.91,2026-09-09 21:24:11,OK,
TO,GD,34558660000104,7896004782980,Levetiracetam 750 mg Caixa 30 Comprimidos Revestidos,Profarma - DF,127.0,0.6426000000000001,213.84,0.0,115.08,76.43,2026-09-09 21:24:15,OK,
TO,GD,34558660000104,7896004783024,Levetiracetam 500 mg Caixa 30 Comprimidos Revestidos,Nazaria - MA - Imperatriz,55.0,0.5798,92.83,0.0,39.01,39.01,2026-09-09 21:24:19,OK,
TO,GD,34558660000104,7896004783024,Levetiracetam 500 mg Caixa 30 Comprimidos Revestidos,Santa Cruz - GO,49.0,0.5710999999999999,92.83,0.0,39.81,39.81,2026-09-09 21:24:19,OK,
TO,GD,34558660000104,7896004783024,Levetiracetam 500 mg Caixa 30 Comprimidos Revestidos,Panpharma - GO,4.0,0.5710999999999999,92.83,0.0,39.81,39.81,2026-09-09 21:24:19,OK,
TO,GD,34558660000104,7896004783024,Levetiracetam 500 mg Caixa 30 Comprimidos Revestidos,Profarma - DF,210.0,0.5512,92.83,0.0,56.75,41.66,2026-09-09 21:24:19,OK,
TO,GD,34558660000104,7896004784076,Bilastina 20 mg Caixa 15 Comprimidos,Total - TO,23.0,0.4167,37.4,0.0,21.81,21.81,2026-09-09 21:24:24,OK,
TO,GD,34558660000104,7896004784076,Bilastina 20 mg Caixa 15 Comprimidos,Nazaria - MA - Imperatriz,41.0,0.4167,37.4,0.0,21.82,21.82,2026-09-09 21:24:24,OK,
TO,GD,34558660000104,7896004784076,Bilastina 20 mg Caixa 15 Comprimidos,Nazaria - TO,10.0,0.4167,37.4,0.0,21.82,21.82,2026-09-09 21:24:24,OK,
TO,GD,34558660000104,7896004784076,Bilastina 20 mg Caixa 15 Comprimidos,Santa Cruz - GO,446.0,0.406,37.4,0.0,22.22,22.22,2026-09-09 21:24:24,OK,
TO,GD,34558660000104,7896004784076,Bilastina 20 mg Caixa 15 Comprimidos,Panpharma - GO,168.0,0.406,37.4,0.0,22.22,22.22,2026-09-09 21:24:24,OK,
TO,GD,34558660000104,7896004784076,Bilastina 20 mg Caixa 15 Comprimidos,Profarma - DF,122.0,0.37560000000000004,37.4,0.0,28.11,23.35,2026-09-09 21:24:24,OK,
TO,GD,34558660000104,7896004784083,Bilastina 20 mg Caixa 30 Comprimidos,Nazaria - TO,71.0,0.5049,73.78,0.0,36.53,36.53,2026-09-09 21:24:28,OK,
TO,GD,34558660000104,7896004784083,Bilastina 20 mg Caixa 30 Comprimidos,Total - TO,43.0,0.5049,73.78,0.0,36.53,36.53,2026-09-09 21:24:28,OK,
TO,GD,34558660000104,7896004784083,Bilastina 20 mg Caixa 30 Comprimidos,Panpharma - GO,151.0,0.46490000000000004,73.78,0.0,39.48,39.48,2026-09-09 21:24:28,OK,
TO,GD,34558660000104,7896004784083,Bilastina 20 mg Caixa 30 Comprimidos,Santa Cruz - GO,107.0,0.46490000000000004,73.78,0.0,39.48,39.48,2026-09-09 21:24:28,OK,
TO,GD,34558660000104,7896004786117,Pitavastatina Cálcica 2 mg Caixa 30 Comprimidos Revestidos,Total - TO,14.0,0.4549,87.33,0.0,47.61,47.6,2026-09-09 21:24:33,OK,
TO,GD,34558660000104,7896004786117,Pitavastatina Cálcica 2 mg Caixa 30 Comprimidos Revestidos,Santa Cruz - GO,81.0,0.4039,87.33,0.0,52.06,52.06,2026-09-09 21:24:33,OK,
TO,GD,34558660000104,7896004786117,Pitavastatina Cálcica 2 mg Caixa 30 Comprimidos Revestidos,Panpharma - GO,20.0,0.4039,87.33,0.0,52.06,52.06,2026-09-09 21:24:33,OK,
TO,GD,34558660000104,7896004786117,Pitavastatina Cálcica 2 mg Caixa 30 Comprimidos Revestidos,Profarma - DF,68.0,0.384,87.33,0.0,65.06,53.8,2026-09-09 21:24:33,OK,
TO,GD,34558660000104,7896004787329,Tramadol + Paracetamol 37.5+325 mg Caixa 10 Comprimidos,Total - TO,199.0,0.5698,32.38,0.0,13.93,13.93,2026-09-09 21:24:37,OK,
TO,GD,34558660000104,7896004787329,Tramadol + Paracetamol 37.5+325 mg Caixa 10 Comprimidos,Nazaria - TO,180.0,0.5699000000000001,32.38,0.0,13.93,13.93,2026-09-09 21:24:37,OK,
TO,GD,34558660000104,7896004787329,Tramadol + Paracetamol 37.5+325 mg Caixa 10 Comprimidos,Nazaria - MA - Imperatriz,22.0,0.5699000000000001,32.38,0.0,13.93,13.93,2026-09-09 21:24:37,OK,
TO,GD,34558660000104,7896004787329,Tramadol + Paracetamol 37.5+325 mg Caixa 10 Comprimidos,Panpharma - GO,123.0,0.5442,32.38,0.0,14.76,14.76,2026-09-09 21:24:37,OK,
TO,GD,34558660000104,7896004787329,Tramadol + Paracetamol 37.5+325 mg Caixa 10 Comprimidos,Santa Cruz - GO,91.0,0.5442,32.38,0.0,14.76,14.76,2026-09-09 21:24:37,OK,
TO,GD,34558660000104,7896004787336,Tramadol + Paracetamol 37.5+325 mg Caixa 20 Comprimidos,Total - TO,133.0,0.4736,49.12,0.0,25.86,25.86,2026-09-09 21:24:42,OK,
TO,GD,34558660000104,7896004787336,Tramadol + Paracetamol 37.5+325 mg Caixa 20 Comprimidos,Santa Cruz - GO,54.0,0.457,49.12,0.0,26.67,26.67,2026-09-09 21:24:42,OK,
TO,GD,34558660000104,7896004787336,Tramadol + Paracetamol 37.5+325 mg Caixa 20 Comprimidos,Panpharma - GO,3.0,0.457,49.12,0.0,26.67,26.67,2026-09-09 21:24:42,OK,
TO,GD,34558660000104,7896004787336,Tramadol + Paracetamol 37.5+325 mg Caixa 20 Comprimidos,Profarma - DF,94.0,0.4371,49.12,0.0,34.51,27.65,2026-09-09 21:24:42,OK,
TO,GD,34558660000104,7896004787343,Tramadol + Paracetamol 37.5+325 mg Caixa 30 Comprimidos,Nazaria - TO,171.0,0.4668,63.92,0.0,34.08,34.08,2026-09-09 21:24:47,OK,
TO,GD,34558660000104,7896004787343,Tramadol + Paracetamol 37.5+325 mg Caixa 30 Comprimidos,Total - TO,38.0,0.4668,63.92,0.0,34.08,34.08,2026-09-09 21:24:47,OK,
TO,GD,34558660000104,7896004787343,Tramadol + Paracetamol 37.5+325 mg Caixa 30 Comprimidos,Nazaria - MA - Imperatriz,32.0,0.4668,63.92,0.0,34.08,34.08,2026-09-09 21:24:47,OK,
TO,GD,34558660000104,7896004787343,Tramadol + Paracetamol 37.5+325 mg Caixa 30 Comprimidos,Santa Cruz - GO,75.0,0.45270000000000005,63.92,0.0,34.98,34.98,2026-09-09 21:24:47,OK,
TO,GD,34558660000104,7896004787343,Tramadol + Paracetamol 37.5+325 mg Caixa 30 Comprimidos,Panpharma - GO,58.0,0.45270000000000005,63.92,0.0,34.98,34.98,2026-09-09 21:24:47,OK,
TO,GD,34558660000104,7896004787343,Tramadol + Paracetamol 37.5+325 mg Caixa 30 Comprimidos,Profarma - DF,34.0,0.4328,63.92,0.0,45.13,36.26,2026-09-09 21:24:47,OK,
TO,GD,34558660000104,7896004787725,Naratriptana 2.5 mg Caixa 4 Comprimidos Revestidos,Nazaria - MA - Imperatriz,442.0,0.4357,13.89,0.0,7.84,7.84,2026-09-09 21:24:52,OK,
TO,GD,34558660000104,7896004787725,Naratriptana 2.5 mg Caixa 4 Comprimidos Revestidos,Nazaria - TO,123.0,0.4357,13.89,0.0,7.84,7.84,2026-09-09 21:24:52,OK,
TO,GD,34558660000104,7896004787725,Naratriptana 2.5 mg Caixa 4 Comprimidos Revestidos,Total - TO,34.0,0.4357,13.89,0.0,7.84,7.84,2026-09-09 21:24:52,OK,
TO,GD,34558660000104,7896004787725,Naratriptana 2.5 mg Caixa 4 Comprimidos Revestidos,Santa Cruz - GO,521.0,0.4025,13.89,0.0,8.3,8.3,2026-09-09 21:24:52,OK,
TO,GD,34558660000104,7896004787725,Naratriptana 2.5 mg Caixa 4 Comprimidos Revestidos,Panpharma - GO,370.0,0.4025,13.89,0.0,8.3,8.3,2026-09-09 21:24:52,OK,
TO,GD,34558660000104,7896004787725,Naratriptana 2.5 mg Caixa 4 Comprimidos Revestidos,Profarma - DF,1150.0,0.3826,13.89,0.0,10.47,8.58,2026-09-09 21:24:52,OK,
TO,GD,34558660000104,7896004789828,Desloratadina 5 mg Caixa 10 Comprimidos Revestidos,Nazaria - MA - Imperatriz,136.0,0.9017000000000001,61.56,0.0,6.05,6.05,2026-09-09 21:24:56,OK,
TO,GD,34558660000104,7896004789828,Desloratadina 5 mg Caixa 10 Comprimidos Revestidos,Santa Cruz - GO,547.0,0.8909,61.56,0.0,6.72,6.72,2026-09-09 21:24:56,OK,
TO,GD,34558660000104,7896004789828,Desloratadina 5 mg Caixa 10 Comprimidos Revestidos,Panpharma - GO,263.0,0.8909,61.56,0.0,6.72,6.72,2026-09-09 21:24:56,OK,
TO,GD,34558660000104,7896004789828,Desloratadina 5 mg Caixa 10 Comprimidos Revestidos,Profarma - DF,2407.0,0.871,61.56,0.0,21.89,7.94,2026-09-09 21:24:56,OK,
TO,GD,34558660000104,7896004789835,Desloratadina 5 mg Caixa 30 Comprimidos Revestidos,Nazaria - MA - Imperatriz,55.0,0.8731,147.85,0.0,18.76,18.76,2026-09-09 21:25:00,OK,
TO,GD,34558660000104,7896004789835,Desloratadina 5 mg Caixa 30 Comprimidos Revestidos,Santa Cruz - GO,119.0,0.8651000000000001,147.85,0.0,19.94,19.94,2026-09-09 21:25:00,OK,
TO,GD,34558660000104,7896004789835,Desloratadina 5 mg Caixa 30 Comprimidos Revestidos,Panpharma - GO,32.0,0.8651000000000001,147.85,0.0,19.94,19.94,2026-09-09 21:25:00,OK,
TO,GD,34558660000104,7896004789835,Desloratadina 5 mg Caixa 30 Comprimidos Revestidos,Profarma - DF,720.0,0.8452,147.85,0.0,55.62,22.89,2026-09-09 21:25:00,OK,
TO,GD,34558660000104,7896004790152,Ondansetrona 4 mg Caixa 10 Comprimidos Orodispersíveis,Nazaria - MA - Imperatriz,186.0,0.7182999999999999,23.73,0.0,6.68,6.68,2026-09-09 21:25:04,OK,
TO,GD,34558660000104,7896004790152,Ondansetrona 4 mg Caixa 10 Comprimidos Orodispersíveis,Panpharma - GO,86.0,0.6956,23.73,0.0,7.22,7.22,2026-09-09 21:25:04,OK,
TO,GD,34558660000104,7896004790152,Ondansetrona 4 mg Caixa 10 Comprimidos Orodispersíveis,Santa Cruz - GO,23.0,0.6956,23.73,0.0,7.22,7.22,2026-09-09 21:25:04,OK,
TO,GD,34558660000104,7896004790169,Ondansetrona 8 mg Caixa 10 Comprimidos Orodispersíveis,Nazaria - MA - Imperatriz,191.0,0.7343999999999999,45.6,0.0,12.11,12.11,2026-09-09 21:25:09,OK,
TO,GD,34558660000104,7896004790169,Ondansetrona 8 mg Caixa 10 Comprimidos Orodispersíveis,Nazaria - TO,21.0,0.7343999999999999,45.6,0.0,12.11,12.11,2026-09-09 21:25:09,OK,
TO,GD,34558660000104,7896004790169,Ondansetrona 8 mg Caixa 10 Comprimidos Orodispersíveis,Santa Cruz - GO,877.0,0.7095,45.6,0.0,13.25,13.25,2026-09-09 21:25:09,OK,
TO,GD,34558660000104,7896004790169,Ondansetrona 8 mg Caixa 10 Comprimidos Orodispersíveis,Panpharma - GO,152.0,0.7095,45.6,0.0,13.25,13.25,2026-09-09 21:25:09,OK,
TO,GD,34558660000104,7896004790169,Ondansetrona 8 mg Caixa 10 Comprimidos Orodispersíveis,Profarma - DF,30.0,0.769,45.6,0.0,20.26,10.53,2026-09-09 21:25:09,OK,
TO,GD,34558660000104,7896004791104,Olmesartana Medoxomila 20 mg Caixa 30 Comprimidos,Nazaria - MA - Imperatriz,147.0,0.6859999999999999,42.7,0.0,13.41,13.41,2026-09-09 21:25:14,OK,
TO,GD,34558660000104,7896004791104,Olmesartana Medoxomila 20 mg Caixa 30 Comprimidos,Nazaria - TO,14.0,0.6859999999999999,42.7,0.0,13.41,13.41,2026-09-09 21:25:14,OK,
TO,GD,34558660000104,7896004791104,Olmesartana Medoxomila 20 mg Caixa 30 Comprimidos,Panpharma - GO,479.0,0.6839,42.7,0.0,13.5,13.5,2026-09-09 21:25:14,OK,
TO,GD,34558660000104,7896004791104,Olmesartana Medoxomila 20 mg Caixa 30 Comprimidos,Santa Cruz - GO,471.0,0.6839,42.7,0.0,13.5,13.5,2026-09-09 21:25:14,OK,
TO,GD,34558660000104,7896004791104,Olmesartana Medoxomila 20 mg Caixa 30 Comprimidos,Total - TO,52.0,0.6836,42.7,0.0,13.51,13.51,2026-09-09 21:25:14,OK,
TO,GD,34558660000104,7896004791104,Olmesartana Medoxomila 20 mg Caixa 30 Comprimidos,Profarma - DF,253.0,0.6640999999999999,42.7,0.0,22.56,14.34,2026-09-09 21:25:14,OK,
TO,GD,34558660000104,7896004791111,Olmesartana Medoxomila 40 mg Caixa 30 Comprimidos,Total - TO,24.0,0.6202000000000001,44.93,0.0,17.05,17.05,2026-09-09 21:25:19,OK,
TO,GD,34558660000104,7896004791111,Olmesartana Medoxomila 40 mg Caixa 30 Comprimidos,Nazaria - MA - Imperatriz,51.0,0.6202000000000001,44.93,0.0,17.06,17.06,2026-09-09 21:25:19,OK,
TO,GD,34558660000104,7896004791111,Olmesartana Medoxomila 40 mg Caixa 30 Comprimidos,Santa Cruz - GO,70.0,0.616,44.93,0.0,17.25,17.25,2026-09-09 21:25:19,OK,
TO,GD,34558660000104,7896004791111,Olmesartana Medoxomila 40 mg Caixa 30 Comprimidos,Profarma - DF,23.0,0.5961,44.93,0.0,26.19,18.15,2026-09-09 21:25:19,OK,
TO,GD,34558660000104,7896004791418,DAPAGLIFLOZINA 10MG X 30 COM REV - LG,Nazaria - MA - Imperatriz,5072.0,0.731,116.85,0.0,31.43,31.43,2026-09-09 21:25:23,OK,
TO,GD,34558660000104,7896004791418,DAPAGLIFLOZINA 10MG X 30 COM REV - LG,Total - TO,1131.0,0.731,116.85,0.0,31.43,31.43,2026-09-09 21:25:23,OK,
TO,GD,34558660000104,7896004791418,DAPAGLIFLOZINA 10MG X 30 COM REV - LG,Panpharma - GO,1323.0,0.6855,116.85,0.0,36.75,36.75,2026-09-09 21:25:23,OK,
TO,GD,34558660000104,7896004791418,DAPAGLIFLOZINA 10MG X 30 COM REV - LG,Santa Cruz - GO,684.0,0.6855,116.85,0.0,36.75,36.75,2026-09-09 21:25:23,OK,
TO,GD,34558660000104,7896004791418,DAPAGLIFLOZINA 10MG X 30 COM REV - LG,Profarma - DF,5669.0,0.59,116.85,0.0,70.53,47.91,2026-09-09 21:25:23,OK,
TO,GD,34558660000104,7896004791456,Risedronato Sódico 150 mg Caixa 1 Comprimido,Nazaria - MA - Imperatriz,29.0,0.8598,115.99,0.0,16.26,16.26,2026-09-09 21:25:28,OK,
TO,GD,34558660000104,7896004791456,Risedronato Sódico 150 mg Caixa 1 Comprimido,Santa Cruz - GO,83.0,0.8227,115.99,0.0,20.57,20.57,2026-09-09 21:25:28,OK,
TO,GD,34558660000104,7896004791456,Risedronato Sódico 150 mg Caixa 1 Comprimido,Panpharma - GO,76.0,0.8227,115.99,0.0,20.57,20.57,2026-09-09 21:25:28,OK,
TO,GD,34558660000104,7896004791456,Risedronato Sódico 150 mg Caixa 1 Comprimido,Profarma - DF,120.0,0.8028,115.99,0.0,48.42,22.87,2026-09-09 21:25:28,OK,
TO,GD,34558660000104,7896004792040,Nitazoxanida 20 mg/ml Frasco 45 ml Pó Para Suspensão,Nazaria - MA - Imperatriz,153.0,0.49810000000000004,18.72,0.0,9.4,9.4,2026-09-09 21:25:32,OK,
TO,GD,34558660000104,7896004792040,Nitazoxanida 20 mg/ml Frasco 45 ml Pó Para Suspensão,Nazaria - TO,20.0,0.49810000000000004,18.72,0.0,9.4,9.4,2026-09-09 21:25:32,OK,
TO,GD,34558660000104,7896004792040,Nitazoxanida 20 mg/ml Frasco 45 ml Pó Para Suspensão,Panpharma - GO,152.0,0.4557,18.72,0.0,10.19,10.19,2026-09-09 21:25:32,OK,
TO,GD,34558660000104,7896004792040,Nitazoxanida 20 mg/ml Frasco 45 ml Pó Para Suspensão,Santa Cruz - GO,117.0,0.4557,18.72,0.0,10.19,10.19,2026-09-09 21:25:32,OK,
TO,GD,34558660000104,7896004792057,Nitazoxanida 20 mg/ml Frasco 100 ml Pó Para Suspensão,Nazaria - MA - Imperatriz,33.0,0.535,42.14,0.0,19.6,19.6,2026-09-09 21:25:37,OK,
TO,GD,34558660000104,7896004792057,Nitazoxanida 20 mg/ml Frasco 100 ml Pó Para Suspensão,Total - TO,20.0,0.535,42.14,0.0,19.6,19.6,2026-09-09 21:25:37,OK,
TO,GD,34558660000104,7896004792057,Nitazoxanida 20 mg/ml Frasco 100 ml Pó Para Suspensão,Nazaria - TO,12.0,0.535,42.14,0.0,19.6,19.6,2026-09-09 21:25:37,OK,
TO,GD,34558660000104,7896004792057,Nitazoxanida 20 mg/ml Frasco 100 ml Pó Para Suspensão,Santa Cruz - GO,94.0,0.4672,42.14,0.0,22.45,22.45,2026-09-09 21:25:37,OK,
TO,GD,34558660000104,7896004792057,Nitazoxanida 20 mg/ml Frasco 100 ml Pó Para Suspensão,Panpharma - GO,16.0,0.4672,42.14,0.0,22.45,22.45,2026-09-09 21:25:37,OK,
TO,GD,34558660000104,7896004792057,Nitazoxanida 20 mg/ml Frasco 100 ml Pó Para Suspensão,Profarma - DF,27.0,0.4473,42.14,0.0,29.26,23.29,2026-09-09 21:25:37,OK,
TO,GD,34558660000104,7896004792286,Lisdexanfetamina 30 mg Caixa 30 Cápsulas,Nazaria - MA - Imperatriz,99.0,0.5631,245.8,0.0,107.39,107.39,2026-09-09 21:25:41,OK,
TO,GD,34558660000104,7896004792286,Lisdexanfetamina 30 mg Caixa 30 Cápsulas,Santa Cruz - GO,386.0,0.5447,245.8,0.0,111.91,111.91,2026-09-09 21:25:41,OK,
TO,GD,34558660000104,7896004792286,Lisdexanfetamina 30 mg Caixa 30 Cápsulas,Panpharma - GO,305.0,0.5447,245.8,0.0,111.91,111.91,2026-09-09 21:25:41,OK,
TO,GD,34558660000104,7896004792286,Lisdexanfetamina 30 mg Caixa 30 Cápsulas,Profarma - DF,550.0,0.5249,245.8,0.0,155.44,116.78,2026-09-09 21:25:41,OK,
TO,GD,34558660000104,7896004792293,Lisdexanfetamina 50 mg Caixa 30 Cápsulas,Nazaria - MA - Imperatriz,52.0,0.5488000000000001,298.08,0.0,134.49,134.49,2026-09-09 21:25:46,OK,
TO,GD,34558660000104,7896004792293,Lisdexanfetamina 50 mg Caixa 30 Cápsulas,Panpharma - GO,257.0,0.5457,298.08,0.0,135.42,135.42,2026-09-09 21:25:46,OK,
TO,GD,34558660000104,7896004792293,Lisdexanfetamina 50 mg Caixa 30 Cápsulas,Santa Cruz - GO,231.0,0.5457,298.08,0.0,135.42,135.42,2026-09-09 21:25:46,OK,
TO,GD,34558660000104,7896004792293,Lisdexanfetamina 50 mg Caixa 30 Cápsulas,Profarma - DF,544.0,0.5257999999999999,298.08,0.0,188.27,141.35,2026-09-09 21:25:46,OK,
TO,GD,34558660000104,7896004792309,Lisdexanfetamina 70 mg Caixa 30 Cápsulas,Nazaria - MA - Imperatriz,85.0,0.5488000000000001,298.08,0.0,134.49,134.49,2026-09-09 21:25:50,OK,
TO,GD,34558660000104,7896004792309,Lisdexanfetamina 70 mg Caixa 30 Cápsulas,Panpharma - GO,303.0,0.5454,298.08,0.0,135.51,135.51,2026-09-09 21:25:50,OK,
TO,GD,34558660000104,7896004792309,Lisdexanfetamina 70 mg Caixa 30 Cápsulas,Santa Cruz - GO,136.0,0.5454,298.08,0.0,135.51,135.51,2026-09-09 21:25:50,OK,
TO,GD,34558660000104,7896004792309,Lisdexanfetamina 70 mg Caixa 30 Cápsulas,Profarma - DF,397.0,0.5255,298.08,0.0,188.35,141.44,2026-09-09 21:25:50,OK,
TO,GD,34558660000104,7896004792316,,,0.0,0.0,0.0,0.0,0.0,0.0,2026-09-09 21:26:03,ERRO,Message: Nenhuma distribuidora pôde ser lida no card do produto.
TO,GD,34558660000104,7896004792323,Levetiracetam 100 mg/ml Frasco 150 ml Solução Oral,Santa Cruz - GO,60.0,0.3061,86.89,0.0,60.29,60.29,2026-09-09 21:26:07,OK,
TO,GD,34558660000104,7896004792323,Levetiracetam 100 mg/ml Frasco 150 ml Solução Oral,Panpharma - GO,17.0,0.3061,86.89,0.0,60.29,60.29,2026-09-09 21:26:07,OK,
TO,GD,34558660000104,7896004792323,Levetiracetam 100 mg/ml Frasco 150 ml Solução Oral,Profarma - DF,62.0,0.2862,86.89,0.0,71.53,62.02,2026-09-09 21:26:07,OK,
TO,GD,34558660000104,7896004793429,Cetorolaco 10 mg Caixa 10 Comprimidos Sublinguais,Nazaria - MA - Imperatriz,51.0,0.7326,27.44,0.0,7.34,7.34,2026-09-09 21:26:11,OK,
TO,GD,34558660000104,7896004793429,Cetorolaco 10 mg Caixa 10 Comprimidos Sublinguais,Santa Cruz - GO,270.0,0.7276,27.44,0.0,7.47,7.47,2026-09-09 21:26:11,OK,
TO,GD,34558660000104,7896004793429,Cetorolaco 10 mg Caixa 10 Comprimidos Sublinguais,Panpharma - GO,119.0,0.7276,27.44,0.0,7.47,7.47,2026-09-09 21:26:11,OK,
TO,GD,34558660000104,7896004793429,Cetorolaco 10 mg Caixa 10 Comprimidos Sublinguais,Profarma - DF,380.0,0.7077,27.44,0.0,13.54,8.02,2026-09-09 21:26:11,OK,
TO,GD,34558660000104,7896004793436,Cetorolaco 10 mg Caixa 20 Comprimidos Sublinguais,Santa Cruz - GO,73.0,0.7276,52.63,0.0,14.34,14.34,2026-09-09 21:26:15,OK,
TO,GD,34558660000104,7896004793436,Cetorolaco 10 mg Caixa 20 Comprimidos Sublinguais,Panpharma - GO,55.0,0.7276,52.63,0.0,14.34,14.34,2026-09-09 21:26:15,OK,
TO,GD,34558660000104,7896004793436,Cetorolaco 10 mg Caixa 20 Comprimidos Sublinguais,Profarma - DF,181.0,0.7077,52.63,0.0,25.97,15.38,2026-09-09 21:26:15,OK,
TO,GD,34558660000104,7896004793719,Indapamida 1.5 mg Caixa 60 Comprimidos Revestidos Lib. Prolongada,Nazaria - MA - Imperatriz,30.0,0.7447,55.79,0.0,14.24,14.24,2026-09-09 21:26:20,OK,
TO,GD,34558660000104,7896004793719,Indapamida 1.5 mg Caixa 60 Comprimidos Revestidos Lib. Prolongada,Total - TO,6.0,0.7447,55.79,0.0,14.24,14.24,2026-09-09 21:26:20,OK,
TO,GD,34558660000104,7896004793719,Indapamida 1.5 mg Caixa 60 Comprimidos Revestidos Lib. Prolongada,Santa Cruz - GO,85.0,0.7406999999999999,55.79,0.0,14.47,14.47,2026-09-09 21:26:20,OK,
TO,GD,34558660000104,7896004793719,Indapamida 1.5 mg Caixa 60 Comprimidos Revestidos Lib. Prolongada,Panpharma - GO,40.0,0.7406999999999999,55.79,0.0,14.47,14.47,2026-09-09 21:26:20,OK,
TO,GD,34558660000104,7896004793719,Indapamida 1.5 mg Caixa 60 Comprimidos Revestidos Lib. Prolongada,Profarma - DF,75.0,0.7208,55.79,0.0,26.95,15.58,2026-09-09 21:26:20,OK,
TO,GD,34558660000104,7896004793801,Valsartana 80 mg Caixa 30 Comprimidos,Total - TO,47.0,0.8045,61.36,0.0,11.99,11.99,2026-09-09 21:26:25,OK,
TO,GD,34558660000104,7896004793801,Valsartana 80 mg Caixa 30 Comprimidos,Nazaria - MA - Imperatriz,48.0,0.7289,61.36,0.0,16.63,16.63,2026-09-09 21:26:25,OK,
TO,GD,34558660000104,7896004793801,Valsartana 80 mg Caixa 30 Comprimidos,Santa Cruz - GO,193.0,0.6334000000000001,61.36,0.0,22.49,22.49,2026-09-09 21:26:25,OK,
TO,GD,34558660000104,7896004793801,Valsartana 80 mg Caixa 30 Comprimidos,Panpharma - GO,44.0,0.6334000000000001,61.36,0.0,22.49,22.49,2026-09-09 21:26:25,OK,
TO,GD,34558660000104,7896004793801,Valsartana 80 mg Caixa 30 Comprimidos,Profarma - DF,111.0,0.6135,61.36,0.0,34.91,23.72,2026-09-09 21:26:25,OK,
TO,GD,34558660000104,7896004793818,Valsartana 160 mg Caixa 30 Comprimidos,Nazaria - MA - Imperatriz,164.0,0.7204,61.4,0.0,17.17,17.17,2026-09-09 21:26:30,OK,
TO,GD,34558660000104,7896004793818,Valsartana 160 mg Caixa 30 Comprimidos,Total - TO,162.0,0.7204,61.4,0.0,17.17,17.17,2026-09-09 21:26:30,OK,
TO,GD,34558660000104,7896004793818,Valsartana 160 mg Caixa 30 Comprimidos,Santa Cruz - GO,223.0,0.6028,61.4,0.0,24.39,24.39,2026-09-09 21:26:30,OK,
TO,GD,34558660000104,7896004793818,Valsartana 160 mg Caixa 30 Comprimidos,Panpharma - GO,157.0,0.6028,61.4,0.0,24.39,24.39,2026-09-09 21:26:30,OK,
TO,GD,34558660000104,7896004793818,Valsartana 160 mg Caixa 30 Comprimidos,Profarma - DF,264.0,0.6917,61.4,0.0,31.09,18.93,2026-09-09 21:26:30,OK,
TO,GD,34558660000104,7896004793825,Valsartana 320 mg Caixa 30 Comprimidos,Total - TO,58.0,0.648,72.65,0.0,25.57,25.57,2026-09-09 21:26:34,OK,
TO,GD,34558660000104,7896004793825,Valsartana 320 mg Caixa 30 Comprimidos,Santa Cruz - GO,139.0,0.4021,72.65,0.0,43.44,43.44,2026-09-09 21:26:34,OK,
TO,GD,34558660000104,7896004793825,Valsartana 320 mg Caixa 30 Comprimidos,Panpharma - GO,124.0,0.4021,72.65,0.0,43.44,43.44,2026-09-09 21:26:34,OK,
TO,GD,34558660000104,7896004793825,Valsartana 320 mg Caixa 30 Comprimidos,Profarma - DF,329.0,0.5296,72.65,0.0,46.21,34.17,2026-09-09 21:26:34,OK,
TO,GD,34558660000104,7896004793931,Rosuvastatina Cálcica 40 mg Caixa 30 Comprimidos Revestidos,Nazaria - MA - Imperatriz,80.0,0.6319,130.63,0.0,48.08,48.08,2026-09-09 21:26:39,OK,
TO,GD,34558660000104,7896004793931,Rosuvastatina Cálcica 40 mg Caixa 30 Comprimidos Revestidos,Total - TO,45.0,0.6319,130.63,0.0,48.08,48.08,2026-09-09 21:26:39,OK,
TO,GD,34558660000104,7896004793931,Rosuvastatina Cálcica 40 mg Caixa 30 Comprimidos Revestidos,Panpharma - GO,99.0,0.5824,130.63,0.0,54.55,54.55,2026-09-09 21:26:39,OK,
TO,GD,34558660000104,7896004793931,Rosuvastatina Cálcica 40 mg Caixa 30 Comprimidos Revestidos,Santa Cruz - GO,93.0,0.5824,130.63,0.0,54.55,54.55,2026-09-09 21:26:39,OK,
TO,GD,34558660000104,7896004793931,Rosuvastatina Cálcica 40 mg Caixa 30 Comprimidos Revestidos,Profarma - DF,277.0,0.5625,130.63,0.0,79.63,57.15,2026-09-09 21:26:39,OK,
TO,GD,34558660000104,7896004794044,Duloxetina 30 mg Caixa 60 Cápsulas,Nazaria - MA - Imperatriz,5.0,0.4704,118.49,0.0,62.75,62.75,2026-09-09 21:26:43,OK,
TO,GD,34558660000104,7896004794044,Duloxetina 30 mg Caixa 60 Cápsulas,Santa Cruz - GO,100.0,0.4683,118.49,0.0,63.0,63.0,2026-09-09 21:26:43,OK,
TO,GD,34558660000104,7896004794044,Duloxetina 30 mg Caixa 60 Cápsulas,Panpharma - GO,95.0,0.4683,118.49,0.0,63.0,63.0,2026-09-09 21:26:43,OK,
TO,GD,34558660000104,7896004794044,Duloxetina 30 mg Caixa 60 Cápsulas,Profarma - DF,206.0,0.4484,118.49,0.0,83.06,65.36,2026-09-09 21:26:43,OK,
TO,GD,34558660000104,7896004794051,Duloxetina 60 mg Caixa 60 Cápsulas,Nazaria - MA - Imperatriz,23.0,0.4511,212.39,0.0,116.58,116.58,2026-09-09 21:26:48,OK,
TO,GD,34558660000104,7896004794051,Duloxetina 60 mg Caixa 60 Cápsulas,Santa Cruz - GO,105.0,0.44,212.39,0.0,118.94,118.94,2026-09-09 21:26:48,OK,
TO,GD,34558660000104,7896004794051,Duloxetina 60 mg Caixa 60 Cápsulas,Panpharma - GO,44.0,0.44,212.39,0.0,118.94,118.94,2026-09-09 21:26:48,OK,
TO,GD,34558660000104,7896004794051,Duloxetina 60 mg Caixa 60 Cápsulas,Profarma - DF,364.0,0.4201,212.39,0.0,153.68,123.16,2026-09-09 21:26:48,OK,
TO,GD,34558660000104,7896004794068,Bupropiona 300 mg Caixa 30 Comprimidos,Nazaria - MA - Imperatriz,15.0,0.5609000000000001,155.0,0.0,68.06,68.06,2026-09-09 21:26:52,OK,
TO,GD,34558660000104,7896004794068,Bupropiona 300 mg Caixa 30 Comprimidos,Panpharma - GO,140.0,0.5588000000000001,155.0,0.0,68.39,68.39,2026-09-09 21:26:52,OK,
TO,GD,34558660000104,7896004794068,Bupropiona 300 mg Caixa 30 Comprimidos,Santa Cruz - GO,139.0,0.5588000000000001,155.0,0.0,68.39,68.39,2026-09-09 21:26:52,OK,
TO,GD,34558660000104,7896004794068,Bupropiona 300 mg Caixa 30 Comprimidos,Profarma - DF,26.0,0.539,155.0,0.0,97.4,71.46,2026-09-09 21:26:52,OK,
TO,GD,34558660000104,7896004794075,Fexofenadina 6 mg/ml Frasco 150 ml,Nazaria - MA - Imperatriz,9.0,0.5214,48.7,0.0,23.31,23.31,2026-09-09 21:26:57,OK,
TO,GD,34558660000104,7896004794075,Fexofenadina 6 mg/ml Frasco 150 ml,Santa Cruz - GO,191.0,0.5194,48.7,0.0,23.41,23.41,2026-09-09 21:26:57,OK,
TO,GD,34558660000104,7896004794075,Fexofenadina 6 mg/ml Frasco 150 ml,Panpharma - GO,77.0,0.5194,48.7,0.0,23.41,23.41,2026-09-09 21:26:57,OK,
TO,GD,34558660000104,7896004794075,Fexofenadina 6 mg/ml Frasco 150 ml,Profarma - DF,541.0,0.4263,42.9,0.0,28.86,24.61,2026-09-09 21:26:57,OK,
TO,GD,34558660000104,7896004794174,Fexofenadina 6 mg/ml Frasco 60 ml,Santa Cruz - GO,137.0,0.516,21.44,0.0,10.38,10.38,2026-09-09 21:27:01,OK,
TO,GD,34558660000104,7896004794174,Fexofenadina 6 mg/ml Frasco 60 ml,Panpharma - GO,133.0,0.516,21.44,0.0,10.38,10.38,2026-09-09 21:27:01,OK,
TO,GD,34558660000104,7896004794174,Fexofenadina 6 mg/ml Frasco 60 ml,Profarma - DF,212.0,0.43170000000000003,16.53,0.0,11.01,9.39,2026-09-09 21:27:01,OK,
TO,GD,34558660000104,7896004794198,Escitalopram 20 mg com 60 Comprimidos,Nazaria - MA - Imperatriz,44.0,0.8568000000000001,157.25,0.0,22.52,22.52,2026-09-09 21:27:05,OK,
TO,GD,34558660000104,7896004794198,Escitalopram 20 mg com 60 Comprimidos,Santa Cruz - GO,60.0,0.8501000000000001,157.25,0.0,23.57,23.57,2026-09-09 21:27:05,OK,
TO,GD,34558660000104,7896004794198,Escitalopram 20 mg com 60 Comprimidos,Panpharma - GO,56.0,0.8501000000000001,157.25,0.0,23.57,23.57,2026-09-09 21:27:05,OK,
TO,GD,34558660000104,7896004794198,Escitalopram 20 mg com 60 Comprimidos,Profarma - DF,278.0,0.8301999999999999,157.25,0.0,62.19,26.7,2026-09-09 21:27:05,OK,
TO,GD,34558660000104,7896004795041,BROMIDRATO DE VORTIOXETINA 5MG X 30CPR,Nazaria - MA - Imperatriz,33.0,0.4715,67.59,0.0,35.72,35.72,2026-09-09 21:27:09,OK,
TO,GD,34558660000104,7896004795041,BROMIDRATO DE VORTIOXETINA 5MG X 30CPR,Panpharma - GO,137.0,0.4447,67.59,0.0,37.53,37.53,2026-09-09 21:27:09,OK,
TO,GD,34558660000104,7896004795041,BROMIDRATO DE VORTIOXETINA 5MG X 30CPR,Santa Cruz - GO,88.0,0.4447,67.59,0.0,37.53,37.53,2026-09-09 21:27:09,OK,
TO,GD,34558660000104,7896004795041,BROMIDRATO DE VORTIOXETINA 5MG X 30CPR,Profarma - DF,86.0,0.42479999999999996,67.59,0.0,48.15,38.88,2026-09-09 21:27:09,OK,
TO,GD,34558660000104,7896004795058,BROMIDRATO DE VORTIOXETINA 10MG + 30CPR,Nazaria - MA - Imperatriz,39.0,0.4907,111.38,0.0,56.73,56.73,2026-09-09 21:27:13,OK,
TO,GD,34558660000104,7896004795058,BROMIDRATO DE VORTIOXETINA 10MG + 30CPR,Panpharma - GO,76.0,0.4633,111.38,0.0,59.78,59.78,2026-09-09 21:27:13,OK,
TO,GD,34558660000104,7896004795058,BROMIDRATO DE VORTIOXETINA 10MG + 30CPR,Santa Cruz - GO,47.0,0.4633,111.38,0.0,59.78,59.78,2026-09-09 21:27:13,OK,
TO,GD,34558660000104,7896004795065,BROMIDRATO DE VORTIOXETINA 10MG + 60CPR,Nazaria - MA - Imperatriz,55.0,0.42700000000000005,200.47,0.0,114.87,114.87,2026-09-09 21:27:17,OK,
TO,GD,34558660000104,7896004795188,Zolpidem 5MG X 30 SL,Santa Cruz - GO,228.0,0.6842,84.99,0.0,26.84,26.84,2026-09-09 21:27:21,OK,
TO,GD,34558660000104,7896004795188,Zolpidem 5MG X 30 SL,Panpharma - GO,16.0,0.6842,84.99,0.0,26.84,26.84,2026-09-09 21:27:21,OK,
TO,GD,34558660000104,7896004795188,Zolpidem 5MG X 30 SL,Profarma - DF,1053.0,0.7757,84.99,0.0,37.32,19.06,2026-09-09 21:27:21,OK,
TO,GD,34558660000104,7896004795232,AMOXICILINA + CLAVULANATO DE POTÁSSIO 500MG X 125MG X 21COR,Nazaria - MA - Imperatriz,7.0,0.7254,153.94,0.0,42.27,42.27,2026-09-09 21:27:25,OK,
TO,GD,34558660000104,7896004795232,AMOXICILINA + CLAVULANATO DE POTÁSSIO 500MG X 125MG X 21COR,Santa Cruz - GO,199.0,0.7201000000000001,153.94,0.0,43.09,43.09,2026-09-09 21:27:25,OK,
TO,GD,34558660000104,7896004795232,AMOXICILINA + CLAVULANATO DE POTÁSSIO 500MG X 125MG X 21COR,Panpharma - GO,76.0,0.7201000000000001,153.94,0.0,43.09,43.09,2026-09-09 21:27:25,OK,
TO,GD,34558660000104,7896004795232,AMOXICILINA + CLAVULANATO DE POTÁSSIO 500MG X 125MG X 21COR,Profarma - DF,389.0,0.7001999999999999,153.94,0.0,76.89,46.15,2026-09-09 21:27:25,OK,
TO,GD,34558660000104,7896004795461,"CLOR.DE NARATRIPTANA 2,5MG C/8 COM REV-LG",Nazaria - MA - Imperatriz,59.0,0.45640000000000003,27.06,0.0,14.71,14.71,2026-09-09 21:27:30,OK,
TO,GD,34558660000104,7896004795461,"CLOR.DE NARATRIPTANA 2,5MG C/8 COM REV-LG",Santa Cruz - GO,1014.0,0.413,27.06,0.0,15.88,15.88,2026-09-09 21:27:30,OK,
TO,GD,34558660000104,7896004795461,"CLOR.DE NARATRIPTANA 2,5MG C/8 COM REV-LG",Panpharma - GO,683.0,0.413,27.06,0.0,15.88,15.88,2026-09-09 21:27:30,OK,
TO,GD,34558660000104,7896004795461,"CLOR.DE NARATRIPTANA 2,5MG C/8 COM REV-LG",Profarma - DF,245.0,0.3931,27.06,0.0,20.16,16.42,2026-09-09 21:27:30,OK,
TO,GD,34558660000104,7896004796284,DICL.TRIMETAZIDINA 35MG C/60 COM REV-LG,Santa Cruz - GO,77.0,0.4727,100.46,0.0,52.97,52.97,2026-09-09 21:27:33,OK,
TO,GD,34558660000104,7896004796284,DICL.TRIMETAZIDINA 35MG C/60 COM REV-LG,Panpharma - GO,31.0,0.4727,100.46,0.0,52.97,52.97,2026-09-09 21:27:33,OK,
TO,GD,34558660000104,7896004796291,DICL.TRIMETAZIDINA 35MG C/30 COM REV-LG,Santa Cruz - GO,15.0,0.5128,50.23,0.0,24.47,24.47,2026-09-09 21:27:36,OK,
TO,GD,34558660000104,7896004796307,BES. LEVANLODIPINO 5MG C/30COMP -LG,Santa Cruz - GO,56.0,0.3944,77.91,0.0,47.18,47.18,2026-09-09 21:27:40,OK,
TO,GD,34558660000104,7896004796314,"BES. LEVANLODIPINO 2,5MG C/30COMP-LG",Santa Cruz - GO,99.0,0.4496,40.11,0.0,22.08,22.08,2026-09-09 21:27:43,OK,
TO,GD,34558660000104,7896004796314,"BES. LEVANLODIPINO 2,5MG C/30COMP-LG",Panpharma - GO,60.0,0.4496,40.11,0.0,22.08,22.08,2026-09-09 21:27:43,OK,
TO,GD,34558660000104,7896004796352,GUAIFENESINA + OXOMEMAZINA + POTASSIO IODETO + SODIO BENZOATO x 120ML,Total - TO,2857.0,0.715,40.54,0.0,11.56,11.55,2026-09-09 21:27:48,OK,
TO,GD,34558660000104,7896004796352,GUAIFENESINA + OXOMEMAZINA + POTASSIO IODETO + SODIO BENZOATO x 120ML,Nazaria - MA - Imperatriz,260.0,0.715,40.55,0.0,11.56,11.56,2026-09-09 21:27:48,OK,
TO,GD,34558660000104,7896004796352,GUAIFENESINA + OXOMEMAZINA + POTASSIO IODETO + SODIO BENZOATO x 120ML,Santa Cruz - GO,2403.0,0.7112999999999999,40.55,0.0,11.71,11.71,2026-09-09 21:27:48,OK,
TO,GD,34558660000104,7896004796352,GUAIFENESINA + OXOMEMAZINA + POTASSIO IODETO + SODIO BENZOATO x 120ML,Panpharma - GO,1645.0,0.7112999999999999,40.55,0.0,11.71,11.71,2026-09-09 21:27:48,OK,
TO,GD,34558660000104,7896004796352,GUAIFENESINA + OXOMEMAZINA + POTASSIO IODETO + SODIO BENZOATO x 120ML,Profarma - DF,1801.0,0.6816,40.55,0.0,20.55,12.91,2026-09-09 21:27:48,OK,
