UF,CONSULTOR_USADO,CNPJ_REFERENCIA,EAN,PRODUTO,DISTRIBUIDORA,ESTOQUE,DESCONTO,PF_DIST,PF_FABRICA,PRECO_COM_IMPOSTO,PRECO_SEM_IMPOSTO,DATA_ATUALIZACAO,STATUS,ERRO
PI,GD,45592059000154,7894916372770,Loratadina 1 mg/ml Frasco 100 ml Xarope,Panpharma - PI,13.0,0.7339,38.45,0.0,10.23,10.23,2026-09-11 16:50:24,OK,
PI,GD,45592059000154,7894916372787,Xarope Cloridrato de Ambroxol Infantil 15mg/5ml Frasco 120 ml,Plusfarma - PI,73.0,0.45399999999999996,19.09,0.0,10.42,10.42,2026-09-11 16:50:28,OK,
PI,GD,45592059000154,7894916372787,Xarope Cloridrato de Ambroxol Infantil 15mg/5ml Frasco 120 ml,Nazaria - PI,48.0,0.45399999999999996,19.09,0.0,10.42,10.42,2026-09-11 16:50:28,OK,
PI,GD,45592059000154,7894916372787,Xarope Cloridrato de Ambroxol Infantil 15mg/5ml Frasco 120 ml,Panpharma - PI,48.0,0.45,19.09,0.0,10.5,10.5,2026-09-11 16:50:28,OK,
PI,GD,45592059000154,7894916372787,Xarope Cloridrato de Ambroxol Infantil 15mg/5ml Frasco 120 ml,Total Comércio - PI,82.0,0.45399999999999996,19.09,0.0,10.93,10.42,2026-09-11 16:50:28,OK,
PI,GD,45592059000154,7894916372855,Anastrozol 1 mg Caixa 30 Comprimidos Revestidos,Nazaria - PI,46.0,0.8869,816.16,0.0,92.31,92.31,2026-09-11 16:50:31,OK,
PI,GD,45592059000154,7894916372855,Anastrozol 1 mg Caixa 30 Comprimidos Revestidos,Panpharma - PI,39.0,0.8848999999999999,816.16,0.0,93.94,93.94,2026-09-11 16:50:31,OK,
PI,GD,45592059000154,7896004700038,Paracetamol 200 mg/ml Frasco 15 ml Gotas,Nazaria - PI,2078.0,0.5871999999999999,11.5,0.0,4.75,4.75,2026-09-11 16:50:36,OK,
PI,GD,45592059000154,7896004700038,Paracetamol 200 mg/ml Frasco 15 ml Gotas,Plusfarma - PI,1016.0,0.5871999999999999,11.5,0.0,4.75,4.75,2026-09-11 16:50:36,OK,
PI,GD,45592059000154,7896004700038,Paracetamol 200 mg/ml Frasco 15 ml Gotas,Total Comércio - PI,98.0,0.5871999999999999,11.5,0.0,4.98,4.75,2026-09-11 16:50:36,OK,
PI,GD,45592059000154,7896004700038,Paracetamol 200 mg/ml Frasco 15 ml Gotas,Panpharma - PI,256.0,0.5458,11.5,0.0,5.22,5.22,2026-09-11 16:50:36,OK,
PI,GD,45592059000154,7896004700250,,,0.0,0.0,0.0,0.0,0.0,0.0,2026-09-11 16:50:48,ERRO,Message: Nenhuma distribuidora pôde ser lida no card do produto.
PI,GD,45592059000154,7896004700274,Tenoxicam 20 mg Caixa 10 Comprimidos Revestidos,Nazaria - PI,105.0,0.6881,45.81,0.0,14.29,14.29,2026-09-11 16:50:52,OK,
PI,GD,45592059000154,7896004700274,Tenoxicam 20 mg Caixa 10 Comprimidos Revestidos,Plusfarma - PI,18.0,0.6881,45.81,0.0,14.29,14.29,2026-09-11 16:50:52,OK,
PI,GD,45592059000154,7896004700274,Tenoxicam 20 mg Caixa 10 Comprimidos Revestidos,Panpharma - PI,79.0,0.6839,45.81,0.0,14.48,14.48,2026-09-11 16:50:52,OK,
PI,GD,45592059000154,7896004700403,Diltiazem 60 mg Caixa 50 Comprimidos,Plusfarma - PI,54.0,0.2544,39.74,0.0,29.63,29.63,2026-09-11 16:50:55,OK,
PI,GD,45592059000154,7896004700403,Diltiazem 60 mg Caixa 50 Comprimidos,Nazaria - PI,48.0,0.2544,39.74,0.0,29.63,29.63,2026-09-11 16:50:55,OK,
PI,GD,45592059000154,7896004700403,Diltiazem 60 mg Caixa 50 Comprimidos,Panpharma - PI,93.0,0.25239999999999996,39.74,0.0,29.71,29.71,2026-09-11 16:50:55,OK,
PI,GD,45592059000154,7896004700410,Diltiazem 60 mg Caixa 25 Comprimidos,Nazaria - PI,34.0,0.45630000000000004,20.27,0.0,11.02,11.02,2026-09-11 16:50:59,OK,
PI,GD,45592059000154,7896004700410,Diltiazem 60 mg Caixa 25 Comprimidos,Panpharma - PI,21.0,0.44689999999999996,20.27,0.0,11.21,11.21,2026-09-11 16:50:59,OK,
PI,GD,45592059000154,7896004700410,Diltiazem 60 mg Caixa 25 Comprimidos,Total Comércio - PI,43.0,0.4364,20.27,0.0,11.98,11.42,2026-09-11 16:50:59,OK,
PI,GD,45592059000154,7896004700427,Amoxicilina 500 mg Caixa 21 Cápsulas,Nazaria - PI,1180.0,0.7478,35.59,0.0,8.98,8.98,2026-09-11 16:51:03,OK,
PI,GD,45592059000154,7896004700427,Amoxicilina 500 mg Caixa 21 Cápsulas,Plusfarma - PI,533.0,0.7478,35.59,0.0,8.98,8.98,2026-09-11 16:51:03,OK,
PI,GD,45592059000154,7896004700427,Amoxicilina 500 mg Caixa 21 Cápsulas,Total Comércio - PI,7.0,0.7478,35.59,0.0,9.41,8.98,2026-09-11 16:51:03,OK,
PI,GD,45592059000154,7896004700427,Amoxicilina 500 mg Caixa 21 Cápsulas,Panpharma - PI,119.0,0.7112999999999999,35.59,0.0,10.27,10.27,2026-09-11 16:51:03,OK,
PI,GD,45592059000154,7896004700441,Amoxicilina 500 mg Caixa 15 Cápsulas,Nazaria - PI,198.0,0.6516,26.22,0.0,9.14,9.14,2026-09-11 16:51:07,OK,
PI,GD,45592059000154,7896004700441,Amoxicilina 500 mg Caixa 15 Cápsulas,Plusfarma - PI,49.0,0.6516,26.22,0.0,9.14,9.14,2026-09-11 16:51:07,OK,
PI,GD,45592059000154,7896004700441,Amoxicilina 500 mg Caixa 15 Cápsulas,Panpharma - PI,99.0,0.6363,26.22,0.0,9.54,9.54,2026-09-11 16:51:07,OK,
PI,GD,45592059000154,7896004700441,Amoxicilina 500 mg Caixa 15 Cápsulas,Total Comércio - PI,30.0,0.6516,26.22,0.0,9.58,9.14,2026-09-11 16:51:07,OK,
PI,GD,45592059000154,7896004700458,Amoxicilina 250mg/5ml Frasco 150 ml Pó Para Suspensão Oral + Copo,Plusfarma - PI,400.0,0.6085,28.84,0.0,11.29,11.29,2026-09-11 16:51:10,OK,
PI,GD,45592059000154,7896004700458,Amoxicilina 250mg/5ml Frasco 150 ml Pó Para Suspensão Oral + Copo,Nazaria - PI,212.0,0.6085,28.84,0.0,11.29,11.29,2026-09-11 16:51:10,OK,
PI,GD,45592059000154,7896004700458,Amoxicilina 250mg/5ml Frasco 150 ml Pó Para Suspensão Oral + Copo,Panpharma - PI,130.0,0.605,28.84,0.0,11.39,11.39,2026-09-11 16:51:10,OK,
PI,GD,45592059000154,7896004700526,Enalapril 5 mg Caixa 30 Comprimidos,Nazaria - PI,2259.0,0.8506999999999999,22.09,0.0,3.3,3.3,2026-09-11 16:51:13,OK,
PI,GD,45592059000154,7896004700526,Enalapril 5 mg Caixa 30 Comprimidos,Plusfarma - PI,300.0,0.8506999999999999,22.09,0.0,3.3,3.3,2026-09-11 16:51:13,OK,
PI,GD,45592059000154,7896004700533,Enalapril 10 mg Caixa 30 Comprimidos,Nazaria - PI,1716.0,0.8622,21.12,0.0,2.91,2.91,2026-09-11 16:51:17,OK,
PI,GD,45592059000154,7896004700533,Enalapril 10 mg Caixa 30 Comprimidos,Plusfarma - PI,1065.0,0.8622,21.12,0.0,2.91,2.91,2026-09-11 16:51:17,OK,
PI,GD,45592059000154,7896004700540,Enalapril 20 mg Caixa 30 Comprimidos,Nazaria - PI,372.0,0.8753,32.09,0.0,4.0,4.0,2026-09-11 16:51:19,OK,
PI,GD,45592059000154,7896004700564,,,0.0,0.0,0.0,0.0,0.0,0.0,2026-09-11 16:51:31,ERRO,Message: Nenhuma distribuidora pôde ser lida no card do produto.
PI,GD,45592059000154,7896004700571,Carbocisteína 50 mg/ml Frasco 100 ml Xarope Adulto,Nazaria - PI,50.0,0.5489999999999999,32.73,0.0,14.76,14.76,2026-09-11 16:51:35,OK,
PI,GD,45592059000154,7896004700571,Carbocisteína 50 mg/ml Frasco 100 ml Xarope Adulto,Plusfarma - PI,4.0,0.5489999999999999,32.73,0.0,14.76,14.76,2026-09-11 16:51:35,OK,
PI,GD,45592059000154,7896004700571,Carbocisteína 50 mg/ml Frasco 100 ml Xarope Adulto,Panpharma - PI,44.0,0.5447,32.73,0.0,14.9,14.9,2026-09-11 16:51:35,OK,
PI,GD,45592059000154,7896004700571,Carbocisteína 50 mg/ml Frasco 100 ml Xarope Adulto,Total Comércio - PI,50.0,0.5489999999999999,32.72,0.0,15.48,14.76,2026-09-11 16:51:35,OK,
PI,GD,45592059000154,7896004700656,Betametasona + Ácido Salicílico 0.5+30 mg/g Bisnaga 30 g Pomada,Nazaria - PI,226.0,0.7473000000000001,23.01,0.0,5.81,5.81,2026-09-11 16:51:39,OK,
PI,GD,45592059000154,7896004700656,Betametasona + Ácido Salicílico 0.5+30 mg/g Bisnaga 30 g Pomada,Plusfarma - PI,62.0,0.7473000000000001,23.01,0.0,5.81,5.81,2026-09-11 16:51:39,OK,
PI,GD,45592059000154,7896004700656,Betametasona + Ácido Salicílico 0.5+30 mg/g Bisnaga 30 g Pomada,Panpharma - PI,87.0,0.7452,23.01,0.0,5.86,5.86,2026-09-11 16:51:39,OK,
PI,GD,45592059000154,7896004700656,Betametasona + Ácido Salicílico 0.5+30 mg/g Bisnaga 30 g Pomada,Total Comércio - PI,17.0,0.7323999999999999,23.01,0.0,6.46,6.16,2026-09-11 16:51:39,OK,
PI,GD,45592059000154,7896004700953,Pentoxifilina 400 mg Caixa 20 Comprimidos Revestidos,Nazaria - PI,95.0,0.1741,52.74,0.0,43.56,43.56,2026-09-11 16:51:43,OK,
PI,GD,45592059000154,7896004700953,Pentoxifilina 400 mg Caixa 20 Comprimidos Revestidos,Plusfarma - PI,24.0,0.1741,52.74,0.0,43.56,43.56,2026-09-11 16:51:43,OK,
PI,GD,45592059000154,7896004700953,Pentoxifilina 400 mg Caixa 20 Comprimidos Revestidos,Panpharma - PI,108.0,0.1604,52.74,0.0,44.28,44.28,2026-09-11 16:51:43,OK,
PI,GD,45592059000154,7896004700953,Pentoxifilina 400 mg Caixa 20 Comprimidos Revestidos,Total Comércio - PI,17.0,0.1741,52.74,0.0,45.67,43.56,2026-09-11 16:51:43,OK,
PI,GD,45592059000154,7896004700984,Cetoconazol 20 mg/g Frasco 100 ml Shampoo Anticaspa,Nazaria - PI,236.0,0.6261,62.63,0.0,23.42,23.42,2026-09-11 16:51:47,OK,
PI,GD,45592059000154,7896004700984,Cetoconazol 20 mg/g Frasco 100 ml Shampoo Anticaspa,Plusfarma - PI,71.0,0.6261,62.63,0.0,23.42,23.42,2026-09-11 16:51:47,OK,
PI,GD,45592059000154,7896004700984,Cetoconazol 20 mg/g Frasco 100 ml Shampoo Anticaspa,Panpharma - PI,12.0,0.624,62.63,0.0,23.55,23.55,2026-09-11 16:51:47,OK,
PI,GD,45592059000154,7896004700984,Cetoconazol 20 mg/g Frasco 100 ml Shampoo Anticaspa,Total Comércio - PI,118.0,0.6142,62.63,0.0,25.33,24.16,2026-09-11 16:51:47,OK,
PI,GD,45592059000154,7896004700991,Claritromicina 500 mg Caixa 14 Comprimidos Revestidos,Plusfarma - PI,47.0,0.6271,222.28,0.0,82.89,82.89,2026-09-11 16:51:51,OK,
PI,GD,45592059000154,7896004700991,Claritromicina 500 mg Caixa 14 Comprimidos Revestidos,Nazaria - PI,30.0,0.6271,222.28,0.0,82.89,82.89,2026-09-11 16:51:51,OK,
PI,GD,45592059000154,7896004700991,Claritromicina 500 mg Caixa 14 Comprimidos Revestidos,Total Comércio - PI,43.0,0.6271,222.28,0.0,86.92,82.89,2026-09-11 16:51:51,OK,
PI,GD,45592059000154,7896004700991,Claritromicina 500 mg Caixa 14 Comprimidos Revestidos,Panpharma - PI,47.0,0.5915,222.28,0.0,90.8,90.8,2026-09-11 16:51:51,OK,
PI,GD,45592059000154,7896004701035,Terbinafina 10 mg/g Bisnaga 20 g Creme,Nazaria - PI,300.0,0.5129,36.05,0.0,17.56,17.56,2026-09-11 16:51:54,OK,
PI,GD,45592059000154,7896004701035,Terbinafina 10 mg/g Bisnaga 20 g Creme,Plusfarma - PI,74.0,0.5129,36.05,0.0,17.56,17.56,2026-09-11 16:51:54,OK,
PI,GD,45592059000154,7896004701035,Terbinafina 10 mg/g Bisnaga 20 g Creme,Panpharma - PI,39.0,0.4346,36.05,0.0,20.38,20.38,2026-09-11 16:51:54,OK,
PI,GD,45592059000154,7896004701172,Claritromicina 500 mg Caixa 10 Comprimidos Revestidos,Plusfarma - PI,34.0,0.6553,151.66,0.0,52.28,52.28,2026-09-11 16:51:57,OK,
PI,GD,45592059000154,7896004701172,Claritromicina 500 mg Caixa 10 Comprimidos Revestidos,Nazaria - PI,15.0,0.6553,151.66,0.0,52.28,52.28,2026-09-11 16:51:57,OK,
PI,GD,45592059000154,7896004701172,Claritromicina 500 mg Caixa 10 Comprimidos Revestidos,Panpharma - PI,32.0,0.6533,151.66,0.0,52.58,52.58,2026-09-11 16:51:57,OK,
PI,GD,45592059000154,7896004701233,Bromoprida 4 mg/ml Frasco 20 ml Gotas,Nazaria - PI,1477.0,0.7197,19.78,0.0,5.54,5.54,2026-09-11 16:52:01,OK,
PI,GD,45592059000154,7896004701233,Bromoprida 4 mg/ml Frasco 20 ml Gotas,Plusfarma - PI,368.0,0.7197,19.78,0.0,5.54,5.54,2026-09-11 16:52:01,OK,
PI,GD,45592059000154,7896004701233,Bromoprida 4 mg/ml Frasco 20 ml Gotas,Total Comércio - PI,268.0,0.7197,19.78,0.0,5.81,5.54,2026-09-11 16:52:01,OK,
PI,GD,45592059000154,7896004701233,Bromoprida 4 mg/ml Frasco 20 ml Gotas,Panpharma - PI,356.0,0.7040000000000001,19.78,0.0,5.85,5.85,2026-09-11 16:52:01,OK,
PI,GD,45592059000154,7896004701288,Hidróxido De Alumínio 61.5 mg/ml Frasco 240 ml Suspensão Oral,Nazaria - PI,1187.0,0.2232,22.07,0.0,17.14,17.14,2026-09-11 16:52:05,OK,
PI,GD,45592059000154,7896004701288,Hidróxido De Alumínio 61.5 mg/ml Frasco 240 ml Suspensão Oral,Plusfarma - PI,141.0,0.2232,22.07,0.0,17.14,17.14,2026-09-11 16:52:05,OK,
PI,GD,45592059000154,7896004701288,Hidróxido De Alumínio 61.5 mg/ml Frasco 240 ml Suspensão Oral,Total Comércio - PI,8.0,0.22190000000000001,22.07,0.0,18.01,17.17,2026-09-11 16:52:05,OK,
PI,GD,45592059000154,7896004701301,,,0.0,0.0,0.0,0.0,0.0,0.0,2026-09-11 16:52:17,ERRO,Message: Nenhuma distribuidora pôde ser lida no card do produto.
PI,GD,45592059000154,7896004701462,Lorazepam 2 mg Caixa 20 Comprimidos,Plusfarma - PI,61.0,0.8299,18.15,0.0,3.09,3.09,2026-09-11 16:52:20,OK,
PI,GD,45592059000154,7896004701462,Lorazepam 2 mg Caixa 20 Comprimidos,Nazaria - PI,1.0,0.8299,18.15,0.0,3.09,3.09,2026-09-11 16:52:20,OK,
PI,GD,45592059000154,7896004701820,Diclofenaco Potássico 50 mg Caixa 20 Comprimidos Revestidos,Nazaria - PI,334.0,0.8926000000000001,23.16,0.0,2.49,2.49,2026-09-11 16:52:23,OK,
PI,GD,45592059000154,7896004701820,Diclofenaco Potássico 50 mg Caixa 20 Comprimidos Revestidos,Plusfarma - PI,36.0,0.8926000000000001,23.16,0.0,2.49,2.49,2026-09-11 16:52:23,OK,
PI,GD,45592059000154,7896004701820,Diclofenaco Potássico 50 mg Caixa 20 Comprimidos Revestidos,Panpharma - PI,127.0,0.8381000000000001,23.16,0.0,3.75,3.75,2026-09-11 16:52:23,OK,
PI,GD,45592059000154,7896004701943,Sinvastatina 10 mg Caixa 30 Comprimidos Revestidos,Plusfarma - PI,264.0,0.8167,25.86,0.0,4.74,4.74,2026-09-11 16:52:27,OK,
PI,GD,45592059000154,7896004701943,Sinvastatina 10 mg Caixa 30 Comprimidos Revestidos,Panpharma - PI,24.0,0.7970999999999999,25.86,0.0,5.25,5.25,2026-09-11 16:52:27,OK,
PI,GD,45592059000154,7896004701967,Omeprazol Magnésico 20 mg Caixa 28 Cápsulas,Nazaria - PI,287.0,0.8434999999999999,28.52,0.0,4.46,4.46,2026-09-11 16:52:30,OK,
PI,GD,45592059000154,7896004701967,Omeprazol Magnésico 20 mg Caixa 28 Cápsulas,Panpharma - PI,19.0,0.8414,28.52,0.0,4.52,4.52,2026-09-11 16:52:30,OK,
PI,GD,45592059000154,7896004701967,Omeprazol Magnésico 20 mg Caixa 28 Cápsulas,Plusfarma - PI,97.0,0.8301999999999999,28.52,0.0,4.84,4.84,2026-09-11 16:52:30,OK,
PI,GD,45592059000154,7896004701967,Omeprazol Magnésico 20 mg Caixa 28 Cápsulas,Total Comércio - PI,95.0,0.8120999999999999,28.52,0.0,5.62,5.36,2026-09-11 16:52:30,OK,
PI,GD,45592059000154,7896004702032,Nistatina 100000 ui/ml Frasco 50 ml Suspensão Oral,Panpharma - PI,28.0,0.6981,31.91,0.0,9.63,9.63,2026-09-11 16:52:34,OK,
PI,GD,45592059000154,7896004702032,Nistatina 100000 ui/ml Frasco 50 ml Suspensão Oral,Nazaria - PI,356.0,0.6812999999999999,31.91,0.0,10.17,10.17,2026-09-11 16:52:34,OK,
PI,GD,45592059000154,7896004702032,Nistatina 100000 ui/ml Frasco 50 ml Suspensão Oral,Plusfarma - PI,99.0,0.6812999999999999,31.91,0.0,10.17,10.17,2026-09-11 16:52:34,OK,
PI,GD,45592059000154,7896004702032,Nistatina 100000 ui/ml Frasco 50 ml Suspensão Oral,Total Comércio - PI,13.0,0.6812999999999999,31.91,0.0,10.66,10.17,2026-09-11 16:52:34,OK,
PI,GD,45592059000154,7896004702049,Benzoilmetronidazol 40 mg/ml Frasco 120 ml Suspensão Oral,Nazaria - PI,195.0,0.222,14.45,0.0,11.24,11.24,2026-09-11 16:52:37,OK,
PI,GD,45592059000154,7896004702049,Benzoilmetronidazol 40 mg/ml Frasco 120 ml Suspensão Oral,Plusfarma - PI,61.0,0.222,14.45,0.0,11.24,11.24,2026-09-11 16:52:37,OK,
PI,GD,45592059000154,7896004702452,Albendazol 40 mg/ml Frasco 10 ml Suspensão Oral,Nazaria - PI,6408.0,0.5517,10.9,0.0,4.89,4.89,2026-09-11 16:52:41,OK,
PI,GD,45592059000154,7896004702452,Albendazol 40 mg/ml Frasco 10 ml Suspensão Oral,Plusfarma - PI,983.0,0.5517,10.9,0.0,4.89,4.89,2026-09-11 16:52:41,OK,
PI,GD,45592059000154,7896004702452,Albendazol 40 mg/ml Frasco 10 ml Suspensão Oral,Panpharma - PI,778.0,0.5166,10.9,0.0,5.27,5.27,2026-09-11 16:52:41,OK,
PI,GD,45592059000154,7896004703275,Cefadroxila 500 mg Caixa 8 Cápsulas,Nazaria - PI,916.0,0.7472,56.08,0.0,14.18,14.18,2026-09-11 16:52:45,OK,
PI,GD,45592059000154,7896004703275,Cefadroxila 500 mg Caixa 8 Cápsulas,Plusfarma - PI,155.0,0.7472,56.08,0.0,14.18,14.18,2026-09-11 16:52:45,OK,
PI,GD,45592059000154,7896004703275,Cefadroxila 500 mg Caixa 8 Cápsulas,Panpharma - PI,471.0,0.7415999999999999,56.08,0.0,14.49,14.49,2026-09-11 16:52:45,OK,
PI,GD,45592059000154,7896004703275,Cefadroxila 500 mg Caixa 8 Cápsulas,Total Comércio - PI,41.0,0.7472,56.08,0.0,14.87,14.18,2026-09-11 16:52:45,OK,
PI,GD,45592059000154,7896004703305,Anlodipino 5 mg Caixa 30 Comprimidos,Plusfarma - PI,61.0,0.7979999999999999,28.44,0.0,5.74,5.74,2026-09-11 16:52:48,OK,
PI,GD,45592059000154,7896004703305,Anlodipino 5 mg Caixa 30 Comprimidos,Total Comércio - PI,74.0,0.7979999999999999,28.44,0.0,6.02,5.74,2026-09-11 16:52:48,OK,
PI,GD,45592059000154,7896004703312,Anlodipino 10 mg Caixa 30 Comprimidos,Plusfarma - PI,66.0,0.8773000000000001,53.34,0.0,6.54,6.54,2026-09-11 16:52:51,OK,
PI,GD,45592059000154,7896004703312,Anlodipino 10 mg Caixa 30 Comprimidos,Nazaria - PI,54.0,0.8773000000000001,53.34,0.0,6.54,6.54,2026-09-11 16:52:51,OK,
PI,GD,45592059000154,7896004703312,Anlodipino 10 mg Caixa 30 Comprimidos,Panpharma - PI,14.0,0.8491,53.34,0.0,8.05,8.05,2026-09-11 16:52:51,OK,
PI,GD,45592059000154,7896004703336,,,0.0,0.0,0.0,0.0,0.0,0.0,2026-09-11 16:53:03,ERRO,Message: Nenhuma distribuidora pôde ser lida no card do produto.
PI,GD,45592059000154,7896004703343,Fluconazol 150 mg Caixa 2 Cápsulas,Nazaria - PI,358.0,0.6906,21.03,0.0,6.51,6.51,2026-09-11 16:53:07,OK,
PI,GD,45592059000154,7896004703343,Fluconazol 150 mg Caixa 2 Cápsulas,Plusfarma - PI,21.0,0.6906,21.03,0.0,6.51,6.51,2026-09-11 16:53:07,OK,
PI,GD,45592059000154,7896004703343,Fluconazol 150 mg Caixa 2 Cápsulas,Total Comércio - PI,20.0,0.6906,21.03,0.0,6.82,6.51,2026-09-11 16:53:07,OK,
PI,GD,45592059000154,7896004703381,,,0.0,0.0,0.0,0.0,0.0,0.0,2026-09-11 16:53:19,ERRO,Message: Nenhuma distribuidora pôde ser lida no card do produto.
PI,GD,45592059000154,7896004703398,Dipirona Monoidratada 500 mg Display 240 Comprimidos,Nazaria - PI,610.0,0.7440000000000001,194.04,0.0,49.67,49.67,2026-09-11 16:53:22,OK,
PI,GD,45592059000154,7896004703398,Dipirona Monoidratada 500 mg Display 240 Comprimidos,Plusfarma - PI,542.0,0.7440000000000001,194.04,0.0,49.67,49.67,2026-09-11 16:53:22,OK,
PI,GD,45592059000154,7896004703398,Dipirona Monoidratada 500 mg Display 240 Comprimidos,Total Comércio - PI,68.0,0.7440000000000001,194.04,0.0,52.09,49.67,2026-09-11 16:53:22,OK,
PI,GD,45592059000154,7896004703404,Amoxicilina + Clavulanato 500+125 mg Caixa 12 Comprimidos Revestidos,Plusfarma - PI,88.0,0.6553,90.92,0.0,31.34,31.34,2026-09-11 16:53:26,OK,
PI,GD,45592059000154,7896004703404,Amoxicilina + Clavulanato 500+125 mg Caixa 12 Comprimidos Revestidos,Nazaria - PI,41.0,0.6553,90.92,0.0,31.34,31.34,2026-09-11 16:53:26,OK,
PI,GD,45592059000154,7896004703404,Amoxicilina + Clavulanato 500+125 mg Caixa 12 Comprimidos Revestidos,Panpharma - PI,88.0,0.6531999999999999,90.92,0.0,31.53,31.53,2026-09-11 16:53:26,OK,
PI,GD,45592059000154,7896004703404,Amoxicilina + Clavulanato 500+125 mg Caixa 12 Comprimidos Revestidos,Total Comércio - PI,43.0,0.6382,90.92,0.0,34.49,32.89,2026-09-11 16:53:26,OK,
PI,GD,45592059000154,7896004703411,Amoxicilina + Clavulanato 500+125 mg Caixa 18 Comprimidos Revestidos,Nazaria - PI,22.0,0.6554000000000001,136.03,0.0,46.88,46.88,2026-09-11 16:53:30,OK,
PI,GD,45592059000154,7896004703411,Amoxicilina + Clavulanato 500+125 mg Caixa 18 Comprimidos Revestidos,Plusfarma - PI,15.0,0.6554000000000001,136.03,0.0,46.88,46.88,2026-09-11 16:53:30,OK,
PI,GD,45592059000154,7896004703411,Amoxicilina + Clavulanato 500+125 mg Caixa 18 Comprimidos Revestidos,Panpharma - PI,20.0,0.6533,136.03,0.0,47.16,47.16,2026-09-11 16:53:30,OK,
PI,GD,45592059000154,7896004703428,Amoxicilina + Clavulanato 250+62.5mg/5ml Frasco 75 ml Pó P/ Susp. Oral + Copo,Nazaria - PI,63.0,0.595,63.43,0.0,25.69,25.69,2026-09-11 16:53:33,OK,
PI,GD,45592059000154,7896004703428,Amoxicilina + Clavulanato 250+62.5mg/5ml Frasco 75 ml Pó P/ Susp. Oral + Copo,Plusfarma - PI,26.0,0.595,63.43,0.0,25.69,25.69,2026-09-11 16:53:33,OK,
PI,GD,45592059000154,7896004703428,Amoxicilina + Clavulanato 250+62.5mg/5ml Frasco 75 ml Pó P/ Susp. Oral + Copo,Total Comércio - PI,80.0,0.595,63.43,0.0,26.94,25.69,2026-09-11 16:53:33,OK,
PI,GD,45592059000154,7896004703466,,,0.0,0.0,0.0,0.0,0.0,0.0,2026-09-11 16:53:45,ERRO,Message: Nenhuma distribuidora pôde ser lida no card do produto.
PI,GD,45592059000154,7896004703473,Metildopa 500 mg Caixa 30 Comprimidos Revestidos,Nazaria - PI,260.0,0.1232,46.52,0.0,40.79,40.79,2026-09-11 16:53:49,OK,
PI,GD,45592059000154,7896004703473,Metildopa 500 mg Caixa 30 Comprimidos Revestidos,Plusfarma - PI,184.0,0.1232,46.52,0.0,40.79,40.79,2026-09-11 16:53:49,OK,
PI,GD,45592059000154,7896004703473,Metildopa 500 mg Caixa 30 Comprimidos Revestidos,Total Comércio - PI,38.0,0.1232,46.52,0.0,42.77,40.79,2026-09-11 16:53:49,OK,
PI,GD,45592059000154,7896004703473,Metildopa 500 mg Caixa 30 Comprimidos Revestidos,Panpharma - PI,138.0,0.0601,46.52,0.0,43.72,43.72,2026-09-11 16:53:49,OK,
PI,GD,45592059000154,7896004703480,Metildopa 250 mg Caixa 30 Comprimidos Revestidos,Nazaria - PI,332.0,0.1232,24.98,0.0,21.9,21.9,2026-09-11 16:53:53,OK,
PI,GD,45592059000154,7896004703480,Metildopa 250 mg Caixa 30 Comprimidos Revestidos,Plusfarma - PI,225.0,0.1232,24.98,0.0,21.9,21.9,2026-09-11 16:53:53,OK,
PI,GD,45592059000154,7896004703480,Metildopa 250 mg Caixa 30 Comprimidos Revestidos,Total Comércio - PI,44.0,0.1232,24.98,0.0,22.97,21.9,2026-09-11 16:53:53,OK,
PI,GD,45592059000154,7896004703480,Metildopa 250 mg Caixa 30 Comprimidos Revestidos,Panpharma - PI,174.0,0.0601,24.98,0.0,23.48,23.48,2026-09-11 16:53:53,OK,
PI,GD,45592059000154,7896004703497,Claritromicina 250mg/5ml Frasco 60 ml Granulado Para Suspensão Oral + Diluente + Seringa,Plusfarma - PI,86.0,0.2146,130.95,0.0,102.85,102.85,2026-09-11 16:53:56,OK,
PI,GD,45592059000154,7896004703497,Claritromicina 250mg/5ml Frasco 60 ml Granulado Para Suspensão Oral + Diluente + Seringa,Nazaria - PI,39.0,0.2146,130.95,0.0,102.85,102.85,2026-09-11 16:53:56,OK,
PI,GD,45592059000154,7896004703497,Claritromicina 250mg/5ml Frasco 60 ml Granulado Para Suspensão Oral + Diluente + Seringa,Total Comércio - PI,38.0,0.1525,130.94,0.0,116.38,110.97,2026-09-11 16:53:56,OK,
PI,GD,45592059000154,7896004703565,Dexametasona 0.1 mg/ml Frasco 120 ml Elixir + Copo Dosador,Plusfarma - PI,391.0,0.6636,16.46,0.0,5.54,5.54,2026-09-11 16:54:00,OK,
PI,GD,45592059000154,7896004703565,Dexametasona 0.1 mg/ml Frasco 120 ml Elixir + Copo Dosador,Nazaria - PI,8.0,0.6636,16.46,0.0,5.54,5.54,2026-09-11 16:54:00,OK,
PI,GD,45592059000154,7896004703565,Dexametasona 0.1 mg/ml Frasco 120 ml Elixir + Copo Dosador,Panpharma - PI,119.0,0.6415000000000001,16.46,0.0,5.9,5.9,2026-09-11 16:54:00,OK,
PI,GD,45592059000154,7896004703596,Paracetamol 750 mg Caixa 20 Comprimidos Revestidos,Plusfarma - PI,24.0,0.6422,19.88,0.0,7.11,7.11,2026-09-11 16:54:03,OK,
PI,GD,45592059000154,7896004703596,Paracetamol 750 mg Caixa 20 Comprimidos Revestidos,Total Comércio - PI,37.0,0.5447,19.88,0.0,9.49,9.05,2026-09-11 16:54:03,OK,
PI,GD,45592059000154,7896004703633,Lansoprazol 30 mg Caixa 28 Cápsulas de Liberação Retardada,Nazaria - PI,13.0,0.6654000000000001,115.2,0.0,38.55,38.55,2026-09-11 16:54:06,OK,
PI,GD,45592059000154,7896004703633,Lansoprazol 30 mg Caixa 28 Cápsulas de Liberação Retardada,Plusfarma - PI,9.0,0.6654000000000001,115.2,0.0,38.55,38.55,2026-09-11 16:54:06,OK,
PI,GD,45592059000154,7896004703633,Lansoprazol 30 mg Caixa 28 Cápsulas de Liberação Retardada,Panpharma - PI,116.0,0.6464,115.2,0.0,40.73,40.73,2026-09-11 16:54:06,OK,
PI,GD,45592059000154,7896004703732,Sulfametoxazol+Trimetoprima 200+40mg/5ml Frasco 100 ml Susp. Oral + Copo,Plusfarma - PI,3025.0,0.6325,15.86,0.0,5.83,5.83,2026-09-11 16:54:10,OK,
PI,GD,45592059000154,7896004703732,Sulfametoxazol+Trimetoprima 200+40mg/5ml Frasco 100 ml Susp. Oral + Copo,Nazaria - PI,2186.0,0.6325,15.86,0.0,5.83,5.83,2026-09-11 16:54:10,OK,
PI,GD,45592059000154,7896004703732,Sulfametoxazol+Trimetoprima 200+40mg/5ml Frasco 100 ml Susp. Oral + Copo,Panpharma - PI,59.0,0.6304,15.86,0.0,5.86,5.86,2026-09-11 16:54:10,OK,
PI,GD,45592059000154,7896004703732,Sulfametoxazol+Trimetoprima 200+40mg/5ml Frasco 100 ml Susp. Oral + Copo,Total Comércio - PI,1840.0,0.6204999999999999,15.86,0.0,6.31,6.02,2026-09-11 16:54:10,OK,
PI,GD,45592059000154,7896004703794,Terbinafina 250 mg Caixa 14 Comprimidos,Nazaria - PI,45.0,0.7817000000000001,125.77,0.0,27.46,27.46,2026-09-11 16:54:14,OK,
PI,GD,45592059000154,7896004703794,Terbinafina 250 mg Caixa 14 Comprimidos,Plusfarma - PI,15.0,0.7817000000000001,125.77,0.0,27.46,27.46,2026-09-11 16:54:14,OK,
PI,GD,45592059000154,7896004703794,Terbinafina 250 mg Caixa 14 Comprimidos,Panpharma - PI,30.0,0.7796,125.77,0.0,27.72,27.72,2026-09-11 16:54:14,OK,
PI,GD,45592059000154,7896004703794,Terbinafina 250 mg Caixa 14 Comprimidos,Total Comércio - PI,171.0,0.7739,125.77,0.0,29.82,28.44,2026-09-11 16:54:14,OK,
PI,GD,45592059000154,7896004704036,Nimesulida 100 mg Caixa 12 Comprimidos,Panpharma - PI,285.0,0.8983,19.06,0.0,1.94,1.94,2026-09-11 16:54:17,OK,
PI,GD,45592059000154,7896004704036,Nimesulida 100 mg Caixa 12 Comprimidos,Nazaria - PI,3770.0,0.8805,19.06,0.0,2.28,2.28,2026-09-11 16:54:17,OK,
PI,GD,45592059000154,7896004704036,Nimesulida 100 mg Caixa 12 Comprimidos,Plusfarma - PI,934.0,0.8805,19.06,0.0,2.28,2.28,2026-09-11 16:54:17,OK,
PI,GD,45592059000154,7896004704036,Nimesulida 100 mg Caixa 12 Comprimidos,Total Comércio - PI,235.0,0.8805,19.05,0.0,2.39,2.28,2026-09-11 16:54:17,OK,
PI,GD,45592059000154,7896004704043,Nimesulida 50 mg/ml Frasco 15 ml Gotas,Panpharma - PI,6.0,0.8399,28.31,0.0,4.53,4.53,2026-09-11 16:54:21,OK,
PI,GD,45592059000154,7896004704043,Nimesulida 50 mg/ml Frasco 15 ml Gotas,Plusfarma - PI,18.0,0.7818,28.31,0.0,6.18,6.18,2026-09-11 16:54:21,OK,
PI,GD,45592059000154,7896004704043,Nimesulida 50 mg/ml Frasco 15 ml Gotas,Total Comércio - PI,8.0,0.7707999999999999,28.31,0.0,6.81,6.49,2026-09-11 16:54:21,OK,
PI,GD,45592059000154,7896004704180,,,0.0,0.0,0.0,0.0,0.0,0.0,2026-09-11 16:54:33,ERRO,Message: Nenhuma distribuidora pôde ser lida no card do produto.
PI,GD,45592059000154,7896004704210,Carbamazepina 400 mg Caixa 20 Comprimidos,Plusfarma - PI,28.0,0.27,30.37,0.0,22.17,22.17,2026-09-11 16:54:36,OK,
PI,GD,45592059000154,7896004704326,Captopril 25 mg Caixa 30 Comprimidos,Nazaria - PI,2259.0,0.856,13.42,0.0,1.93,1.93,2026-09-11 16:54:39,OK,
PI,GD,45592059000154,7896004704326,Captopril 25 mg Caixa 30 Comprimidos,Plusfarma - PI,445.0,0.856,13.42,0.0,1.93,1.93,2026-09-11 16:54:39,OK,
PI,GD,45592059000154,7896004704326,Captopril 25 mg Caixa 30 Comprimidos,Panpharma - PI,31.0,0.8495,13.42,0.0,2.02,2.02,2026-09-11 16:54:39,OK,
PI,GD,45592059000154,7896004704364,,,0.0,0.0,0.0,0.0,0.0,0.0,2026-09-11 16:54:51,ERRO,Message: Nenhuma distribuidora pôde ser lida no card do produto.
PI,GD,45592059000154,7896004704586,,,0.0,0.0,0.0,0.0,0.0,0.0,2026-09-11 16:55:03,ERRO,Message: Nenhuma distribuidora pôde ser lida no card do produto.
PI,GD,45592059000154,7896004704593,Amoxicilina 400mg/5ml Frasco 100 ml Pó Para Suspensão Oral + Seringa,Nazaria - PI,202.0,0.5677,44.36,0.0,19.18,19.18,2026-09-11 16:55:07,OK,
PI,GD,45592059000154,7896004704593,Amoxicilina 400mg/5ml Frasco 100 ml Pó Para Suspensão Oral + Seringa,Plusfarma - PI,126.0,0.5677,44.36,0.0,19.18,19.18,2026-09-11 16:55:07,OK,
PI,GD,45592059000154,7896004704593,Amoxicilina 400mg/5ml Frasco 100 ml Pó Para Suspensão Oral + Seringa,Panpharma - PI,183.0,0.5656,44.36,0.0,19.27,19.27,2026-09-11 16:55:07,OK,
PI,GD,45592059000154,7896004704593,Amoxicilina 400mg/5ml Frasco 100 ml Pó Para Suspensão Oral + Seringa,Total Comércio - PI,131.0,0.5477000000000001,44.36,0.0,21.04,20.06,2026-09-11 16:55:07,OK,
PI,GD,45592059000154,7896004704623,Dexclorfeniramina + Betametasona 0.4+0.05 mg/ml Frasco 120 ml Xarope,Nazaria - PI,1559.0,0.6578,21.02,0.0,7.19,7.19,2026-09-11 16:55:11,OK,
PI,GD,45592059000154,7896004704623,Dexclorfeniramina + Betametasona 0.4+0.05 mg/ml Frasco 120 ml Xarope,Plusfarma - PI,259.0,0.6578,21.02,0.0,7.19,7.19,2026-09-11 16:55:11,OK,
PI,GD,45592059000154,7896004704623,Dexclorfeniramina + Betametasona 0.4+0.05 mg/ml Frasco 120 ml Xarope,Panpharma - PI,402.0,0.6557999999999999,21.02,0.0,7.24,7.24,2026-09-11 16:55:11,OK,
PI,GD,45592059000154,7896004704623,Dexclorfeniramina + Betametasona 0.4+0.05 mg/ml Frasco 120 ml Xarope,Total Comércio - PI,154.0,0.6568999999999999,21.02,0.0,7.56,7.21,2026-09-11 16:55:11,OK,
PI,GD,45592059000154,7896004704692,Cefalexina 500 mg Caixa 10 Comprimidos Revestidos,Nazaria - PI,3456.0,0.6269,27.77,0.0,10.36,10.36,2026-09-11 16:55:15,OK,
PI,GD,45592059000154,7896004704692,Cefalexina 500 mg Caixa 10 Comprimidos Revestidos,Plusfarma - PI,1402.0,0.6269,27.77,0.0,10.36,10.36,2026-09-11 16:55:15,OK,
PI,GD,45592059000154,7896004704692,Cefalexina 500 mg Caixa 10 Comprimidos Revestidos,Total Comércio - PI,44.0,0.6269,27.77,0.0,10.87,10.36,2026-09-11 16:55:15,OK,
PI,GD,45592059000154,7896004704692,Cefalexina 500 mg Caixa 10 Comprimidos Revestidos,Panpharma - PI,359.0,0.5295000000000001,27.77,0.0,13.07,13.07,2026-09-11 16:55:15,OK,
PI,GD,45592059000154,7896004704999,Dexclorfeniramina 2mg/5ml Frasco 120 ml Solução Oral,Nazaria - PI,187.0,0.6735,20.76,0.0,6.78,6.78,2026-09-11 16:55:18,OK,
PI,GD,45592059000154,7896004704999,Dexclorfeniramina 2mg/5ml Frasco 120 ml Solução Oral,Plusfarma - PI,8.0,0.6735,20.76,0.0,6.78,6.78,2026-09-11 16:55:18,OK,
PI,GD,45592059000154,7896004704999,Dexclorfeniramina 2mg/5ml Frasco 120 ml Solução Oral,Panpharma - PI,8.0,0.6714,20.76,0.0,6.82,6.82,2026-09-11 16:55:18,OK,
PI,GD,45592059000154,7896004704999,Dexclorfeniramina 2mg/5ml Frasco 120 ml Solução Oral,Total Comércio - PI,62.0,0.6605,20.76,0.0,7.39,7.05,2026-09-11 16:55:18,OK,
PI,GD,45592059000154,7896004705057,Diclofenaco Dietilamônio 11.6 mg/g Bisnaga 60 g Gel,Plusfarma - PI,124.0,0.4451,15.38,0.0,8.53,8.53,2026-09-11 16:55:22,OK,
PI,GD,45592059000154,7896004705057,Diclofenaco Dietilamônio 11.6 mg/g Bisnaga 60 g Gel,Nazaria - PI,119.0,0.4451,15.38,0.0,8.53,8.53,2026-09-11 16:55:22,OK,
PI,GD,45592059000154,7896004705057,Diclofenaco Dietilamônio 11.6 mg/g Bisnaga 60 g Gel,Total Comércio - PI,167.0,0.4451,15.38,0.0,8.94,8.53,2026-09-11 16:55:22,OK,
PI,GD,45592059000154,7896004705057,Diclofenaco Dietilamônio 11.6 mg/g Bisnaga 60 g Gel,Panpharma - PI,56.0,0.30820000000000003,15.38,0.0,10.64,10.64,2026-09-11 16:55:22,OK,
PI,GD,45592059000154,7896004705071,Piroxicam 20 mg Caixa 15 Cápsulas,Nazaria - PI,249.0,0.7522,27.2,0.0,6.74,6.74,2026-09-11 16:55:26,OK,
PI,GD,45592059000154,7896004705071,Piroxicam 20 mg Caixa 15 Cápsulas,Plusfarma - PI,27.0,0.7522,27.2,0.0,6.74,6.74,2026-09-11 16:55:26,OK,
PI,GD,45592059000154,7896004705071,Piroxicam 20 mg Caixa 15 Cápsulas,Panpharma - PI,40.0,0.7181000000000001,27.2,0.0,7.67,7.67,2026-09-11 16:55:26,OK,
PI,GD,45592059000154,7896004705088,,,0.0,0.0,0.0,0.0,0.0,0.0,2026-09-11 16:55:38,ERRO,Message: Nenhuma distribuidora pôde ser lida no card do produto.
PI,GD,45592059000154,7896004705118,Cetoconazol + Betametasona 20+0.5 mg/g Bisnaga 30 g Pomada,Nazaria - PI,21.0,0.7687999999999999,26.67,0.0,6.17,6.17,2026-09-11 16:55:42,OK,
PI,GD,45592059000154,7896004705118,Cetoconazol + Betametasona 20+0.5 mg/g Bisnaga 30 g Pomada,Panpharma - PI,15.0,0.7668,26.67,0.0,6.22,6.22,2026-09-11 16:55:42,OK,
PI,GD,45592059000154,7896004705118,Cetoconazol + Betametasona 20+0.5 mg/g Bisnaga 30 g Pomada,Plusfarma - PI,20.0,0.7606,26.67,0.0,6.38,6.38,2026-09-11 16:55:42,OK,
PI,GD,45592059000154,7896004705118,Cetoconazol + Betametasona 20+0.5 mg/g Bisnaga 30 g Pomada,Total Comércio - PI,34.0,0.7484999999999999,26.67,0.0,7.03,6.71,2026-09-11 16:55:42,OK,
PI,GD,45592059000154,7896004705125,Cetoconazol + Betametasona 20+0.5 mg/g Bisnaga 30 g Creme,Nazaria - PI,168.0,0.7603,27.21,0.0,6.52,6.52,2026-09-11 16:55:45,OK,
PI,GD,45592059000154,7896004705125,Cetoconazol + Betametasona 20+0.5 mg/g Bisnaga 30 g Creme,Panpharma - PI,27.0,0.7583,27.21,0.0,6.58,6.58,2026-09-11 16:55:45,OK,
PI,GD,45592059000154,7896004705125,Cetoconazol + Betametasona 20+0.5 mg/g Bisnaga 30 g Creme,Plusfarma - PI,166.0,0.7574,27.21,0.0,6.6,6.6,2026-09-11 16:55:45,OK,
PI,GD,45592059000154,7896004705132,Tioconazol + Tinidazol 20+30 mg/g Bisnaga 35 g Creme Vaginal + 7 Aplicadores,Plusfarma - PI,24.0,0.7243,62.92,0.0,17.35,17.35,2026-09-11 16:55:48,OK,
PI,GD,45592059000154,7896004705132,Tioconazol + Tinidazol 20+30 mg/g Bisnaga 35 g Creme Vaginal + 7 Aplicadores,Panpharma - PI,23.0,0.6928,62.92,0.0,19.33,19.33,2026-09-11 16:55:48,OK,
PI,GD,45592059000154,7896004705323,,,0.0,0.0,0.0,0.0,0.0,0.0,2026-09-11 16:56:00,ERRO,Message: Nenhuma distribuidora pôde ser lida no card do produto.
PI,GD,45592059000154,7896004705330,Simeticona 75 mg/ml Frasco 15 ml Gotas,Nazaria - PI,498.0,0.8369,23.41,0.0,3.82,3.82,2026-09-11 16:56:04,OK,
PI,GD,45592059000154,7896004705330,Simeticona 75 mg/ml Frasco 15 ml Gotas,Total Comércio - PI,103.0,0.8369,23.41,0.0,4.0,3.82,2026-09-11 16:56:04,OK,
PI,GD,45592059000154,7896004705330,Simeticona 75 mg/ml Frasco 15 ml Gotas,Panpharma - PI,73.0,0.8244,23.41,0.0,4.11,4.11,2026-09-11 16:56:04,OK,
PI,GD,45592059000154,7896004705347,,,0.0,0.0,0.0,0.0,0.0,0.0,2026-09-11 16:56:16,ERRO,Message: Nenhuma distribuidora pôde ser lida no card do produto.
PI,GD,45592059000154,7896004705477,Amoxicilina 500mg/5ml Frasco 150 ml Pó Para Suspensão Oral + Copo,Plusfarma - PI,17.0,0.6162,66.85,0.0,25.66,25.66,2026-09-11 16:56:19,OK,
PI,GD,45592059000154,7896004705477,Amoxicilina 500mg/5ml Frasco 150 ml Pó Para Suspensão Oral + Copo,Panpharma - PI,41.0,0.6141,66.85,0.0,25.8,25.8,2026-09-11 16:56:19,OK,
PI,GD,45592059000154,7896004705477,Amoxicilina 500mg/5ml Frasco 150 ml Pó Para Suspensão Oral + Copo,Total Comércio - PI,36.0,0.5788,66.84,0.0,29.53,28.15,2026-09-11 16:56:19,OK,
PI,GD,45592059000154,7896004705583,Clortalidona 50 mg Caixa 30 Comprimidos,Nazaria - PI,148.0,0.16510000000000002,23.77,0.0,19.85,19.85,2026-09-11 16:56:23,OK,
PI,GD,45592059000154,7896004705583,Clortalidona 50 mg Caixa 30 Comprimidos,Plusfarma - PI,129.0,0.16510000000000002,23.77,0.0,19.85,19.85,2026-09-11 16:56:23,OK,
PI,GD,45592059000154,7896004705583,Clortalidona 50 mg Caixa 30 Comprimidos,Panpharma - PI,60.0,0.08449999999999999,23.77,0.0,21.76,21.76,2026-09-11 16:56:23,OK,
PI,GD,45592059000154,7896004705590,Cetoconazol+Betametasona+Neomicina 20+0.5+2.5 mg/g Pomada Bisnaga 30 g,Nazaria - PI,118.0,0.7252,30.9,0.0,8.49,8.49,2026-09-11 16:56:26,OK,
PI,GD,45592059000154,7896004705590,Cetoconazol+Betametasona+Neomicina 20+0.5+2.5 mg/g Pomada Bisnaga 30 g,Plusfarma - PI,71.0,0.7252,30.9,0.0,8.49,8.49,2026-09-11 16:56:26,OK,
PI,GD,45592059000154,7896004705590,Cetoconazol+Betametasona+Neomicina 20+0.5+2.5 mg/g Pomada Bisnaga 30 g,Panpharma - PI,94.0,0.7173,30.9,0.0,8.74,8.74,2026-09-11 16:56:26,OK,
PI,GD,45592059000154,7896004705606,Cetoconazol+Betametasona+Neomicina 20+0.5+2.5 mg/g Creme Bisnaga 30 g,Plusfarma - PI,70.0,0.6728000000000001,27.47,0.0,8.99,8.99,2026-09-11 16:56:30,OK,
PI,GD,45592059000154,7896004705606,Cetoconazol+Betametasona+Neomicina 20+0.5+2.5 mg/g Creme Bisnaga 30 g,Nazaria - PI,25.0,0.6728000000000001,27.47,0.0,8.99,8.99,2026-09-11 16:56:30,OK,
PI,GD,45592059000154,7896004705606,Cetoconazol+Betametasona+Neomicina 20+0.5+2.5 mg/g Creme Bisnaga 30 g,Total Comércio - PI,40.0,0.6728000000000001,27.47,0.0,9.42,8.99,2026-09-11 16:56:30,OK,
PI,GD,45592059000154,7896004705606,Cetoconazol+Betametasona+Neomicina 20+0.5+2.5 mg/g Creme Bisnaga 30 g,Panpharma - PI,41.0,0.6428,27.47,0.0,9.81,9.81,2026-09-11 16:56:30,OK,
PI,GD,45592059000154,7896004705736,Cetoprofeno 50 mg Caixa 24 Cápsulas,Plusfarma - PI,82.0,0.6839,32.83,0.0,10.38,10.38,2026-09-11 16:56:33,OK,
PI,GD,45592059000154,7896004705736,Cetoprofeno 50 mg Caixa 24 Cápsulas,Nazaria - PI,27.0,0.6839,32.83,0.0,10.38,10.38,2026-09-11 16:56:33,OK,
PI,GD,45592059000154,7896004705736,Cetoprofeno 50 mg Caixa 24 Cápsulas,Total Comércio - PI,113.0,0.6706,32.83,0.0,11.34,10.81,2026-09-11 16:56:33,OK,
PI,GD,45592059000154,7896004705781,Atenolol 25 mg Caixa 30 Comprimidos,Nazaria - PI,2433.0,0.8943000000000001,19.29,0.0,2.04,2.04,2026-09-11 16:56:37,OK,
PI,GD,45592059000154,7896004705781,Atenolol 25 mg Caixa 30 Comprimidos,Plusfarma - PI,384.0,0.8943000000000001,19.29,0.0,2.04,2.04,2026-09-11 16:56:37,OK,
PI,GD,45592059000154,7896004705781,Atenolol 25 mg Caixa 30 Comprimidos,Panpharma - PI,65.0,0.893,19.29,0.0,2.06,2.06,2026-09-11 16:56:37,OK,
PI,GD,45592059000154,7896004705781,Atenolol 25 mg Caixa 30 Comprimidos,Total Comércio - PI,55.0,0.8943000000000001,19.29,0.0,2.14,2.04,2026-09-11 16:56:37,OK,
PI,GD,45592059000154,7896004705866,Atenolol 50 mg Caixa 60 Comprimidos,Panpharma - PI,50.0,0.8612000000000001,56.41,0.0,7.83,7.83,2026-09-11 16:56:40,OK,
PI,GD,45592059000154,7896004705873,Atenolol 50 mg Caixa 30 Comprimidos,Plusfarma - PI,362.0,0.84,23.02,0.0,3.68,3.68,2026-09-11 16:56:44,OK,
PI,GD,45592059000154,7896004705873,Atenolol 50 mg Caixa 30 Comprimidos,Nazaria - PI,209.0,0.84,23.02,0.0,3.68,3.68,2026-09-11 16:56:44,OK,
PI,GD,45592059000154,7896004705873,Atenolol 50 mg Caixa 30 Comprimidos,Total Comércio - PI,73.0,0.84,23.02,0.0,3.86,3.68,2026-09-11 16:56:44,OK,
PI,GD,45592059000154,7896004705873,Atenolol 50 mg Caixa 30 Comprimidos,Panpharma - PI,93.0,0.8299,23.02,0.0,3.92,3.92,2026-09-11 16:56:44,OK,
PI,GD,45592059000154,7896004705880,Atenolol 25 mg Caixa 60 Comprimidos,Panpharma - PI,74.0,0.8963,36.79,0.0,3.82,3.82,2026-09-11 16:56:47,OK,
PI,GD,45592059000154,7896004705989,,,0.0,0.0,0.0,0.0,0.0,0.0,2026-09-11 16:56:59,ERRO,Message: Nenhuma distribuidora pôde ser lida no card do produto.
PI,GD,45592059000154,7896004706009,,,0.0,0.0,0.0,0.0,0.0,0.0,2026-09-11 16:57:11,ERRO,Message: Nenhuma distribuidora pôde ser lida no card do produto.
PI,GD,45592059000154,7896004706290,Xarope Cloridrato de Ambroxol Adulto 30mg/5ml Frasco 120 ml,Plusfarma - PI,147.0,0.7101000000000001,30.81,0.0,8.93,8.93,2026-09-11 16:57:14,OK,
PI,GD,45592059000154,7896004706290,Xarope Cloridrato de Ambroxol Adulto 30mg/5ml Frasco 120 ml,Panpharma - PI,31.0,0.6951,30.81,0.0,9.39,9.39,2026-09-11 16:57:14,OK,
PI,GD,45592059000154,7896004706306,Prednisona 5 mg Caixa 20 Comprimidos,Nazaria - PI,283.0,0.7253000000000001,15.95,0.0,4.38,4.38,2026-09-11 16:57:18,OK,
PI,GD,45592059000154,7896004706306,Prednisona 5 mg Caixa 20 Comprimidos,Plusfarma - PI,153.0,0.7253000000000001,15.95,0.0,4.38,4.38,2026-09-11 16:57:18,OK,
PI,GD,45592059000154,7896004706306,Prednisona 5 mg Caixa 20 Comprimidos,Panpharma - PI,183.0,0.7003,15.95,0.0,4.78,4.78,2026-09-11 16:57:18,OK,
PI,GD,45592059000154,7896004706313,Prednisona 20 mg Caixa 10 Comprimidos,Nazaria - PI,2084.0,0.8101,23.23,0.0,4.41,4.41,2026-09-11 16:57:22,OK,
PI,GD,45592059000154,7896004706313,Prednisona 20 mg Caixa 10 Comprimidos,Plusfarma - PI,192.0,0.8101,23.23,0.0,4.41,4.41,2026-09-11 16:57:22,OK,
PI,GD,45592059000154,7896004706313,Prednisona 20 mg Caixa 10 Comprimidos,Total Comércio - PI,27.0,0.8101,23.23,0.0,4.63,4.41,2026-09-11 16:57:22,OK,
PI,GD,45592059000154,7896004706313,Prednisona 20 mg Caixa 10 Comprimidos,Panpharma - PI,80.0,0.7762,23.23,0.0,5.2,5.2,2026-09-11 16:57:22,OK,
PI,GD,45592059000154,7896004706368,Clortalidona 25 mg Caixa 60 Comprimidos,Nazaria - PI,560.0,0.1232,31.2,0.0,27.36,27.36,2026-09-11 16:57:26,OK,
PI,GD,45592059000154,7896004706368,Clortalidona 25 mg Caixa 60 Comprimidos,Plusfarma - PI,378.0,0.1232,31.2,0.0,27.36,27.36,2026-09-11 16:57:26,OK,
PI,GD,45592059000154,7896004706368,Clortalidona 25 mg Caixa 60 Comprimidos,Panpharma - PI,198.0,0.0855,31.2,0.0,28.53,28.53,2026-09-11 16:57:26,OK,
PI,GD,45592059000154,7896004706368,Clortalidona 25 mg Caixa 60 Comprimidos,Total Comércio - PI,192.0,0.1232,31.2,0.0,28.69,27.36,2026-09-11 16:57:26,OK,
PI,GD,45592059000154,7896004706375,Clortalidona 12.5 mg Caixa 60 Comprimidos,Plusfarma - PI,263.0,0.1506,17.74,0.0,15.07,15.07,2026-09-11 16:57:29,OK,
PI,GD,45592059000154,7896004706375,Clortalidona 12.5 mg Caixa 60 Comprimidos,Nazaria - PI,154.0,0.1506,17.74,0.0,15.07,15.07,2026-09-11 16:57:29,OK,
PI,GD,45592059000154,7896004706382,Amoxicilina 875 mg Caixa 14 Comprimidos Revestidos,Nazaria - PI,31.0,0.6295000000000001,67.26,0.0,24.92,24.92,2026-09-11 16:57:33,OK,
PI,GD,45592059000154,7896004706382,Amoxicilina 875 mg Caixa 14 Comprimidos Revestidos,Plusfarma - PI,22.0,0.6295000000000001,67.26,0.0,24.92,24.92,2026-09-11 16:57:33,OK,
PI,GD,45592059000154,7896004706382,Amoxicilina 875 mg Caixa 14 Comprimidos Revestidos,Total Comércio - PI,59.0,0.6295000000000001,67.26,0.0,26.13,24.92,2026-09-11 16:57:33,OK,
PI,GD,45592059000154,7896004706382,Amoxicilina 875 mg Caixa 14 Comprimidos Revestidos,Panpharma - PI,16.0,0.5789,67.26,0.0,28.32,28.32,2026-09-11 16:57:33,OK,
PI,GD,45592059000154,7896004706405,Finasterida 1 mg Caixa 30 Comprimidos Revestidos,Nazaria - PI,187.0,0.7954000000000001,65.85,0.0,13.47,13.47,2026-09-11 16:57:36,OK,
PI,GD,45592059000154,7896004706405,Finasterida 1 mg Caixa 30 Comprimidos Revestidos,Plusfarma - PI,79.0,0.7954000000000001,65.85,0.0,13.47,13.47,2026-09-11 16:57:36,OK,
PI,GD,45592059000154,7896004706405,Finasterida 1 mg Caixa 30 Comprimidos Revestidos,Total Comércio - PI,45.0,0.7884,65.84,0.0,14.61,13.93,2026-09-11 16:57:36,OK,
PI,GD,45592059000154,7896004706474,Glibenclamida 5 mg Caixa 30 Comprimidos,Nazaria - PI,1643.0,0.8334,12.93,0.0,2.15,2.15,2026-09-11 16:57:40,OK,
PI,GD,45592059000154,7896004706474,Glibenclamida 5 mg Caixa 30 Comprimidos,Plusfarma - PI,66.0,0.8334,12.93,0.0,2.15,2.15,2026-09-11 16:57:40,OK,
PI,GD,45592059000154,7896004706474,Glibenclamida 5 mg Caixa 30 Comprimidos,Total Comércio - PI,207.0,0.8334,12.93,0.0,2.25,2.15,2026-09-11 16:57:40,OK,
PI,GD,45592059000154,7896004706665,Diclofenaco Sódico 100 mg Caixa 10 Comprimidos Revestidos Lib. Lenta,Nazaria - PI,207.0,0.8156,28.67,0.0,5.29,5.29,2026-09-11 16:57:43,OK,
PI,GD,45592059000154,7896004706665,Diclofenaco Sódico 100 mg Caixa 10 Comprimidos Revestidos Lib. Lenta,Plusfarma - PI,72.0,0.8156,28.67,0.0,5.29,5.29,2026-09-11 16:57:43,OK,
PI,GD,45592059000154,7896004706665,Diclofenaco Sódico 100 mg Caixa 10 Comprimidos Revestidos Lib. Lenta,Panpharma - PI,11.0,0.8134999999999999,28.67,0.0,5.35,5.35,2026-09-11 16:57:43,OK,
PI,GD,45592059000154,7896004706665,Diclofenaco Sódico 100 mg Caixa 10 Comprimidos Revestidos Lib. Lenta,Total Comércio - PI,49.0,0.7954000000000001,28.67,0.0,6.15,5.87,2026-09-11 16:57:43,OK,
PI,GD,45592059000154,7896004706733,Diltiazem 30 mg Caixa 50 Comprimidos,Nazaria - PI,51.0,0.1954,21.68,0.0,17.44,17.44,2026-09-11 16:57:47,OK,
PI,GD,45592059000154,7896004706733,Diltiazem 30 mg Caixa 50 Comprimidos,Plusfarma - PI,20.0,0.1954,21.68,0.0,17.44,17.44,2026-09-11 16:57:47,OK,
PI,GD,45592059000154,7896004706733,Diltiazem 30 mg Caixa 50 Comprimidos,Panpharma - PI,24.0,0.1934,21.68,0.0,17.49,17.49,2026-09-11 16:57:47,OK,
PI,GD,45592059000154,7896004706733,Diltiazem 30 mg Caixa 50 Comprimidos,Total Comércio - PI,13.0,0.19469999999999998,21.68,0.0,18.3,17.46,2026-09-11 16:57:47,OK,
PI,GD,45592059000154,7896004706795,Losartana Potássica 50 mg Caixa 30 Comprimidos Revestidos,Nazaria - PI,41367.0,0.8959999999999999,18.31,0.0,1.9,1.9,2026-09-11 16:57:50,OK,
PI,GD,45592059000154,7896004706856,,,0.0,0.0,0.0,0.0,0.0,0.0,2026-09-11 16:58:02,ERRO,Message: Nenhuma distribuidora pôde ser lida no card do produto.
PI,GD,45592059000154,7896004706900,Cetorolaco 5 mg/ml Frasco 5 ml Solução Oftálmica,Panpharma - PI,34.0,0.2837,46.52,0.0,33.32,33.32,2026-09-11 16:58:05,OK,
PI,GD,45592059000154,7896004706900,Cetorolaco 5 mg/ml Frasco 5 ml Solução Oftálmica,Total Comércio - PI,71.0,0.2828,46.52,0.0,34.99,33.36,2026-09-11 16:58:05,OK,
PI,GD,45592059000154,7896004707310,Verapamil 80 mg Caixa 30 Comprimidos Revestidos,Plusfarma - PI,37.0,0.6202000000000001,29.37,0.0,11.15,11.15,2026-09-11 16:58:09,OK,
PI,GD,45592059000154,7896004707310,Verapamil 80 mg Caixa 30 Comprimidos Revestidos,Nazaria - PI,27.0,0.6202000000000001,29.37,0.0,11.15,11.15,2026-09-11 16:58:09,OK,
PI,GD,45592059000154,7896004707310,Verapamil 80 mg Caixa 30 Comprimidos Revestidos,Panpharma - PI,48.0,0.6181,29.37,0.0,11.22,11.22,2026-09-11 16:58:09,OK,
PI,GD,45592059000154,7896004708058,,,0.0,0.0,0.0,0.0,0.0,0.0,2026-09-11 16:58:21,ERRO,Message: Nenhuma distribuidora pôde ser lida no card do produto.
PI,GD,45592059000154,7896004708072,,,0.0,0.0,0.0,0.0,0.0,0.0,2026-09-11 16:58:33,ERRO,Message: Nenhuma distribuidora pôde ser lida no card do produto.
PI,GD,45592059000154,7896004708652,Simeticona 125 mg Caixa 10 Cápsulas Moles,Panpharma - PI,30.0,0.8459,28.68,0.0,4.42,4.42,2026-09-11 16:58:36,OK,
PI,GD,45592059000154,7896004708652,Simeticona 125 mg Caixa 10 Cápsulas Moles,Nazaria - PI,105.0,0.8278,28.68,0.0,4.94,4.94,2026-09-11 16:58:36,OK,
PI,GD,45592059000154,7896004708652,Simeticona 125 mg Caixa 10 Cápsulas Moles,Plusfarma - PI,81.0,0.8278,28.68,0.0,4.94,4.94,2026-09-11 16:58:36,OK,
PI,GD,45592059000154,7896004708706,Acetilcisteína 200 mg Caixa 5 g Granulado,Total Comércio - PI,5.0,0.5123,38.39,0.0,19.63,18.72,2026-09-11 16:58:40,OK,
PI,GD,45592059000154,7896004708706,Acetilcisteína 200 mg Caixa 5 g Granulado,Nazaria - PI,187.0,0.4157,38.39,0.0,22.43,22.43,2026-09-11 16:58:40,OK,
PI,GD,45592059000154,7896004708706,Acetilcisteína 200 mg Caixa 5 g Granulado,Plusfarma - PI,69.0,0.4157,38.39,0.0,22.43,22.43,2026-09-11 16:58:40,OK,
PI,GD,45592059000154,7896004708706,Acetilcisteína 200 mg Caixa 5 g Granulado,Panpharma - PI,78.0,0.41369999999999996,38.39,0.0,22.51,22.51,2026-09-11 16:58:40,OK,
PI,GD,45592059000154,7896004708744,,,0.0,0.0,0.0,0.0,0.0,0.0,2026-09-11 16:58:52,ERRO,Message: Nenhuma distribuidora pôde ser lida no card do produto.
PI,GD,45592059000154,7896004708942,Espironolactona 25 mg Caixa 30 Comprimidos,Nazaria - PI,827.0,0.6486,23.45,0.0,8.24,8.24,2026-09-11 16:58:56,OK,
PI,GD,45592059000154,7896004708942,Espironolactona 25 mg Caixa 30 Comprimidos,Plusfarma - PI,85.0,0.6486,23.45,0.0,8.24,8.24,2026-09-11 16:58:56,OK,
PI,GD,45592059000154,7896004708942,Espironolactona 25 mg Caixa 30 Comprimidos,Panpharma - PI,329.0,0.6441,23.45,0.0,8.35,8.35,2026-09-11 16:58:56,OK,
PI,GD,45592059000154,7896004708973,,,0.0,0.0,0.0,0.0,0.0,0.0,2026-09-11 16:59:08,ERRO,Message: Nenhuma distribuidora pôde ser lida no card do produto.
PI,GD,45592059000154,7896004709123,,,0.0,0.0,0.0,0.0,0.0,0.0,2026-09-11 16:59:20,ERRO,Message: Nenhuma distribuidora pôde ser lida no card do produto.
PI,GD,45592059000154,7896004709130,Atenolol + Clortalidona 50+12.5 mg Caixa 30 Comprimidos,Nazaria - PI,93.0,0.8371999999999999,33.54,0.0,5.46,5.46,2026-09-11 16:59:23,OK,
PI,GD,45592059000154,7896004709130,Atenolol + Clortalidona 50+12.5 mg Caixa 30 Comprimidos,Plusfarma - PI,73.0,0.8371999999999999,33.54,0.0,5.46,5.46,2026-09-11 16:59:23,OK,
PI,GD,45592059000154,7896004709291,Deflazacorte 30 mg Caixa 10 Comprimidos,Nazaria - PI,146.0,0.1235,125.63,0.0,110.11,110.11,2026-09-11 16:59:27,OK,
PI,GD,45592059000154,7896004709291,Deflazacorte 30 mg Caixa 10 Comprimidos,Plusfarma - PI,20.0,0.1235,125.63,0.0,110.11,110.11,2026-09-11 16:59:27,OK,
PI,GD,45592059000154,7896004709291,Deflazacorte 30 mg Caixa 10 Comprimidos,Panpharma - PI,40.0,0.1202,125.63,0.0,110.53,110.53,2026-09-11 16:59:27,OK,
PI,GD,45592059000154,7896004709291,Deflazacorte 30 mg Caixa 10 Comprimidos,Total Comércio - PI,28.0,0.1235,125.63,0.0,115.47,110.11,2026-09-11 16:59:27,OK,
PI,GD,45592059000154,7896004709307,Deflazacorte 6 mg Caixa 20 Comprimidos,Nazaria - PI,195.0,0.17559999999999998,52.58,0.0,43.35,43.35,2026-09-11 16:59:31,OK,
PI,GD,45592059000154,7896004709307,Deflazacorte 6 mg Caixa 20 Comprimidos,Plusfarma - PI,56.0,0.17559999999999998,52.58,0.0,43.35,43.35,2026-09-11 16:59:31,OK,
PI,GD,45592059000154,7896004709307,Deflazacorte 6 mg Caixa 20 Comprimidos,Panpharma - PI,184.0,0.1736,52.58,0.0,43.45,43.45,2026-09-11 16:59:31,OK,
PI,GD,45592059000154,7896004709307,Deflazacorte 6 mg Caixa 20 Comprimidos,Total Comércio - PI,53.0,0.1754,52.58,0.0,45.46,43.36,2026-09-11 16:59:31,OK,
PI,GD,45592059000154,7896004709567,Amitriptilina 75 mg Caixa 30 Comprimidos Revestidos,Plusfarma - PI,47.0,0.6914,61.24,0.0,18.9,18.9,2026-09-11 16:59:34,OK,
PI,GD,45592059000154,7896004709567,Amitriptilina 75 mg Caixa 30 Comprimidos Revestidos,Nazaria - PI,36.0,0.6914,61.24,0.0,18.9,18.9,2026-09-11 16:59:34,OK,
PI,GD,45592059000154,7896004709710,,,0.0,0.0,0.0,0.0,0.0,0.0,2026-09-11 16:59:46,ERRO,Message: Nenhuma distribuidora pôde ser lida no card do produto.
PI,GD,45592059000154,7896004709956,,,0.0,0.0,0.0,0.0,0.0,0.0,2026-09-11 16:59:58,ERRO,Message: Nenhuma distribuidora pôde ser lida no card do produto.
PI,GD,45592059000154,7896004710402,Desonida 0.5 mg/g Bisnaga 30 g Creme,Nazaria - PI,571.0,0.6622,35.96,0.0,12.15,12.15,2026-09-11 17:00:01,OK,
PI,GD,45592059000154,7896004710419,Rifamicina 10 mg/ml Frasco 20 ml Solução Tópica Spray,Nazaria - PI,262.0,0.23379999999999998,23.56,0.0,18.05,18.05,2026-09-11 17:00:05,OK,
PI,GD,45592059000154,7896004710419,Rifamicina 10 mg/ml Frasco 20 ml Solução Tópica Spray,Plusfarma - PI,124.0,0.23379999999999998,23.56,0.0,18.05,18.05,2026-09-11 17:00:05,OK,
PI,GD,45592059000154,7896004710419,Rifamicina 10 mg/ml Frasco 20 ml Solução Tópica Spray,Total Comércio - PI,24.0,0.23379999999999998,23.56,0.0,18.93,18.05,2026-09-11 17:00:05,OK,
PI,GD,45592059000154,7896004710419,Rifamicina 10 mg/ml Frasco 20 ml Solução Tópica Spray,Panpharma - PI,24.0,0.1805,23.56,0.0,19.31,19.31,2026-09-11 17:00:05,OK,
PI,GD,45592059000154,7896004710464,Acebrofilina 25mg/5ml Frasco 120 ml Xarope Pediátrico,Nazaria - PI,85.0,0.6087,24.75,0.0,9.68,9.68,2026-09-11 17:00:08,OK,
PI,GD,45592059000154,7896004710464,Acebrofilina 25mg/5ml Frasco 120 ml Xarope Pediátrico,Plusfarma - PI,70.0,0.6087,24.75,0.0,9.68,9.68,2026-09-11 17:00:08,OK,
PI,GD,45592059000154,7896004710464,Acebrofilina 25mg/5ml Frasco 120 ml Xarope Pediátrico,Panpharma - PI,6.0,0.604,24.75,0.0,9.8,9.8,2026-09-11 17:00:08,OK,
PI,GD,45592059000154,7896004710471,Acebrofilina 50mg/5ml Frasco 120 ml Xarope Adulto,Nazaria - PI,282.0,0.5717,34.95,0.0,14.97,14.97,2026-09-11 17:00:12,OK,
PI,GD,45592059000154,7896004710471,Acebrofilina 50mg/5ml Frasco 120 ml Xarope Adulto,Plusfarma - PI,231.0,0.5717,34.95,0.0,14.97,14.97,2026-09-11 17:00:12,OK,
PI,GD,45592059000154,7896004710471,Acebrofilina 50mg/5ml Frasco 120 ml Xarope Adulto,Panpharma - PI,24.0,0.5697,34.95,0.0,15.04,15.04,2026-09-11 17:00:12,OK,
PI,GD,45592059000154,7896004710471,Acebrofilina 50mg/5ml Frasco 120 ml Xarope Adulto,Total Comércio - PI,16.0,0.5716,34.95,0.0,15.7,14.97,2026-09-11 17:00:12,OK,
PI,GD,45592059000154,7896004710525,Bezafibrato 200 mg Caixa 20 Comprimidos Revestidos,Nazaria - PI,68.0,0.18280000000000002,33.88,0.0,27.69,27.69,2026-09-11 17:00:15,OK,
PI,GD,45592059000154,7896004710525,Bezafibrato 200 mg Caixa 20 Comprimidos Revestidos,Plusfarma - PI,3.0,0.18280000000000002,33.88,0.0,27.69,27.69,2026-09-11 17:00:15,OK,
PI,GD,45592059000154,7896004710525,Bezafibrato 200 mg Caixa 20 Comprimidos Revestidos,Panpharma - PI,182.0,0.08310000000000001,33.88,0.0,31.06,31.06,2026-09-11 17:00:15,OK,
PI,GD,45592059000154,7896004710679,Meloxicam 15 mg Caixa 10 Comprimidos,Plusfarma - PI,156.0,0.9001,34.83,0.0,3.48,3.48,2026-09-11 17:00:19,OK,
PI,GD,45592059000154,7896004710679,Meloxicam 15 mg Caixa 10 Comprimidos,Nazaria - PI,80.0,0.9001,34.83,0.0,3.48,3.48,2026-09-11 17:00:19,OK,
PI,GD,45592059000154,7896004710679,Meloxicam 15 mg Caixa 10 Comprimidos,Panpharma - PI,10.0,0.898,34.83,0.0,3.55,3.55,2026-09-11 17:00:19,OK,
PI,GD,45592059000154,7896004710679,Meloxicam 15 mg Caixa 10 Comprimidos,Total Comércio - PI,66.0,0.8994,34.83,0.0,3.67,3.5,2026-09-11 17:00:19,OK,
PI,GD,45592059000154,7896004710761,Sinvastatina 20 mg Caixa 30 Comprimidos Revestidos,Nazaria - PI,1140.0,0.9003,44.34,0.0,4.42,4.42,2026-09-11 17:00:23,OK,
PI,GD,45592059000154,7896004710761,Sinvastatina 20 mg Caixa 30 Comprimidos Revestidos,Plusfarma - PI,637.0,0.9003,44.34,0.0,4.42,4.42,2026-09-11 17:00:23,OK,
PI,GD,45592059000154,7896004710761,Sinvastatina 20 mg Caixa 30 Comprimidos Revestidos,Total Comércio - PI,30.0,0.9003,44.34,0.0,4.63,4.42,2026-09-11 17:00:23,OK,
PI,GD,45592059000154,7896004710860,Amilorida + Hidroclorotiazida 2.5+25 mg Caixa 30 Comprimidos,Plusfarma - PI,58.0,0.2793,11.29,0.0,8.14,8.14,2026-09-11 17:00:26,OK,
PI,GD,45592059000154,7896004710891,Ácido Acetilsalicílico 100 mg Caixa 30 Comprimidos,Nazaria - PI,601.0,0.20800000000000002,11.52,0.0,9.12,9.12,2026-09-11 17:00:29,OK,
PI,GD,45592059000154,7896004710891,Ácido Acetilsalicílico 100 mg Caixa 30 Comprimidos,Plusfarma - PI,117.0,0.20800000000000002,11.52,0.0,9.12,9.12,2026-09-11 17:00:29,OK,
PI,GD,45592059000154,7896004710891,Ácido Acetilsalicílico 100 mg Caixa 30 Comprimidos,Panpharma - PI,120.0,0.2059,11.52,0.0,9.15,9.15,2026-09-11 17:00:29,OK,
PI,GD,45592059000154,7896004710891,Ácido Acetilsalicílico 100 mg Caixa 30 Comprimidos,Total Comércio - PI,174.0,0.207,11.52,0.0,9.58,9.14,2026-09-11 17:00:29,OK,
PI,GD,45592059000154,7896004710907,Ácido Acetilsalicílico 100 mg Display 200 Comprimidos,Nazaria - PI,507.0,0.442,72.94,0.0,40.7,40.7,2026-09-11 17:00:33,OK,
PI,GD,45592059000154,7896004710907,Ácido Acetilsalicílico 100 mg Display 200 Comprimidos,Plusfarma - PI,57.0,0.442,72.94,0.0,40.7,40.7,2026-09-11 17:00:33,OK,
PI,GD,45592059000154,7896004710907,Ácido Acetilsalicílico 100 mg Display 200 Comprimidos,Panpharma - PI,22.0,0.44,72.94,0.0,40.85,40.85,2026-09-11 17:00:33,OK,
PI,GD,45592059000154,7896004711034,Espironolactona 50 mg Caixa 30 Comprimidos,Nazaria - PI,84.0,0.603,37.7,0.0,14.97,14.97,2026-09-11 17:00:36,OK,
PI,GD,45592059000154,7896004711034,Espironolactona 50 mg Caixa 30 Comprimidos,Plusfarma - PI,28.0,0.603,37.7,0.0,14.97,14.97,2026-09-11 17:00:36,OK,
PI,GD,45592059000154,7896004711034,Espironolactona 50 mg Caixa 30 Comprimidos,Panpharma - PI,53.0,0.5635,37.7,0.0,16.46,16.46,2026-09-11 17:00:36,OK,
PI,GD,45592059000154,7896004711188,Sinvastatina 40 mg Caixa 30 Comprimidos Revestidos,Panpharma - PI,134.0,0.883,52.77,0.0,6.17,6.17,2026-09-11 17:00:40,OK,
PI,GD,45592059000154,7896004711188,Sinvastatina 40 mg Caixa 30 Comprimidos Revestidos,Nazaria - PI,1013.0,0.87,52.77,0.0,6.86,6.86,2026-09-11 17:00:40,OK,
PI,GD,45592059000154,7896004711188,Sinvastatina 40 mg Caixa 30 Comprimidos Revestidos,Plusfarma - PI,378.0,0.87,52.77,0.0,6.86,6.86,2026-09-11 17:00:40,OK,
PI,GD,45592059000154,7896004711188,Sinvastatina 40 mg Caixa 30 Comprimidos Revestidos,Total Comércio - PI,45.0,0.87,52.77,0.0,7.19,6.86,2026-09-11 17:00:40,OK,
PI,GD,45592059000154,7896004711195,Nistatina + Óxido De Zinco 100.000ui+200mg/g Bisnaga 60 g Pomada,Nazaria - PI,613.0,0.6568999999999999,30.53,0.0,10.47,10.47,2026-09-11 17:00:43,OK,
PI,GD,45592059000154,7896004711195,Nistatina + Óxido De Zinco 100.000ui+200mg/g Bisnaga 60 g Pomada,Plusfarma - PI,204.0,0.6568999999999999,30.53,0.0,10.47,10.47,2026-09-11 17:00:43,OK,
PI,GD,45592059000154,7896004711195,Nistatina + Óxido De Zinco 100.000ui+200mg/g Bisnaga 60 g Pomada,Panpharma - PI,97.0,0.6218,30.53,0.0,11.55,11.55,2026-09-11 17:00:43,OK,
PI,GD,45592059000154,7896004711218,,,0.0,0.0,0.0,0.0,0.0,0.0,2026-09-11 17:00:55,ERRO,Message: Nenhuma distribuidora pôde ser lida no card do produto.
PI,GD,45592059000154,7896004711225,,,0.0,0.0,0.0,0.0,0.0,0.0,2026-09-11 17:01:07,ERRO,Message: Nenhuma distribuidora pôde ser lida no card do produto.
PI,GD,45592059000154,7896004711232,Glimepirida 4 mg Caixa 30 Comprimidos,Plusfarma - PI,30.0,0.8462000000000001,56.57,0.0,8.7,8.7,2026-09-11 17:01:11,OK,
PI,GD,45592059000154,7896004711232,Glimepirida 4 mg Caixa 30 Comprimidos,Panpharma - PI,1.0,0.8349,56.57,0.0,9.34,9.34,2026-09-11 17:01:11,OK,
PI,GD,45592059000154,7896004711287,Dexclorfeniramina 2 mg Caixa 20 Comprimidos,Nazaria - PI,90.0,0.5916,13.9,0.0,5.68,5.68,2026-09-11 17:01:14,OK,
PI,GD,45592059000154,7896004711287,Dexclorfeniramina 2 mg Caixa 20 Comprimidos,Plusfarma - PI,77.0,0.5916,13.9,0.0,5.68,5.68,2026-09-11 17:01:14,OK,
PI,GD,45592059000154,7896004711287,Dexclorfeniramina 2 mg Caixa 20 Comprimidos,Panpharma - PI,9.0,0.5725,13.9,0.0,5.94,5.94,2026-09-11 17:01:14,OK,
PI,GD,45592059000154,7896004711423,Clotrimazol 10 mg/g Bisnaga 35 g Creme Vaginal + 6 Aplicadores,Plusfarma - PI,202.0,0.6539,53.84,0.0,18.63,18.63,2026-09-11 17:01:17,OK,
PI,GD,45592059000154,7896004711423,Clotrimazol 10 mg/g Bisnaga 35 g Creme Vaginal + 6 Aplicadores,Panpharma - PI,95.0,0.6217,53.84,0.0,20.37,20.37,2026-09-11 17:01:17,OK,
PI,GD,45592059000154,7896004711454,Amilorida + Hidroclorotiazida 5+50 mg Caixa 30 Comprimidos,Plusfarma - PI,82.0,0.2793,18.89,0.0,13.61,13.61,2026-09-11 17:01:21,OK,
PI,GD,45592059000154,7896004711454,Amilorida + Hidroclorotiazida 5+50 mg Caixa 30 Comprimidos,Nazaria - PI,71.0,0.2793,18.89,0.0,13.61,13.61,2026-09-11 17:01:21,OK,
PI,GD,45592059000154,7896004711454,Amilorida + Hidroclorotiazida 5+50 mg Caixa 30 Comprimidos,Panpharma - PI,108.0,0.2772,18.89,0.0,13.65,13.65,2026-09-11 17:01:21,OK,
PI,GD,45592059000154,7896004711485,Dexclorfeniramina + Betametasona 2+0.25 mg Caixa 20 Comprimidos,Nazaria - PI,408.0,0.3626,21.07,0.0,13.43,13.43,2026-09-11 17:01:24,OK,
PI,GD,45592059000154,7896004711485,Dexclorfeniramina + Betametasona 2+0.25 mg Caixa 20 Comprimidos,Plusfarma - PI,72.0,0.3626,21.07,0.0,13.43,13.43,2026-09-11 17:01:24,OK,
PI,GD,45592059000154,7896004711485,Dexclorfeniramina + Betametasona 2+0.25 mg Caixa 20 Comprimidos,Panpharma - PI,66.0,0.3605,21.07,0.0,13.47,13.47,2026-09-11 17:01:24,OK,
PI,GD,45592059000154,7896004711539,Diclofenaco Colestiramina 70 mg Caixa 14 Cápsulas,Nazaria - PI,177.0,0.7609999999999999,29.9,0.0,7.15,7.15,2026-09-11 17:01:27,OK,
PI,GD,45592059000154,7896004711690,Betametasona + Gentamicina 0.5+1 mg/g Bisnaga 30 g Creme,Plusfarma - PI,24.0,0.7717,26.76,0.0,6.11,6.11,2026-09-11 17:01:31,OK,
PI,GD,45592059000154,7896004711690,Betametasona + Gentamicina 0.5+1 mg/g Bisnaga 30 g Creme,Nazaria - PI,10.0,0.7717,26.76,0.0,6.11,6.11,2026-09-11 17:01:31,OK,
PI,GD,45592059000154,7896004711690,Betametasona + Gentamicina 0.5+1 mg/g Bisnaga 30 g Creme,Panpharma - PI,39.0,0.7563,26.76,0.0,6.52,6.52,2026-09-11 17:01:31,OK,
PI,GD,45592059000154,7896004711744,,,0.0,0.0,0.0,0.0,0.0,0.0,2026-09-11 17:01:43,ERRO,Message: Nenhuma distribuidora pôde ser lida no card do produto.
PI,GD,45592059000154,7896004711850,Betametasona 0.5 mg/g Bisnaga 30 g Creme,Nazaria - PI,77.0,0.2379,29.83,0.0,22.73,22.73,2026-09-11 17:01:47,OK,
PI,GD,45592059000154,7896004711850,Betametasona 0.5 mg/g Bisnaga 30 g Creme,Plusfarma - PI,60.0,0.2379,29.83,0.0,22.73,22.73,2026-09-11 17:01:47,OK,
PI,GD,45592059000154,7896004711850,Betametasona 0.5 mg/g Bisnaga 30 g Creme,Panpharma - PI,8.0,0.2359,29.83,0.0,22.79,22.79,2026-09-11 17:01:47,OK,
PI,GD,45592059000154,7896004711850,Betametasona 0.5 mg/g Bisnaga 30 g Creme,Total Comércio - PI,13.0,0.23620000000000002,29.83,0.0,23.89,22.78,2026-09-11 17:01:47,OK,
PI,GD,45592059000154,7896004712048,Triancinolona Acetonida 1 mg/g Bisnaga 10 g Pomada Bucal,Panpharma - PI,7.0,0.7005,13.7,0.0,4.1,4.1,2026-09-11 17:01:51,OK,
PI,GD,45592059000154,7896004712048,Triancinolona Acetonida 1 mg/g Bisnaga 10 g Pomada Bucal,Nazaria - PI,1217.0,0.6894,13.7,0.0,4.26,4.26,2026-09-11 17:01:51,OK,
PI,GD,45592059000154,7896004712048,Triancinolona Acetonida 1 mg/g Bisnaga 10 g Pomada Bucal,Plusfarma - PI,338.0,0.6894,13.7,0.0,4.26,4.26,2026-09-11 17:01:51,OK,
PI,GD,45592059000154,7896004712048,Triancinolona Acetonida 1 mg/g Bisnaga 10 g Pomada Bucal,Total Comércio - PI,468.0,0.6894,13.7,0.0,4.46,4.26,2026-09-11 17:01:51,OK,
PI,GD,45592059000154,7896004712147,Dexametasona 4 mg Caixa 10 Comprimidos,Nazaria - PI,3338.0,0.6455,13.39,0.0,4.75,4.75,2026-09-11 17:01:54,OK,
PI,GD,45592059000154,7896004712147,Dexametasona 4 mg Caixa 10 Comprimidos,Plusfarma - PI,510.0,0.6455,13.39,0.0,4.75,4.75,2026-09-11 17:01:54,OK,
PI,GD,45592059000154,7896004712147,Dexametasona 4 mg Caixa 10 Comprimidos,Panpharma - PI,359.0,0.6434000000000001,13.39,0.0,4.77,4.77,2026-09-11 17:01:54,OK,
PI,GD,45592059000154,7896004712413,Clobetasol 0.5 mg/g Bisnaga 30 g Creme,Nazaria - PI,156.0,0.6881,22.79,0.0,7.11,7.11,2026-09-11 17:01:58,OK,
PI,GD,45592059000154,7896004712413,Clobetasol 0.5 mg/g Bisnaga 30 g Creme,Plusfarma - PI,76.0,0.6881,22.79,0.0,7.11,7.11,2026-09-11 17:01:58,OK,
PI,GD,45592059000154,7896004712413,Clobetasol 0.5 mg/g Bisnaga 30 g Creme,Panpharma - PI,23.0,0.6859999999999999,22.79,0.0,7.16,7.16,2026-09-11 17:01:58,OK,
PI,GD,45592059000154,7896004712499,Doxazosina 2 mg Caixa 30 Comprimidos,Plusfarma - PI,90.0,0.8765000000000001,45.74,0.0,5.65,5.65,2026-09-11 17:02:01,OK,
PI,GD,45592059000154,7896004712499,Doxazosina 2 mg Caixa 30 Comprimidos,Nazaria - PI,25.0,0.8765000000000001,45.74,0.0,5.65,5.65,2026-09-11 17:02:01,OK,
PI,GD,45592059000154,7896004712581,Cefalexina 1 g Caixa 8 Comprimidos Revestidos,Nazaria - PI,48.0,0.36119999999999997,83.2,0.0,53.15,53.15,2026-09-11 17:02:05,OK,
PI,GD,45592059000154,7896004712581,Cefalexina 1 g Caixa 8 Comprimidos Revestidos,Total Comércio - PI,51.0,0.36119999999999997,83.2,0.0,55.73,53.15,2026-09-11 17:02:05,OK,
PI,GD,45592059000154,7896004712581,Cefalexina 1 g Caixa 8 Comprimidos Revestidos,Panpharma - PI,75.0,0.3031,83.2,0.0,57.98,57.98,2026-09-11 17:02:05,OK,
PI,GD,45592059000154,7896004712932,Clonazepam 2.5 mg/ml Frasco 20 ml Gotas,Nazaria - PI,2479.0,0.6645,15.46,0.0,5.19,5.19,2026-09-11 17:02:09,OK,
PI,GD,45592059000154,7896004712932,Clonazepam 2.5 mg/ml Frasco 20 ml Gotas,Plusfarma - PI,746.0,0.6645,15.46,0.0,5.19,5.19,2026-09-11 17:02:09,OK,
PI,GD,45592059000154,7896004712932,Clonazepam 2.5 mg/ml Frasco 20 ml Gotas,Panpharma - PI,83.0,0.6625,15.46,0.0,5.22,5.22,2026-09-11 17:02:09,OK,
PI,GD,45592059000154,7896004712932,Clonazepam 2.5 mg/ml Frasco 20 ml Gotas,Total Comércio - PI,185.0,0.6568,15.46,0.0,5.56,5.31,2026-09-11 17:02:09,OK,
PI,GD,45592059000154,7896004712963,Mesalazina 800 mg Caixa 30 Comprimidos Revestidos,Nazaria - PI,197.0,0.3678,103.83,0.0,65.64,65.64,2026-09-11 17:02:12,OK,
PI,GD,45592059000154,7896004712963,Mesalazina 800 mg Caixa 30 Comprimidos Revestidos,Plusfarma - PI,97.0,0.3678,103.83,0.0,65.64,65.64,2026-09-11 17:02:12,OK,
PI,GD,45592059000154,7896004712963,Mesalazina 800 mg Caixa 30 Comprimidos Revestidos,Panpharma - PI,38.0,0.2526,103.83,0.0,77.6,77.6,2026-09-11 17:02:12,OK,
PI,GD,45592059000154,7896004713007,Topiramato 100 mg Caixa 60 Comprimidos Revestidos,Nazaria - PI,7.0,0.8070999999999999,243.03,0.0,46.88,46.88,2026-09-11 17:02:16,OK,
PI,GD,45592059000154,7896004713007,Topiramato 100 mg Caixa 60 Comprimidos Revestidos,Total Comércio - PI,66.0,0.8070999999999999,243.03,0.0,49.16,46.88,2026-09-11 17:02:16,OK,
PI,GD,45592059000154,7896004713007,Topiramato 100 mg Caixa 60 Comprimidos Revestidos,Panpharma - PI,24.0,0.7864,243.03,0.0,51.91,51.91,2026-09-11 17:02:16,OK,
PI,GD,45592059000154,7896004713014,Topiramato 50 mg Caixa 60 Comprimidos Revestidos,Plusfarma - PI,101.0,0.856,165.61,0.0,23.85,23.85,2026-09-11 17:02:19,OK,
PI,GD,45592059000154,7896004713014,Topiramato 50 mg Caixa 60 Comprimidos Revestidos,Nazaria - PI,4.0,0.856,165.61,0.0,23.85,23.85,2026-09-11 17:02:19,OK,
PI,GD,45592059000154,7896004713014,Topiramato 50 mg Caixa 60 Comprimidos Revestidos,Panpharma - PI,25.0,0.8497,165.61,0.0,24.89,24.89,2026-09-11 17:02:19,OK,
PI,GD,45592059000154,7896004713021,Topiramato 25 mg Caixa 60 Comprimidos Revestidos,Plusfarma - PI,36.0,0.8554,91.11,0.0,13.17,13.17,2026-09-11 17:02:23,OK,
PI,GD,45592059000154,7896004713021,Topiramato 25 mg Caixa 60 Comprimidos Revestidos,Nazaria - PI,25.0,0.8554,91.11,0.0,13.17,13.17,2026-09-11 17:02:23,OK,
PI,GD,45592059000154,7896004713021,Topiramato 25 mg Caixa 60 Comprimidos Revestidos,Panpharma - PI,18.0,0.8533,91.11,0.0,13.37,13.37,2026-09-11 17:02:23,OK,
PI,GD,45592059000154,7896004713021,Topiramato 25 mg Caixa 60 Comprimidos Revestidos,Total Comércio - PI,44.0,0.8336,91.11,0.0,15.9,15.16,2026-09-11 17:02:23,OK,
PI,GD,45592059000154,7896004713120,Levofloxacino 500 mg Caixa 10 Comprimidos Revestidos,Plusfarma - PI,5.0,0.8684999999999999,98.81,0.0,12.99,12.99,2026-09-11 17:02:26,OK,
PI,GD,45592059000154,7896004713120,Levofloxacino 500 mg Caixa 10 Comprimidos Revestidos,Panpharma - PI,1.0,0.8664000000000001,98.81,0.0,13.2,13.2,2026-09-11 17:02:26,OK,
PI,GD,45592059000154,7896004713137,Levofloxacino 500 mg Caixa 7 Comprimidos Revestidos,Plusfarma - PI,61.0,0.9078,102.57,0.0,9.46,9.46,2026-09-11 17:02:29,OK,
PI,GD,45592059000154,7896004713182,Ácido Acetilsalicílico 100 mg Display 100 Comprimidos,Nazaria - PI,33.0,0.3626,39.58,0.0,25.23,25.23,2026-09-11 17:02:33,OK,
PI,GD,45592059000154,7896004713182,Ácido Acetilsalicílico 100 mg Display 100 Comprimidos,Plusfarma - PI,11.0,0.3626,39.58,0.0,25.23,25.23,2026-09-11 17:02:33,OK,
PI,GD,45592059000154,7896004713182,Ácido Acetilsalicílico 100 mg Display 100 Comprimidos,Panpharma - PI,39.0,0.3605,39.58,0.0,25.31,25.31,2026-09-11 17:02:33,OK,
PI,GD,45592059000154,7896004713182,Ácido Acetilsalicílico 100 mg Display 100 Comprimidos,Total Comércio - PI,68.0,0.3576,39.58,0.0,26.66,25.43,2026-09-11 17:02:33,OK,
PI,GD,45592059000154,7896004713250,Gabapentina 300 mg Caixa 30 Cápsulas,Plusfarma - PI,84.0,0.8023,101.37,0.0,20.04,20.04,2026-09-11 17:02:36,OK,
PI,GD,45592059000154,7896004713250,Gabapentina 300 mg Caixa 30 Cápsulas,Panpharma - PI,82.0,0.8003,101.37,0.0,20.24,20.24,2026-09-11 17:02:36,OK,
PI,GD,45592059000154,7896004713267,Gabapentina 400 mg Caixa 30 Cápsulas,Panpharma - PI,49.0,0.765,151.55,0.0,30.99,30.99,2026-09-11 17:02:39,OK,
PI,GD,45592059000154,7896004713342,Acetilcisteína 600 mg Caixa 5 g Granulado,Nazaria - PI,1720.0,0.6992,69.58,0.0,20.93,20.93,2026-09-11 17:02:43,OK,
PI,GD,45592059000154,7896004713342,Acetilcisteína 600 mg Caixa 5 g Granulado,Plusfarma - PI,264.0,0.6992,69.58,0.0,20.93,20.93,2026-09-11 17:02:43,OK,
PI,GD,45592059000154,7896004713342,Acetilcisteína 600 mg Caixa 5 g Granulado,Panpharma - PI,366.0,0.6970999999999999,69.58,0.0,21.08,21.08,2026-09-11 17:02:43,OK,
PI,GD,45592059000154,7896004713342,Acetilcisteína 600 mg Caixa 5 g Granulado,Total Comércio - PI,30.0,0.6653,69.58,0.0,24.42,23.29,2026-09-11 17:02:43,OK,
PI,GD,45592059000154,7896004713366,Acetilcisteína 40mg/ml Frasco 120 ml Xarope Adulto,Nazaria - PI,2758.0,0.7706000000000001,45.03,0.0,10.33,10.33,2026-09-11 17:02:47,OK,
PI,GD,45592059000154,7896004713366,Acetilcisteína 40mg/ml Frasco 120 ml Xarope Adulto,Plusfarma - PI,400.0,0.7706000000000001,45.03,0.0,10.33,10.33,2026-09-11 17:02:47,OK,
PI,GD,45592059000154,7896004713366,Acetilcisteína 40mg/ml Frasco 120 ml Xarope Adulto,Panpharma - PI,305.0,0.7685,45.03,0.0,10.42,10.42,2026-09-11 17:02:47,OK,
PI,GD,45592059000154,7896004713366,Acetilcisteína 40mg/ml Frasco 120 ml Xarope Adulto,Total Comércio - PI,28.0,0.7155,45.03,0.0,13.43,12.81,2026-09-11 17:02:47,OK,
PI,GD,45592059000154,7896004713571,,,0.0,0.0,0.0,0.0,0.0,0.0,2026-09-11 17:02:59,ERRO,Message: Nenhuma distribuidora pôde ser lida no card do produto.
PI,GD,45592059000154,7896004713618,Algestona + Estradiol 150+10mg/ml Ampola 1 ml Solução Injetável,Nazaria - PI,860.0,0.13,13.41,0.0,11.67,11.67,2026-09-11 17:03:03,OK,
PI,GD,45592059000154,7896004713618,Algestona + Estradiol 150+10mg/ml Ampola 1 ml Solução Injetável,Plusfarma - PI,191.0,0.13,13.41,0.0,11.67,11.67,2026-09-11 17:03:03,OK,
PI,GD,45592059000154,7896004713618,Algestona + Estradiol 150+10mg/ml Ampola 1 ml Solução Injetável,Panpharma - PI,83.0,0.057999999999999996,13.41,0.0,12.63,12.63,2026-09-11 17:03:03,OK,
PI,GD,45592059000154,7896004713618,Algestona + Estradiol 150+10mg/ml Ampola 1 ml Solução Injetável,Total Comércio - PI,31.0,0.0753,13.41,0.0,13.0,12.4,2026-09-11 17:03:03,OK,
PI,GD,45592059000154,7896004713717,Oximetazolina 0.25 mg/ml Frasco 20 ml Solução Nasal Pediátrico,Panpharma - PI,117.0,0.3264,10.25,0.0,6.9,6.9,2026-09-11 17:03:06,OK,
PI,GD,45592059000154,7896004713724,Oximetazolina 0.5 mg/ml Frasco 30 ml Solução Nasal Adulto,Plusfarma - PI,256.0,0.3626,14.73,0.0,9.39,9.39,2026-09-11 17:03:09,OK,
PI,GD,45592059000154,7896004713724,Oximetazolina 0.5 mg/ml Frasco 30 ml Solução Nasal Adulto,Nazaria - PI,117.0,0.3626,14.73,0.0,9.39,9.39,2026-09-11 17:03:09,OK,
PI,GD,45592059000154,7896004713724,Oximetazolina 0.5 mg/ml Frasco 30 ml Solução Nasal Adulto,Panpharma - PI,34.0,0.3605,14.73,0.0,9.42,9.42,2026-09-11 17:03:09,OK,
PI,GD,45592059000154,7896004713724,Oximetazolina 0.5 mg/ml Frasco 30 ml Solução Nasal Adulto,Total Comércio - PI,27.0,0.3468,14.73,0.0,10.09,9.62,2026-09-11 17:03:09,OK,
PI,GD,45592059000154,7896004713731,Diclofenaco Potássico 50 mg Caixa 10 Comprimidos Revestidos,Plusfarma - PI,23.0,0.4138,14.57,0.0,8.54,8.54,2026-09-11 17:03:13,OK,
PI,GD,45592059000154,7896004713731,Diclofenaco Potássico 50 mg Caixa 10 Comprimidos Revestidos,Total Comércio - PI,66.0,0.4073,14.57,0.0,9.05,8.64,2026-09-11 17:03:13,OK,
PI,GD,45592059000154,7896004713762,,,0.0,0.0,0.0,0.0,0.0,0.0,2026-09-11 17:03:25,ERRO,Message: Nenhuma distribuidora pôde ser lida no card do produto.
PI,GD,45592059000154,7896004713915,Losartana + Hidroclorotiazida 100+25 mg Caixa 30 Comprimidos Revestidos,Plusfarma - PI,164.0,0.8070999999999999,93.75,0.0,18.08,18.08,2026-09-11 17:03:29,OK,
PI,GD,45592059000154,7896004713915,Losartana + Hidroclorotiazida 100+25 mg Caixa 30 Comprimidos Revestidos,Nazaria - PI,16.0,0.8070999999999999,93.75,0.0,18.08,18.08,2026-09-11 17:03:29,OK,
PI,GD,45592059000154,7896004713915,Losartana + Hidroclorotiazida 100+25 mg Caixa 30 Comprimidos Revestidos,Total Comércio - PI,2.0,0.8070999999999999,93.75,0.0,18.96,18.08,2026-09-11 17:03:29,OK,
PI,GD,45592059000154,7896004713915,Losartana + Hidroclorotiazida 100+25 mg Caixa 30 Comprimidos Revestidos,Panpharma - PI,160.0,0.784,93.75,0.0,20.25,20.25,2026-09-11 17:03:29,OK,
PI,GD,45592059000154,7896004713922,Losartana + Hidroclorotiazida 50+12.5 mg Caixa 30 Comprimidos Revestidos,Plusfarma - PI,129.0,0.7975,58.5,0.0,11.85,11.85,2026-09-11 17:03:32,OK,
PI,GD,45592059000154,7896004713922,Losartana + Hidroclorotiazida 50+12.5 mg Caixa 30 Comprimidos Revestidos,Total Comércio - PI,11.0,0.7975,58.5,0.0,12.42,11.85,2026-09-11 17:03:32,OK,
PI,GD,45592059000154,7896004713922,Losartana + Hidroclorotiazida 50+12.5 mg Caixa 30 Comprimidos Revestidos,Panpharma - PI,50.0,0.7551000000000001,58.5,0.0,14.33,14.33,2026-09-11 17:03:32,OK,
PI,GD,45592059000154,7896004715292,Acetilcisteína 20mg/ml Frasco 120 ml Xarope Pediátrico,Nazaria - PI,1402.0,0.7119,33.77,0.0,9.73,9.73,2026-09-11 17:03:36,OK,
PI,GD,45592059000154,7896004715292,Acetilcisteína 20mg/ml Frasco 120 ml Xarope Pediátrico,Plusfarma - PI,210.0,0.7119,33.77,0.0,9.73,9.73,2026-09-11 17:03:36,OK,
PI,GD,45592059000154,7896004715292,Acetilcisteína 20mg/ml Frasco 120 ml Xarope Pediátrico,Total Comércio - PI,71.0,0.7119,33.77,0.0,10.19,9.73,2026-09-11 17:03:36,OK,
PI,GD,45592059000154,7896004715292,Acetilcisteína 20mg/ml Frasco 120 ml Xarope Pediátrico,Panpharma - PI,268.0,0.6907,33.77,0.0,10.45,10.45,2026-09-11 17:03:36,OK,
PI,GD,45592059000154,7896004715322,Alendronato De Sódio 70 mg Caixa 4 Comprimidos,Nazaria - PI,1087.0,0.968,84.46,0.0,2.7,2.7,2026-09-11 17:03:40,OK,
PI,GD,45592059000154,7896004715322,Alendronato De Sódio 70 mg Caixa 4 Comprimidos,Plusfarma - PI,721.0,0.968,84.46,0.0,2.7,2.7,2026-09-11 17:03:40,OK,
PI,GD,45592059000154,7896004715322,Alendronato De Sódio 70 mg Caixa 4 Comprimidos,Panpharma - PI,175.0,0.9608,84.46,0.0,3.31,3.31,2026-09-11 17:03:40,OK,
PI,GD,45592059000154,7896004715537,Mometasona 1 mg/g Bisnaga 20 g Creme,Plusfarma - PI,442.0,0.6088,35.79,0.0,14.0,14.0,2026-09-11 17:03:43,OK,
PI,GD,45592059000154,7896004715537,Mometasona 1 mg/g Bisnaga 20 g Creme,Total Comércio - PI,101.0,0.6088,35.79,0.0,14.68,14.0,2026-09-11 17:03:43,OK,
PI,GD,45592059000154,7896004715537,Mometasona 1 mg/g Bisnaga 20 g Creme,Panpharma - PI,3.0,0.5717,35.79,0.0,15.33,15.33,2026-09-11 17:03:43,OK,
PI,GD,45592059000154,7896004715674,Dipirona Monoidratada 50 mg/ml Frasco 100 ml Solução Oral,Nazaria - PI,2313.0,0.6148,17.99,0.0,6.93,6.93,2026-09-11 17:03:47,OK,
PI,GD,45592059000154,7896004715674,Dipirona Monoidratada 50 mg/ml Frasco 100 ml Solução Oral,Plusfarma - PI,2157.0,0.6148,17.99,0.0,6.93,6.93,2026-09-11 17:03:47,OK,
PI,GD,45592059000154,7896004715674,Dipirona Monoidratada 50 mg/ml Frasco 100 ml Solução Oral,Panpharma - PI,224.0,0.6049,17.99,0.0,7.11,7.11,2026-09-11 17:03:47,OK,
PI,GD,45592059000154,7896004715711,Timolol 5 mg/ml Frasco 5 ml Solução Oftálmica,Plusfarma - PI,1554.0,0.6790999999999999,12.36,0.0,3.97,3.97,2026-09-11 17:03:50,OK,
PI,GD,45592059000154,7896004715711,Timolol 5 mg/ml Frasco 5 ml Solução Oftálmica,Nazaria - PI,497.0,0.6790999999999999,12.36,0.0,3.97,3.97,2026-09-11 17:03:50,OK,
PI,GD,45592059000154,7896004715711,Timolol 5 mg/ml Frasco 5 ml Solução Oftálmica,Panpharma - PI,188.0,0.6770999999999999,12.36,0.0,3.99,3.99,2026-09-11 17:03:50,OK,
PI,GD,45592059000154,7896004715711,Timolol 5 mg/ml Frasco 5 ml Solução Oftálmica,Total Comércio - PI,155.0,0.659,12.36,0.0,4.42,4.21,2026-09-11 17:03:50,OK,
PI,GD,45592059000154,7896004715803,Cefalexina 500 mg Caixa 8 Comprimidos Revestidos,Nazaria - PI,952.0,0.42090000000000005,28.92,0.0,16.75,16.75,2026-09-11 17:03:54,OK,
PI,GD,45592059000154,7896004715803,Cefalexina 500 mg Caixa 8 Comprimidos Revestidos,Total Comércio - PI,15.0,0.42090000000000005,28.92,0.0,17.55,16.75,2026-09-11 17:03:54,OK,
PI,GD,45592059000154,7896004715841,Dipirona Monoidratada 500 mg/ml Frasco 10 ml Gotas,Nazaria - PI,9126.0,0.6897,7.73,0.0,2.4,2.4,2026-09-11 17:03:57,OK,
PI,GD,45592059000154,7896004715841,Dipirona Monoidratada 500 mg/ml Frasco 10 ml Gotas,Plusfarma - PI,460.0,0.6897,7.73,0.0,2.4,2.4,2026-09-11 17:03:57,OK,
PI,GD,45592059000154,7896004715841,Dipirona Monoidratada 500 mg/ml Frasco 10 ml Gotas,Total Comércio - PI,179.0,0.6897,7.73,0.0,2.52,2.4,2026-09-11 17:03:57,OK,
PI,GD,45592059000154,7896004715841,Dipirona Monoidratada 500 mg/ml Frasco 10 ml Gotas,Panpharma - PI,471.0,0.67,7.73,0.0,2.55,2.55,2026-09-11 17:03:57,OK,
PI,GD,45592059000154,7896004715902,Neomicina + Bacitracina 5mg+250ui/g Bisnaga 15 g Pomada,Plusfarma - PI,220.0,0.5817,12.65,0.0,5.29,5.29,2026-09-11 17:04:01,OK,
PI,GD,45592059000154,7896004715902,Neomicina + Bacitracina 5mg+250ui/g Bisnaga 15 g Pomada,Nazaria - PI,10.0,0.5817,12.65,0.0,5.29,5.29,2026-09-11 17:04:01,OK,
PI,GD,45592059000154,7896004715957,,,0.0,0.0,0.0,0.0,0.0,0.0,2026-09-11 17:04:13,ERRO,Message: Nenhuma distribuidora pôde ser lida no card do produto.
PI,GD,45592059000154,7896004715964,Azitromicina Di-hidratada 900 mg Frasco 22.5 ml Pó Para Suspensão Oral + Seringa,Plusfarma - PI,498.0,0.7872,79.42,0.0,16.9,16.9,2026-09-11 17:04:17,OK,
PI,GD,45592059000154,7896004715964,Azitromicina Di-hidratada 900 mg Frasco 22.5 ml Pó Para Suspensão Oral + Seringa,Nazaria - PI,14.0,0.7872,79.42,0.0,16.9,16.9,2026-09-11 17:04:17,OK,
PI,GD,45592059000154,7896004715964,Azitromicina Di-hidratada 900 mg Frasco 22.5 ml Pó Para Suspensão Oral + Seringa,Panpharma - PI,49.0,0.7851,79.42,0.0,17.07,17.07,2026-09-11 17:04:17,OK,
PI,GD,45592059000154,7896004715964,Azitromicina Di-hidratada 900 mg Frasco 22.5 ml Pó Para Suspensão Oral + Seringa,Total Comércio - PI,19.0,0.7713,79.42,0.0,19.05,18.16,2026-09-11 17:04:17,OK,
PI,GD,45592059000154,7896004715971,Azitromicina Di-hidratada 600 mg Frasco 15 ml Pó Para Suspensão Oral + Seringa,Plusfarma - PI,791.0,0.7981999999999999,64.52,0.0,13.02,13.02,2026-09-11 17:04:20,OK,
PI,GD,45592059000154,7896004715971,Azitromicina Di-hidratada 600 mg Frasco 15 ml Pó Para Suspensão Oral + Seringa,Nazaria - PI,332.0,0.7981999999999999,64.52,0.0,13.02,13.02,2026-09-11 17:04:20,OK,
PI,GD,45592059000154,7896004715971,Azitromicina Di-hidratada 600 mg Frasco 15 ml Pó Para Suspensão Oral + Seringa,Panpharma - PI,67.0,0.7962,64.52,0.0,13.15,13.15,2026-09-11 17:04:20,OK,
PI,GD,45592059000154,7896004715971,Azitromicina Di-hidratada 600 mg Frasco 15 ml Pó Para Suspensão Oral + Seringa,Total Comércio - PI,75.0,0.769,64.52,0.0,15.63,14.9,2026-09-11 17:04:20,OK,
PI,GD,45592059000154,7896004716138,Espironolactona 100 mg Caixa 30 Comprimidos,Plusfarma - PI,95.0,0.21230000000000002,41.26,0.0,32.5,32.5,2026-09-11 17:04:24,OK,
PI,GD,45592059000154,7896004716138,Espironolactona 100 mg Caixa 30 Comprimidos,Nazaria - PI,23.0,0.21230000000000002,41.26,0.0,32.5,32.5,2026-09-11 17:04:24,OK,
PI,GD,45592059000154,7896004716138,Espironolactona 100 mg Caixa 30 Comprimidos,Total Comércio - PI,42.0,0.21230000000000002,41.26,0.0,34.08,32.5,2026-09-11 17:04:24,OK,
PI,GD,45592059000154,7896004716145,,,0.0,0.0,0.0,0.0,0.0,0.0,2026-09-11 17:04:36,ERRO,Message: Nenhuma distribuidora pôde ser lida no card do produto.
PI,GD,45592059000154,7896004716176,Hidroclorotiazida 25 mg Caixa 30 Comprimidos,Panpharma - PI,2.0,0.7718,8.08,0.0,1.84,1.84,2026-09-11 17:04:40,OK,
PI,GD,45592059000154,7896004716176,Hidroclorotiazida 25 mg Caixa 30 Comprimidos,Nazaria - PI,1454.0,0.7716,8.08,0.0,1.85,1.85,2026-09-11 17:04:40,OK,
PI,GD,45592059000154,7896004716176,Hidroclorotiazida 25 mg Caixa 30 Comprimidos,Plusfarma - PI,532.0,0.7716,8.08,0.0,1.85,1.85,2026-09-11 17:04:40,OK,
PI,GD,45592059000154,7896004716176,Hidroclorotiazida 25 mg Caixa 30 Comprimidos,Total Comércio - PI,203.0,0.7716,8.08,0.0,1.94,1.85,2026-09-11 17:04:40,OK,
PI,GD,45592059000154,7896004716268,Bromazepam 3 mg Caixa 30 Comprimidos,Nazaria - PI,41.0,0.813,20.52,0.0,3.84,3.84,2026-09-11 17:04:43,OK,
PI,GD,45592059000154,7896004716299,Paracetamol Bebê 100 mg/ml Frasco 15 ml Gotas,Nazaria - PI,568.0,0.4364,23.48,0.0,13.23,13.23,2026-09-11 17:04:46,OK,
PI,GD,45592059000154,7896004716299,Paracetamol Bebê 100 mg/ml Frasco 15 ml Gotas,Plusfarma - PI,254.0,0.4364,23.48,0.0,13.23,13.23,2026-09-11 17:04:46,OK,
PI,GD,45592059000154,7896004716299,Paracetamol Bebê 100 mg/ml Frasco 15 ml Gotas,Panpharma - PI,141.0,0.3713,23.48,0.0,14.76,14.76,2026-09-11 17:04:46,OK,
PI,GD,45592059000154,7896004716343,Finasterida 1 mg Caixa 60 Comprimidos Revestidos,Nazaria - PI,59.0,0.7874,137.39,0.0,29.21,29.21,2026-09-11 17:04:50,OK,
PI,GD,45592059000154,7896004716343,Finasterida 1 mg Caixa 60 Comprimidos Revestidos,Panpharma - PI,74.0,0.7853,137.39,0.0,29.5,29.5,2026-09-11 17:04:50,OK,
PI,GD,45592059000154,7896004718446,Dipirona Monoidratada 500 mg/ml Frasco 20 ml Gotas,Nazaria - PI,3716.0,0.7067,14.21,0.0,4.17,4.17,2026-09-11 17:04:54,OK,
PI,GD,45592059000154,7896004718446,Dipirona Monoidratada 500 mg/ml Frasco 20 ml Gotas,Plusfarma - PI,640.0,0.7067,14.21,0.0,4.17,4.17,2026-09-11 17:04:54,OK,
PI,GD,45592059000154,7896004718446,Dipirona Monoidratada 500 mg/ml Frasco 20 ml Gotas,Panpharma - PI,544.0,0.7045999999999999,14.21,0.0,4.2,4.2,2026-09-11 17:04:54,OK,
PI,GD,45592059000154,7896004718446,Dipirona Monoidratada 500 mg/ml Frasco 20 ml Gotas,Total Comércio - PI,129.0,0.6716,14.21,0.0,4.88,4.67,2026-09-11 17:04:54,OK,
PI,GD,45592059000154,7896004718453,Clotrimazol 10 mg/g Bisnaga 20 g Creme,Nazaria - PI,360.0,0.5791,16.12,0.0,6.78,6.78,2026-09-11 17:04:57,OK,
PI,GD,45592059000154,7896004718453,Clotrimazol 10 mg/g Bisnaga 20 g Creme,Plusfarma - PI,105.0,0.5791,16.12,0.0,6.78,6.78,2026-09-11 17:04:57,OK,
PI,GD,45592059000154,7896004718453,Clotrimazol 10 mg/g Bisnaga 20 g Creme,Panpharma - PI,78.0,0.5361,16.12,0.0,7.48,7.48,2026-09-11 17:04:57,OK,
PI,GD,45592059000154,7896004718460,Cetoconazol 20 mg/g Bisnaga 30 g Creme,Nazaria - PI,701.0,0.7371,27.74,0.0,7.29,7.29,2026-09-11 17:05:01,OK,
PI,GD,45592059000154,7896004718460,Cetoconazol 20 mg/g Bisnaga 30 g Creme,Plusfarma - PI,212.0,0.7371,27.74,0.0,7.29,7.29,2026-09-11 17:05:01,OK,
PI,GD,45592059000154,7896004718460,Cetoconazol 20 mg/g Bisnaga 30 g Creme,Panpharma - PI,181.0,0.7351000000000001,27.74,0.0,7.35,7.35,2026-09-11 17:05:01,OK,
PI,GD,45592059000154,7896004718460,Cetoconazol 20 mg/g Bisnaga 30 g Creme,Total Comércio - PI,136.0,0.7226,27.74,0.0,8.07,7.7,2026-09-11 17:05:01,OK,
PI,GD,45592059000154,7896004718804,Alprazolam 0.50 mg Caixa 30 Comprimidos,Nazaria - PI,202.0,0.745,12.63,0.0,3.22,3.22,2026-09-11 17:05:05,OK,
PI,GD,45592059000154,7896004718804,Alprazolam 0.50 mg Caixa 30 Comprimidos,Plusfarma - PI,167.0,0.745,12.63,0.0,3.22,3.22,2026-09-11 17:05:05,OK,
PI,GD,45592059000154,7896004718804,Alprazolam 0.50 mg Caixa 30 Comprimidos,Panpharma - PI,44.0,0.743,12.63,0.0,3.25,3.25,2026-09-11 17:05:05,OK,
PI,GD,45592059000154,7896004718804,Alprazolam 0.50 mg Caixa 30 Comprimidos,Total Comércio - PI,76.0,0.6965,12.63,0.0,4.01,3.83,2026-09-11 17:05:05,OK,
PI,GD,45592059000154,7896004718811,Alprazolam 0.25 mg Caixa 30 Comprimidos,Plusfarma - PI,83.0,0.696,14.93,0.0,4.54,4.54,2026-09-11 17:05:08,OK,
PI,GD,45592059000154,7896004718811,Alprazolam 0.25 mg Caixa 30 Comprimidos,Nazaria - PI,82.0,0.696,14.93,0.0,4.54,4.54,2026-09-11 17:05:08,OK,
PI,GD,45592059000154,7896004718828,Alprazolam 1 mg Caixa 30 Comprimidos,Plusfarma - PI,188.0,0.82,24.8,0.0,4.46,4.46,2026-09-11 17:05:12,OK,
PI,GD,45592059000154,7896004718828,Alprazolam 1 mg Caixa 30 Comprimidos,Nazaria - PI,104.0,0.82,24.8,0.0,4.46,4.46,2026-09-11 17:05:12,OK,
PI,GD,45592059000154,7896004718828,Alprazolam 1 mg Caixa 30 Comprimidos,Panpharma - PI,10.0,0.8178,24.8,0.0,4.52,4.52,2026-09-11 17:05:12,OK,
PI,GD,45592059000154,7896004718828,Alprazolam 1 mg Caixa 30 Comprimidos,Total Comércio - PI,49.0,0.7997,24.8,0.0,5.21,4.97,2026-09-11 17:05:12,OK,
PI,GD,45592059000154,7896004718842,Alprazolam 2 mg Caixa 30 Comprimidos,Plusfarma - PI,122.0,0.8902,74.14,0.0,8.14,8.14,2026-09-11 17:05:15,OK,
PI,GD,45592059000154,7896004718842,Alprazolam 2 mg Caixa 30 Comprimidos,Panpharma - PI,124.0,0.8795999999999999,74.14,0.0,8.93,8.93,2026-09-11 17:05:15,OK,
PI,GD,45592059000154,7896004718996,Amoxicilina 500 mg Caixa 30 Cápsulas,Plusfarma - PI,49.0,0.6957,56.32,0.0,17.14,17.14,2026-09-11 17:05:19,OK,
PI,GD,45592059000154,7896004718996,Amoxicilina 500 mg Caixa 30 Cápsulas,Nazaria - PI,3.0,0.6957,56.32,0.0,17.14,17.14,2026-09-11 17:05:19,OK,
PI,GD,45592059000154,7896004718996,Amoxicilina 500 mg Caixa 30 Cápsulas,Panpharma - PI,115.0,0.6937000000000001,56.32,0.0,17.25,17.25,2026-09-11 17:05:19,OK,
PI,GD,45592059000154,7896004718996,Amoxicilina 500 mg Caixa 30 Cápsulas,Total Comércio - PI,25.0,0.6822,56.32,0.0,18.77,17.9,2026-09-11 17:05:19,OK,
PI,GD,45592059000154,7896004719283,Hidrocortisona 10 mg/g Bisnaga 30 g Pomada,Nazaria - PI,258.0,0.2699,28.3,0.0,20.66,20.66,2026-09-11 17:05:23,OK,
PI,GD,45592059000154,7896004719283,Hidrocortisona 10 mg/g Bisnaga 30 g Pomada,Plusfarma - PI,153.0,0.2699,28.3,0.0,20.66,20.66,2026-09-11 17:05:23,OK,
PI,GD,45592059000154,7896004719283,Hidrocortisona 10 mg/g Bisnaga 30 g Pomada,Panpharma - PI,79.0,0.26789999999999997,28.3,0.0,20.72,20.72,2026-09-11 17:05:23,OK,
PI,GD,45592059000154,7896004719283,Hidrocortisona 10 mg/g Bisnaga 30 g Pomada,Total Comércio - PI,1.0,0.2672,28.3,0.0,21.74,20.74,2026-09-11 17:05:23,OK,
PI,GD,45592059000154,7896004719580,Amoxicilina + Clavulanato 875+125 mg Caixa 12 Comprimidos Revestidos,Nazaria - PI,88.0,0.8229000000000001,148.52,0.0,26.3,26.3,2026-09-11 17:05:26,OK,
PI,GD,45592059000154,7896004719580,Amoxicilina + Clavulanato 875+125 mg Caixa 12 Comprimidos Revestidos,Plusfarma - PI,74.0,0.8229000000000001,148.52,0.0,26.3,26.3,2026-09-11 17:05:26,OK,
PI,GD,45592059000154,7896004719580,Amoxicilina + Clavulanato 875+125 mg Caixa 12 Comprimidos Revestidos,Total Comércio - PI,32.0,0.8108,148.52,0.0,29.45,28.1,2026-09-11 17:05:26,OK,
PI,GD,45592059000154,7896004719597,Amoxicilina + Clavulanato 875+125 mg Caixa 14 Comprimidos Revestidos,Total Comércio - PI,66.0,0.7617,163.24,0.0,40.79,38.9,2026-09-11 17:05:30,OK,
PI,GD,45592059000154,7896004719597,Amoxicilina + Clavulanato 875+125 mg Caixa 14 Comprimidos Revestidos,Plusfarma - PI,1068.0,0.741,163.24,0.0,42.28,42.28,2026-09-11 17:05:30,OK,
PI,GD,45592059000154,7896004719597,Amoxicilina + Clavulanato 875+125 mg Caixa 14 Comprimidos Revestidos,Nazaria - PI,660.0,0.741,163.24,0.0,42.28,42.28,2026-09-11 17:05:30,OK,
PI,GD,45592059000154,7896004719597,Amoxicilina + Clavulanato 875+125 mg Caixa 14 Comprimidos Revestidos,Panpharma - PI,341.0,0.7389,163.24,0.0,42.62,42.62,2026-09-11 17:05:30,OK,
PI,GD,45592059000154,7896004720241,,,0.0,0.0,0.0,0.0,0.0,0.0,2026-09-11 17:05:42,ERRO,Message: Nenhuma distribuidora pôde ser lida no card do produto.
PI,GD,45592059000154,7896004720746,Amoxicilina + Clavulanato 400+57mg/5ml Frasco 70 ml Pó P/ Susp. Oral + Seringa + Copo,Nazaria - PI,1725.0,0.7877,85.75,0.0,18.2,18.2,2026-09-11 17:05:46,OK,
PI,GD,45592059000154,7896004720746,Amoxicilina + Clavulanato 400+57mg/5ml Frasco 70 ml Pó P/ Susp. Oral + Seringa + Copo,Plusfarma - PI,319.0,0.7877,85.75,0.0,18.2,18.2,2026-09-11 17:05:46,OK,
PI,GD,45592059000154,7896004720784,Dexclorfeniramina 10 mg/g Bisnaga 30 g Creme,Nazaria - PI,124.0,0.4765,15.18,0.0,7.95,7.95,2026-09-11 17:05:49,OK,
PI,GD,45592059000154,7896004720784,Dexclorfeniramina 10 mg/g Bisnaga 30 g Creme,Plusfarma - PI,77.0,0.4765,15.18,0.0,7.95,7.95,2026-09-11 17:05:49,OK,
PI,GD,45592059000154,7896004720784,Dexclorfeniramina 10 mg/g Bisnaga 30 g Creme,Panpharma - PI,39.0,0.4744,15.18,0.0,7.98,7.98,2026-09-11 17:05:49,OK,
PI,GD,45592059000154,7896004720869,,,0.0,0.0,0.0,0.0,0.0,0.0,2026-09-11 17:06:01,ERRO,Message: Nenhuma distribuidora pôde ser lida no card do produto.
PI,GD,45592059000154,7896004721125,Sibutramina 15 mg Caixa 30 Cápsulas,Plusfarma - PI,68.0,0.8154,79.96,0.0,14.76,14.76,2026-09-11 17:06:05,OK,
PI,GD,45592059000154,7896004721125,Sibutramina 15 mg Caixa 30 Cápsulas,Nazaria - PI,57.0,0.8154,79.96,0.0,14.76,14.76,2026-09-11 17:06:05,OK,
PI,GD,45592059000154,7896004721125,Sibutramina 15 mg Caixa 30 Cápsulas,Panpharma - PI,45.0,0.8133,79.96,0.0,14.93,14.93,2026-09-11 17:06:05,OK,
PI,GD,45592059000154,7896004721125,Sibutramina 15 mg Caixa 30 Cápsulas,Total Comércio - PI,100.0,0.8115000000000001,79.95,0.0,15.81,15.07,2026-09-11 17:06:05,OK,
PI,GD,45592059000154,7896004721255,Risperidona 1 mg/g Frasco 30 ml Solução Oral,Plusfarma - PI,765.0,0.5573,62.89,0.0,27.84,27.84,2026-09-11 17:06:08,OK,
PI,GD,45592059000154,7896004721255,Risperidona 1 mg/g Frasco 30 ml Solução Oral,Nazaria - PI,102.0,0.5573,62.89,0.0,27.84,27.84,2026-09-11 17:06:08,OK,
PI,GD,45592059000154,7896004721323,,,0.0,0.0,0.0,0.0,0.0,0.0,2026-09-11 17:06:20,ERRO,Message: Nenhuma distribuidora pôde ser lida no card do produto.
PI,GD,45592059000154,7896004721828,Clonazepam 2 mg Caixa 30 Comprimidos,Nazaria - PI,470.0,0.794,18.57,0.0,3.83,3.83,2026-09-11 17:06:24,OK,
PI,GD,45592059000154,7896004721828,Clonazepam 2 mg Caixa 30 Comprimidos,Plusfarma - PI,278.0,0.794,18.57,0.0,3.83,3.83,2026-09-11 17:06:24,OK,
PI,GD,45592059000154,7896004721828,Clonazepam 2 mg Caixa 30 Comprimidos,Panpharma - PI,157.0,0.7918999999999999,18.57,0.0,3.86,3.86,2026-09-11 17:06:24,OK,
PI,GD,45592059000154,7896004721828,Clonazepam 2 mg Caixa 30 Comprimidos,Total Comércio - PI,253.0,0.7636,18.57,0.0,4.59,4.39,2026-09-11 17:06:24,OK,
PI,GD,45592059000154,7896004721903,Dexametasona 1 mg/g Bisnaga 10 g Creme Dermatológico,Nazaria - PI,757.0,0.6923,11.46,0.0,3.53,3.53,2026-09-11 17:06:28,OK,
PI,GD,45592059000154,7896004721903,Dexametasona 1 mg/g Bisnaga 10 g Creme Dermatológico,Plusfarma - PI,244.0,0.6923,11.46,0.0,3.53,3.53,2026-09-11 17:06:28,OK,
PI,GD,45592059000154,7896004721903,Dexametasona 1 mg/g Bisnaga 10 g Creme Dermatológico,Total Comércio - PI,26.0,0.6923,11.46,0.0,3.7,3.53,2026-09-11 17:06:28,OK,
PI,GD,45592059000154,7896004721903,Dexametasona 1 mg/g Bisnaga 10 g Creme Dermatológico,Panpharma - PI,99.0,0.6658,11.46,0.0,3.83,3.83,2026-09-11 17:06:28,OK,
PI,GD,45592059000154,7896004722122,Aceclofenaco 100 mg Caixa 12 Comprimidos Revestidos,Plusfarma - PI,325.0,0.7676000000000001,41.64,0.0,9.68,9.68,2026-09-11 17:06:32,OK,
PI,GD,45592059000154,7896004722122,Aceclofenaco 100 mg Caixa 12 Comprimidos Revestidos,Nazaria - PI,67.0,0.7676000000000001,41.64,0.0,9.68,9.68,2026-09-11 17:06:32,OK,
PI,GD,45592059000154,7896004722122,Aceclofenaco 100 mg Caixa 12 Comprimidos Revestidos,Panpharma - PI,85.0,0.7655,41.64,0.0,9.76,9.76,2026-09-11 17:06:32,OK,
PI,GD,45592059000154,7896004722122,Aceclofenaco 100 mg Caixa 12 Comprimidos Revestidos,Total Comércio - PI,169.0,0.7358,41.64,0.0,11.53,11.0,2026-09-11 17:06:32,OK,
PI,GD,45592059000154,7896004722160,Bisoprolol 1.25 mg Caixa 30 Comprimidos Revestidos,Nazaria - PI,977.0,0.8373999999999999,70.03,0.0,11.39,11.39,2026-09-11 17:06:35,OK,
PI,GD,45592059000154,7896004722160,Bisoprolol 1.25 mg Caixa 30 Comprimidos Revestidos,Plusfarma - PI,157.0,0.8373999999999999,70.03,0.0,11.39,11.39,2026-09-11 17:06:35,OK,
PI,GD,45592059000154,7896004722160,Bisoprolol 1.25 mg Caixa 30 Comprimidos Revestidos,Total Comércio - PI,221.0,0.8203,70.03,0.0,13.2,12.58,2026-09-11 17:06:35,OK,
PI,GD,45592059000154,7896004722177,Bisoprolol 2.5 mg Caixa 30 Comprimidos Revestidos,Nazaria - PI,228.0,0.6503,43.52,0.0,15.22,15.22,2026-09-11 17:06:39,OK,
PI,GD,45592059000154,7896004722177,Bisoprolol 2.5 mg Caixa 30 Comprimidos Revestidos,Plusfarma - PI,208.0,0.6503,43.52,0.0,15.22,15.22,2026-09-11 17:06:39,OK,
PI,GD,45592059000154,7896004722177,Bisoprolol 2.5 mg Caixa 30 Comprimidos Revestidos,Panpharma - PI,247.0,0.6481999999999999,43.52,0.0,15.31,15.31,2026-09-11 17:06:39,OK,
PI,GD,45592059000154,7896004722177,Bisoprolol 2.5 mg Caixa 30 Comprimidos Revestidos,Total Comércio - PI,110.0,0.6354,43.52,0.0,16.64,15.87,2026-09-11 17:06:39,OK,
PI,GD,45592059000154,7896004722337,Paracetamol + Pseudoefedrina 500+30 mg Caixa 24 Comprimidos Revestidos,Nazaria - PI,67.0,0.16149999999999998,12.67,0.0,10.62,10.62,2026-09-11 17:06:43,OK,
PI,GD,45592059000154,7896004722337,Paracetamol + Pseudoefedrina 500+30 mg Caixa 24 Comprimidos Revestidos,Plusfarma - PI,31.0,0.16149999999999998,12.67,0.0,10.62,10.62,2026-09-11 17:06:43,OK,
PI,GD,45592059000154,7896004722337,Paracetamol + Pseudoefedrina 500+30 mg Caixa 24 Comprimidos Revestidos,Total Comércio - PI,13.0,0.16149999999999998,12.67,0.0,11.14,10.62,2026-09-11 17:06:43,OK,
PI,GD,45592059000154,7896004722337,Paracetamol + Pseudoefedrina 500+30 mg Caixa 24 Comprimidos Revestidos,Panpharma - PI,33.0,0.0599,12.67,0.0,11.91,11.91,2026-09-11 17:06:43,OK,
PI,GD,45592059000154,7896004722467,Lidocaína 50 mg/g Bisnaga 25 g Pomada,Nazaria - PI,164.0,0.39,15.64,0.0,9.54,9.54,2026-09-11 17:06:46,OK,
PI,GD,45592059000154,7896004722467,Lidocaína 50 mg/g Bisnaga 25 g Pomada,Plusfarma - PI,41.0,0.39,15.64,0.0,9.54,9.54,2026-09-11 17:06:46,OK,
PI,GD,45592059000154,7896004722467,Lidocaína 50 mg/g Bisnaga 25 g Pomada,Panpharma - PI,26.0,0.38799999999999996,15.64,0.0,9.57,9.57,2026-09-11 17:06:46,OK,
PI,GD,45592059000154,7896004722467,Lidocaína 50 mg/g Bisnaga 25 g Pomada,Total Comércio - PI,50.0,0.3663,15.64,0.0,10.39,9.91,2026-09-11 17:06:46,OK,
PI,GD,45592059000154,7896004722474,Lidocaína 50 mg/g Bisnaga 25 g Pomada Sabor Laranja,Plusfarma - PI,78.0,0.40409999999999996,14.94,0.0,8.9,8.9,2026-09-11 17:06:50,OK,
PI,GD,45592059000154,7896004722474,Lidocaína 50 mg/g Bisnaga 25 g Pomada Sabor Laranja,Nazaria - PI,51.0,0.40409999999999996,14.94,0.0,8.9,8.9,2026-09-11 17:06:50,OK,
PI,GD,45592059000154,7896004722474,Lidocaína 50 mg/g Bisnaga 25 g Pomada Sabor Laranja,Panpharma - PI,50.0,0.402,14.94,0.0,8.93,8.93,2026-09-11 17:06:50,OK,
PI,GD,45592059000154,7896004722474,Lidocaína 50 mg/g Bisnaga 25 g Pomada Sabor Laranja,Total Comércio - PI,17.0,0.3961,14.94,0.0,9.46,9.02,2026-09-11 17:06:50,OK,
PI,GD,45592059000154,7896004722528,Ciprofloxacino + Dexametasona 3.5+1 mg/ml Frasco 5 ml Solução Oftálmica,Plusfarma - PI,93.0,0.40700000000000003,27.7,0.0,16.43,16.43,2026-09-11 17:06:53,OK,
PI,GD,45592059000154,7896004722528,Ciprofloxacino + Dexametasona 3.5+1 mg/ml Frasco 5 ml Solução Oftálmica,Nazaria - PI,35.0,0.40700000000000003,27.7,0.0,16.43,16.43,2026-09-11 17:06:53,OK,
PI,GD,45592059000154,7896004722870,Losartana Potássica 100 mg Caixa 30 Comprimidos Revestidos,Panpharma - PI,7.0,0.3931,44.61,0.0,27.07,27.07,2026-09-11 17:06:56,OK,
PI,GD,45592059000154,7896004723020,Ácido Tranexâmico 250 mg Caixa 12 Comprimidos,Nazaria - PI,1021.0,0.1232,44.81,0.0,39.29,39.29,2026-09-11 17:07:00,OK,
PI,GD,45592059000154,7896004723020,Ácido Tranexâmico 250 mg Caixa 12 Comprimidos,Plusfarma - PI,533.0,0.1232,44.81,0.0,39.29,39.29,2026-09-11 17:07:00,OK,
PI,GD,45592059000154,7896004723020,Ácido Tranexâmico 250 mg Caixa 12 Comprimidos,Total Comércio - PI,7.0,0.1232,44.81,0.0,41.2,39.29,2026-09-11 17:07:00,OK,
PI,GD,45592059000154,7896004723020,Ácido Tranexâmico 250 mg Caixa 12 Comprimidos,Panpharma - PI,455.0,0.0599,44.81,0.0,42.13,42.13,2026-09-11 17:07:00,OK,
PI,GD,45592059000154,7896004723365,Fenofibrato 200 mg Caixa 30 Cápsulas,Plusfarma - PI,57.0,0.3372,103.24,0.0,68.43,68.43,2026-09-11 17:07:03,OK,
PI,GD,45592059000154,7896004723365,Fenofibrato 200 mg Caixa 30 Cápsulas,Nazaria - PI,50.0,0.3372,103.24,0.0,68.43,68.43,2026-09-11 17:07:03,OK,
PI,GD,45592059000154,7896004723365,Fenofibrato 200 mg Caixa 30 Cápsulas,Panpharma - PI,50.0,0.1693,103.24,0.0,85.76,85.76,2026-09-11 17:07:03,OK,
PI,GD,45592059000154,7896004723563,Domperidona 10 mg Caixa 30 Comprimidos,Plusfarma - PI,1791.0,0.7974,20.03,0.0,4.06,4.06,2026-09-11 17:07:07,OK,
PI,GD,45592059000154,7896004723563,Domperidona 10 mg Caixa 30 Comprimidos,Nazaria - PI,1327.0,0.7974,20.03,0.0,4.06,4.06,2026-09-11 17:07:07,OK,
PI,GD,45592059000154,7896004723570,Domperidona 10 mg Caixa 60 Comprimidos,Nazaria - PI,120.0,0.8006,38.02,0.0,7.58,7.58,2026-09-11 17:07:10,OK,
PI,GD,45592059000154,7896004723570,Domperidona 10 mg Caixa 60 Comprimidos,Plusfarma - PI,52.0,0.8006,38.02,0.0,7.58,7.58,2026-09-11 17:07:10,OK,
PI,GD,45592059000154,7896004723570,Domperidona 10 mg Caixa 60 Comprimidos,Panpharma - PI,285.0,0.7947,38.02,0.0,7.81,7.81,2026-09-11 17:07:10,OK,
PI,GD,45592059000154,7896004724102,Isotretinoína 20 mg Caixa 30 Cápsulas Moles,Plusfarma - PI,231.0,0.7959999999999999,183.9,0.0,37.52,37.52,2026-09-11 17:07:13,OK,
PI,GD,45592059000154,7896004724102,Isotretinoína 20 mg Caixa 30 Cápsulas Moles,Total Comércio - PI,4.0,0.7806000000000001,183.9,0.0,42.3,40.35,2026-09-11 17:07:13,OK,
PI,GD,45592059000154,7896004724508,Latanoprosta 50 mcg/ml Frasco 2.5 ml Solução Oftálmica,Nazaria - PI,65.0,0.17980000000000002,130.55,0.0,107.08,107.08,2026-09-11 17:07:17,OK,
PI,GD,45592059000154,7896004724508,Latanoprosta 50 mcg/ml Frasco 2.5 ml Solução Oftálmica,Panpharma - PI,146.0,0.1777,130.55,0.0,107.35,107.35,2026-09-11 17:07:17,OK,
PI,GD,45592059000154,7896004724577,Gliclazida 30 mg Caixa 60 Comprimidos de Liberação Prolongada,Nazaria - PI,144.0,0.4632,37.01,0.0,19.87,19.87,2026-09-11 17:07:20,OK,
PI,GD,45592059000154,7896004724577,Gliclazida 30 mg Caixa 60 Comprimidos de Liberação Prolongada,Plusfarma - PI,117.0,0.4632,37.01,0.0,19.87,19.87,2026-09-11 17:07:20,OK,
PI,GD,45592059000154,7896004724577,Gliclazida 30 mg Caixa 60 Comprimidos de Liberação Prolongada,Total Comércio - PI,34.0,0.4632,37.01,0.0,20.83,19.87,2026-09-11 17:07:20,OK,
PI,GD,45592059000154,7896004724577,Gliclazida 30 mg Caixa 60 Comprimidos de Liberação Prolongada,Panpharma - PI,47.0,0.43270000000000003,37.01,0.0,21.0,21.0,2026-09-11 17:07:20,OK,
PI,GD,45592059000154,7896004724683,Bimatoprosta 0.03% Frasco 5 ml Solução Oftálmica,Nazaria - PI,237.0,0.622,159.34,0.0,60.23,60.23,2026-09-11 17:07:23,OK,
PI,GD,45592059000154,7896004724683,Bimatoprosta 0.03% Frasco 5 ml Solução Oftálmica,Plusfarma - PI,64.0,0.622,159.34,0.0,60.23,60.23,2026-09-11 17:07:23,OK,
PI,GD,45592059000154,7896004724690,Bimatoprosta 0.03% Frasco 3 ml Solução Oftálmica,Nazaria - PI,69.0,0.7212999999999999,106.19,0.0,29.6,29.6,2026-09-11 17:07:27,OK,
PI,GD,45592059000154,7896004724690,Bimatoprosta 0.03% Frasco 3 ml Solução Oftálmica,Plusfarma - PI,56.0,0.7212999999999999,106.19,0.0,29.6,29.6,2026-09-11 17:07:27,OK,
PI,GD,45592059000154,7896004724690,Bimatoprosta 0.03% Frasco 3 ml Solução Oftálmica,Panpharma - PI,93.0,0.7192000000000001,106.19,0.0,29.82,29.82,2026-09-11 17:07:27,OK,
PI,GD,45592059000154,7896004725000,Zolpidem 10 mg Caixa 20 Comprimidos Revestidos,Total Comércio - PI,59.0,0.9392,57.03,0.0,3.63,3.47,2026-09-11 17:07:30,OK,
PI,GD,45592059000154,7896004725420,Ipratrópio 0.25 mg/ml Frasco 20 ml Solução Para Inalação,Plusfarma - PI,337.0,0.7856000000000001,15.99,0.0,3.43,3.43,2026-09-11 17:07:33,OK,
PI,GD,45592059000154,7896004725420,Ipratrópio 0.25 mg/ml Frasco 20 ml Solução Para Inalação,Nazaria - PI,102.0,0.7856000000000001,15.99,0.0,3.43,3.43,2026-09-11 17:07:33,OK,
PI,GD,45592059000154,7896004725420,Ipratrópio 0.25 mg/ml Frasco 20 ml Solução Para Inalação,Panpharma - PI,248.0,0.7848,15.99,0.0,3.44,3.44,2026-09-11 17:07:33,OK,
PI,GD,45592059000154,7896004725697,Dorzolamida + Timolol 20+5 mg/ml Frasco 5 ml Gotas,Nazaria - PI,190.0,0.5846,94.89,0.0,39.42,39.42,2026-09-11 17:07:37,OK,
PI,GD,45592059000154,7896004725697,Dorzolamida + Timolol 20+5 mg/ml Frasco 5 ml Gotas,Plusfarma - PI,116.0,0.5846,94.89,0.0,39.42,39.42,2026-09-11 17:07:37,OK,
PI,GD,45592059000154,7896004725697,Dorzolamida + Timolol 20+5 mg/ml Frasco 5 ml Gotas,Panpharma - PI,84.0,0.5642,94.89,0.0,41.35,41.35,2026-09-11 17:07:37,OK,
PI,GD,45592059000154,7896004726069,Dorzolamida 20 mg/ml Frasco 5 ml Solução Oftálmica,Plusfarma - PI,60.0,0.2606,65.35,0.0,48.32,48.32,2026-09-11 17:07:40,OK,
PI,GD,45592059000154,7896004726069,Dorzolamida 20 mg/ml Frasco 5 ml Solução Oftálmica,Nazaria - PI,40.0,0.2606,65.35,0.0,48.32,48.32,2026-09-11 17:07:40,OK,
PI,GD,45592059000154,7896004726069,Dorzolamida 20 mg/ml Frasco 5 ml Solução Oftálmica,Panpharma - PI,137.0,0.2097,65.35,0.0,51.65,51.65,2026-09-11 17:07:40,OK,
PI,GD,45592059000154,7896004726229,Hidroquinona 40 mg/g Bisnaga 30 g Creme,Nazaria - PI,44.0,0.2382,49.5,0.0,37.71,37.71,2026-09-11 17:07:44,OK,
PI,GD,45592059000154,7896004726229,Hidroquinona 40 mg/g Bisnaga 30 g Creme,Plusfarma - PI,28.0,0.2382,49.5,0.0,37.71,37.71,2026-09-11 17:07:44,OK,
PI,GD,45592059000154,7896004726229,Hidroquinona 40 mg/g Bisnaga 30 g Creme,Total Comércio - PI,44.0,0.2382,49.5,0.0,39.54,37.71,2026-09-11 17:07:44,OK,
PI,GD,45592059000154,7896004726229,Hidroquinona 40 mg/g Bisnaga 30 g Creme,Panpharma - PI,55.0,0.14679999999999999,49.5,0.0,42.23,42.23,2026-09-11 17:07:44,OK,
PI,GD,45592059000154,7896004726533,Hidroquinona+Tretinoína+Fluocinolona 0.1+40+0.5 mg/g Creme Bisnaga 30 g,Total Comércio - PI,70.0,0.2981,169.8,0.0,124.98,119.18,2026-09-11 17:07:47,OK,
PI,GD,45592059000154,7896004726854,Brimonidina 2 mg/ml Frasco 5 ml Solução Oftálmica,Nazaria - PI,223.0,0.7648999999999999,64.22,0.0,15.1,15.1,2026-09-11 17:07:50,OK,
PI,GD,45592059000154,7896004726854,Brimonidina 2 mg/ml Frasco 5 ml Solução Oftálmica,Plusfarma - PI,151.0,0.7648999999999999,64.22,0.0,15.1,15.1,2026-09-11 17:07:50,OK,
PI,GD,45592059000154,7896004726854,Brimonidina 2 mg/ml Frasco 5 ml Solução Oftálmica,Panpharma - PI,120.0,0.7629,64.22,0.0,15.23,15.23,2026-09-11 17:07:50,OK,
PI,GD,45592059000154,7896004726908,Ciclobenzaprina 10 mg Caixa 10 Comprimidos Revestidos,Nazaria - PI,266.0,0.6526000000000001,12.18,0.0,4.23,4.23,2026-09-11 17:07:54,OK,
PI,GD,45592059000154,7896004726908,Ciclobenzaprina 10 mg Caixa 10 Comprimidos Revestidos,Plusfarma - PI,57.0,0.6526000000000001,12.18,0.0,4.23,4.23,2026-09-11 17:07:54,OK,
PI,GD,45592059000154,7896004726908,Ciclobenzaprina 10 mg Caixa 10 Comprimidos Revestidos,Panpharma - PI,139.0,0.6505,12.18,0.0,4.26,4.26,2026-09-11 17:07:54,OK,
PI,GD,45592059000154,7896004727028,Gabapentina 600 mg Caixa 27 Comprimidos Revestidos,Nazaria - PI,165.0,0.255,188.45,0.0,140.4,140.4,2026-09-11 17:07:58,OK,
PI,GD,45592059000154,7896004727028,Gabapentina 600 mg Caixa 27 Comprimidos Revestidos,Plusfarma - PI,48.0,0.255,188.45,0.0,140.4,140.4,2026-09-11 17:07:58,OK,
PI,GD,45592059000154,7896004727028,Gabapentina 600 mg Caixa 27 Comprimidos Revestidos,Panpharma - PI,61.0,0.253,188.45,0.0,140.77,140.77,2026-09-11 17:07:58,OK,
PI,GD,45592059000154,7896004727233,Ciclopirox Olamina 10 mg/ml Frasco 15 ml Solução Tópica,Plusfarma - PI,22.0,0.654,29.47,0.0,10.2,10.2,2026-09-11 17:08:00,OK,
PI,GD,45592059000154,7896004727776,Amitriptilina 25 mg Caixa 30 Comprimidos Revestidos,Nazaria - PI,724.0,0.7256999999999999,19.19,0.0,5.26,5.26,2026-09-11 17:08:04,OK,
PI,GD,45592059000154,7896004727776,Amitriptilina 25 mg Caixa 30 Comprimidos Revestidos,Plusfarma - PI,633.0,0.7256999999999999,19.19,0.0,5.26,5.26,2026-09-11 17:08:04,OK,
PI,GD,45592059000154,7896004727776,Amitriptilina 25 mg Caixa 30 Comprimidos Revestidos,Total Comércio - PI,128.0,0.7256999999999999,19.19,0.0,5.52,5.26,2026-09-11 17:08:04,OK,
PI,GD,45592059000154,7896004727776,Amitriptilina 25 mg Caixa 30 Comprimidos Revestidos,Panpharma - PI,503.0,0.7079000000000001,19.19,0.0,5.61,5.61,2026-09-11 17:08:04,OK,
PI,GD,45592059000154,7896004727882,Bromoprida 10 mg Caixa 20 Cápsulas,Nazaria - PI,293.0,0.6677,27.39,0.0,9.1,9.1,2026-09-11 17:08:08,OK,
PI,GD,45592059000154,7896004727882,Bromoprida 10 mg Caixa 20 Cápsulas,Plusfarma - PI,217.0,0.6677,27.39,0.0,9.1,9.1,2026-09-11 17:08:08,OK,
PI,GD,45592059000154,7896004727882,Bromoprida 10 mg Caixa 20 Cápsulas,Panpharma - PI,130.0,0.6401,27.39,0.0,9.86,9.86,2026-09-11 17:08:08,OK,
PI,GD,45592059000154,7896004728261,Travoprosta 0.04 mg/ml Frasco 2.5 ml Solução Oftálmica,Plusfarma - PI,248.0,0.6605,96.31,0.0,32.7,32.7,2026-09-11 17:08:11,OK,
PI,GD,45592059000154,7896004728261,Travoprosta 0.04 mg/ml Frasco 2.5 ml Solução Oftálmica,Nazaria - PI,101.0,0.6605,96.31,0.0,32.7,32.7,2026-09-11 17:08:11,OK,
PI,GD,45592059000154,7896004728261,Travoprosta 0.04 mg/ml Frasco 2.5 ml Solução Oftálmica,Panpharma - PI,48.0,0.6584,96.31,0.0,32.9,32.9,2026-09-11 17:08:11,OK,
PI,GD,45592059000154,7896004728490,,,0.0,0.0,0.0,0.0,0.0,0.0,2026-09-11 17:08:23,ERRO,Message: Nenhuma distribuidora pôde ser lida no card do produto.
PI,GD,45592059000154,7896004728612,Venlafaxina 150 mg Caixa 30 Cápsulas de Liberação Prolongada,Nazaria - PI,32.0,0.7931,173.38,0.0,35.87,35.87,2026-09-11 17:08:27,OK,
PI,GD,45592059000154,7896004728612,Venlafaxina 150 mg Caixa 30 Cápsulas de Liberação Prolongada,Plusfarma - PI,59.0,0.7929,173.38,0.0,35.91,35.91,2026-09-11 17:08:27,OK,
PI,GD,45592059000154,7896004728612,Venlafaxina 150 mg Caixa 30 Cápsulas de Liberação Prolongada,Panpharma - PI,9.0,0.7471,173.38,0.0,43.85,43.85,2026-09-11 17:08:27,OK,
PI,GD,45592059000154,7896004728629,Diclofenaco Sódico 100 mg Caixa 20 Comprimidos Revestidos Lib. Lenta,Panpharma - PI,59.0,0.2896,56.55,0.0,40.17,40.17,2026-09-11 17:08:30,OK,
PI,GD,45592059000154,7896004728667,Risedronato Sódico 35 mg Caixa 4 Comprimidos Revestidos,Plusfarma - PI,63.0,0.7784,143.87,0.0,31.88,31.88,2026-09-11 17:08:33,OK,
PI,GD,45592059000154,7896004728667,Risedronato Sódico 35 mg Caixa 4 Comprimidos Revestidos,Nazaria - PI,61.0,0.7784,143.87,0.0,31.88,31.88,2026-09-11 17:08:33,OK,
PI,GD,45592059000154,7896004728827,Indapamida 1.5 mg Caixa 30 Comprimidos Revestidos,Plusfarma - PI,320.0,0.7306,33.68,0.0,9.07,9.07,2026-09-11 17:08:37,OK,
PI,GD,45592059000154,7896004728827,Indapamida 1.5 mg Caixa 30 Comprimidos Revestidos,Nazaria - PI,265.0,0.7306,33.68,0.0,9.07,9.07,2026-09-11 17:08:37,OK,
PI,GD,45592059000154,7896004728827,Indapamida 1.5 mg Caixa 30 Comprimidos Revestidos,Panpharma - PI,83.0,0.7284999999999999,33.68,0.0,9.14,9.14,2026-09-11 17:08:37,OK,
PI,GD,45592059000154,7896004728827,Indapamida 1.5 mg Caixa 30 Comprimidos Revestidos,Total Comércio - PI,29.0,0.7267,33.68,0.0,9.65,9.2,2026-09-11 17:08:37,OK,
PI,GD,45592059000154,7896004728858,Rosuvastatina Cálcica 20 mg Caixa 30 Comprimidos Revestidos,Nazaria - PI,18240.0,0.9375,174.52,0.0,10.91,10.91,2026-09-11 17:08:40,OK,
PI,GD,45592059000154,7896004728858,Rosuvastatina Cálcica 20 mg Caixa 30 Comprimidos Revestidos,Plusfarma - PI,1154.0,0.9375,174.52,0.0,10.91,10.91,2026-09-11 17:08:40,OK,
PI,GD,45592059000154,7896004728858,Rosuvastatina Cálcica 20 mg Caixa 30 Comprimidos Revestidos,Panpharma - PI,231.0,0.9319,174.52,0.0,11.88,11.88,2026-09-11 17:08:40,OK,
PI,GD,45592059000154,7896004729428,Atorvastatina Cálcica 10 mg Caixa 30 Comprimidos Revestidos,Nazaria - PI,62.0,0.8556,73.12,0.0,10.56,10.56,2026-09-11 17:08:44,OK,
PI,GD,45592059000154,7896004729428,Atorvastatina Cálcica 10 mg Caixa 30 Comprimidos Revestidos,Plusfarma - PI,23.0,0.8556,73.12,0.0,10.56,10.56,2026-09-11 17:08:44,OK,
PI,GD,45592059000154,7896004729428,Atorvastatina Cálcica 10 mg Caixa 30 Comprimidos Revestidos,Total Comércio - PI,131.0,0.8556,73.12,0.0,11.07,10.56,2026-09-11 17:08:44,OK,
PI,GD,45592059000154,7896004729428,Atorvastatina Cálcica 10 mg Caixa 30 Comprimidos Revestidos,Panpharma - PI,163.0,0.8276,73.12,0.0,12.61,12.61,2026-09-11 17:08:44,OK,
PI,GD,45592059000154,7896004729435,Atorvastatina Cálcica 20 mg Caixa 30 Comprimidos Revestidos,Plusfarma - PI,139.0,0.8815999999999999,72.99,0.0,8.64,8.64,2026-09-11 17:08:47,OK,
PI,GD,45592059000154,7896004729435,Atorvastatina Cálcica 20 mg Caixa 30 Comprimidos Revestidos,Nazaria - PI,121.0,0.8815999999999999,72.99,0.0,8.64,8.64,2026-09-11 17:08:47,OK,
PI,GD,45592059000154,7896004729435,Atorvastatina Cálcica 20 mg Caixa 30 Comprimidos Revestidos,Panpharma - PI,287.0,0.8795000000000001,72.99,0.0,8.8,8.8,2026-09-11 17:08:47,OK,
PI,GD,45592059000154,7896004729442,Atorvastatina Cálcica 40 mg Caixa 30 Comprimidos Revestidos,Nazaria - PI,305.0,0.8909999999999999,146.89,0.0,16.01,16.01,2026-09-11 17:08:51,OK,
PI,GD,45592059000154,7896004729442,Atorvastatina Cálcica 40 mg Caixa 30 Comprimidos Revestidos,Plusfarma - PI,96.0,0.8909999999999999,146.89,0.0,16.01,16.01,2026-09-11 17:08:51,OK,
PI,GD,45592059000154,7896004729442,Atorvastatina Cálcica 40 mg Caixa 30 Comprimidos Revestidos,Panpharma - PI,210.0,0.889,146.89,0.0,16.3,16.3,2026-09-11 17:08:51,OK,
PI,GD,45592059000154,7896004729459,Atorvastatina Cálcica 80 mg Caixa 30 Comprimidos Revestidos,Nazaria - PI,99.0,0.39490000000000003,300.89,0.0,182.07,182.07,2026-09-11 17:08:55,OK,
PI,GD,45592059000154,7896004729459,Atorvastatina Cálcica 80 mg Caixa 30 Comprimidos Revestidos,Plusfarma - PI,33.0,0.39490000000000003,300.89,0.0,182.07,182.07,2026-09-11 17:08:55,OK,
PI,GD,45592059000154,7896004729459,Atorvastatina Cálcica 80 mg Caixa 30 Comprimidos Revestidos,Total Comércio - PI,49.0,0.3948,300.89,0.0,190.92,182.1,2026-09-11 17:08:55,OK,
PI,GD,45592059000154,7896004729459,Atorvastatina Cálcica 80 mg Caixa 30 Comprimidos Revestidos,Panpharma - PI,32.0,0.3457,300.89,0.0,196.87,196.87,2026-09-11 17:08:55,OK,
PI,GD,45592059000154,7896004729640,Rosuvastatina Cálcica 10 mg Caixa 30 Comprimidos Revestidos,Nazaria - PI,3143.0,0.9216,95.96,0.0,7.52,7.52,2026-09-11 17:08:58,OK,
PI,GD,45592059000154,7896004729640,Rosuvastatina Cálcica 10 mg Caixa 30 Comprimidos Revestidos,Plusfarma - PI,547.0,0.9216,95.96,0.0,7.52,7.52,2026-09-11 17:08:58,OK,
PI,GD,45592059000154,7896004729640,Rosuvastatina Cálcica 10 mg Caixa 30 Comprimidos Revestidos,Panpharma - PI,35.0,0.9196,95.96,0.0,7.72,7.72,2026-09-11 17:08:58,OK,
PI,GD,45592059000154,7896004729688,Hidroxizina 25 mg Caixa 30 Comprimidos,Nazaria - PI,90.0,0.1379,34.72,0.0,29.93,29.93,2026-09-11 17:09:02,OK,
PI,GD,45592059000154,7896004729688,Hidroxizina 25 mg Caixa 30 Comprimidos,Plusfarma - PI,52.0,0.1379,34.72,0.0,29.93,29.93,2026-09-11 17:09:02,OK,
PI,GD,45592059000154,7896004729688,Hidroxizina 25 mg Caixa 30 Comprimidos,Total Comércio - PI,51.0,0.1379,34.72,0.0,31.39,29.93,2026-09-11 17:09:02,OK,
PI,GD,45592059000154,7896004729688,Hidroxizina 25 mg Caixa 30 Comprimidos,Panpharma - PI,42.0,0.0623,34.72,0.0,32.56,32.56,2026-09-11 17:09:02,OK,
PI,GD,45592059000154,7896004730059,Ciclobenzaprina 5 mg Caixa 30 Comprimidos Revestidos,Plusfarma - PI,1.0,0.7425,32.78,0.0,8.44,8.44,2026-09-11 17:09:05,OK,
PI,GD,45592059000154,7896004730059,Ciclobenzaprina 5 mg Caixa 30 Comprimidos Revestidos,Total Comércio - PI,11.0,0.7277,32.78,0.0,9.36,8.93,2026-09-11 17:09:05,OK,
PI,GD,45592059000154,7896004730080,Sildenafila 25 mg Caixa 4 Comprimidos Revestidos,Total Comércio - PI,10.0,0.9,73.84,0.0,7.74,7.38,2026-09-11 17:09:08,OK,
PI,GD,45592059000154,7896004730103,Sildenafila 50 mg Caixa 4 Comprimidos Revestidos,Plusfarma - PI,287.0,0.8234,17.05,0.0,3.01,3.01,2026-09-11 17:09:11,OK,
PI,GD,45592059000154,7896004730103,Sildenafila 50 mg Caixa 4 Comprimidos Revestidos,Panpharma - PI,51.0,0.8212999999999999,17.05,0.0,3.05,3.05,2026-09-11 17:09:11,OK,
PI,GD,45592059000154,7896004730189,Ciclobenzaprina 10 mg Caixa 30 Comprimidos Revestidos,Plusfarma - PI,84.0,0.7367,36.58,0.0,9.63,9.63,2026-09-11 17:09:14,OK,
PI,GD,45592059000154,7896004730196,Ciclobenzaprina 10 mg Caixa 15 Comprimidos Revestidos,Plusfarma - PI,78.0,0.6964,18.29,0.0,5.55,5.55,2026-09-11 17:09:18,OK,
PI,GD,45592059000154,7896004730196,Ciclobenzaprina 10 mg Caixa 15 Comprimidos Revestidos,Nazaria - PI,32.0,0.6964,18.29,0.0,5.55,5.55,2026-09-11 17:09:18,OK,
PI,GD,45592059000154,7896004730196,Ciclobenzaprina 10 mg Caixa 15 Comprimidos Revestidos,Panpharma - PI,12.0,0.6944,18.29,0.0,5.59,5.59,2026-09-11 17:09:18,OK,
PI,GD,45592059000154,7896004730370,Quetiapina 100 mg Caixa 30 Comprimidos Revestidos,Total Comércio - PI,56.0,0.8598,138.19,0.0,20.32,19.37,2026-09-11 17:09:21,OK,
PI,GD,45592059000154,7896004730370,Quetiapina 100 mg Caixa 30 Comprimidos Revestidos,Nazaria - PI,791.0,0.8089,138.2,0.0,26.41,26.41,2026-09-11 17:09:21,OK,
PI,GD,45592059000154,7896004730370,Quetiapina 100 mg Caixa 30 Comprimidos Revestidos,Plusfarma - PI,66.0,0.8089,138.2,0.0,26.41,26.41,2026-09-11 17:09:21,OK,
PI,GD,45592059000154,7896004730370,Quetiapina 100 mg Caixa 30 Comprimidos Revestidos,Panpharma - PI,112.0,0.8068000000000001,138.2,0.0,26.7,26.7,2026-09-11 17:09:21,OK,
PI,GD,45592059000154,7896004730387,Quetiapina 200 mg Caixa 30 Comprimidos Revestidos,Nazaria - PI,35.0,0.8349,268.07,0.0,44.26,44.26,2026-09-11 17:09:25,OK,
PI,GD,45592059000154,7896004730387,Quetiapina 200 mg Caixa 30 Comprimidos Revestidos,Panpharma - PI,31.0,0.8329000000000001,268.07,0.0,44.79,44.79,2026-09-11 17:09:25,OK,
PI,GD,45592059000154,7896004730981,Citalopram 20 mg Caixa 30 Comprimidos Revestidos,Plusfarma - PI,20.0,0.8367,53.83,0.0,8.79,8.79,2026-09-11 17:09:28,OK,
PI,GD,45592059000154,7896004730981,Citalopram 20 mg Caixa 30 Comprimidos Revestidos,Panpharma - PI,52.0,0.8256999999999999,53.83,0.0,9.38,9.38,2026-09-11 17:09:28,OK,
PI,GD,45592059000154,7896004731261,,,0.0,0.0,0.0,0.0,0.0,0.0,2026-09-11 17:09:40,ERRO,Message: Nenhuma distribuidora pôde ser lida no card do produto.
PI,GD,45592059000154,7896004731285,,,0.0,0.0,0.0,0.0,0.0,0.0,2026-09-11 17:09:52,ERRO,Message: Nenhuma distribuidora pôde ser lida no card do produto.
PI,GD,45592059000154,7896004731308,,,0.0,0.0,0.0,0.0,0.0,0.0,2026-09-11 17:10:04,ERRO,Message: Nenhuma distribuidora pôde ser lida no card do produto.
PI,GD,45592059000154,7896004731322,Carvedilol 25 mg Caixa 30 Comprimidos,Panpharma - PI,13.0,0.9114,98.08,0.0,8.69,8.69,2026-09-11 17:10:07,OK,
PI,GD,45592059000154,7896004731568,Escitalopram 10 mg Caixa 30 Comprimidos Revestidos,Nazaria - PI,1690.0,0.9135,69.78,0.0,6.04,6.04,2026-09-11 17:10:10,OK,
PI,GD,45592059000154,7896004731568,Escitalopram 10 mg Caixa 30 Comprimidos Revestidos,Plusfarma - PI,239.0,0.9135,69.78,0.0,6.04,6.04,2026-09-11 17:10:10,OK,
PI,GD,45592059000154,7896004731575,Escitalopram 10 mg Caixa 60 Comprimidos Revestidos,Plusfarma - PI,50.0,0.9131,125.63,0.0,10.92,10.92,2026-09-11 17:10:14,OK,
PI,GD,45592059000154,7896004731575,Escitalopram 10 mg Caixa 60 Comprimidos Revestidos,Nazaria - PI,43.0,0.9131,125.63,0.0,10.92,10.92,2026-09-11 17:10:14,OK,
PI,GD,45592059000154,7896004731575,Escitalopram 10 mg Caixa 60 Comprimidos Revestidos,Panpharma - PI,192.0,0.9111,125.63,0.0,11.17,11.17,2026-09-11 17:10:14,OK,
PI,GD,45592059000154,7896004731575,Escitalopram 10 mg Caixa 60 Comprimidos Revestidos,Total Comércio - PI,94.0,0.9111,125.63,0.0,11.72,11.17,2026-09-11 17:10:14,OK,
PI,GD,45592059000154,7896004731582,Escitalopram 20 mg Caixa 30 Comprimidos Revestidos,Nazaria - PI,1514.0,0.9159,142.1,0.0,11.95,11.95,2026-09-11 17:10:18,OK,
PI,GD,45592059000154,7896004731582,Escitalopram 20 mg Caixa 30 Comprimidos Revestidos,Plusfarma - PI,74.0,0.9159,142.1,0.0,11.95,11.95,2026-09-11 17:10:18,OK,
PI,GD,45592059000154,7896004731582,Escitalopram 20 mg Caixa 30 Comprimidos Revestidos,Panpharma - PI,294.0,0.9138,142.1,0.0,12.25,12.25,2026-09-11 17:10:18,OK,
PI,GD,45592059000154,7896004731582,Escitalopram 20 mg Caixa 30 Comprimidos Revestidos,Total Comércio - PI,12.0,0.9086,142.1,0.0,13.6,12.99,2026-09-11 17:10:18,OK,
PI,GD,45592059000154,7896004731698,Pioglitazona 15 mg Caixa 15 Comprimidos,Plusfarma - PI,4.0,0.2673,63.45,0.0,48.75,46.49,2026-09-11 17:10:21,OK,
PI,GD,45592059000154,7896004731704,Pioglitazona 30 mg Caixa 15 Comprimidos,Plusfarma - PI,130.0,0.5911,67.11,0.0,27.44,27.44,2026-09-11 17:10:24,OK,
PI,GD,45592059000154,7896004731704,Pioglitazona 30 mg Caixa 15 Comprimidos,Nazaria - PI,64.0,0.5911,67.11,0.0,27.44,27.44,2026-09-11 17:10:24,OK,
PI,GD,45592059000154,7896004731704,Pioglitazona 30 mg Caixa 15 Comprimidos,Panpharma - PI,72.0,0.5213,67.11,0.0,32.13,32.13,2026-09-11 17:10:24,OK,
PI,GD,45592059000154,7896004732626,Bupropiona 150 mg Caixa 30 Comprimidos de Liberação Lenta,Nazaria - PI,363.0,0.8093,118.32,0.0,22.56,22.56,2026-09-11 17:10:28,OK,
PI,GD,45592059000154,7896004732626,Bupropiona 150 mg Caixa 30 Comprimidos de Liberação Lenta,Plusfarma - PI,112.0,0.8093,118.32,0.0,22.56,22.56,2026-09-11 17:10:28,OK,
PI,GD,45592059000154,7896004732626,Bupropiona 150 mg Caixa 30 Comprimidos de Liberação Lenta,Panpharma - PI,42.0,0.8072,118.32,0.0,22.81,22.81,2026-09-11 17:10:28,OK,
PI,GD,45592059000154,7896004732633,Bupropiona 150 mg Caixa 60 Comprimidos de Liberação Lenta,Nazaria - PI,221.0,0.8298000000000001,228.36,0.0,38.87,38.87,2026-09-11 17:10:31,OK,
PI,GD,45592059000154,7896004732633,Bupropiona 150 mg Caixa 60 Comprimidos de Liberação Lenta,Plusfarma - PI,28.0,0.8298000000000001,228.36,0.0,38.87,38.87,2026-09-11 17:10:31,OK,
PI,GD,45592059000154,7896004732633,Bupropiona 150 mg Caixa 60 Comprimidos de Liberação Lenta,Total Comércio - PI,42.0,0.8298000000000001,228.36,0.0,40.76,38.87,2026-09-11 17:10:31,OK,
PI,GD,45592059000154,7896004732633,Bupropiona 150 mg Caixa 60 Comprimidos de Liberação Lenta,Panpharma - PI,57.0,0.8026000000000001,228.36,0.0,45.08,45.08,2026-09-11 17:10:31,OK,
PI,GD,45592059000154,7896004733234,Prednisolona 20 mg Caixa 10 Comprimidos,Nazaria - PI,2359.0,0.6831,18.75,0.0,5.94,5.94,2026-09-11 17:10:35,OK,
PI,GD,45592059000154,7896004733234,Prednisolona 20 mg Caixa 10 Comprimidos,Plusfarma - PI,2339.0,0.6831,18.75,0.0,5.94,5.94,2026-09-11 17:10:35,OK,
PI,GD,45592059000154,7896004733234,Prednisolona 20 mg Caixa 10 Comprimidos,Panpharma - PI,1426.0,0.6712,18.75,0.0,6.16,6.16,2026-09-11 17:10:35,OK,
PI,GD,45592059000154,7896004733234,Prednisolona 20 mg Caixa 10 Comprimidos,Total Comércio - PI,106.0,0.6831,18.75,0.0,6.23,5.94,2026-09-11 17:10:35,OK,
PI,GD,45592059000154,7896004734354,Moxifloxacino 400 mg Caixa 5 Comprimidos Revestidos,Nazaria - PI,139.0,0.7140000000000001,147.68,0.0,42.24,42.24,2026-09-11 17:10:39,OK,
PI,GD,45592059000154,7896004734354,Moxifloxacino 400 mg Caixa 5 Comprimidos Revestidos,Plusfarma - PI,47.0,0.7140000000000001,147.68,0.0,42.24,42.24,2026-09-11 17:10:39,OK,
PI,GD,45592059000154,7896004734354,Moxifloxacino 400 mg Caixa 5 Comprimidos Revestidos,Panpharma - PI,51.0,0.7011,147.68,0.0,44.14,44.14,2026-09-11 17:10:39,OK,
PI,GD,45592059000154,7896004734361,Moxifloxacino 400 mg Caixa 7 Comprimidos Revestidos,Plusfarma - PI,57.0,0.7221,186.84,0.0,51.92,51.92,2026-09-11 17:10:43,OK,
PI,GD,45592059000154,7896004734361,Moxifloxacino 400 mg Caixa 7 Comprimidos Revestidos,Nazaria - PI,14.0,0.7221,186.84,0.0,51.92,51.92,2026-09-11 17:10:43,OK,
PI,GD,45592059000154,7896004734361,Moxifloxacino 400 mg Caixa 7 Comprimidos Revestidos,Panpharma - PI,79.0,0.713,186.84,0.0,53.62,53.62,2026-09-11 17:10:43,OK,
PI,GD,45592059000154,7896004734361,Moxifloxacino 400 mg Caixa 7 Comprimidos Revestidos,Total Comércio - PI,11.0,0.722,186.84,0.0,54.44,51.94,2026-09-11 17:10:43,OK,
PI,GD,45592059000154,7896004734392,Drospirenona + Etinilestradiol 3+0.03 mg Caixa 21 Comprimidos Revestidos,Nazaria - PI,734.0,0.8095,55.26,0.0,10.53,10.53,2026-09-11 17:10:46,OK,
PI,GD,45592059000154,7896004734392,Drospirenona + Etinilestradiol 3+0.03 mg Caixa 21 Comprimidos Revestidos,Plusfarma - PI,114.0,0.8095,55.26,0.0,10.53,10.53,2026-09-11 17:10:46,OK,
PI,GD,45592059000154,7896004734392,Drospirenona + Etinilestradiol 3+0.03 mg Caixa 21 Comprimidos Revestidos,Panpharma - PI,373.0,0.8073999999999999,55.26,0.0,10.64,10.64,2026-09-11 17:10:46,OK,
PI,GD,45592059000154,7896004737058,Atorvastatina Cálcica 20 mg Caixa 60 Comprimidos Revestidos,Plusfarma - PI,39.0,0.8952,129.72,0.0,13.59,13.59,2026-09-11 17:10:49,OK,
PI,GD,45592059000154,7896004737058,Atorvastatina Cálcica 20 mg Caixa 60 Comprimidos Revestidos,Panpharma - PI,10.0,0.8931999999999999,129.72,0.0,13.85,13.85,2026-09-11 17:10:49,OK,
PI,GD,45592059000154,7896004737119,Paroxetina 20 mg Caixa 30 Comprimidos Revestidos,Nazaria - PI,94.0,0.8262999999999999,50.86,0.0,8.83,8.83,2026-09-11 17:10:52,OK,
PI,GD,45592059000154,7896004737218,Orlistate 120 mg Caixa 42 Cápsulas,Nazaria - PI,737.0,0.6374,183.84,0.0,66.66,66.66,2026-09-11 17:10:56,OK,
PI,GD,45592059000154,7896004737218,Orlistate 120 mg Caixa 42 Cápsulas,Plusfarma - PI,53.0,0.6374,183.84,0.0,66.66,66.66,2026-09-11 17:10:56,OK,
PI,GD,45592059000154,7896004737218,Orlistate 120 mg Caixa 42 Cápsulas,Total Comércio - PI,7.0,0.6373,183.84,0.0,69.9,66.68,2026-09-11 17:10:56,OK,
PI,GD,45592059000154,7896004737218,Orlistate 120 mg Caixa 42 Cápsulas,Panpharma - PI,47.0,0.5872999999999999,183.84,0.0,75.87,75.87,2026-09-11 17:10:56,OK,
PI,GD,45592059000154,7896004737225,Orlistate 120 mg Caixa 84 Cápsulas,Nazaria - PI,186.0,0.6839,369.73,0.0,116.87,116.87,2026-09-11 17:11:00,OK,
PI,GD,45592059000154,7896004737225,Orlistate 120 mg Caixa 84 Cápsulas,Plusfarma - PI,48.0,0.6839,369.73,0.0,116.87,116.87,2026-09-11 17:11:00,OK,
PI,GD,45592059000154,7896004737225,Orlistate 120 mg Caixa 84 Cápsulas,Panpharma - PI,170.0,0.6819,369.73,0.0,117.61,117.61,2026-09-11 17:11:00,OK,
PI,GD,45592059000154,7896004737225,Orlistate 120 mg Caixa 84 Cápsulas,Total Comércio - PI,37.0,0.6659,369.73,0.0,129.54,123.53,2026-09-11 17:11:00,OK,
PI,GD,45592059000154,7896004738406,Clopidogrel 75 mg Caixa 28 Comprimidos Revestidos,Nazaria - PI,243.0,0.7726999999999999,74.14,0.0,16.85,16.85,2026-09-11 17:11:04,OK,
PI,GD,45592059000154,7896004738406,Clopidogrel 75 mg Caixa 28 Comprimidos Revestidos,Plusfarma - PI,165.0,0.7726999999999999,74.14,0.0,16.85,16.85,2026-09-11 17:11:04,OK,
PI,GD,45592059000154,7896004738406,Clopidogrel 75 mg Caixa 28 Comprimidos Revestidos,Total Comércio - PI,16.0,0.7726999999999999,74.14,0.0,17.67,16.85,2026-09-11 17:11:04,OK,
PI,GD,45592059000154,7896004738406,Clopidogrel 75 mg Caixa 28 Comprimidos Revestidos,Panpharma - PI,20.0,0.7408,74.14,0.0,19.22,19.22,2026-09-11 17:11:04,OK,
PI,GD,45592059000154,7896004739588,Bisoprolol 5 mg Caixa 30 Comprimidos Revestidos,Nazaria - PI,680.0,0.7312000000000001,52.97,0.0,14.24,14.24,2026-09-11 17:11:08,OK,
PI,GD,45592059000154,7896004739588,Bisoprolol 5 mg Caixa 30 Comprimidos Revestidos,Plusfarma - PI,298.0,0.7312000000000001,52.97,0.0,14.24,14.24,2026-09-11 17:11:08,OK,
PI,GD,45592059000154,7896004739588,Bisoprolol 5 mg Caixa 30 Comprimidos Revestidos,Total Comércio - PI,102.0,0.7311,52.97,0.0,14.93,14.24,2026-09-11 17:11:08,OK,
PI,GD,45592059000154,7896004739588,Bisoprolol 5 mg Caixa 30 Comprimidos Revestidos,Panpharma - PI,130.0,0.695,52.97,0.0,16.16,16.16,2026-09-11 17:11:08,OK,
PI,GD,45592059000154,7896004739595,Bisoprolol 10 mg Caixa 30 Comprimidos Revestidos,Plusfarma - PI,1.0,0.8462000000000001,111.72,0.0,17.18,17.18,2026-09-11 17:11:11,OK,
PI,GD,45592059000154,7896004739595,Bisoprolol 10 mg Caixa 30 Comprimidos Revestidos,Panpharma - PI,78.0,0.8441,111.72,0.0,17.42,17.42,2026-09-11 17:11:11,OK,
PI,GD,45592059000154,7896004742007,Diclofenaco Sódico 50 mg Caixa 20 Comprimidos Revestidos Lib. Retardada,Plusfarma - PI,180.0,0.9015000000000001,26.13,0.0,2.57,2.57,2026-09-11 17:11:15,OK,
PI,GD,45592059000154,7896004742007,Diclofenaco Sódico 50 mg Caixa 20 Comprimidos Revestidos Lib. Retardada,Nazaria - PI,34.0,0.9015000000000001,26.13,0.0,2.57,2.57,2026-09-11 17:11:15,OK,
PI,GD,45592059000154,7896004742007,Diclofenaco Sódico 50 mg Caixa 20 Comprimidos Revestidos Lib. Retardada,Panpharma - PI,46.0,0.789,26.13,0.0,5.51,5.51,2026-09-11 17:11:15,OK,
PI,GD,45592059000154,7896004742069,Esomeprazol Magnésico 20 mg Caixa 28 Comprimidos Revestidos Lib. Retardada,Nazaria - PI,286.0,0.6492,73.47,0.0,25.77,25.77,2026-09-11 17:11:19,OK,
PI,GD,45592059000154,7896004742069,Esomeprazol Magnésico 20 mg Caixa 28 Comprimidos Revestidos Lib. Retardada,Plusfarma - PI,140.0,0.6492,73.47,0.0,25.77,25.77,2026-09-11 17:11:19,OK,
PI,GD,45592059000154,7896004742069,Esomeprazol Magnésico 20 mg Caixa 28 Comprimidos Revestidos Lib. Retardada,Panpharma - PI,370.0,0.6335999999999999,73.47,0.0,26.92,26.92,2026-09-11 17:11:19,OK,
PI,GD,45592059000154,7896004742076,Esomeprazol Magnésico 40 mg Caixa 28 Comprimidos Revestidos Lib. Retardada,Nazaria - PI,113.0,0.8001999999999999,242.88,0.0,48.53,48.53,2026-09-11 17:11:22,OK,
PI,GD,45592059000154,7896004742076,Esomeprazol Magnésico 40 mg Caixa 28 Comprimidos Revestidos Lib. Retardada,Panpharma - PI,50.0,0.7981,242.88,0.0,49.04,49.04,2026-09-11 17:11:22,OK,
PI,GD,45592059000154,7896004742199,Tibolona 2.5 mg Caixa 30 Comprimidos,Nazaria - PI,312.0,0.6043,67.86,0.0,26.85,26.85,2026-09-11 17:11:26,OK,
PI,GD,45592059000154,7896004742199,Tibolona 2.5 mg Caixa 30 Comprimidos,Plusfarma - PI,86.0,0.6043,67.86,0.0,26.85,26.85,2026-09-11 17:11:26,OK,
PI,GD,45592059000154,7896004742199,Tibolona 2.5 mg Caixa 30 Comprimidos,Panpharma - PI,97.0,0.6022,67.86,0.0,26.99,26.99,2026-09-11 17:11:26,OK,
PI,GD,45592059000154,7896004742199,Tibolona 2.5 mg Caixa 30 Comprimidos,Total Comércio - PI,31.0,0.6037,67.86,0.0,28.2,26.89,2026-09-11 17:11:26,OK,
PI,GD,45592059000154,7896004743042,Pramipexol 0.250 mg Caixa 30 Comprimidos,Nazaria - PI,1.0,0.7101999999999999,80.74,0.0,23.4,23.4,2026-09-11 17:11:29,OK,
PI,GD,45592059000154,7896004743745,Rosuvastatina Cálcica 5 mg Caixa 30 Comprimidos Revestidos,Total Comércio - PI,57.0,0.8983,67.88,0.0,7.24,6.9,2026-09-11 17:11:33,OK,
PI,GD,45592059000154,7896004743745,Rosuvastatina Cálcica 5 mg Caixa 30 Comprimidos Revestidos,Plusfarma - PI,183.0,0.7976000000000001,67.88,0.0,13.74,13.74,2026-09-11 17:11:33,OK,
PI,GD,45592059000154,7896004743745,Rosuvastatina Cálcica 5 mg Caixa 30 Comprimidos Revestidos,Nazaria - PI,164.0,0.7976000000000001,67.88,0.0,13.74,13.74,2026-09-11 17:11:33,OK,
PI,GD,45592059000154,7896004743745,Rosuvastatina Cálcica 5 mg Caixa 30 Comprimidos Revestidos,Panpharma - PI,109.0,0.7870999999999999,67.88,0.0,14.45,14.45,2026-09-11 17:11:33,OK,
PI,GD,45592059000154,7896004743936,Esomeprazol Magnésico 20 mg Caixa 14 Comprimidos Revestidos Lib. Retardada,Plusfarma - PI,24.0,0.8131999999999999,65.29,0.0,12.2,12.2,2026-09-11 17:11:36,OK,
PI,GD,45592059000154,7896004743943,Esomeprazol Magnésico 40 mg Caixa 14 Comprimidos Revestidos Lib. Retardada,Nazaria - PI,57.0,0.8277,136.46,0.0,23.51,23.51,2026-09-11 17:11:40,OK,
PI,GD,45592059000154,7896004743943,Esomeprazol Magnésico 40 mg Caixa 14 Comprimidos Revestidos Lib. Retardada,Plusfarma - PI,20.0,0.8277,136.46,0.0,23.51,23.51,2026-09-11 17:11:40,OK,
PI,GD,45592059000154,7896004743943,Esomeprazol Magnésico 40 mg Caixa 14 Comprimidos Revestidos Lib. Retardada,Panpharma - PI,24.0,0.8256999999999999,136.46,0.0,23.78,23.78,2026-09-11 17:11:40,OK,
PI,GD,45592059000154,7896004744360,Fluoxetina 20 mg Caixa 30 Cápsulas,Nazaria - PI,789.0,0.9117000000000001,58.62,0.0,5.18,5.18,2026-09-11 17:11:44,OK,
PI,GD,45592059000154,7896004744360,Fluoxetina 20 mg Caixa 30 Cápsulas,Plusfarma - PI,504.0,0.9117000000000001,58.62,0.0,5.18,5.18,2026-09-11 17:11:44,OK,
PI,GD,45592059000154,7896004744360,Fluoxetina 20 mg Caixa 30 Cápsulas,Panpharma - PI,59.0,0.9087000000000001,58.62,0.0,5.35,5.35,2026-09-11 17:11:44,OK,
PI,GD,45592059000154,7896004744360,Fluoxetina 20 mg Caixa 30 Cápsulas,Total Comércio - PI,59.0,0.9117000000000001,58.62,0.0,5.43,5.18,2026-09-11 17:11:44,OK,
PI,GD,45592059000154,7896004744957,Drospirenona + Etinilestradiol 3+0.02 mg Caixa 24 Comprimidos Revestidos,Nazaria - PI,1019.0,0.7831999999999999,60.26,0.0,13.06,13.06,2026-09-11 17:11:48,OK,
PI,GD,45592059000154,7896004744957,Drospirenona + Etinilestradiol 3+0.02 mg Caixa 24 Comprimidos Revestidos,Plusfarma - PI,355.0,0.7831999999999999,60.26,0.0,13.06,13.06,2026-09-11 17:11:48,OK,
PI,GD,45592059000154,7896004744957,Drospirenona + Etinilestradiol 3+0.02 mg Caixa 24 Comprimidos Revestidos,Panpharma - PI,571.0,0.7812,60.26,0.0,13.18,13.18,2026-09-11 17:11:48,OK,
PI,GD,45592059000154,7896004744957,Drospirenona + Etinilestradiol 3+0.02 mg Caixa 24 Comprimidos Revestidos,Total Comércio - PI,93.0,0.762,60.26,0.0,15.03,14.34,2026-09-11 17:11:48,OK,
PI,GD,45592059000154,7896004746388,Venlafaxina 75 mg Caixa 30 Cápsulas de Liberação Prolongada,Nazaria - PI,124.0,0.7286,88.88,0.0,24.12,24.12,2026-09-11 17:11:52,OK,
PI,GD,45592059000154,7896004746388,Venlafaxina 75 mg Caixa 30 Cápsulas de Liberação Prolongada,Plusfarma - PI,39.0,0.7286,88.88,0.0,24.12,24.12,2026-09-11 17:11:52,OK,
PI,GD,45592059000154,7896004746388,Venlafaxina 75 mg Caixa 30 Cápsulas de Liberação Prolongada,Total Comércio - PI,137.0,0.7286,88.88,0.0,25.3,24.12,2026-09-11 17:11:52,OK,
PI,GD,45592059000154,7896004746388,Venlafaxina 75 mg Caixa 30 Cápsulas de Liberação Prolongada,Panpharma - PI,54.0,0.6678000000000001,88.88,0.0,29.53,29.53,2026-09-11 17:11:52,OK,
PI,GD,45592059000154,7896004746920,Ezetimiba 10 mg Caixa 60 Comprimidos,Plusfarma - PI,134.0,0.7834,139.39,0.0,30.19,30.19,2026-09-11 17:11:55,OK,
PI,GD,45592059000154,7896004746920,Ezetimiba 10 mg Caixa 60 Comprimidos,Panpharma - PI,80.0,0.7814,139.39,0.0,30.47,30.47,2026-09-11 17:11:55,OK,
PI,GD,45592059000154,7896004746920,Ezetimiba 10 mg Caixa 60 Comprimidos,Total Comércio - PI,143.0,0.7648999999999999,139.38,0.0,34.36,32.77,2026-09-11 17:11:55,OK,
PI,GD,45592059000154,7896004746937,Ezetimiba 10 mg Caixa 30 Comprimidos,Panpharma - PI,33.0,0.7901,83.6,0.0,17.55,17.55,2026-09-11 17:11:58,OK,
PI,GD,45592059000154,7896004747002,Escitalopram 15 mg Caixa 30 Comprimidos Revestidos,Nazaria - PI,355.0,0.9107999999999999,162.13,0.0,14.46,14.46,2026-09-11 17:12:02,OK,
PI,GD,45592059000154,7896004747002,Escitalopram 15 mg Caixa 30 Comprimidos Revestidos,Plusfarma - PI,69.0,0.9107999999999999,162.13,0.0,14.46,14.46,2026-09-11 17:12:02,OK,
PI,GD,45592059000154,7896004747002,Escitalopram 15 mg Caixa 30 Comprimidos Revestidos,Panpharma - PI,101.0,0.9087000000000001,162.13,0.0,14.8,14.8,2026-09-11 17:12:02,OK,
PI,GD,45592059000154,7896004747040,,,0.0,0.0,0.0,0.0,0.0,0.0,2026-09-11 17:12:14,ERRO,Message: Nenhuma distribuidora pôde ser lida no card do produto.
PI,GD,45592059000154,7896004747057,Ezetimiba + Sinvastatina 10+20 mg Caixa 30 Comprimidos,Nazaria - PI,41.0,0.6681,95.28,0.0,31.62,31.62,2026-09-11 17:12:18,OK,
PI,GD,45592059000154,7896004747057,Ezetimiba + Sinvastatina 10+20 mg Caixa 30 Comprimidos,Plusfarma - PI,4.0,0.6681,95.28,0.0,31.62,31.62,2026-09-11 17:12:18,OK,
PI,GD,45592059000154,7896004747057,Ezetimiba + Sinvastatina 10+20 mg Caixa 30 Comprimidos,Panpharma - PI,123.0,0.6659999999999999,95.28,0.0,31.82,31.82,2026-09-11 17:12:18,OK,
PI,GD,45592059000154,7896004747064,Ezetimiba + Sinvastatina 10+40 mg Caixa 30 Comprimidos,Panpharma - PI,65.0,0.2534,167.61,0.0,125.14,125.14,2026-09-11 17:12:21,OK,
PI,GD,45592059000154,7896004747620,Aripiprazol 10 mg Caixa 30 Comprimidos,Nazaria - PI,146.0,0.7752,249.37,0.0,56.06,56.06,2026-09-11 17:12:24,OK,
PI,GD,45592059000154,7896004747620,Aripiprazol 10 mg Caixa 30 Comprimidos,Plusfarma - PI,95.0,0.7752,249.37,0.0,56.06,56.06,2026-09-11 17:12:24,OK,
PI,GD,45592059000154,7896004747637,Aripiprazol 15 mg Caixa 30 Comprimidos,Plusfarma - PI,26.0,0.8038,365.51,0.0,71.71,71.71,2026-09-11 17:12:27,OK,
PI,GD,45592059000154,7896004747637,Aripiprazol 15 mg Caixa 30 Comprimidos,Nazaria - PI,20.0,0.8038,365.51,0.0,71.71,71.71,2026-09-11 17:12:27,OK,
PI,GD,45592059000154,7896004747774,Duloxetina 60 mg Caixa 30 Cápsulas de Liberação Retardada,Nazaria - PI,256.0,0.4753,130.7,0.0,68.58,68.58,2026-09-11 17:12:31,OK,
PI,GD,45592059000154,7896004747774,Duloxetina 60 mg Caixa 30 Cápsulas de Liberação Retardada,Plusfarma - PI,38.0,0.4753,130.7,0.0,68.58,68.58,2026-09-11 17:12:31,OK,
PI,GD,45592059000154,7896004747774,Duloxetina 60 mg Caixa 30 Cápsulas de Liberação Retardada,Panpharma - PI,181.0,0.4732,130.7,0.0,68.85,68.85,2026-09-11 17:12:31,OK,
PI,GD,45592059000154,7896004747880,Celecoxibe 200 mg Caixa 10 Cápsulas,Nazaria - PI,153.0,0.802,42.28,0.0,8.37,8.37,2026-09-11 17:12:34,OK,
PI,GD,45592059000154,7896004747880,Celecoxibe 200 mg Caixa 10 Cápsulas,Plusfarma - PI,103.0,0.802,42.28,0.0,8.37,8.37,2026-09-11 17:12:34,OK,
PI,GD,45592059000154,7896004747880,Celecoxibe 200 mg Caixa 10 Cápsulas,Panpharma - PI,27.0,0.8,42.28,0.0,8.46,8.46,2026-09-11 17:12:34,OK,
PI,GD,45592059000154,7896004747897,Celecoxibe 200 mg Caixa 30 Cápsulas,Panpharma - PI,31.0,0.8093,123.61,0.0,23.57,23.57,2026-09-11 17:12:37,OK,
PI,GD,45592059000154,7896004748214,Quetiapina 25 mg Caixa 30 Comprimidos Revestidos,Nazaria - PI,2230.0,0.8558,51.85,0.0,7.48,7.48,2026-09-11 17:12:41,OK,
PI,GD,45592059000154,7896004748214,Quetiapina 25 mg Caixa 30 Comprimidos Revestidos,Plusfarma - PI,361.0,0.8558,51.85,0.0,7.48,7.48,2026-09-11 17:12:41,OK,
PI,GD,45592059000154,7896004748214,Quetiapina 25 mg Caixa 30 Comprimidos Revestidos,Panpharma - PI,111.0,0.8538,51.85,0.0,7.58,7.58,2026-09-11 17:12:41,OK,
PI,GD,45592059000154,7896004748214,Quetiapina 25 mg Caixa 30 Comprimidos Revestidos,Total Comércio - PI,228.0,0.8495,51.85,0.0,8.18,7.8,2026-09-11 17:12:41,OK,
PI,GD,45592059000154,7896004749303,Pantoprazol 20 mg Caixa 42 Comprimidos Revestidos Lib. Retardada,Nazaria - PI,74.0,0.8166,53.7,0.0,9.85,9.85,2026-09-11 17:12:45,OK,
PI,GD,45592059000154,7896004749303,Pantoprazol 20 mg Caixa 42 Comprimidos Revestidos Lib. Retardada,Panpharma - PI,149.0,0.8145,53.7,0.0,9.96,9.96,2026-09-11 17:12:45,OK,
PI,GD,45592059000154,7896004749303,Pantoprazol 20 mg Caixa 42 Comprimidos Revestidos Lib. Retardada,Total Comércio - PI,32.0,0.8097,53.7,0.0,10.72,10.22,2026-09-11 17:12:45,OK,
PI,GD,45592059000154,7896004749358,,,0.0,0.0,0.0,0.0,0.0,0.0,2026-09-11 17:12:57,ERRO,Message: Nenhuma distribuidora pôde ser lida no card do produto.
PI,GD,45592059000154,7896004749624,Tadalafila 5 mg Caixa 30 Comprimidos Revestidos,Nazaria - PI,2341.0,0.9419,99.56,0.0,5.78,5.78,2026-09-11 17:13:01,OK,
PI,GD,45592059000154,7896004749624,Tadalafila 5 mg Caixa 30 Comprimidos Revestidos,Plusfarma - PI,1138.0,0.9419,99.56,0.0,5.78,5.78,2026-09-11 17:13:01,OK,
PI,GD,45592059000154,7896004749624,Tadalafila 5 mg Caixa 30 Comprimidos Revestidos,Panpharma - PI,2789.0,0.9398000000000001,99.56,0.0,5.99,5.99,2026-09-11 17:13:01,OK,
PI,GD,45592059000154,7896004749624,Tadalafila 5 mg Caixa 30 Comprimidos Revestidos,Total Comércio - PI,66.0,0.9316,99.56,0.0,7.14,6.81,2026-09-11 17:13:01,OK,
PI,GD,45592059000154,7896004749631,,,0.0,0.0,0.0,0.0,0.0,0.0,2026-09-11 17:13:13,ERRO,Message: Nenhuma distribuidora pôde ser lida no card do produto.
PI,GD,45592059000154,7896004749648,Tadalafila 20 mg Caixa 4 Comprimidos Revestidos,Nazaria - PI,3867.0,0.9151,35.35,0.0,3.0,3.0,2026-09-11 17:13:16,OK,
PI,GD,45592059000154,7896004749648,Tadalafila 20 mg Caixa 4 Comprimidos Revestidos,Plusfarma - PI,500.0,0.9151,35.35,0.0,3.0,3.0,2026-09-11 17:13:16,OK,
PI,GD,45592059000154,7896004749648,Tadalafila 20 mg Caixa 4 Comprimidos Revestidos,Total Comércio - PI,87.0,0.8937,35.35,0.0,3.94,3.76,2026-09-11 17:13:16,OK,
PI,GD,45592059000154,7896004749655,,,0.0,0.0,0.0,0.0,0.0,0.0,2026-09-11 17:13:28,ERRO,Message: Nenhuma distribuidora pôde ser lida no card do produto.
PI,GD,45592059000154,7896004750330,,,0.0,0.0,0.0,0.0,0.0,0.0,2026-09-11 17:13:40,ERRO,Message: Nenhuma distribuidora pôde ser lida no card do produto.
PI,GD,45592059000154,7896004750347,Olmesartana + Hidroclorotiazida 40+12.5 mg Caixa 30 Comprimidos Revestidos,Total Comércio - PI,76.0,0.6153,58.85,0.0,23.73,22.64,2026-09-11 17:13:44,OK,
PI,GD,45592059000154,7896004750347,Olmesartana + Hidroclorotiazida 40+12.5 mg Caixa 30 Comprimidos Revestidos,Nazaria - PI,704.0,0.5653,58.85,0.0,25.58,25.58,2026-09-11 17:13:44,OK,
PI,GD,45592059000154,7896004750347,Olmesartana + Hidroclorotiazida 40+12.5 mg Caixa 30 Comprimidos Revestidos,Plusfarma - PI,32.0,0.5653,58.85,0.0,25.58,25.58,2026-09-11 17:13:44,OK,
PI,GD,45592059000154,7896004750354,Olmesartana Medoxomila + Hidroclorotiazida (40+25) mg Caixa 30 Comprimidos Revestidos,Nazaria - PI,582.0,0.5654,58.84,0.0,25.57,25.57,2026-09-11 17:13:47,OK,
PI,GD,45592059000154,7896004750354,Olmesartana Medoxomila + Hidroclorotiazida (40+25) mg Caixa 30 Comprimidos Revestidos,Plusfarma - PI,54.0,0.5654,58.84,0.0,25.57,25.57,2026-09-11 17:13:47,OK,
PI,GD,45592059000154,7896004750354,Olmesartana Medoxomila + Hidroclorotiazida (40+25) mg Caixa 30 Comprimidos Revestidos,Total Comércio - PI,64.0,0.5537,58.84,0.0,27.54,26.26,2026-09-11 17:13:47,OK,
PI,GD,45592059000154,7896004750620,Olmesartana + Anlodipino 40+10 mg Caixa 30 Comprimidos Revestidos,Nazaria - PI,175.0,0.45130000000000003,52.89,0.0,29.02,29.02,2026-09-11 17:13:51,OK,
PI,GD,45592059000154,7896004750620,Olmesartana + Anlodipino 40+10 mg Caixa 30 Comprimidos Revestidos,Plusfarma - PI,16.0,0.45130000000000003,52.89,0.0,29.02,29.02,2026-09-11 17:13:51,OK,
PI,GD,45592059000154,7896004750620,Olmesartana + Anlodipino 40+10 mg Caixa 30 Comprimidos Revestidos,Total Comércio - PI,33.0,0.45130000000000003,52.89,0.0,30.43,29.02,2026-09-11 17:13:51,OK,
PI,GD,45592059000154,7896004750637,Olmesartana + Anlodipino 40+5 mg Caixa 30 Comprimidos Revestidos,Plusfarma - PI,2.0,0.4357,52.89,0.0,29.85,29.85,2026-09-11 17:13:55,OK,
PI,GD,45592059000154,7896004750637,Olmesartana + Anlodipino 40+5 mg Caixa 30 Comprimidos Revestidos,Total Comércio - PI,16.0,0.4357,52.89,0.0,31.3,29.85,2026-09-11 17:13:55,OK,
PI,GD,45592059000154,7896004750637,Olmesartana + Anlodipino 40+5 mg Caixa 30 Comprimidos Revestidos,Panpharma - PI,8.0,0.244,52.89,0.0,39.98,39.98,2026-09-11 17:13:55,OK,
PI,GD,45592059000154,7896004750644,Olmesartana + Anlodipino 20+5 mg Caixa 30 Comprimidos Revestidos,Plusfarma - PI,59.0,0.43329999999999996,46.77,0.0,26.5,26.5,2026-09-11 17:13:58,OK,
PI,GD,45592059000154,7896004750644,Olmesartana + Anlodipino 20+5 mg Caixa 30 Comprimidos Revestidos,Nazaria - PI,48.0,0.43329999999999996,46.77,0.0,26.5,26.5,2026-09-11 17:13:58,OK,
PI,GD,45592059000154,7896004750644,Olmesartana + Anlodipino 20+5 mg Caixa 30 Comprimidos Revestidos,Panpharma - PI,15.0,0.2809,46.77,0.0,33.63,33.63,2026-09-11 17:13:58,OK,
PI,GD,45592059000154,7896004751009,Desvenlafaxina 50 mg Caixa 30 Comprimidos Lib. Prolongada,Total Comércio - PI,2.0,0.8031999999999999,140.12,0.0,28.91,27.58,2026-09-11 17:14:01,OK,
PI,GD,45592059000154,7896004751009,Desvenlafaxina 50 mg Caixa 30 Comprimidos Lib. Prolongada,Panpharma - PI,56.0,0.754,140.12,0.0,34.47,34.47,2026-09-11 17:14:01,OK,
PI,GD,45592059000154,7896004751016,Desvenlafaxina 100 mg Caixa 30 Comprimidos Lib. Prolongada,Nazaria - PI,18.0,0.7272,146.74,0.0,40.03,40.03,2026-09-11 17:14:05,OK,
PI,GD,45592059000154,7896004751016,Desvenlafaxina 100 mg Caixa 30 Comprimidos Lib. Prolongada,Plusfarma - PI,2.0,0.7272,146.74,0.0,40.03,40.03,2026-09-11 17:14:05,OK,
PI,GD,45592059000154,7896004751016,Desvenlafaxina 100 mg Caixa 30 Comprimidos Lib. Prolongada,Panpharma - PI,31.0,0.7251000000000001,146.74,0.0,40.34,40.34,2026-09-11 17:14:05,OK,
PI,GD,45592059000154,7896004751016,Desvenlafaxina 100 mg Caixa 30 Comprimidos Lib. Prolongada,Total Comércio - PI,83.0,0.6520999999999999,146.74,0.0,53.53,51.05,2026-09-11 17:14:05,OK,
PI,GD,45592059000154,7896004751641,Desogestrel 75 mcg Caixa 28 Comprimidos Revestidos,Nazaria - PI,104.0,0.7217,31.45,0.0,8.75,8.75,2026-09-11 17:14:09,OK,
PI,GD,45592059000154,7896004751641,Desogestrel 75 mcg Caixa 28 Comprimidos Revestidos,Plusfarma - PI,39.0,0.7217,31.45,0.0,8.75,8.75,2026-09-11 17:14:09,OK,
PI,GD,45592059000154,7896004751641,Desogestrel 75 mcg Caixa 28 Comprimidos Revestidos,Total Comércio - PI,1.0,0.7217,31.45,0.0,9.18,8.75,2026-09-11 17:14:09,OK,
PI,GD,45592059000154,7896004751641,Desogestrel 75 mcg Caixa 28 Comprimidos Revestidos,Panpharma - PI,1.0,0.7033,31.45,0.0,9.33,9.33,2026-09-11 17:14:09,OK,
PI,GD,45592059000154,7896004752112,Tansulosina 0.4 mg Caixa 20 Comprimidos de Liberação Prolongada,Nazaria - PI,92.0,0.6587999999999999,82.97,0.0,28.31,28.31,2026-09-11 17:14:13,OK,
PI,GD,45592059000154,7896004752112,Tansulosina 0.4 mg Caixa 20 Comprimidos de Liberação Prolongada,Plusfarma - PI,39.0,0.6587999999999999,82.97,0.0,28.31,28.31,2026-09-11 17:14:13,OK,
PI,GD,45592059000154,7896004752112,Tansulosina 0.4 mg Caixa 20 Comprimidos de Liberação Prolongada,Panpharma - PI,44.0,0.6567000000000001,82.97,0.0,28.48,28.48,2026-09-11 17:14:13,OK,
PI,GD,45592059000154,7896004752112,Tansulosina 0.4 mg Caixa 20 Comprimidos de Liberação Prolongada,Total Comércio - PI,25.0,0.6448,82.97,0.0,30.9,29.47,2026-09-11 17:14:13,OK,
PI,GD,45592059000154,7896004752211,Trazodona 50 mg Caixa 60 Comprimidos Revestidos,Nazaria - PI,822.0,0.6470999999999999,70.19,0.0,24.77,24.77,2026-09-11 17:14:16,OK,
PI,GD,45592059000154,7896004752211,Trazodona 50 mg Caixa 60 Comprimidos Revestidos,Plusfarma - PI,181.0,0.6470999999999999,70.19,0.0,24.77,24.77,2026-09-11 17:14:16,OK,
PI,GD,45592059000154,7896004752211,Trazodona 50 mg Caixa 60 Comprimidos Revestidos,Panpharma - PI,129.0,0.6386,70.19,0.0,25.37,25.37,2026-09-11 17:14:16,OK,
PI,GD,45592059000154,7896004752228,Trazodona 100 mg Caixa 30 Comprimidos Revestidos,Nazaria - PI,63.0,0.6288,70.18,0.0,26.05,26.05,2026-09-11 17:14:20,OK,
PI,GD,45592059000154,7896004752228,Trazodona 100 mg Caixa 30 Comprimidos Revestidos,Total Comércio - PI,13.0,0.6258,70.18,0.0,27.54,26.26,2026-09-11 17:14:20,OK,
PI,GD,45592059000154,7896004752471,Ibandronato De Sódio 150 mg Caixa 1 Comprimido Revestido,Nazaria - PI,85.0,0.7827,81.69,0.0,17.75,17.75,2026-09-11 17:14:23,OK,
PI,GD,45592059000154,7896004752471,Ibandronato De Sódio 150 mg Caixa 1 Comprimido Revestido,Plusfarma - PI,34.0,0.7827,81.69,0.0,17.75,17.75,2026-09-11 17:14:23,OK,
PI,GD,45592059000154,7896004752471,Ibandronato De Sódio 150 mg Caixa 1 Comprimido Revestido,Panpharma - PI,36.0,0.7806000000000001,81.69,0.0,17.92,17.92,2026-09-11 17:14:23,OK,
PI,GD,45592059000154,7896004752525,Cetoprofeno 150 mg Caixa 10 Comprimidos de Liberação Prolongada,Nazaria - PI,1697.0,0.8401000000000001,44.55,0.0,7.12,7.12,2026-09-11 17:14:27,OK,
PI,GD,45592059000154,7896004752525,Cetoprofeno 150 mg Caixa 10 Comprimidos de Liberação Prolongada,Plusfarma - PI,494.0,0.8401000000000001,44.55,0.0,7.12,7.12,2026-09-11 17:14:27,OK,
PI,GD,45592059000154,7896004752525,Cetoprofeno 150 mg Caixa 10 Comprimidos de Liberação Prolongada,Panpharma - PI,147.0,0.838,44.55,0.0,7.22,7.22,2026-09-11 17:14:27,OK,
PI,GD,45592059000154,7896004752525,Cetoprofeno 150 mg Caixa 10 Comprimidos de Liberação Prolongada,Total Comércio - PI,143.0,0.82,44.55,0.0,8.41,8.02,2026-09-11 17:14:27,OK,
PI,GD,45592059000154,7896004752730,Gliclazida 60 mg Caixa 30 Comprimidos de Liberação Prolongada,Plusfarma - PI,347.0,0.5468,54.61,0.0,24.75,24.75,2026-09-11 17:14:30,OK,
PI,GD,45592059000154,7896004752730,Gliclazida 60 mg Caixa 30 Comprimidos de Liberação Prolongada,Nazaria - PI,335.0,0.5468,54.61,0.0,24.75,24.75,2026-09-11 17:14:30,OK,
PI,GD,45592059000154,7896004752730,Gliclazida 60 mg Caixa 30 Comprimidos de Liberação Prolongada,Total Comércio - PI,95.0,0.5467,54.61,0.0,25.95,24.75,2026-09-11 17:14:30,OK,
PI,GD,45592059000154,7896004753089,Lercanidipino 10 mg Caixa 30 Comprimidos Revestidos,Panpharma - PI,43.0,0.19879999999999998,99.28,0.0,79.54,79.54,2026-09-11 17:14:34,OK,
PI,GD,45592059000154,7896004753089,Lercanidipino 10 mg Caixa 30 Comprimidos Revestidos,Total Comércio - PI,31.0,0.2,99.28,0.0,83.28,79.42,2026-09-11 17:14:34,OK,
PI,GD,45592059000154,7896004754154,Metilfenidato 10 mg Caixa 30 Comprimidos,Nazaria - PI,325.0,0.2584,28.0,0.0,20.76,20.76,2026-09-11 17:14:37,OK,
PI,GD,45592059000154,7896004754154,Metilfenidato 10 mg Caixa 30 Comprimidos,Plusfarma - PI,120.0,0.2584,28.0,0.0,20.76,20.76,2026-09-11 17:14:37,OK,
PI,GD,45592059000154,7896004754154,Metilfenidato 10 mg Caixa 30 Comprimidos,Panpharma - PI,233.0,0.2563,28.0,0.0,20.82,20.82,2026-09-11 17:14:37,OK,
PI,GD,45592059000154,7896004754161,Metilfenidato 10 mg Caixa 60 Comprimidos,Total Comércio - PI,33.0,0.413,54.67,0.0,33.65,32.09,2026-09-11 17:14:41,OK,
PI,GD,45592059000154,7896004754161,Metilfenidato 10 mg Caixa 60 Comprimidos,Nazaria - PI,21.0,0.3078,54.67,0.0,37.84,37.84,2026-09-11 17:14:41,OK,
PI,GD,45592059000154,7896004754161,Metilfenidato 10 mg Caixa 60 Comprimidos,Panpharma - PI,72.0,0.24109999999999998,54.67,0.0,41.49,41.49,2026-09-11 17:14:41,OK,
PI,GD,45592059000154,7896004754949,Duloxetina 30 mg Caixa 30 Cápsulas de Liberação Retardada,Nazaria - PI,703.0,0.4742,69.55,0.0,36.57,36.57,2026-09-11 17:14:45,OK,
PI,GD,45592059000154,7896004754949,Duloxetina 30 mg Caixa 30 Cápsulas de Liberação Retardada,Plusfarma - PI,120.0,0.4742,69.55,0.0,36.57,36.57,2026-09-11 17:14:45,OK,
PI,GD,45592059000154,7896004754949,Duloxetina 30 mg Caixa 30 Cápsulas de Liberação Retardada,Total Comércio - PI,29.0,0.4742,69.55,0.0,38.35,36.57,2026-09-11 17:14:45,OK,
PI,GD,45592059000154,7896004754949,Duloxetina 30 mg Caixa 30 Cápsulas de Liberação Retardada,Panpharma - PI,176.0,0.4443,69.55,0.0,38.65,38.65,2026-09-11 17:14:45,OK,
PI,GD,45592059000154,7896004755342,Rosuvastatina Cálcica 5 mg Caixa 60 Comprimidos Revestidos,Nazaria - PI,43.0,0.7835,125.72,0.0,27.22,27.22,2026-09-11 17:14:48,OK,
PI,GD,45592059000154,7896004755342,Rosuvastatina Cálcica 5 mg Caixa 60 Comprimidos Revestidos,Plusfarma - PI,3.0,0.7835,125.72,0.0,27.22,27.22,2026-09-11 17:14:48,OK,
PI,GD,45592059000154,7896004755878,Drospirenona + Etinilestradiol 3+0.03 mg Caixa 63 Comprimidos Revestidos,Nazaria - PI,23.0,0.7666,130.89,0.0,30.55,30.55,2026-09-11 17:14:51,OK,
PI,GD,45592059000154,7896004755878,Drospirenona + Etinilestradiol 3+0.03 mg Caixa 63 Comprimidos Revestidos,Plusfarma - PI,11.0,0.7666,130.89,0.0,30.55,30.55,2026-09-11 17:14:51,OK,
PI,GD,45592059000154,7896004755878,Drospirenona + Etinilestradiol 3+0.03 mg Caixa 63 Comprimidos Revestidos,Panpharma - PI,70.0,0.735,130.89,0.0,34.69,34.69,2026-09-11 17:14:51,OK,
PI,GD,45592059000154,7896004756417,Paracetamol + Codeína 500+30 mg Caixa 12 Comprimidos,Nazaria - PI,44.0,0.604,21.93,0.0,8.68,8.68,2026-09-11 17:14:54,OK,
PI,GD,45592059000154,7896004756424,Paracetamol + Codeína 500+30 mg Caixa 24 Comprimidos,Total Comércio - PI,24.0,0.628,48.64,0.0,18.97,18.09,2026-09-11 17:14:57,OK,
PI,GD,45592059000154,7896004756431,Paracetamol + Codeína 500+30 mg Caixa 36 Comprimidos,Plusfarma - PI,53.0,0.5758,65.79,0.0,27.91,27.91,2026-09-11 17:15:01,OK,
PI,GD,45592059000154,7896004756431,Paracetamol + Codeína 500+30 mg Caixa 36 Comprimidos,Nazaria - PI,39.0,0.5758,65.79,0.0,27.91,27.91,2026-09-11 17:15:01,OK,
PI,GD,45592059000154,7896004756431,Paracetamol + Codeína 500+30 mg Caixa 36 Comprimidos,Panpharma - PI,62.0,0.5737,65.79,0.0,28.05,28.05,2026-09-11 17:15:01,OK,
PI,GD,45592059000154,7896004756875,Clonixinato De Lisina + Ciclobenzaprina 125+5 mg Caixa 15 Comprimidos Revestidos,Nazaria - PI,15.0,0.3626,30.29,0.0,19.31,19.31,2026-09-11 17:15:04,OK,
PI,GD,45592059000154,7896004756875,Clonixinato De Lisina + Ciclobenzaprina 125+5 mg Caixa 15 Comprimidos Revestidos,Plusfarma - PI,8.0,0.3626,30.29,0.0,19.31,19.31,2026-09-11 17:15:04,OK,
PI,GD,45592059000154,7896004756875,Clonixinato De Lisina + Ciclobenzaprina 125+5 mg Caixa 15 Comprimidos Revestidos,Panpharma - PI,9.0,0.3605,30.29,0.0,19.37,19.37,2026-09-11 17:15:04,OK,
PI,GD,45592059000154,7896004757353,Levocetirizina 5 mg Caixa 10 Comprimidos Revestidos,Nazaria - PI,128.0,0.5736,43.34,0.0,18.48,18.48,2026-09-11 17:15:08,OK,
PI,GD,45592059000154,7896004757353,Levocetirizina 5 mg Caixa 10 Comprimidos Revestidos,Plusfarma - PI,29.0,0.5736,43.34,0.0,18.48,18.48,2026-09-11 17:15:08,OK,
PI,GD,45592059000154,7896004757353,Levocetirizina 5 mg Caixa 10 Comprimidos Revestidos,Total Comércio - PI,62.0,0.5736,43.34,0.0,19.38,18.48,2026-09-11 17:15:08,OK,
PI,GD,45592059000154,7896004757353,Levocetirizina 5 mg Caixa 10 Comprimidos Revestidos,Panpharma - PI,40.0,0.5528,43.34,0.0,19.38,19.38,2026-09-11 17:15:08,OK,
PI,GD,45592059000154,7896004758114,Mirtazapina 15 mg Caixa 30 Comprimidos Orodispersíveis,Plusfarma - PI,381.0,0.5091,69.06,0.0,33.9,33.9,2026-09-11 17:15:12,OK,
PI,GD,45592059000154,7896004758114,Mirtazapina 15 mg Caixa 30 Comprimidos Orodispersíveis,Panpharma - PI,121.0,0.4894,69.06,0.0,35.26,35.26,2026-09-11 17:15:12,OK,
PI,GD,45592059000154,7896004758121,,,0.0,0.0,0.0,0.0,0.0,0.0,2026-09-11 17:15:24,ERRO,Message: Nenhuma distribuidora pôde ser lida no card do produto.
PI,GD,45592059000154,7896004758268,Budesonida 32 mcg Frasco 120 Doses Suspensão Spray Nasal,Nazaria - PI,1163.0,0.3846,24.17,0.0,14.87,14.87,2026-09-11 17:15:27,OK,
PI,GD,45592059000154,7896004758268,Budesonida 32 mcg Frasco 120 Doses Suspensão Spray Nasal,Plusfarma - PI,212.0,0.3846,24.17,0.0,14.87,14.87,2026-09-11 17:15:27,OK,
PI,GD,45592059000154,7896004758268,Budesonida 32 mcg Frasco 120 Doses Suspensão Spray Nasal,Total Comércio - PI,28.0,0.3846,24.17,0.0,15.6,14.87,2026-09-11 17:15:27,OK,
PI,GD,45592059000154,7896004758268,Budesonida 32 mcg Frasco 120 Doses Suspensão Spray Nasal,Panpharma - PI,88.0,0.2938,24.17,0.0,17.07,17.07,2026-09-11 17:15:27,OK,
PI,GD,45592059000154,7896004758275,Budesonida 64 mcg Frasco 120 Doses Suspensão Spray Nasal,Nazaria - PI,339.0,0.2693,29.32,0.0,21.42,21.42,2026-09-11 17:15:31,OK,
PI,GD,45592059000154,7896004758275,Budesonida 64 mcg Frasco 120 Doses Suspensão Spray Nasal,Plusfarma - PI,82.0,0.2693,29.32,0.0,21.42,21.42,2026-09-11 17:15:31,OK,
PI,GD,45592059000154,7896004758275,Budesonida 64 mcg Frasco 120 Doses Suspensão Spray Nasal,Panpharma - PI,24.0,0.2353,29.32,0.0,22.42,22.42,2026-09-11 17:15:31,OK,
PI,GD,45592059000154,7896004759593,Sertralina 100 mg Caixa 30 Comprimidos Revestidos,Plusfarma - PI,47.0,0.9,177.12,0.0,17.71,17.71,2026-09-11 17:15:34,OK,
PI,GD,45592059000154,7896004759593,Sertralina 100 mg Caixa 30 Comprimidos Revestidos,Panpharma - PI,60.0,0.8902,177.12,0.0,19.45,19.45,2026-09-11 17:15:34,OK,
PI,GD,45592059000154,7896004759609,Amoxicilina + Clavulanato 875+125 mg Caixa 20 Comprimidos Revestidos,Nazaria - PI,187.0,0.4768,110.53,0.0,57.83,57.83,2026-09-11 17:15:38,OK,
PI,GD,45592059000154,7896004759609,Amoxicilina + Clavulanato 875+125 mg Caixa 20 Comprimidos Revestidos,Plusfarma - PI,35.0,0.4768,110.53,0.0,57.83,57.83,2026-09-11 17:15:38,OK,
PI,GD,45592059000154,7896004759609,Amoxicilina + Clavulanato 875+125 mg Caixa 20 Comprimidos Revestidos,Total Comércio - PI,35.0,0.4768,110.53,0.0,60.64,57.83,2026-09-11 17:15:38,OK,
PI,GD,45592059000154,7896004759678,Azitromicina Di-hidratada 1500 mg Frasco 37.5 ml Pó Para Suspensão Oral + Seringa,Plusfarma - PI,68.0,0.146,39.19,0.0,33.47,33.47,2026-09-11 17:15:42,OK,
PI,GD,45592059000154,7896004759678,Azitromicina Di-hidratada 1500 mg Frasco 37.5 ml Pó Para Suspensão Oral + Seringa,Nazaria - PI,57.0,0.146,39.19,0.0,33.47,33.47,2026-09-11 17:15:42,OK,
PI,GD,45592059000154,7896004759678,Azitromicina Di-hidratada 1500 mg Frasco 37.5 ml Pó Para Suspensão Oral + Seringa,Panpharma - PI,104.0,0.1404,39.19,0.0,33.69,33.69,2026-09-11 17:15:42,OK,
PI,GD,45592059000154,7896004759678,Azitromicina Di-hidratada 1500 mg Frasco 37.5 ml Pó Para Suspensão Oral + Seringa,Total Comércio - PI,19.0,0.146,39.19,0.0,35.09,33.47,2026-09-11 17:15:42,OK,
PI,GD,45592059000154,7896004759692,Clonazepam 2 mg Caixa 60 Comprimidos,Panpharma - PI,157.0,0.7691,34.35,0.0,7.93,7.93,2026-09-11 17:15:45,OK,
PI,GD,45592059000154,7896004759692,Clonazepam 2 mg Caixa 60 Comprimidos,Total Comércio - PI,18.0,0.7298,34.35,0.0,9.73,9.28,2026-09-11 17:15:45,OK,
PI,GD,45592059000154,7896004759715,Venlafaxina 37.5 mg Caixa 30 Cápsulas de Liberação Prolongada,Nazaria - PI,66.0,0.6379,51.6,0.0,18.68,18.68,2026-09-11 17:15:49,OK,
PI,GD,45592059000154,7896004759715,Venlafaxina 37.5 mg Caixa 30 Cápsulas de Liberação Prolongada,Plusfarma - PI,49.0,0.6379,51.6,0.0,18.68,18.68,2026-09-11 17:15:49,OK,
PI,GD,45592059000154,7896004759715,Venlafaxina 37.5 mg Caixa 30 Cápsulas de Liberação Prolongada,Panpharma - PI,55.0,0.5953,51.6,0.0,20.88,20.88,2026-09-11 17:15:49,OK,
PI,GD,45592059000154,7896004759722,Drospirenona + Etinilestradiol 3+0.02 mg Caixa 72 Comprimidos (3x24),Plusfarma - PI,64.0,0.8079000000000001,151.59,0.0,29.12,29.12,2026-09-11 17:15:52,OK,
PI,GD,45592059000154,7896004759722,Drospirenona + Etinilestradiol 3+0.02 mg Caixa 72 Comprimidos (3x24),Total Comércio - PI,52.0,0.8078,151.59,0.0,30.53,29.14,2026-09-11 17:15:52,OK,
PI,GD,45592059000154,7896004759739,Atenolol + Clortalidona 50+12.5 mg Caixa 60 Comprimidos,Plusfarma - PI,80.0,0.7354999999999999,57.33,0.0,15.16,15.16,2026-09-11 17:15:55,OK,
PI,GD,45592059000154,7896004759739,Atenolol + Clortalidona 50+12.5 mg Caixa 60 Comprimidos,Nazaria - PI,30.0,0.7354999999999999,57.33,0.0,15.16,15.16,2026-09-11 17:15:55,OK,
PI,GD,45592059000154,7896004759739,Atenolol + Clortalidona 50+12.5 mg Caixa 60 Comprimidos,Panpharma - PI,14.0,0.7334999999999999,57.33,0.0,15.28,15.28,2026-09-11 17:15:55,OK,
PI,GD,45592059000154,7896004759791,Olanzapina 10 mg Caixa 30 Comprimidos Revestidos,Plusfarma - PI,253.0,0.8523000000000001,254.7,0.0,37.62,37.62,2026-09-11 17:15:59,OK,
PI,GD,45592059000154,7896004759791,Olanzapina 10 mg Caixa 30 Comprimidos Revestidos,Total Comércio - PI,103.0,0.8522,254.7,0.0,39.44,37.64,2026-09-11 17:15:59,OK,
PI,GD,45592059000154,7896004759791,Olanzapina 10 mg Caixa 30 Comprimidos Revestidos,Panpharma - PI,45.0,0.8340000000000001,254.7,0.0,42.28,42.28,2026-09-11 17:15:59,OK,
PI,GD,45592059000154,7896004759807,Olanzapina 5 mg Caixa 30 Comprimidos Revestidos,Nazaria - PI,79.0,0.8344,129.91,0.0,21.51,21.51,2026-09-11 17:16:03,OK,
PI,GD,45592059000154,7896004759807,Olanzapina 5 mg Caixa 30 Comprimidos Revestidos,Plusfarma - PI,10.0,0.8344,129.91,0.0,21.51,21.51,2026-09-11 17:16:03,OK,
PI,GD,45592059000154,7896004759807,Olanzapina 5 mg Caixa 30 Comprimidos Revestidos,Panpharma - PI,87.0,0.8323,129.91,0.0,21.79,21.79,2026-09-11 17:16:03,OK,
PI,GD,45592059000154,7896004759807,Olanzapina 5 mg Caixa 30 Comprimidos Revestidos,Total Comércio - PI,85.0,0.82,129.91,0.0,24.52,23.38,2026-09-11 17:16:03,OK,
PI,GD,45592059000154,7896004759814,Olanzapina 2.5 mg Caixa 30 Comprimidos Revestidos,Plusfarma - PI,60.0,0.8379000000000001,77.3,0.0,12.53,12.53,2026-09-11 17:16:06,OK,
PI,GD,45592059000154,7896004759814,Olanzapina 2.5 mg Caixa 30 Comprimidos Revestidos,Panpharma - PI,98.0,0.8170000000000001,77.3,0.0,14.15,14.15,2026-09-11 17:16:06,OK,
PI,GD,45592059000154,7896004759845,Sertralina 50 mg Caixa 30 Comprimidos Revestidos,Plusfarma - PI,240.0,0.9012,82.57,0.0,8.16,8.16,2026-09-11 17:16:10,OK,
PI,GD,45592059000154,7896004759845,Sertralina 50 mg Caixa 30 Comprimidos Revestidos,Nazaria - PI,224.0,0.9012,82.57,0.0,8.16,8.16,2026-09-11 17:16:10,OK,
PI,GD,45592059000154,7896004759845,Sertralina 50 mg Caixa 30 Comprimidos Revestidos,Panpharma - PI,201.0,0.8991,82.57,0.0,8.33,8.33,2026-09-11 17:16:10,OK,
PI,GD,45592059000154,7896004759845,Sertralina 50 mg Caixa 30 Comprimidos Revestidos,Total Comércio - PI,34.0,0.8892,82.57,0.0,9.59,9.15,2026-09-11 17:16:10,OK,
PI,GD,45592059000154,7896004761275,,,0.0,0.0,0.0,0.0,0.0,0.0,2026-09-11 17:16:22,ERRO,Message: Nenhuma distribuidora pôde ser lida no card do produto.
PI,GD,45592059000154,7896004761299,Cilostazol 100 mg Caixa 30 Comprimidos,Nazaria - PI,39.0,0.4587,34.79,0.0,18.83,18.83,2026-09-11 17:16:26,OK,
PI,GD,45592059000154,7896004761299,Cilostazol 100 mg Caixa 30 Comprimidos,Plusfarma - PI,20.0,0.4587,34.79,0.0,18.83,18.83,2026-09-11 17:16:26,OK,
PI,GD,45592059000154,7896004761299,Cilostazol 100 mg Caixa 30 Comprimidos,Total Comércio - PI,49.0,0.4587,34.79,0.0,19.75,18.83,2026-09-11 17:16:26,OK,
PI,GD,45592059000154,7896004761305,Cilostazol 100 mg Caixa 60 Comprimidos,Plusfarma - PI,48.0,0.3065,48.89,0.0,33.91,33.91,2026-09-11 17:16:30,OK,
PI,GD,45592059000154,7896004761305,Cilostazol 100 mg Caixa 60 Comprimidos,Nazaria - PI,36.0,0.3065,48.89,0.0,33.91,33.91,2026-09-11 17:16:30,OK,
PI,GD,45592059000154,7896004761305,Cilostazol 100 mg Caixa 60 Comprimidos,Panpharma - PI,46.0,0.2929,48.89,0.0,34.57,34.57,2026-09-11 17:16:30,OK,
PI,GD,45592059000154,7896004761817,Tansulosina 0.4 mg Caixa 30 Comprimidos de Liberação Prolongada,Nazaria - PI,645.0,0.6299,96.53,0.0,35.73,35.73,2026-09-11 17:16:33,OK,
PI,GD,45592059000154,7896004761817,Tansulosina 0.4 mg Caixa 30 Comprimidos de Liberação Prolongada,Plusfarma - PI,184.0,0.6299,96.53,0.0,35.73,35.73,2026-09-11 17:16:33,OK,
PI,GD,45592059000154,7896004761817,Tansulosina 0.4 mg Caixa 30 Comprimidos de Liberação Prolongada,Panpharma - PI,167.0,0.6278,96.53,0.0,35.93,35.93,2026-09-11 17:16:33,OK,
PI,GD,45592059000154,7896004761824,Tansulosina 0.4 mg Caixa 60 Comprimidos de Liberação Prolongada,Nazaria - PI,196.0,0.6995999999999999,223.75,0.0,67.21,67.21,2026-09-11 17:16:37,OK,
PI,GD,45592059000154,7896004761824,Tansulosina 0.4 mg Caixa 60 Comprimidos de Liberação Prolongada,Panpharma - PI,49.0,0.6938,223.75,0.0,68.51,68.51,2026-09-11 17:16:37,OK,
PI,GD,45592059000154,7896004762227,Azitromicina Di-hidratada 500 mg Caixa 5 Comprimidos Revestidos,Nazaria - PI,196.0,0.8648,51.01,0.0,6.9,6.9,2026-09-11 17:16:40,OK,
PI,GD,45592059000154,7896004762227,Azitromicina Di-hidratada 500 mg Caixa 5 Comprimidos Revestidos,Panpharma - PI,36.0,0.8626999999999999,51.01,0.0,7.0,7.0,2026-09-11 17:16:40,OK,
PI,GD,45592059000154,7896004762227,Azitromicina Di-hidratada 500 mg Caixa 5 Comprimidos Revestidos,Total Comércio - PI,230.0,0.8367,51.01,0.0,8.73,8.33,2026-09-11 17:16:40,OK,
PI,GD,45592059000154,7896004762319,Gliclazida 30 mg Caixa 30 Comprimidos de Liberação Prolongada,Plusfarma - PI,536.0,0.6564,25.48,0.0,8.75,8.75,2026-09-11 17:16:44,OK,
PI,GD,45592059000154,7896004762319,Gliclazida 30 mg Caixa 30 Comprimidos de Liberação Prolongada,Nazaria - PI,155.0,0.6564,25.48,0.0,8.75,8.75,2026-09-11 17:16:44,OK,
PI,GD,45592059000154,7896004762319,Gliclazida 30 mg Caixa 30 Comprimidos de Liberação Prolongada,Total Comércio - PI,33.0,0.6564,25.48,0.0,9.18,8.75,2026-09-11 17:16:44,OK,
PI,GD,45592059000154,7896004762319,Gliclazida 30 mg Caixa 30 Comprimidos de Liberação Prolongada,Panpharma - PI,65.0,0.537,25.48,0.0,11.8,11.8,2026-09-11 17:16:44,OK,
PI,GD,45592059000154,7896004762364,Gliclazida 60 mg Caixa 60 Comprimidos de Liberação Prolongada,Plusfarma - PI,536.0,0.4999,99.46,0.0,49.74,49.74,2026-09-11 17:16:48,OK,
PI,GD,45592059000154,7896004762364,Gliclazida 60 mg Caixa 60 Comprimidos de Liberação Prolongada,Total Comércio - PI,40.0,0.49340000000000006,99.46,0.0,52.83,50.39,2026-09-11 17:16:48,OK,
PI,GD,45592059000154,7896004763576,Hidroxicloroquina 400 mg Caixa 30 Comprimidos Revestidos,Nazaria - PI,2.0,0.12560000000000002,80.01,0.0,69.96,69.96,2026-09-11 17:16:51,OK,
PI,GD,45592059000154,7896004763576,Hidroxicloroquina 400 mg Caixa 30 Comprimidos Revestidos,Panpharma - PI,2.0,0.1223,80.01,0.0,70.22,70.22,2026-09-11 17:16:51,OK,
PI,GD,45592059000154,7896004763576,Hidroxicloroquina 400 mg Caixa 30 Comprimidos Revestidos,Total Comércio - PI,30.0,0.1255,80.01,0.0,73.36,69.97,2026-09-11 17:16:51,OK,
PI,GD,45592059000154,7896004766980,,,0.0,0.0,0.0,0.0,0.0,0.0,2026-09-11 17:17:03,ERRO,Message: Nenhuma distribuidora pôde ser lida no card do produto.
PI,GD,45592059000154,7896004766997,,,0.0,0.0,0.0,0.0,0.0,0.0,2026-09-11 17:17:15,ERRO,Message: Nenhuma distribuidora pôde ser lida no card do produto.
PI,GD,45592059000154,7896004767017,Rivaroxabana 15 mg Caixa 14 Comprimidos Revestidos,Plusfarma - PI,53.0,0.9133,101.92,0.0,8.84,8.84,2026-09-11 17:17:18,OK,
PI,GD,45592059000154,7896004767055,Rivaroxabana 20 mg Caixa 14 Comprimidos Revestidos,Plusfarma - PI,41.0,0.8924,101.92,0.0,10.97,10.97,2026-09-11 17:17:21,OK,
PI,GD,45592059000154,7896004767130,Zolpidem 10 mg Caixa 30 Comprimidos Revestidos,Nazaria - PI,513.0,0.9196,67.64,0.0,5.44,5.44,2026-09-11 17:17:24,OK,
PI,GD,45592059000154,7896004767130,Zolpidem 10 mg Caixa 30 Comprimidos Revestidos,Plusfarma - PI,172.0,0.9196,67.64,0.0,5.44,5.44,2026-09-11 17:17:24,OK,
PI,GD,45592059000154,7896004767130,Zolpidem 10 mg Caixa 30 Comprimidos Revestidos,Total Comércio - PI,31.0,0.9122,67.64,0.0,6.23,5.94,2026-09-11 17:17:24,OK,
PI,GD,45592059000154,7896004768212,Donepezila 5 mg Caixa 30 Comprimidos Revestidos,Nazaria - PI,77.0,0.8554999999999999,149.7,0.0,21.63,21.63,2026-09-11 17:17:28,OK,
PI,GD,45592059000154,7896004768212,Donepezila 5 mg Caixa 30 Comprimidos Revestidos,Plusfarma - PI,19.0,0.8554999999999999,149.7,0.0,21.63,21.63,2026-09-11 17:17:28,OK,
PI,GD,45592059000154,7896004768298,Donepezila 10 mg Caixa 30 Comprimidos Revestidos,Nazaria - PI,134.0,0.826,165.87,0.0,28.86,28.86,2026-09-11 17:17:32,OK,
PI,GD,45592059000154,7896004768298,Donepezila 10 mg Caixa 30 Comprimidos Revestidos,Plusfarma - PI,111.0,0.826,165.87,0.0,28.86,28.86,2026-09-11 17:17:32,OK,
PI,GD,45592059000154,7896004768298,Donepezila 10 mg Caixa 30 Comprimidos Revestidos,Panpharma - PI,3.0,0.8190999999999999,165.87,0.0,30.01,30.01,2026-09-11 17:17:32,OK,
PI,GD,45592059000154,7896004768298,Donepezila 10 mg Caixa 30 Comprimidos Revestidos,Total Comércio - PI,5.0,0.826,165.87,0.0,30.26,28.86,2026-09-11 17:17:32,OK,
PI,GD,45592059000154,7896004768687,Desogestrel 75 mcg Caixa 84 Comprimidos Revestidos,Plusfarma - PI,95.0,0.7091,79.82,0.0,23.22,23.22,2026-09-11 17:17:35,OK,
PI,GD,45592059000154,7896004769622,Desloratadina 0.5 mg/ml Frasco 60 ml Xarope,Plusfarma - PI,221.0,0.7781999999999999,40.32,0.0,8.94,8.94,2026-09-11 17:17:39,OK,
PI,GD,45592059000154,7896004769622,Desloratadina 0.5 mg/ml Frasco 60 ml Xarope,Nazaria - PI,64.0,0.7781999999999999,40.32,0.0,8.94,8.94,2026-09-11 17:17:39,OK,
PI,GD,45592059000154,7896004769622,Desloratadina 0.5 mg/ml Frasco 60 ml Xarope,Total Comércio - PI,72.0,0.7781,40.32,0.0,9.38,8.95,2026-09-11 17:17:39,OK,
PI,GD,45592059000154,7896004769622,Desloratadina 0.5 mg/ml Frasco 60 ml Xarope,Panpharma - PI,24.0,0.7143999999999999,40.32,0.0,11.52,11.52,2026-09-11 17:17:39,OK,
PI,GD,45592059000154,7896004769684,Desloratadina 0.5 mg/ml Frasco 100 ml Xarope,Plusfarma - PI,47.0,0.8128,66.56,0.0,12.46,12.46,2026-09-11 17:17:42,OK,
PI,GD,45592059000154,7896004769684,Desloratadina 0.5 mg/ml Frasco 100 ml Xarope,Total Comércio - PI,81.0,0.8128,66.56,0.0,13.06,12.46,2026-09-11 17:17:42,OK,
PI,GD,45592059000154,7896004771199,Aciclovir 50 mg/g Bisnaga 10 g Creme,Nazaria - PI,220.0,0.7824,27.4,0.0,5.96,5.96,2026-09-11 17:17:46,OK,
PI,GD,45592059000154,7896004771199,Aciclovir 50 mg/g Bisnaga 10 g Creme,Plusfarma - PI,103.0,0.7824,27.4,0.0,5.96,5.96,2026-09-11 17:17:46,OK,
PI,GD,45592059000154,7896004771199,Aciclovir 50 mg/g Bisnaga 10 g Creme,Total Comércio - PI,88.0,0.7823,27.4,0.0,6.25,5.96,2026-09-11 17:17:46,OK,
PI,GD,45592059000154,7896004771199,Aciclovir 50 mg/g Bisnaga 10 g Creme,Panpharma - PI,107.0,0.7608,27.4,0.0,6.55,6.55,2026-09-11 17:17:46,OK,
PI,GD,45592059000154,7896004771373,Nebivolol 5 mg Caixa 30 Comprimidos,Nazaria - PI,91.0,0.6575,53.2,0.0,18.22,18.22,2026-09-11 17:17:49,OK,
PI,GD,45592059000154,7896004771373,Nebivolol 5 mg Caixa 30 Comprimidos,Plusfarma - PI,32.0,0.6575,53.2,0.0,18.22,18.22,2026-09-11 17:17:49,OK,
PI,GD,45592059000154,7896004771403,Nebivolol 5 mg Caixa 60 Comprimidos,Nazaria - PI,18.0,0.6779000000000001,105.11,0.0,33.86,33.86,2026-09-11 17:17:53,OK,
PI,GD,45592059000154,7896004771403,Nebivolol 5 mg Caixa 60 Comprimidos,Plusfarma - PI,2.0,0.6779000000000001,105.11,0.0,33.86,33.86,2026-09-11 17:17:53,OK,
PI,GD,45592059000154,7896004771403,Nebivolol 5 mg Caixa 60 Comprimidos,Panpharma - PI,41.0,0.6758,105.11,0.0,34.08,34.08,2026-09-11 17:17:53,OK,
PI,GD,45592059000154,7896004771762,,,0.0,0.0,0.0,0.0,0.0,0.0,2026-09-11 17:18:05,ERRO,Message: Nenhuma distribuidora pôde ser lida no card do produto.
PI,GD,45592059000154,7896004772332,Cloperastina 3.54 mg/ml Frasco 120 ml Xarope,Plusfarma - PI,433.0,0.1838,20.51,0.0,16.74,16.74,2026-09-11 17:18:09,OK,
PI,GD,45592059000154,7896004772332,Cloperastina 3.54 mg/ml Frasco 120 ml Xarope,Nazaria - PI,367.0,0.1838,20.51,0.0,16.74,16.74,2026-09-11 17:18:09,OK,
PI,GD,45592059000154,7896004772332,Cloperastina 3.54 mg/ml Frasco 120 ml Xarope,Total Comércio - PI,192.0,0.1479,20.51,0.0,18.32,17.48,2026-09-11 17:18:09,OK,
PI,GD,45592059000154,7896004772868,Pregabalina 150 mg Caixa 30 Cápsulas,Nazaria - PI,189.0,0.8862000000000001,148.31,0.0,16.88,16.88,2026-09-11 17:18:12,OK,
PI,GD,45592059000154,7896004772868,Pregabalina 150 mg Caixa 30 Cápsulas,Plusfarma - PI,95.0,0.8862000000000001,148.31,0.0,16.88,16.88,2026-09-11 17:18:12,OK,
PI,GD,45592059000154,7896004773117,Drospirenona + Etinilestradiol 3+0.02 mg Caixa 28 Comprimidos (24+4),Plusfarma - PI,192.0,0.8576999999999999,60.25,0.0,8.57,8.57,2026-09-11 17:18:15,OK,
PI,GD,45592059000154,7896004773117,Drospirenona + Etinilestradiol 3+0.02 mg Caixa 28 Comprimidos (24+4),Panpharma - PI,40.0,0.8556,60.25,0.0,8.7,8.7,2026-09-11 17:18:15,OK,
PI,GD,45592059000154,7896004773339,Pregabalina 75 mg Caixa 30 Cápsulas,Total Comércio - PI,133.0,0.9026000000000001,92.77,0.0,9.48,9.04,2026-09-11 17:18:19,OK,
PI,GD,45592059000154,7896004773339,Pregabalina 75 mg Caixa 30 Cápsulas,Nazaria - PI,2003.0,0.8863,92.77,0.0,10.55,10.55,2026-09-11 17:18:19,OK,
PI,GD,45592059000154,7896004773339,Pregabalina 75 mg Caixa 30 Cápsulas,Plusfarma - PI,188.0,0.8863,92.77,0.0,10.55,10.55,2026-09-11 17:18:19,OK,
PI,GD,45592059000154,7896004773339,Pregabalina 75 mg Caixa 30 Cápsulas,Panpharma - PI,639.0,0.8843000000000001,92.77,0.0,10.73,10.73,2026-09-11 17:18:19,OK,
PI,GD,45592059000154,7896004775043,Aciclovir 400 mg Caixa 30 Comprimidos,Plusfarma - PI,194.0,0.7775,174.15,0.0,38.75,38.75,2026-09-11 17:18:23,OK,
PI,GD,45592059000154,7896004775043,Aciclovir 400 mg Caixa 30 Comprimidos,Nazaria - PI,45.0,0.7775,174.15,0.0,38.75,38.75,2026-09-11 17:18:23,OK,
PI,GD,45592059000154,7896004775043,Aciclovir 400 mg Caixa 30 Comprimidos,Panpharma - PI,22.0,0.7754000000000001,174.15,0.0,39.11,39.11,2026-09-11 17:18:23,OK,
PI,GD,45592059000154,7896004777184,Tramadol 100 mg Caixa 10 Comprimidos de Liberação Prolongada,Nazaria - PI,598.0,0.406,85.64,0.0,50.87,50.87,2026-09-11 17:18:26,OK,
PI,GD,45592059000154,7896004777184,Tramadol 100 mg Caixa 10 Comprimidos de Liberação Prolongada,Total Comércio - PI,10.0,0.406,85.64,0.0,53.34,50.87,2026-09-11 17:18:26,OK,
PI,GD,45592059000154,7896004777535,Fexofenadina 120 mg Caixa 10 Comprimidos Revestidos,Plusfarma - PI,335.0,0.8545999999999999,49.31,0.0,7.17,7.17,2026-09-11 17:18:30,OK,
PI,GD,45592059000154,7896004777559,Fexofenadina 180 mg Caixa 10 Comprimidos Revestidos,Plusfarma - PI,725.0,0.85,70.77,0.0,10.62,10.62,2026-09-11 17:18:33,OK,
PI,GD,45592059000154,7896004777559,Fexofenadina 180 mg Caixa 10 Comprimidos Revestidos,Nazaria - PI,223.0,0.85,70.77,0.0,10.62,10.62,2026-09-11 17:18:33,OK,
PI,GD,45592059000154,7896004779713,Dienogeste 2 mg Caixa 30 Comprimidos,Nazaria - PI,74.0,0.7456,68.54,0.0,17.44,17.44,2026-09-11 17:18:36,OK,
PI,GD,45592059000154,7896004779713,Dienogeste 2 mg Caixa 30 Comprimidos,Plusfarma - PI,4.0,0.7456,68.54,0.0,17.44,17.44,2026-09-11 17:18:36,OK,
PI,GD,45592059000154,7896004779713,Dienogeste 2 mg Caixa 30 Comprimidos,Panpharma - PI,14.0,0.7184999999999999,68.54,0.0,19.29,19.29,2026-09-11 17:18:36,OK,
PI,GD,45592059000154,7896004780184,Ácido Ursodesoxicólico 150 mg Caixa 30 Comprimidos,Nazaria - PI,36.0,0.4763,83.54,0.0,43.75,43.75,2026-09-11 17:18:40,OK,
PI,GD,45592059000154,7896004780184,Ácido Ursodesoxicólico 150 mg Caixa 30 Comprimidos,Plusfarma - PI,34.0,0.4763,83.54,0.0,43.75,43.75,2026-09-11 17:18:40,OK,
PI,GD,45592059000154,7896004780184,Ácido Ursodesoxicólico 150 mg Caixa 30 Comprimidos,Total Comércio - PI,29.0,0.4683,83.54,0.0,46.58,44.42,2026-09-11 17:18:40,OK,
PI,GD,45592059000154,7896004780191,Ácido Ursodesoxicólico 300 mg Caixa 30 Comprimidos,Panpharma - PI,33.0,0.3713,165.14,0.0,103.82,103.82,2026-09-11 17:18:43,OK,
PI,GD,45592059000154,7896004780504,Rivaroxabana 15 mg Caixa 30 Comprimidos Revestidos,Plusfarma - PI,19.0,0.9344,215.68,0.0,14.15,14.15,2026-09-11 17:18:46,OK,
PI,GD,45592059000154,7896004780504,Rivaroxabana 15 mg Caixa 30 Comprimidos Revestidos,Panpharma - PI,22.0,0.9323999999999999,215.68,0.0,14.58,14.58,2026-09-11 17:18:46,OK,
PI,GD,45592059000154,7896004780511,Rivaroxabana 20 mg Caixa 30 Comprimidos Revestidos,Nazaria - PI,69.0,0.9267,215.68,0.0,15.81,15.81,2026-09-11 17:18:50,OK,
PI,GD,45592059000154,7896004780511,Rivaroxabana 20 mg Caixa 30 Comprimidos Revestidos,Panpharma - PI,15.0,0.9134,215.68,0.0,18.68,18.68,2026-09-11 17:18:50,OK,
PI,GD,45592059000154,7896004781280,,,0.0,0.0,0.0,0.0,0.0,0.0,2026-09-11 17:19:02,ERRO,Message: Nenhuma distribuidora pôde ser lida no card do produto.
PI,GD,45592059000154,7896004781372,,,0.0,0.0,0.0,0.0,0.0,0.0,2026-09-11 17:19:14,ERRO,Message: Nenhuma distribuidora pôde ser lida no card do produto.
PI,GD,45592059000154,7896004781389,,,0.0,0.0,0.0,0.0,0.0,0.0,2026-09-11 17:19:26,ERRO,Message: Nenhuma distribuidora pôde ser lida no card do produto.
PI,GD,45592059000154,7896004781396,Etoricoxibe 90 mg Caixa 7 Comprimidos Revestidos,Nazaria - PI,1.0,0.4758,42.46,0.0,22.26,22.26,2026-09-11 17:19:29,OK,
PI,GD,45592059000154,7896004781402,,,0.0,0.0,0.0,0.0,0.0,0.0,2026-09-11 17:19:41,ERRO,Message: Nenhuma distribuidora pôde ser lida no card do produto.
PI,GD,45592059000154,7896004782546,Dipirona Monoidratada 1 g Caixa 10 Comprimidos,Plusfarma - PI,6.0,0.6383,20.33,0.0,7.35,7.35,2026-09-11 17:19:44,OK,
PI,GD,45592059000154,7896004782553,Dipirona Monoidratada 1 g Caixa 20 Comprimidos,Total Comércio - PI,12.0,0.545,38.44,0.0,18.34,17.49,2026-09-11 17:19:47,OK,
PI,GD,45592059000154,7896004782690,Apixabana 2.5 mg Caixa 20 Comprimidos Revestidos,Nazaria - PI,100.0,0.7253000000000001,71.85,0.0,19.74,19.74,2026-09-11 17:19:51,OK,
PI,GD,45592059000154,7896004782690,Apixabana 2.5 mg Caixa 20 Comprimidos Revestidos,Plusfarma - PI,72.0,0.7253000000000001,71.85,0.0,19.74,19.74,2026-09-11 17:19:51,OK,
PI,GD,45592059000154,7896004782690,Apixabana 2.5 mg Caixa 20 Comprimidos Revestidos,Panpharma - PI,10.0,0.7232,71.85,0.0,19.89,19.89,2026-09-11 17:19:51,OK,
PI,GD,45592059000154,7896004782690,Apixabana 2.5 mg Caixa 20 Comprimidos Revestidos,Total Comércio - PI,75.0,0.7048000000000001,71.84,0.0,22.24,21.21,2026-09-11 17:19:51,OK,
PI,GD,45592059000154,7896004782713,Apixabana 2.5 mg Caixa 60 Comprimidos Revestidos,Total Comércio - PI,65.0,0.7315999999999999,215.6,0.0,60.67,57.87,2026-09-11 17:19:54,OK,
PI,GD,45592059000154,7896004782744,Apixabana 5 mg Caixa 20 Comprimidos Revestidos,Plusfarma - PI,95.0,0.7265999999999999,71.85,0.0,19.64,19.64,2026-09-11 17:19:57,OK,
PI,GD,45592059000154,7896004782744,Apixabana 5 mg Caixa 20 Comprimidos Revestidos,Nazaria - PI,13.0,0.7265999999999999,71.85,0.0,19.64,19.64,2026-09-11 17:19:57,OK,
PI,GD,45592059000154,7896004782768,Apixabana 5 mg Caixa 60 Comprimidos Revestidos,Plusfarma - PI,51.0,0.746,215.6,0.0,54.76,54.76,2026-09-11 17:20:01,OK,
PI,GD,45592059000154,7896004782768,Apixabana 5 mg Caixa 60 Comprimidos Revestidos,Panpharma - PI,30.0,0.7439,215.6,0.0,55.22,55.22,2026-09-11 17:20:01,OK,
PI,GD,45592059000154,7896004782935,Levetiracetam 250 mg Caixa 30 Comprimidos Revestidos,Plusfarma - PI,367.0,0.4936,44.76,0.0,22.67,22.67,2026-09-11 17:20:04,OK,
PI,GD,45592059000154,7896004782980,,,0.0,0.0,0.0,0.0,0.0,0.0,2026-09-11 17:20:16,ERRO,Message: Nenhuma distribuidora pôde ser lida no card do produto.
PI,GD,45592059000154,7896004783024,Levetiracetam 500 mg Caixa 30 Comprimidos Revestidos,Plusfarma - PI,117.0,0.5732,95.83,0.0,40.9,40.9,2026-09-11 17:20:19,OK,
PI,GD,45592059000154,7896004783024,Levetiracetam 500 mg Caixa 30 Comprimidos Revestidos,Nazaria - PI,39.0,0.5732,95.83,0.0,40.9,40.9,2026-09-11 17:20:19,OK,
PI,GD,45592059000154,7896004784076,Bilastina 20 mg Caixa 15 Comprimidos,Plusfarma - PI,132.0,0.408,38.61,0.0,22.86,22.86,2026-09-11 17:20:23,OK,
PI,GD,45592059000154,7896004784076,Bilastina 20 mg Caixa 15 Comprimidos,Nazaria - PI,50.0,0.408,38.61,0.0,22.86,22.86,2026-09-11 17:20:23,OK,
PI,GD,45592059000154,7896004784076,Bilastina 20 mg Caixa 15 Comprimidos,Panpharma - PI,95.0,0.406,38.61,0.0,22.93,22.93,2026-09-11 17:20:23,OK,
PI,GD,45592059000154,7896004784076,Bilastina 20 mg Caixa 15 Comprimidos,Total Comércio - PI,89.0,0.38789999999999997,38.61,0.0,24.78,23.63,2026-09-11 17:20:23,OK,
PI,GD,45592059000154,7896004784083,Bilastina 20 mg Caixa 30 Comprimidos,Plusfarma - PI,41.0,0.5043,76.16,0.0,37.75,37.75,2026-09-11 17:20:26,OK,
PI,GD,45592059000154,7896004784083,Bilastina 20 mg Caixa 30 Comprimidos,Total Comércio - PI,29.0,0.5043,76.16,0.0,39.58,37.75,2026-09-11 17:20:26,OK,
PI,GD,45592059000154,7896004784083,Bilastina 20 mg Caixa 30 Comprimidos,Panpharma - PI,2.0,0.46490000000000004,76.16,0.0,40.75,40.75,2026-09-11 17:20:26,OK,
PI,GD,45592059000154,7896004786117,Pitavastatina Cálcica 2 mg Caixa 30 Comprimidos Revestidos,Nazaria - PI,67.0,0.42719999999999997,90.15,0.0,51.64,51.64,2026-09-11 17:20:30,OK,
PI,GD,45592059000154,7896004786117,Pitavastatina Cálcica 2 mg Caixa 30 Comprimidos Revestidos,Plusfarma - PI,55.0,0.42719999999999997,90.15,0.0,51.64,51.64,2026-09-11 17:20:30,OK,
PI,GD,45592059000154,7896004786117,Pitavastatina Cálcica 2 mg Caixa 30 Comprimidos Revestidos,Panpharma - PI,84.0,0.4039,90.15,0.0,53.74,53.74,2026-09-11 17:20:30,OK,
PI,GD,45592059000154,7896004787329,Tramadol + Paracetamol 37.5+325 mg Caixa 10 Comprimidos,Nazaria - PI,94.0,0.6867,33.42,0.0,10.47,10.47,2026-09-11 17:20:33,OK,
PI,GD,45592059000154,7896004787329,Tramadol + Paracetamol 37.5+325 mg Caixa 10 Comprimidos,Plusfarma - PI,68.0,0.6867,33.42,0.0,10.47,10.47,2026-09-11 17:20:33,OK,
PI,GD,45592059000154,7896004787329,Tramadol + Paracetamol 37.5+325 mg Caixa 10 Comprimidos,Total Comércio - PI,38.0,0.6867,33.42,0.0,10.98,10.47,2026-09-11 17:20:33,OK,
PI,GD,45592059000154,7896004787329,Tramadol + Paracetamol 37.5+325 mg Caixa 10 Comprimidos,Panpharma - PI,10.0,0.5442,33.42,0.0,15.23,15.23,2026-09-11 17:20:33,OK,
PI,GD,45592059000154,7896004787336,Tramadol + Paracetamol 37.5+325 mg Caixa 20 Comprimidos,Plusfarma - PI,29.0,0.45909999999999995,50.7,0.0,27.42,27.42,2026-09-11 17:20:37,OK,
PI,GD,45592059000154,7896004787336,Tramadol + Paracetamol 37.5+325 mg Caixa 20 Comprimidos,Nazaria - PI,25.0,0.45909999999999995,50.7,0.0,27.42,27.42,2026-09-11 17:20:37,OK,
PI,GD,45592059000154,7896004787336,Tramadol + Paracetamol 37.5+325 mg Caixa 20 Comprimidos,Panpharma - PI,40.0,0.457,50.7,0.0,27.53,27.53,2026-09-11 17:20:37,OK,
PI,GD,45592059000154,7896004787336,Tramadol + Paracetamol 37.5+325 mg Caixa 20 Comprimidos,Total Comércio - PI,115.0,0.4515,50.7,0.0,29.16,27.81,2026-09-11 17:20:37,OK,
PI,GD,45592059000154,7896004787343,Tramadol + Paracetamol 37.5+325 mg Caixa 30 Comprimidos,Plusfarma - PI,9.0,0.4548,65.98,0.0,35.97,35.97,2026-09-11 17:20:41,OK,
PI,GD,45592059000154,7896004787343,Tramadol + Paracetamol 37.5+325 mg Caixa 30 Comprimidos,Nazaria - PI,7.0,0.4548,65.98,0.0,35.97,35.97,2026-09-11 17:20:41,OK,
PI,GD,45592059000154,7896004787343,Tramadol + Paracetamol 37.5+325 mg Caixa 30 Comprimidos,Total Comércio - PI,53.0,0.43770000000000003,65.98,0.0,38.9,37.1,2026-09-11 17:20:41,OK,
PI,GD,45592059000154,7896004787725,Naratriptana 2.5 mg Caixa 4 Comprimidos Revestidos,Plusfarma - PI,209.0,0.4046,14.34,0.0,8.54,8.54,2026-09-11 17:20:45,OK,
PI,GD,45592059000154,7896004787725,Naratriptana 2.5 mg Caixa 4 Comprimidos Revestidos,Panpharma - PI,154.0,0.4025,14.34,0.0,8.57,8.57,2026-09-11 17:20:45,OK,
PI,GD,45592059000154,7896004787725,Naratriptana 2.5 mg Caixa 4 Comprimidos Revestidos,Nazaria - PI,1871.0,0.22260000000000002,14.34,0.0,11.15,11.15,2026-09-11 17:20:45,OK,
PI,GD,45592059000154,7896004787725,Naratriptana 2.5 mg Caixa 4 Comprimidos Revestidos,Total Comércio - PI,119.0,0.22260000000000002,14.34,0.0,11.69,11.15,2026-09-11 17:20:45,OK,
PI,GD,45592059000154,7896004789828,Desloratadina 5 mg Caixa 10 Comprimidos Revestidos,Plusfarma - PI,86.0,0.893,63.55,0.0,6.8,6.8,2026-09-11 17:20:48,OK,
PI,GD,45592059000154,7896004789828,Desloratadina 5 mg Caixa 10 Comprimidos Revestidos,Panpharma - PI,114.0,0.8909,63.55,0.0,6.93,6.93,2026-09-11 17:20:48,OK,
PI,GD,45592059000154,7896004789835,Desloratadina 5 mg Caixa 30 Comprimidos Revestidos,Nazaria - PI,82.0,0.8773000000000001,152.62,0.0,18.73,18.73,2026-09-11 17:20:52,OK,
PI,GD,45592059000154,7896004789835,Desloratadina 5 mg Caixa 30 Comprimidos Revestidos,Plusfarma - PI,65.0,0.8773000000000001,152.62,0.0,18.73,18.73,2026-09-11 17:20:52,OK,
PI,GD,45592059000154,7896004789835,Desloratadina 5 mg Caixa 30 Comprimidos Revestidos,Total Comércio - PI,53.0,0.8772,152.62,0.0,19.64,18.74,2026-09-11 17:20:52,OK,
PI,GD,45592059000154,7896004789835,Desloratadina 5 mg Caixa 30 Comprimidos Revestidos,Panpharma - PI,42.0,0.8651000000000001,152.62,0.0,20.59,20.59,2026-09-11 17:20:52,OK,
PI,GD,45592059000154,7896004790152,Ondansetrona 4 mg Caixa 10 Comprimidos Orodispersíveis,Plusfarma - PI,239.0,0.6976,24.49,0.0,7.41,7.41,2026-09-11 17:20:55,OK,
PI,GD,45592059000154,7896004790152,Ondansetrona 4 mg Caixa 10 Comprimidos Orodispersíveis,Nazaria - PI,140.0,0.6976,24.49,0.0,7.41,7.41,2026-09-11 17:20:55,OK,
PI,GD,45592059000154,7896004790169,Ondansetrona 8 mg Caixa 10 Comprimidos Orodispersíveis,Nazaria - PI,387.0,0.731,47.07,0.0,12.66,12.66,2026-09-11 17:20:58,OK,
PI,GD,45592059000154,7896004790169,Ondansetrona 8 mg Caixa 10 Comprimidos Orodispersíveis,Plusfarma - PI,319.0,0.731,47.07,0.0,12.66,12.66,2026-09-11 17:20:58,OK,
PI,GD,45592059000154,7896004790169,Ondansetrona 8 mg Caixa 10 Comprimidos Orodispersíveis,Total Comércio - PI,61.0,0.7309,47.07,0.0,13.28,12.67,2026-09-11 17:20:58,OK,
PI,GD,45592059000154,7896004791104,Olmesartana Medoxomila 20 mg Caixa 30 Comprimidos,Nazaria - PI,1393.0,0.7026,44.08,0.0,13.11,13.11,2026-09-11 17:21:02,OK,
PI,GD,45592059000154,7896004791104,Olmesartana Medoxomila 20 mg Caixa 30 Comprimidos,Plusfarma - PI,157.0,0.7026,44.08,0.0,13.11,13.11,2026-09-11 17:21:02,OK,
PI,GD,45592059000154,7896004791104,Olmesartana Medoxomila 20 mg Caixa 30 Comprimidos,Panpharma - PI,57.0,0.6839,44.08,0.0,13.93,13.93,2026-09-11 17:21:02,OK,
PI,GD,45592059000154,7896004791111,Olmesartana Medoxomila 40 mg Caixa 30 Comprimidos,Plusfarma - PI,156.0,0.618,46.37,0.0,17.71,17.71,2026-09-11 17:21:05,OK,
PI,GD,45592059000154,7896004791111,Olmesartana Medoxomila 40 mg Caixa 30 Comprimidos,Nazaria - PI,129.0,0.618,46.37,0.0,17.71,17.71,2026-09-11 17:21:05,OK,
PI,GD,45592059000154,7896004791418,DAPAGLIFLOZINA 10MG X 30 COM REV - LG,Nazaria - PI,5215.0,0.7211,120.62,0.0,33.64,33.64,2026-09-11 17:21:09,OK,
PI,GD,45592059000154,7896004791418,DAPAGLIFLOZINA 10MG X 30 COM REV - LG,Plusfarma - PI,172.0,0.7211,120.62,0.0,33.64,33.64,2026-09-11 17:21:09,OK,
PI,GD,45592059000154,7896004791418,DAPAGLIFLOZINA 10MG X 30 COM REV - LG,Panpharma - PI,55.0,0.6728000000000001,120.62,0.0,39.47,39.47,2026-09-11 17:21:09,OK,
PI,GD,45592059000154,7896004791418,DAPAGLIFLOZINA 10MG X 30 COM REV - LG,Total Comércio - PI,105.0,0.6673,120.62,0.0,42.08,40.13,2026-09-11 17:21:09,OK,
PI,GD,45592059000154,7896004791456,Risedronato Sódico 150 mg Caixa 1 Comprimido,Nazaria - PI,78.0,0.8247,119.73,0.0,20.99,20.99,2026-09-11 17:21:12,OK,
PI,GD,45592059000154,7896004791456,Risedronato Sódico 150 mg Caixa 1 Comprimido,Plusfarma - PI,50.0,0.8247,119.73,0.0,20.99,20.99,2026-09-11 17:21:12,OK,
PI,GD,45592059000154,7896004791456,Risedronato Sódico 150 mg Caixa 1 Comprimido,Panpharma - PI,43.0,0.8227,119.73,0.0,21.23,21.23,2026-09-11 17:21:12,OK,
PI,GD,45592059000154,7896004791456,Risedronato Sódico 150 mg Caixa 1 Comprimido,Total Comércio - PI,18.0,0.8066,119.73,0.0,24.28,23.16,2026-09-11 17:21:12,OK,
PI,GD,45592059000154,7896004792040,Nitazoxanida 20 mg/ml Frasco 45 ml Pó Para Suspensão,Nazaria - PI,189.0,0.5085999999999999,19.32,0.0,9.49,9.49,2026-09-11 17:21:16,OK,
PI,GD,45592059000154,7896004792040,Nitazoxanida 20 mg/ml Frasco 45 ml Pó Para Suspensão,Plusfarma - PI,14.0,0.5085999999999999,19.32,0.0,9.49,9.49,2026-09-11 17:21:16,OK,
PI,GD,45592059000154,7896004792040,Nitazoxanida 20 mg/ml Frasco 45 ml Pó Para Suspensão,Total Comércio - PI,33.0,0.5085999999999999,19.32,0.0,9.94,9.49,2026-09-11 17:21:16,OK,
PI,GD,45592059000154,7896004792057,Nitazoxanida 20 mg/ml Frasco 100 ml Pó Para Suspensão,Plusfarma - PI,17.0,0.5532,43.5,0.0,19.44,19.44,2026-09-11 17:21:19,OK,
PI,GD,45592059000154,7896004792057,Nitazoxanida 20 mg/ml Frasco 100 ml Pó Para Suspensão,Nazaria - PI,15.0,0.5532,43.5,0.0,19.44,19.44,2026-09-11 17:21:19,OK,
PI,GD,45592059000154,7896004792286,Lisdexanfetamina 30 mg Caixa 30 Cápsulas,Nazaria - PI,142.0,0.5468,253.72,0.0,114.99,114.99,2026-09-11 17:21:22,OK,
PI,GD,45592059000154,7896004792286,Lisdexanfetamina 30 mg Caixa 30 Cápsulas,Plusfarma - PI,88.0,0.5468,253.72,0.0,114.99,114.99,2026-09-11 17:21:22,OK,
PI,GD,45592059000154,7896004792286,Lisdexanfetamina 30 mg Caixa 30 Cápsulas,Panpharma - PI,105.0,0.5447,253.72,0.0,115.52,115.52,2026-09-11 17:21:22,OK,
PI,GD,45592059000154,7896004792293,Lisdexanfetamina 50 mg Caixa 30 Cápsulas,Plusfarma - PI,118.0,0.5478000000000001,307.7,0.0,139.14,139.14,2026-09-11 17:21:26,OK,
PI,GD,45592059000154,7896004792293,Lisdexanfetamina 50 mg Caixa 30 Cápsulas,Nazaria - PI,112.0,0.5478000000000001,307.7,0.0,139.14,139.14,2026-09-11 17:21:26,OK,
PI,GD,45592059000154,7896004792293,Lisdexanfetamina 50 mg Caixa 30 Cápsulas,Panpharma - PI,89.0,0.5457,307.7,0.0,139.79,139.79,2026-09-11 17:21:26,OK,
PI,GD,45592059000154,7896004792309,Lisdexanfetamina 70 mg Caixa 30 Cápsulas,Nazaria - PI,164.0,0.5475,307.7,0.0,139.23,139.23,2026-09-11 17:21:30,OK,
PI,GD,45592059000154,7896004792309,Lisdexanfetamina 70 mg Caixa 30 Cápsulas,Plusfarma - PI,5.0,0.5475,307.7,0.0,139.23,139.23,2026-09-11 17:21:30,OK,
PI,GD,45592059000154,7896004792309,Lisdexanfetamina 70 mg Caixa 30 Cápsulas,Panpharma - PI,55.0,0.5454,307.7,0.0,139.88,139.88,2026-09-11 17:21:30,OK,
PI,GD,45592059000154,7896004792316,,,0.0,0.0,0.0,0.0,0.0,0.0,2026-09-11 17:21:42,ERRO,Message: Nenhuma distribuidora pôde ser lida no card do produto.
PI,GD,45592059000154,7896004792323,Levetiracetam 100 mg/ml Frasco 150 ml Solução Oral,Plusfarma - PI,31.0,0.318,89.69,0.0,61.17,61.17,2026-09-11 17:21:45,OK,
PI,GD,45592059000154,7896004792323,Levetiracetam 100 mg/ml Frasco 150 ml Solução Oral,Nazaria - PI,4.0,0.318,89.69,0.0,61.17,61.17,2026-09-11 17:21:45,OK,
PI,GD,45592059000154,7896004793429,Cetorolaco 10 mg Caixa 10 Comprimidos Sublinguais,Nazaria - PI,228.0,0.7579,28.32,0.0,6.86,6.86,2026-09-11 17:21:49,OK,
PI,GD,45592059000154,7896004793429,Cetorolaco 10 mg Caixa 10 Comprimidos Sublinguais,Plusfarma - PI,47.0,0.7579,28.32,0.0,6.86,6.86,2026-09-11 17:21:49,OK,
PI,GD,45592059000154,7896004793429,Cetorolaco 10 mg Caixa 10 Comprimidos Sublinguais,Total Comércio - PI,33.0,0.7579,28.32,0.0,7.19,6.86,2026-09-11 17:21:49,OK,
PI,GD,45592059000154,7896004793429,Cetorolaco 10 mg Caixa 10 Comprimidos Sublinguais,Panpharma - PI,9.0,0.7276,28.32,0.0,7.71,7.71,2026-09-11 17:21:49,OK,
PI,GD,45592059000154,7896004793436,Cetorolaco 10 mg Caixa 20 Comprimidos Sublinguais,Plusfarma - PI,156.0,0.7465999999999999,54.32,0.0,13.76,13.76,2026-09-11 17:21:52,OK,
PI,GD,45592059000154,7896004793436,Cetorolaco 10 mg Caixa 20 Comprimidos Sublinguais,Nazaria - PI,22.0,0.7465999999999999,54.32,0.0,13.76,13.76,2026-09-11 17:21:52,OK,
PI,GD,45592059000154,7896004793436,Cetorolaco 10 mg Caixa 20 Comprimidos Sublinguais,Total Comércio - PI,57.0,0.7465999999999999,54.32,0.0,14.44,13.76,2026-09-11 17:21:52,OK,
PI,GD,45592059000154,7896004793436,Cetorolaco 10 mg Caixa 20 Comprimidos Sublinguais,Panpharma - PI,31.0,0.7276,54.32,0.0,14.8,14.8,2026-09-11 17:21:52,OK,
PI,GD,45592059000154,7896004793719,Indapamida 1.5 mg Caixa 60 Comprimidos Revestidos Lib. Prolongada,Plusfarma - PI,103.0,0.7612000000000001,57.59,0.0,13.75,13.75,2026-09-11 17:21:56,OK,
PI,GD,45592059000154,7896004793719,Indapamida 1.5 mg Caixa 60 Comprimidos Revestidos Lib. Prolongada,Nazaria - PI,7.0,0.7612000000000001,57.59,0.0,13.75,13.75,2026-09-11 17:21:56,OK,
PI,GD,45592059000154,7896004793719,Indapamida 1.5 mg Caixa 60 Comprimidos Revestidos Lib. Prolongada,Total Comércio - PI,56.0,0.7612000000000001,57.59,0.0,14.42,13.75,2026-09-11 17:21:56,OK,
PI,GD,45592059000154,7896004793801,Valsartana 80 mg Caixa 30 Comprimidos,Total Comércio - PI,104.0,0.8117,63.34,0.0,12.51,11.93,2026-09-11 17:22:00,OK,
PI,GD,45592059000154,7896004793801,Valsartana 80 mg Caixa 30 Comprimidos,Nazaria - PI,151.0,0.7406999999999999,63.34,0.0,16.42,16.42,2026-09-11 17:22:00,OK,
PI,GD,45592059000154,7896004793801,Valsartana 80 mg Caixa 30 Comprimidos,Plusfarma - PI,45.0,0.7406999999999999,63.34,0.0,16.42,16.42,2026-09-11 17:22:00,OK,
PI,GD,45592059000154,7896004793801,Valsartana 80 mg Caixa 30 Comprimidos,Panpharma - PI,5.0,0.6334000000000001,63.34,0.0,23.22,23.22,2026-09-11 17:22:00,OK,
PI,GD,45592059000154,7896004793818,Valsartana 160 mg Caixa 30 Comprimidos,Nazaria - PI,196.0,0.7086,63.38,0.0,18.47,18.47,2026-09-11 17:22:03,OK,
PI,GD,45592059000154,7896004793818,Valsartana 160 mg Caixa 30 Comprimidos,Plusfarma - PI,60.0,0.7086,63.38,0.0,18.47,18.47,2026-09-11 17:22:03,OK,
PI,GD,45592059000154,7896004793818,Valsartana 160 mg Caixa 30 Comprimidos,Total Comércio - PI,9.0,0.7086,63.38,0.0,19.37,18.47,2026-09-11 17:22:03,OK,
PI,GD,45592059000154,7896004793825,Valsartana 320 mg Caixa 30 Comprimidos,Nazaria - PI,166.0,0.5989,74.99,0.0,30.08,30.08,2026-09-11 17:22:07,OK,
PI,GD,45592059000154,7896004793825,Valsartana 320 mg Caixa 30 Comprimidos,Plusfarma - PI,38.0,0.5989,74.99,0.0,30.08,30.08,2026-09-11 17:22:07,OK,
PI,GD,45592059000154,7896004793825,Valsartana 320 mg Caixa 30 Comprimidos,Total Comércio - PI,48.0,0.5989,74.98,0.0,31.54,30.07,2026-09-11 17:22:07,OK,
PI,GD,45592059000154,7896004793825,Valsartana 320 mg Caixa 30 Comprimidos,Panpharma - PI,4.0,0.4021,74.99,0.0,44.84,44.84,2026-09-11 17:22:07,OK,
PI,GD,45592059000154,7896004793931,Rosuvastatina Cálcica 40 mg Caixa 30 Comprimidos Revestidos,Plusfarma - PI,242.0,0.6079,134.84,0.0,52.87,52.87,2026-09-11 17:22:11,OK,
PI,GD,45592059000154,7896004793931,Rosuvastatina Cálcica 40 mg Caixa 30 Comprimidos Revestidos,Nazaria - PI,26.0,0.6079,134.84,0.0,52.87,52.87,2026-09-11 17:22:11,OK,
PI,GD,45592059000154,7896004793931,Rosuvastatina Cálcica 40 mg Caixa 30 Comprimidos Revestidos,Total Comércio - PI,70.0,0.6079,134.84,0.0,55.44,52.87,2026-09-11 17:22:11,OK,
PI,GD,45592059000154,7896004793931,Rosuvastatina Cálcica 40 mg Caixa 30 Comprimidos Revestidos,Panpharma - PI,9.0,0.5824,134.84,0.0,56.31,56.31,2026-09-11 17:22:11,OK,
PI,GD,45592059000154,7896004794044,Duloxetina 30 mg Caixa 60 Cápsulas,Nazaria - PI,59.0,0.4703,122.31,0.0,64.79,64.79,2026-09-11 17:22:14,OK,
PI,GD,45592059000154,7896004794044,Duloxetina 30 mg Caixa 60 Cápsulas,Plusfarma - PI,26.0,0.4703,122.31,0.0,64.79,64.79,2026-09-11 17:22:14,OK,
PI,GD,45592059000154,7896004794044,Duloxetina 30 mg Caixa 60 Cápsulas,Panpharma - PI,24.0,0.4683,122.31,0.0,65.03,65.03,2026-09-11 17:22:14,OK,
PI,GD,45592059000154,7896004794044,Duloxetina 30 mg Caixa 60 Cápsulas,Total Comércio - PI,11.0,0.4618,122.31,0.0,69.03,65.83,2026-09-11 17:22:14,OK,
PI,GD,45592059000154,7896004794051,Duloxetina 60 mg Caixa 60 Cápsulas,Nazaria - PI,68.0,0.4421,219.24,0.0,122.31,122.31,2026-09-11 17:22:18,OK,
PI,GD,45592059000154,7896004794051,Duloxetina 60 mg Caixa 60 Cápsulas,Plusfarma - PI,19.0,0.4421,219.24,0.0,122.31,122.31,2026-09-11 17:22:18,OK,
PI,GD,45592059000154,7896004794051,Duloxetina 60 mg Caixa 60 Cápsulas,Total Comércio - PI,14.0,0.4205,219.24,0.0,133.19,127.05,2026-09-11 17:22:18,OK,
PI,GD,45592059000154,7896004794068,Bupropiona 300 mg Caixa 30 Comprimidos,Panpharma - PI,55.0,0.5581,160.0,0.0,70.7,70.7,2026-09-11 17:22:21,OK,
PI,GD,45592059000154,7896004794068,Bupropiona 300 mg Caixa 30 Comprimidos,Nazaria - PI,55.0,0.5381,160.0,0.0,73.9,73.9,2026-09-11 17:22:21,OK,
PI,GD,45592059000154,7896004794075,Fexofenadina 6 mg/ml Frasco 150 ml,Nazaria - PI,428.0,0.5214,50.27,0.0,24.06,24.06,2026-09-11 17:22:25,OK,
PI,GD,45592059000154,7896004794075,Fexofenadina 6 mg/ml Frasco 150 ml,Plusfarma - PI,1.0,0.5214,50.27,0.0,24.06,24.06,2026-09-11 17:22:25,OK,
PI,GD,45592059000154,7896004794075,Fexofenadina 6 mg/ml Frasco 150 ml,Panpharma - PI,40.0,0.5194,50.27,0.0,24.16,24.16,2026-09-11 17:22:25,OK,
PI,GD,45592059000154,7896004794075,Fexofenadina 6 mg/ml Frasco 150 ml,Total Comércio - PI,34.0,0.45020000000000004,50.27,0.0,28.98,27.64,2026-09-11 17:22:25,OK,
PI,GD,45592059000154,7896004794174,Fexofenadina 6 mg/ml Frasco 60 ml,Nazaria - PI,203.0,0.5181,22.13,0.0,10.66,10.66,2026-09-11 17:22:28,OK,
PI,GD,45592059000154,7896004794174,Fexofenadina 6 mg/ml Frasco 60 ml,Plusfarma - PI,117.0,0.5181,22.13,0.0,10.66,10.66,2026-09-11 17:22:28,OK,
PI,GD,45592059000154,7896004794174,Fexofenadina 6 mg/ml Frasco 60 ml,Panpharma - PI,63.0,0.516,22.13,0.0,10.71,10.71,2026-09-11 17:22:28,OK,
PI,GD,45592059000154,7896004794198,Escitalopram 20 mg com 60 Comprimidos,Plusfarma - PI,54.0,0.8561,162.32,0.0,23.36,23.36,2026-09-11 17:22:32,OK,
PI,GD,45592059000154,7896004794198,Escitalopram 20 mg com 60 Comprimidos,Nazaria - PI,19.0,0.8561,162.32,0.0,23.36,23.36,2026-09-11 17:22:32,OK,
PI,GD,45592059000154,7896004794198,Escitalopram 20 mg com 60 Comprimidos,Panpharma - PI,38.0,0.8501000000000001,162.32,0.0,24.33,24.33,2026-09-11 17:22:32,OK,
PI,GD,45592059000154,7896004794198,Escitalopram 20 mg com 60 Comprimidos,Total Comércio - PI,157.0,0.8561,162.32,0.0,24.49,23.36,2026-09-11 17:22:32,OK,
PI,GD,45592059000154,7896004795041,BROMIDRATO DE VORTIOXETINA 5MG X 30CPR,Nazaria - PI,22.0,0.4707,69.77,0.0,36.93,36.93,2026-09-11 17:22:35,OK,
PI,GD,45592059000154,7896004795041,BROMIDRATO DE VORTIOXETINA 5MG X 30CPR,Plusfarma - PI,5.0,0.4707,69.77,0.0,36.93,36.93,2026-09-11 17:22:35,OK,
PI,GD,45592059000154,7896004795041,BROMIDRATO DE VORTIOXETINA 5MG X 30CPR,Total Comércio - PI,46.0,0.4707,69.77,0.0,38.72,36.93,2026-09-11 17:22:35,OK,
PI,GD,45592059000154,7896004795058,BROMIDRATO DE VORTIOXETINA 10MG + 30CPR,Nazaria - PI,62.0,0.49,114.97,0.0,58.63,58.63,2026-09-11 17:22:39,OK,
PI,GD,45592059000154,7896004795058,BROMIDRATO DE VORTIOXETINA 10MG + 30CPR,Panpharma - PI,14.0,0.4633,114.97,0.0,61.7,61.7,2026-09-11 17:22:39,OK,
PI,GD,45592059000154,7896004795065,BROMIDRATO DE VORTIOXETINA 10MG + 60CPR,Nazaria - PI,41.0,0.4267,206.94,0.0,118.64,118.64,2026-09-11 17:22:42,OK,
PI,GD,45592059000154,7896004795065,BROMIDRATO DE VORTIOXETINA 10MG + 60CPR,Total Comércio - PI,55.0,0.4267,206.94,0.0,124.4,118.64,2026-09-11 17:22:42,OK,
PI,GD,45592059000154,7896004795188,Zolpidem 5MG X 30 SL,Plusfarma - PI,46.0,0.7585999999999999,87.73,0.0,21.18,21.18,2026-09-11 17:22:45,OK,
PI,GD,45592059000154,7896004795188,Zolpidem 5MG X 30 SL,Panpharma - PI,27.0,0.6842,87.73,0.0,27.71,27.71,2026-09-11 17:22:45,OK,
PI,GD,45592059000154,7896004795232,AMOXICILINA + CLAVULANATO DE POTÁSSIO 500MG X 125MG X 21COR,Plusfarma - PI,117.0,0.725,158.9,0.0,43.7,43.7,2026-09-11 17:22:48,OK,
PI,GD,45592059000154,7896004795232,AMOXICILINA + CLAVULANATO DE POTÁSSIO 500MG X 125MG X 21COR,Nazaria - PI,69.0,0.725,158.9,0.0,43.7,43.7,2026-09-11 17:22:48,OK,
PI,GD,45592059000154,7896004795232,AMOXICILINA + CLAVULANATO DE POTÁSSIO 500MG X 125MG X 21COR,Panpharma - PI,30.0,0.7201000000000001,158.9,0.0,44.48,44.48,2026-09-11 17:22:48,OK,
PI,GD,45592059000154,7896004795461,"CLOR.DE NARATRIPTANA 2,5MG C/8 COM REV-LG",Nazaria - PI,60.0,0.4305,27.94,0.0,15.91,15.91,2026-09-11 17:22:52,OK,
PI,GD,45592059000154,7896004795461,"CLOR.DE NARATRIPTANA 2,5MG C/8 COM REV-LG",Panpharma - PI,228.0,0.413,27.94,0.0,16.4,16.4,2026-09-11 17:22:52,OK,
PI,GD,45592059000154,7896004796284,DICL.TRIMETAZIDINA 35MG C/60 COM REV-LG,Plusfarma - PI,99.0,0.5783,103.7,0.0,43.73,43.73,2026-09-11 17:22:55,OK,
PI,GD,45592059000154,7896004796284,DICL.TRIMETAZIDINA 35MG C/60 COM REV-LG,Total Comércio - PI,55.0,0.5783,103.7,0.0,45.86,43.73,2026-09-11 17:22:55,OK,
PI,GD,45592059000154,7896004796284,DICL.TRIMETAZIDINA 35MG C/60 COM REV-LG,Panpharma - PI,54.0,0.4727,103.7,0.0,54.68,54.68,2026-09-11 17:22:55,OK,
PI,GD,45592059000154,7896004796291,DICL.TRIMETAZIDINA 35MG C/30 COM REV-LG,Plusfarma - PI,72.0,0.5473,51.85,0.0,23.47,23.47,2026-09-11 17:22:59,OK,
PI,GD,45592059000154,7896004796291,DICL.TRIMETAZIDINA 35MG C/30 COM REV-LG,Total Comércio - PI,38.0,0.5473,51.85,0.0,24.61,23.47,2026-09-11 17:22:59,OK,
PI,GD,45592059000154,7896004796291,DICL.TRIMETAZIDINA 35MG C/30 COM REV-LG,Panpharma - PI,40.0,0.5128,51.85,0.0,25.26,25.26,2026-09-11 17:22:59,OK,
PI,GD,45592059000154,7896004796307,BES. LEVANLODIPINO 5MG C/30COMP -LG,Plusfarma - PI,127.0,0.47950000000000004,80.42,0.0,41.86,41.86,2026-09-11 17:23:02,OK,
PI,GD,45592059000154,7896004796307,BES. LEVANLODIPINO 5MG C/30COMP -LG,Total Comércio - PI,38.0,0.47950000000000004,80.42,0.0,43.89,41.86,2026-09-11 17:23:02,OK,
PI,GD,45592059000154,7896004796307,BES. LEVANLODIPINO 5MG C/30COMP -LG,Panpharma - PI,47.0,0.3944,80.42,0.0,48.7,48.7,2026-09-11 17:23:02,OK,
PI,GD,45592059000154,7896004796314,"BES. LEVANLODIPINO 2,5MG C/30COMP-LG",Plusfarma - PI,101.0,0.5075999999999999,41.41,0.0,20.39,20.39,2026-09-11 17:23:06,OK,
PI,GD,45592059000154,7896004796314,"BES. LEVANLODIPINO 2,5MG C/30COMP-LG",Total Comércio - PI,49.0,0.5075999999999999,41.41,0.0,21.38,20.39,2026-09-11 17:23:06,OK,
PI,GD,45592059000154,7896004796314,"BES. LEVANLODIPINO 2,5MG C/30COMP-LG",Panpharma - PI,19.0,0.4496,41.41,0.0,22.79,22.79,2026-09-11 17:23:06,OK,
PI,GD,45592059000154,7896004796352,GUAIFENESINA + OXOMEMAZINA + POTASSIO IODETO + SODIO BENZOATO x 120ML,Nazaria - PI,1880.0,0.7143,41.86,0.0,11.96,11.96,2026-09-11 17:23:09,OK,
PI,GD,45592059000154,7896004796352,GUAIFENESINA + OXOMEMAZINA + POTASSIO IODETO + SODIO BENZOATO x 120ML,Plusfarma - PI,593.0,0.7143,41.86,0.0,11.96,11.96,2026-09-11 17:23:09,OK,
PI,GD,45592059000154,7896004796352,GUAIFENESINA + OXOMEMAZINA + POTASSIO IODETO + SODIO BENZOATO x 120ML,Panpharma - PI,572.0,0.7112999999999999,41.86,0.0,12.08,12.08,2026-09-11 17:23:09,OK,
