UF,CONSULTOR_USADO,CNPJ_REFERENCIA,EAN,PRODUTO,DISTRIBUIDORA,ESTOQUE,DESCONTO,PF_DIST,PF_FABRICA,PRECO_COM_IMPOSTO,PRECO_SEM_IMPOSTO,DATA_ATUALIZACAO,STATUS,ERRO
MA,GD,14569758000150,7894916372770,,,0.0,0.0,0.0,0.0,0.0,0.0,2026-09-09 20:53:17,ERRO,Message: Nenhuma distribuidora pôde ser lida no card do produto.
MA,GD,14569758000150,7894916372787,Xarope Cloridrato de Ambroxol Infantil 15mg/5ml Frasco 120 ml,Panpharma - CE,77.0,0.47,19.21,0.0,10.18,10.18,2026-09-09 20:53:21,OK,
MA,GD,14569758000150,7894916372787,Xarope Cloridrato de Ambroxol Infantil 15mg/5ml Frasco 120 ml,Emmarka - MA,299.0,0.4533,19.21,0.0,10.5,10.5,2026-09-09 20:53:21,OK,
MA,GD,14569758000150,7894916372787,Xarope Cloridrato de Ambroxol Infantil 15mg/5ml Frasco 120 ml,Nazaria - MA - Timon,148.0,0.4533,19.21,0.0,10.5,10.5,2026-09-09 20:53:21,OK,
MA,GD,14569758000150,7894916372787,Xarope Cloridrato de Ambroxol Infantil 15mg/5ml Frasco 120 ml,Nazaria - MA - Imperatriz,123.0,0.4533,19.21,0.0,10.5,10.5,2026-09-09 20:53:21,OK,
MA,GD,14569758000150,7894916372855,Anastrozol 1 mg Caixa 30 Comprimidos Revestidos,Panpharma - CE,55.0,0.9048999999999999,821.45,0.0,78.12,78.12,2026-09-09 20:53:25,OK,
MA,GD,14569758000150,7894916372855,Anastrozol 1 mg Caixa 30 Comprimidos Revestidos,Emmarka - MA,52.0,0.8869,821.45,0.0,92.91,92.91,2026-09-09 20:53:25,OK,
MA,GD,14569758000150,7894916372855,Anastrozol 1 mg Caixa 30 Comprimidos Revestidos,Nazaria - MA - Imperatriz,19.0,0.8869,821.45,0.0,92.91,92.91,2026-09-09 20:53:25,OK,
MA,GD,14569758000150,7894916372855,Anastrozol 1 mg Caixa 30 Comprimidos Revestidos,Nazaria - MA - Timon,11.0,0.8869,821.45,0.0,92.91,92.91,2026-09-09 20:53:25,OK,
MA,GD,14569758000150,7896004700038,Paracetamol 200 mg/ml Frasco 15 ml Gotas,Nazaria - MA - Timon,8662.0,0.5866,11.58,0.0,4.79,4.79,2026-09-09 20:53:30,OK,
MA,GD,14569758000150,7896004700038,Paracetamol 200 mg/ml Frasco 15 ml Gotas,Nazaria - MA - Imperatriz,6516.0,0.5866,11.58,0.0,4.79,4.79,2026-09-09 20:53:30,OK,
MA,GD,14569758000150,7896004700038,Paracetamol 200 mg/ml Frasco 15 ml Gotas,Emmarka - MA,1880.0,0.5866,11.58,0.0,4.79,4.79,2026-09-09 20:53:30,OK,
MA,GD,14569758000150,7896004700038,Paracetamol 200 mg/ml Frasco 15 ml Gotas,Panpharma - CE,865.0,0.5658,11.58,0.0,5.03,5.03,2026-09-09 20:53:30,OK,
MA,GD,14569758000150,7896004700250,,,0.0,0.0,0.0,0.0,0.0,0.0,2026-09-09 20:53:42,ERRO,Message: Nenhuma distribuidora pôde ser lida no card do produto.
MA,GD,14569758000150,7896004700274,Tenoxicam 20 mg Caixa 10 Comprimidos Revestidos,Panpharma - CE,53.0,0.7039,46.1,0.0,13.65,13.65,2026-09-09 20:53:47,OK,
MA,GD,14569758000150,7896004700274,Tenoxicam 20 mg Caixa 10 Comprimidos Revestidos,Nazaria - MA - Timon,61.0,0.6878,46.1,0.0,14.39,14.39,2026-09-09 20:53:47,OK,
MA,GD,14569758000150,7896004700274,Tenoxicam 20 mg Caixa 10 Comprimidos Revestidos,Nazaria - MA - Imperatriz,47.0,0.6878,46.1,0.0,14.39,14.39,2026-09-09 20:53:47,OK,
MA,GD,14569758000150,7896004700274,Tenoxicam 20 mg Caixa 10 Comprimidos Revestidos,Emmarka - MA,15.0,0.6878,46.1,0.0,14.39,14.39,2026-09-09 20:53:47,OK,
MA,GD,14569758000150,7896004700403,Diltiazem 60 mg Caixa 50 Comprimidos,Panpharma - CE,27.0,0.2724,40.0,0.0,29.1,29.1,2026-09-09 20:53:51,OK,
MA,GD,14569758000150,7896004700403,Diltiazem 60 mg Caixa 50 Comprimidos,Nazaria - MA - Timon,54.0,0.2545,40.0,0.0,29.82,29.82,2026-09-09 20:53:51,OK,
MA,GD,14569758000150,7896004700403,Diltiazem 60 mg Caixa 50 Comprimidos,Emmarka - MA,54.0,0.2545,40.0,0.0,29.82,29.82,2026-09-09 20:53:51,OK,
MA,GD,14569758000150,7896004700403,Diltiazem 60 mg Caixa 50 Comprimidos,Nazaria - MA - Imperatriz,44.0,0.2545,40.0,0.0,29.82,29.82,2026-09-09 20:53:51,OK,
MA,GD,14569758000150,7896004700410,Diltiazem 60 mg Caixa 25 Comprimidos,Nazaria - MA - Timon,40.0,0.45539999999999997,20.4,0.0,11.11,11.11,2026-09-09 20:53:55,OK,
MA,GD,14569758000150,7896004700427,Amoxicilina 500 mg Caixa 21 Cápsulas,Emmarka - MA,937.0,0.7475,35.82,0.0,9.04,9.04,2026-09-09 20:53:59,OK,
MA,GD,14569758000150,7896004700427,Amoxicilina 500 mg Caixa 21 Cápsulas,Nazaria - MA - Imperatriz,852.0,0.7475,35.82,0.0,9.04,9.04,2026-09-09 20:53:59,OK,
MA,GD,14569758000150,7896004700427,Amoxicilina 500 mg Caixa 21 Cápsulas,Nazaria - MA - Timon,799.0,0.7475,35.82,0.0,9.04,9.04,2026-09-09 20:53:59,OK,
MA,GD,14569758000150,7896004700427,Amoxicilina 500 mg Caixa 21 Cápsulas,Total - MA,171.0,0.7475,35.82,0.0,9.05,9.04,2026-09-09 20:53:59,OK,
MA,GD,14569758000150,7896004700427,Amoxicilina 500 mg Caixa 21 Cápsulas,Panpharma - CE,516.0,0.7313,35.82,0.0,9.62,9.62,2026-09-09 20:53:59,OK,
MA,GD,14569758000150,7896004700441,Amoxicilina 500 mg Caixa 15 Cápsulas,Panpharma - CE,395.0,0.6563,26.39,0.0,9.07,9.07,2026-09-09 20:54:04,OK,
MA,GD,14569758000150,7896004700441,Amoxicilina 500 mg Caixa 15 Cápsulas,Nazaria - MA - Timon,167.0,0.6512,26.39,0.0,9.2,9.2,2026-09-09 20:54:04,OK,
MA,GD,14569758000150,7896004700441,Amoxicilina 500 mg Caixa 15 Cápsulas,Emmarka - MA,89.0,0.6512,26.39,0.0,9.2,9.2,2026-09-09 20:54:04,OK,
MA,GD,14569758000150,7896004700441,Amoxicilina 500 mg Caixa 15 Cápsulas,Nazaria - MA - Imperatriz,22.0,0.6512,26.39,0.0,9.2,9.2,2026-09-09 20:54:04,OK,
MA,GD,14569758000150,7896004700458,Amoxicilina 250mg/5ml Frasco 150 ml Pó Para Suspensão Oral + Copo,Panpharma - CE,344.0,0.625,29.03,0.0,10.89,10.89,2026-09-09 20:54:09,OK,
MA,GD,14569758000150,7896004700458,Amoxicilina 250mg/5ml Frasco 150 ml Pó Para Suspensão Oral + Copo,Emmarka - MA,860.0,0.608,29.03,0.0,11.38,11.38,2026-09-09 20:54:09,OK,
MA,GD,14569758000150,7896004700458,Amoxicilina 250mg/5ml Frasco 150 ml Pó Para Suspensão Oral + Copo,Nazaria - MA - Timon,583.0,0.608,29.03,0.0,11.38,11.38,2026-09-09 20:54:09,OK,
MA,GD,14569758000150,7896004700458,Amoxicilina 250mg/5ml Frasco 150 ml Pó Para Suspensão Oral + Copo,Total - MA,269.0,0.608,29.03,0.0,11.38,11.38,2026-09-09 20:54:09,OK,
MA,GD,14569758000150,7896004700458,Amoxicilina 250mg/5ml Frasco 150 ml Pó Para Suspensão Oral + Copo,Nazaria - MA - Imperatriz,114.0,0.608,29.03,0.0,11.38,11.38,2026-09-09 20:54:09,OK,
MA,GD,14569758000150,7896004700526,Enalapril 5 mg Caixa 30 Comprimidos,Panpharma - CE,1485.0,0.8634999999999999,22.23,0.0,3.03,3.03,2026-09-09 20:54:12,OK,
MA,GD,14569758000150,7896004700526,Enalapril 5 mg Caixa 30 Comprimidos,Emmarka - MA,195.0,0.8504999999999999,22.23,0.0,3.32,3.32,2026-09-09 20:54:12,OK,
MA,GD,14569758000150,7896004700533,Enalapril 10 mg Caixa 30 Comprimidos,Panpharma - CE,5423.0,0.884,21.26,0.0,2.47,2.47,2026-09-09 20:54:17,OK,
MA,GD,14569758000150,7896004700533,Enalapril 10 mg Caixa 30 Comprimidos,Nazaria - MA - Timon,413.0,0.8621,21.26,0.0,2.93,2.93,2026-09-09 20:54:17,OK,
MA,GD,14569758000150,7896004700533,Enalapril 10 mg Caixa 30 Comprimidos,Nazaria - MA - Imperatriz,143.0,0.8621,21.26,0.0,2.93,2.93,2026-09-09 20:54:17,OK,
MA,GD,14569758000150,7896004700533,Enalapril 10 mg Caixa 30 Comprimidos,Emmarka - MA,143.0,0.8621,21.26,0.0,2.93,2.93,2026-09-09 20:54:17,OK,
MA,GD,14569758000150,7896004700533,Enalapril 10 mg Caixa 30 Comprimidos,Total - MA,127.0,0.8621,21.26,0.0,2.93,2.93,2026-09-09 20:54:17,OK,
MA,GD,14569758000150,7896004700540,Enalapril 20 mg Caixa 30 Comprimidos,Panpharma - CE,1416.0,0.8953,32.3,0.0,3.38,3.38,2026-09-09 20:54:21,OK,
MA,GD,14569758000150,7896004700540,Enalapril 20 mg Caixa 30 Comprimidos,Emmarka - MA,586.0,0.8752,32.3,0.0,4.03,4.03,2026-09-09 20:54:21,OK,
MA,GD,14569758000150,7896004700540,Enalapril 20 mg Caixa 30 Comprimidos,Nazaria - MA - Timon,278.0,0.8752,32.3,0.0,4.03,4.03,2026-09-09 20:54:21,OK,
MA,GD,14569758000150,7896004700564,,,0.0,0.0,0.0,0.0,0.0,0.0,2026-09-09 20:54:33,ERRO,Message: Nenhuma distribuidora pôde ser lida no card do produto.
MA,GD,14569758000150,7896004700571,Carbocisteína 50 mg/ml Frasco 100 ml Xarope Adulto,Panpharma - CE,35.0,0.5647,32.94,0.0,14.34,14.34,2026-09-09 20:54:38,OK,
MA,GD,14569758000150,7896004700571,Carbocisteína 50 mg/ml Frasco 100 ml Xarope Adulto,Emmarka - MA,166.0,0.5484,32.94,0.0,14.88,14.88,2026-09-09 20:54:38,OK,
MA,GD,14569758000150,7896004700571,Carbocisteína 50 mg/ml Frasco 100 ml Xarope Adulto,Total - MA,161.0,0.5484,32.94,0.0,14.88,14.88,2026-09-09 20:54:38,OK,
MA,GD,14569758000150,7896004700571,Carbocisteína 50 mg/ml Frasco 100 ml Xarope Adulto,Nazaria - MA - Timon,59.0,0.5484,32.94,0.0,14.88,14.88,2026-09-09 20:54:38,OK,
MA,GD,14569758000150,7896004700571,Carbocisteína 50 mg/ml Frasco 100 ml Xarope Adulto,Nazaria - MA - Imperatriz,38.0,0.5484,32.94,0.0,14.88,14.88,2026-09-09 20:54:38,OK,
MA,GD,14569758000150,7896004700656,Betametasona + Ácido Salicílico 0.5+30 mg/g Bisnaga 30 g Pomada,Panpharma - CE,396.0,0.7652,23.16,0.0,5.44,5.44,2026-09-09 20:54:42,OK,
MA,GD,14569758000150,7896004700656,Betametasona + Ácido Salicílico 0.5+30 mg/g Bisnaga 30 g Pomada,Nazaria - MA - Imperatriz,189.0,0.7472,23.16,0.0,5.85,5.85,2026-09-09 20:54:42,OK,
MA,GD,14569758000150,7896004700656,Betametasona + Ácido Salicílico 0.5+30 mg/g Bisnaga 30 g Pomada,Emmarka - MA,162.0,0.7472,23.16,0.0,5.85,5.85,2026-09-09 20:54:42,OK,
MA,GD,14569758000150,7896004700953,Pentoxifilina 400 mg Caixa 20 Comprimidos Revestidos,Panpharma - CE,173.0,0.1804,53.08,0.0,43.5,43.5,2026-09-09 20:54:47,OK,
MA,GD,14569758000150,7896004700953,Pentoxifilina 400 mg Caixa 20 Comprimidos Revestidos,Emmarka - MA,45.0,0.17309999999999998,53.08,0.0,43.89,43.89,2026-09-09 20:54:47,OK,
MA,GD,14569758000150,7896004700953,Pentoxifilina 400 mg Caixa 20 Comprimidos Revestidos,Nazaria - MA - Imperatriz,29.0,0.17309999999999998,53.08,0.0,43.89,43.89,2026-09-09 20:54:47,OK,
MA,GD,14569758000150,7896004700953,Pentoxifilina 400 mg Caixa 20 Comprimidos Revestidos,Nazaria - MA - Timon,11.0,0.17309999999999998,53.08,0.0,43.89,43.89,2026-09-09 20:54:47,OK,
MA,GD,14569758000150,7896004700984,Cetoconazol 20 mg/g Frasco 100 ml Shampoo Anticaspa,Panpharma - CE,48.0,0.644,63.03,0.0,22.44,22.44,2026-09-09 20:54:51,OK,
MA,GD,14569758000150,7896004700984,Cetoconazol 20 mg/g Frasco 100 ml Shampoo Anticaspa,Nazaria - MA - Timon,75.0,0.6261,63.03,0.0,23.57,23.57,2026-09-09 20:54:51,OK,
MA,GD,14569758000150,7896004700984,Cetoconazol 20 mg/g Frasco 100 ml Shampoo Anticaspa,Total - MA,256.0,0.6138,63.03,0.0,24.34,24.34,2026-09-09 20:54:51,OK,
MA,GD,14569758000150,7896004700991,Claritromicina 500 mg Caixa 14 Comprimidos Revestidos,Nazaria - MA - Imperatriz,231.0,0.6265999999999999,223.73,0.0,83.54,83.54,2026-09-09 20:54:54,OK,
MA,GD,14569758000150,7896004700991,Claritromicina 500 mg Caixa 14 Comprimidos Revestidos,Panpharma - CE,33.0,0.6114999999999999,223.73,0.0,86.92,86.92,2026-09-09 20:54:54,OK,
MA,GD,14569758000150,7896004701035,Terbinafina 10 mg/g Bisnaga 20 g Creme,Nazaria - MA - Timon,646.0,0.5123,36.28,0.0,17.69,17.69,2026-09-09 20:54:59,OK,
MA,GD,14569758000150,7896004701035,Terbinafina 10 mg/g Bisnaga 20 g Creme,Nazaria - MA - Imperatriz,457.0,0.5123,36.28,0.0,17.69,17.69,2026-09-09 20:54:59,OK,
MA,GD,14569758000150,7896004701035,Terbinafina 10 mg/g Bisnaga 20 g Creme,Total - MA,88.0,0.5123,36.28,0.0,17.69,17.69,2026-09-09 20:54:59,OK,
MA,GD,14569758000150,7896004701035,Terbinafina 10 mg/g Bisnaga 20 g Creme,Emmarka - MA,10.0,0.5123,36.28,0.0,17.69,17.69,2026-09-09 20:54:59,OK,
MA,GD,14569758000150,7896004701035,Terbinafina 10 mg/g Bisnaga 20 g Creme,Panpharma - CE,207.0,0.4546,36.28,0.0,19.79,19.79,2026-09-09 20:54:59,OK,
MA,GD,14569758000150,7896004701172,Claritromicina 500 mg Caixa 10 Comprimidos Revestidos,Total - MA,47.0,0.7676999999999999,152.65,0.0,35.46,35.46,2026-09-09 20:55:04,OK,
MA,GD,14569758000150,7896004701172,Claritromicina 500 mg Caixa 10 Comprimidos Revestidos,Panpharma - CE,11.0,0.6733,152.65,0.0,49.87,49.87,2026-09-09 20:55:04,OK,
MA,GD,14569758000150,7896004701172,Claritromicina 500 mg Caixa 10 Comprimidos Revestidos,Emmarka - MA,107.0,0.6554000000000001,152.65,0.0,52.6,52.6,2026-09-09 20:55:04,OK,
MA,GD,14569758000150,7896004701172,Claritromicina 500 mg Caixa 10 Comprimidos Revestidos,Nazaria - MA - Imperatriz,23.0,0.6554000000000001,152.65,0.0,52.6,52.6,2026-09-09 20:55:04,OK,
MA,GD,14569758000150,7896004701233,Bromoprida 4 mg/ml Frasco 20 ml Gotas,Panpharma - CE,1817.0,0.7240000000000001,19.9,0.0,5.49,5.49,2026-09-09 20:55:08,OK,
MA,GD,14569758000150,7896004701233,Bromoprida 4 mg/ml Frasco 20 ml Gotas,Total - MA,23.0,0.7193,19.89,0.0,5.58,5.58,2026-09-09 20:55:08,OK,
MA,GD,14569758000150,7896004701233,Bromoprida 4 mg/ml Frasco 20 ml Gotas,Emmarka - MA,2254.0,0.7193,19.9,0.0,5.59,5.59,2026-09-09 20:55:08,OK,
MA,GD,14569758000150,7896004701233,Bromoprida 4 mg/ml Frasco 20 ml Gotas,Nazaria - MA - Imperatriz,2107.0,0.7193,19.9,0.0,5.59,5.59,2026-09-09 20:55:08,OK,
MA,GD,14569758000150,7896004701233,Bromoprida 4 mg/ml Frasco 20 ml Gotas,Nazaria - MA - Timon,1801.0,0.7193,19.9,0.0,5.59,5.59,2026-09-09 20:55:08,OK,
MA,GD,14569758000150,7896004701288,Hidróxido De Alumínio 61.5 mg/ml Frasco 240 ml Suspensão Oral,Panpharma - CE,428.0,0.2412,22.21,0.0,16.85,16.85,2026-09-09 20:55:13,OK,
MA,GD,14569758000150,7896004701288,Hidróxido De Alumínio 61.5 mg/ml Frasco 240 ml Suspensão Oral,Emmarka - MA,865.0,0.2232,22.21,0.0,17.25,17.25,2026-09-09 20:55:13,OK,
MA,GD,14569758000150,7896004701288,Hidróxido De Alumínio 61.5 mg/ml Frasco 240 ml Suspensão Oral,Nazaria - MA - Timon,747.0,0.2232,22.21,0.0,17.25,17.25,2026-09-09 20:55:13,OK,
MA,GD,14569758000150,7896004701288,Hidróxido De Alumínio 61.5 mg/ml Frasco 240 ml Suspensão Oral,Nazaria - MA - Imperatriz,571.0,0.2232,22.21,0.0,17.25,17.25,2026-09-09 20:55:13,OK,
MA,GD,14569758000150,7896004701288,Hidróxido De Alumínio 61.5 mg/ml Frasco 240 ml Suspensão Oral,Total - MA,438.0,0.22089999999999999,22.21,0.0,17.3,17.3,2026-09-09 20:55:13,OK,
MA,GD,14569758000150,7896004701301,Clomipramina 25 mg Caixa 20 Comprimidos Revestidos,Emmarka - MA,4.0,0.2843,33.01,0.0,23.63,23.63,2026-09-09 20:55:17,OK,
MA,GD,14569758000150,7896004701462,Lorazepam 2 mg Caixa 20 Comprimidos,Nazaria - MA - Timon,95.0,0.8297,18.27,0.0,3.11,3.11,2026-09-09 20:55:21,OK,
MA,GD,14569758000150,7896004701462,Lorazepam 2 mg Caixa 20 Comprimidos,Emmarka - MA,43.0,0.8297,18.27,0.0,3.11,3.11,2026-09-09 20:55:21,OK,
MA,GD,14569758000150,7896004701462,Lorazepam 2 mg Caixa 20 Comprimidos,Panpharma - CE,63.0,0.8109000000000001,18.27,0.0,3.45,3.45,2026-09-09 20:55:21,OK,
MA,GD,14569758000150,7896004701820,Diclofenaco Potássico 50 mg Caixa 20 Comprimidos Revestidos,Nazaria - MA - Timon,2101.0,0.8924,23.31,0.0,2.51,2.51,2026-09-09 20:55:25,OK,
MA,GD,14569758000150,7896004701820,Diclofenaco Potássico 50 mg Caixa 20 Comprimidos Revestidos,Emmarka - MA,761.0,0.8924,23.31,0.0,2.51,2.51,2026-09-09 20:55:25,OK,
MA,GD,14569758000150,7896004701820,Diclofenaco Potássico 50 mg Caixa 20 Comprimidos Revestidos,Nazaria - MA - Imperatriz,262.0,0.8924,23.31,0.0,2.51,2.51,2026-09-09 20:55:25,OK,
MA,GD,14569758000150,7896004701820,Diclofenaco Potássico 50 mg Caixa 20 Comprimidos Revestidos,Panpharma - CE,99.0,0.8581,23.31,0.0,3.31,3.31,2026-09-09 20:55:25,OK,
MA,GD,14569758000150,7896004701943,Sinvastatina 10 mg Caixa 30 Comprimidos Revestidos,Panpharma - CE,63.0,0.8170999999999999,26.03,0.0,4.76,4.76,2026-09-09 20:55:29,OK,
MA,GD,14569758000150,7896004701943,Sinvastatina 10 mg Caixa 30 Comprimidos Revestidos,Emmarka - MA,39.0,0.8165,26.03,0.0,4.78,4.78,2026-09-09 20:55:29,OK,
MA,GD,14569758000150,7896004701943,Sinvastatina 10 mg Caixa 30 Comprimidos Revestidos,Nazaria - MA - Imperatriz,34.0,0.8165,26.03,0.0,4.78,4.78,2026-09-09 20:55:29,OK,
MA,GD,14569758000150,7896004701967,Omeprazol Magnésico 20 mg Caixa 28 Cápsulas,Panpharma - CE,99.0,0.8612000000000001,28.7,0.0,3.98,3.98,2026-09-09 20:55:34,OK,
MA,GD,14569758000150,7896004701967,Omeprazol Magnésico 20 mg Caixa 28 Cápsulas,Nazaria - MA - Timon,444.0,0.8432999999999999,28.7,0.0,4.5,4.5,2026-09-09 20:55:34,OK,
MA,GD,14569758000150,7896004701967,Omeprazol Magnésico 20 mg Caixa 28 Cápsulas,Nazaria - MA - Imperatriz,111.0,0.8432999999999999,28.7,0.0,4.5,4.5,2026-09-09 20:55:34,OK,
MA,GD,14569758000150,7896004701967,Omeprazol Magnésico 20 mg Caixa 28 Cápsulas,Emmarka - MA,233.0,0.8303,28.7,0.0,4.87,4.87,2026-09-09 20:55:34,OK,
MA,GD,14569758000150,7896004701967,Omeprazol Magnésico 20 mg Caixa 28 Cápsulas,Total - MA,75.0,0.8119,28.7,0.0,5.4,5.4,2026-09-09 20:55:34,OK,
MA,GD,14569758000150,7896004702032,Nistatina 100000 ui/ml Frasco 50 ml Suspensão Oral,Panpharma - CE,110.0,0.7181000000000001,32.12,0.0,9.05,9.05,2026-09-09 20:55:39,OK,
MA,GD,14569758000150,7896004702032,Nistatina 100000 ui/ml Frasco 50 ml Suspensão Oral,Nazaria - MA - Imperatriz,239.0,0.6809000000000001,32.12,0.0,10.25,10.25,2026-09-09 20:55:39,OK,
MA,GD,14569758000150,7896004702032,Nistatina 100000 ui/ml Frasco 50 ml Suspensão Oral,Nazaria - MA - Timon,202.0,0.6809000000000001,32.12,0.0,10.25,10.25,2026-09-09 20:55:39,OK,
MA,GD,14569758000150,7896004702032,Nistatina 100000 ui/ml Frasco 50 ml Suspensão Oral,Emmarka - MA,149.0,0.6809000000000001,32.12,0.0,10.25,10.25,2026-09-09 20:55:39,OK,
MA,GD,14569758000150,7896004702032,Nistatina 100000 ui/ml Frasco 50 ml Suspensão Oral,Total - MA,145.0,0.6808,32.11,0.0,10.25,10.25,2026-09-09 20:55:39,OK,
MA,GD,14569758000150,7896004702049,Benzoilmetronidazol 40 mg/ml Frasco 120 ml Suspensão Oral,Nazaria - MA - Imperatriz,359.0,0.22190000000000001,14.55,0.0,11.32,11.32,2026-09-09 20:55:43,OK,
MA,GD,14569758000150,7896004702049,Benzoilmetronidazol 40 mg/ml Frasco 120 ml Suspensão Oral,Nazaria - MA - Timon,153.0,0.22190000000000001,14.55,0.0,11.32,11.32,2026-09-09 20:55:43,OK,
MA,GD,14569758000150,7896004702049,Benzoilmetronidazol 40 mg/ml Frasco 120 ml Suspensão Oral,Emmarka - MA,39.0,0.22190000000000001,14.55,0.0,11.32,11.32,2026-09-09 20:55:43,OK,
MA,GD,14569758000150,7896004702049,Benzoilmetronidazol 40 mg/ml Frasco 120 ml Suspensão Oral,Total - MA,104.0,0.2195,14.55,0.0,11.35,11.35,2026-09-09 20:55:43,OK,
MA,GD,14569758000150,7896004702452,Albendazol 40 mg/ml Frasco 10 ml Suspensão Oral,Emmarka - MA,3511.0,0.5512,10.97,0.0,4.92,4.92,2026-09-09 20:55:47,OK,
MA,GD,14569758000150,7896004702452,Albendazol 40 mg/ml Frasco 10 ml Suspensão Oral,Nazaria - MA - Timon,2638.0,0.5512,10.97,0.0,4.92,4.92,2026-09-09 20:55:47,OK,
MA,GD,14569758000150,7896004702452,Albendazol 40 mg/ml Frasco 10 ml Suspensão Oral,Nazaria - MA - Imperatriz,1855.0,0.5512,10.97,0.0,4.92,4.92,2026-09-09 20:55:47,OK,
MA,GD,14569758000150,7896004702452,Albendazol 40 mg/ml Frasco 10 ml Suspensão Oral,Panpharma - CE,327.0,0.5366,10.97,0.0,5.08,5.08,2026-09-09 20:55:47,OK,
MA,GD,14569758000150,7896004703275,Cefadroxila 500 mg Caixa 8 Cápsulas,Panpharma - CE,621.0,0.7615999999999999,56.44,0.0,13.46,13.46,2026-09-09 20:55:52,OK,
MA,GD,14569758000150,7896004703275,Cefadroxila 500 mg Caixa 8 Cápsulas,Nazaria - MA - Timon,1437.0,0.7469,56.44,0.0,14.28,14.28,2026-09-09 20:55:52,OK,
MA,GD,14569758000150,7896004703275,Cefadroxila 500 mg Caixa 8 Cápsulas,Nazaria - MA - Imperatriz,407.0,0.7469,56.44,0.0,14.28,14.28,2026-09-09 20:55:52,OK,
MA,GD,14569758000150,7896004703275,Cefadroxila 500 mg Caixa 8 Cápsulas,Emmarka - MA,390.0,0.7469,56.44,0.0,14.28,14.28,2026-09-09 20:55:52,OK,
MA,GD,14569758000150,7896004703275,Cefadroxila 500 mg Caixa 8 Cápsulas,Total - MA,208.0,0.7469,56.44,0.0,14.29,14.28,2026-09-09 20:55:52,OK,
MA,GD,14569758000150,7896004703305,,,0.0,0.0,0.0,0.0,0.0,0.0,2026-09-09 20:56:04,ERRO,Message: Nenhuma distribuidora pôde ser lida no card do produto.
MA,GD,14569758000150,7896004703312,Anlodipino 10 mg Caixa 30 Comprimidos,Nazaria - MA - Imperatriz,209.0,0.8771,53.69,0.0,6.6,6.6,2026-09-09 20:56:09,OK,
MA,GD,14569758000150,7896004703312,Anlodipino 10 mg Caixa 30 Comprimidos,Nazaria - MA - Timon,152.0,0.8771,53.69,0.0,6.6,6.6,2026-09-09 20:56:09,OK,
MA,GD,14569758000150,7896004703312,Anlodipino 10 mg Caixa 30 Comprimidos,Emmarka - MA,103.0,0.8771,53.69,0.0,6.6,6.6,2026-09-09 20:56:09,OK,
MA,GD,14569758000150,7896004703312,Anlodipino 10 mg Caixa 30 Comprimidos,Panpharma - CE,45.0,0.8691,53.69,0.0,7.03,7.03,2026-09-09 20:56:09,OK,
MA,GD,14569758000150,7896004703336,Fluconazol 150 mg Caixa 1 Cápsula,Total - MA,3.0,0.8273,12.58,0.0,2.17,2.17,2026-09-09 20:56:12,OK,
MA,GD,14569758000150,7896004703343,Fluconazol 150 mg Caixa 2 Cápsulas,Emmarka - MA,1779.0,0.6901999999999999,21.17,0.0,6.56,6.56,2026-09-09 20:56:17,OK,
MA,GD,14569758000150,7896004703343,Fluconazol 150 mg Caixa 2 Cápsulas,Nazaria - MA - Timon,268.0,0.6901999999999999,21.17,0.0,6.56,6.56,2026-09-09 20:56:17,OK,
MA,GD,14569758000150,7896004703343,Fluconazol 150 mg Caixa 2 Cápsulas,Nazaria - MA - Imperatriz,196.0,0.6901999999999999,21.17,0.0,6.56,6.56,2026-09-09 20:56:17,OK,
MA,GD,14569758000150,7896004703343,Fluconazol 150 mg Caixa 2 Cápsulas,Total - MA,83.0,0.6901999999999999,21.17,0.0,6.56,6.56,2026-09-09 20:56:17,OK,
MA,GD,14569758000150,7896004703381,,,0.0,0.0,0.0,0.0,0.0,0.0,2026-09-09 20:56:29,ERRO,Message: Nenhuma distribuidora pôde ser lida no card do produto.
MA,GD,14569758000150,7896004703398,Dipirona Monoidratada 500 mg Display 240 Comprimidos,Emmarka - MA,2380.0,0.7437,195.3,0.0,50.06,50.06,2026-09-09 20:56:33,OK,
MA,GD,14569758000150,7896004703398,Dipirona Monoidratada 500 mg Display 240 Comprimidos,Nazaria - MA - Timon,204.0,0.7437,195.3,0.0,50.06,50.06,2026-09-09 20:56:33,OK,
MA,GD,14569758000150,7896004703398,Dipirona Monoidratada 500 mg Display 240 Comprimidos,Nazaria - MA - Imperatriz,179.0,0.7437,195.3,0.0,50.06,50.06,2026-09-09 20:56:33,OK,
MA,GD,14569758000150,7896004703398,Dipirona Monoidratada 500 mg Display 240 Comprimidos,Total - MA,18.0,0.7437,195.3,0.0,50.06,50.06,2026-09-09 20:56:33,OK,
MA,GD,14569758000150,7896004703404,Amoxicilina + Clavulanato 500+125 mg Caixa 12 Comprimidos Revestidos,Panpharma - CE,598.0,0.6731999999999999,91.51,0.0,29.91,29.91,2026-09-09 20:56:38,OK,
MA,GD,14569758000150,7896004703404,Amoxicilina + Clavulanato 500+125 mg Caixa 12 Comprimidos Revestidos,Emmarka - MA,51.0,0.6552,91.51,0.0,31.55,31.55,2026-09-09 20:56:38,OK,
MA,GD,14569758000150,7896004703404,Amoxicilina + Clavulanato 500+125 mg Caixa 12 Comprimidos Revestidos,Nazaria - MA - Timon,22.0,0.6552,91.51,0.0,31.55,31.55,2026-09-09 20:56:38,OK,
MA,GD,14569758000150,7896004703404,Amoxicilina + Clavulanato 500+125 mg Caixa 12 Comprimidos Revestidos,Total - MA,115.0,0.6378,91.51,0.0,33.15,33.14,2026-09-09 20:56:38,OK,
MA,GD,14569758000150,7896004703411,Amoxicilina + Clavulanato 500+125 mg Caixa 18 Comprimidos Revestidos,Panpharma - CE,81.0,0.6733,136.91,0.0,44.73,44.73,2026-09-09 20:56:43,OK,
MA,GD,14569758000150,7896004703411,Amoxicilina + Clavulanato 500+125 mg Caixa 18 Comprimidos Revestidos,Emmarka - MA,73.0,0.6553,136.91,0.0,47.19,47.19,2026-09-09 20:56:43,OK,
MA,GD,14569758000150,7896004703411,Amoxicilina + Clavulanato 500+125 mg Caixa 18 Comprimidos Revestidos,Nazaria - MA - Imperatriz,25.0,0.6553,136.91,0.0,47.19,47.19,2026-09-09 20:56:43,OK,
MA,GD,14569758000150,7896004703411,Amoxicilina + Clavulanato 500+125 mg Caixa 18 Comprimidos Revestidos,Nazaria - MA - Timon,22.0,0.6553,136.91,0.0,47.19,47.19,2026-09-09 20:56:43,OK,
MA,GD,14569758000150,7896004703411,Amoxicilina + Clavulanato 500+125 mg Caixa 18 Comprimidos Revestidos,Total - MA,47.0,0.6368,136.91,0.0,49.72,49.72,2026-09-09 20:56:43,OK,
MA,GD,14569758000150,7896004703428,Amoxicilina + Clavulanato 250+62.5mg/5ml Frasco 75 ml Pó P/ Susp. Oral + Copo,Total - MA,54.0,0.5945,63.84,0.0,25.89,25.89,2026-09-09 20:56:48,OK,
MA,GD,14569758000150,7896004703428,Amoxicilina + Clavulanato 250+62.5mg/5ml Frasco 75 ml Pó P/ Susp. Oral + Copo,Nazaria - MA - Imperatriz,36.0,0.5945,63.84,0.0,25.89,25.89,2026-09-09 20:56:48,OK,
MA,GD,14569758000150,7896004703428,Amoxicilina + Clavulanato 250+62.5mg/5ml Frasco 75 ml Pó P/ Susp. Oral + Copo,Nazaria - MA - Timon,9.0,0.5945,63.84,0.0,25.89,25.89,2026-09-09 20:56:48,OK,
MA,GD,14569758000150,7896004703428,Amoxicilina + Clavulanato 250+62.5mg/5ml Frasco 75 ml Pó P/ Susp. Oral + Copo,Emmarka - MA,7.0,0.5945,63.84,0.0,25.89,25.89,2026-09-09 20:56:48,OK,
MA,GD,14569758000150,7896004703428,Amoxicilina + Clavulanato 250+62.5mg/5ml Frasco 75 ml Pó P/ Susp. Oral + Copo,Panpharma - CE,90.0,0.49700000000000005,63.84,0.0,32.11,32.11,2026-09-09 20:56:48,OK,
MA,GD,14569758000150,7896004703466,,,0.0,0.0,0.0,0.0,0.0,0.0,2026-09-09 20:57:00,ERRO,Message: Nenhuma distribuidora pôde ser lida no card do produto.
MA,GD,14569758000150,7896004703473,Metildopa 500 mg Caixa 30 Comprimidos Revestidos,Nazaria - MA - Timon,990.0,0.12210000000000001,46.82,0.0,41.1,41.1,2026-09-09 20:57:05,OK,
MA,GD,14569758000150,7896004703473,Metildopa 500 mg Caixa 30 Comprimidos Revestidos,Nazaria - MA - Imperatriz,804.0,0.12210000000000001,46.82,0.0,41.1,41.1,2026-09-09 20:57:05,OK,
MA,GD,14569758000150,7896004703473,Metildopa 500 mg Caixa 30 Comprimidos Revestidos,Emmarka - MA,429.0,0.12210000000000001,46.82,0.0,41.1,41.1,2026-09-09 20:57:05,OK,
MA,GD,14569758000150,7896004703473,Metildopa 500 mg Caixa 30 Comprimidos Revestidos,Total - MA,1081.0,0.12210000000000001,46.82,0.0,41.11,41.1,2026-09-09 20:57:05,OK,
MA,GD,14569758000150,7896004703473,Metildopa 500 mg Caixa 30 Comprimidos Revestidos,Panpharma - CE,123.0,0.0801,46.82,0.0,43.07,43.07,2026-09-09 20:57:05,OK,
MA,GD,14569758000150,7896004703480,Metildopa 250 mg Caixa 30 Comprimidos Revestidos,Total - MA,1192.0,0.12210000000000001,25.14,0.0,22.07,22.07,2026-09-09 20:57:09,OK,
MA,GD,14569758000150,7896004703480,Metildopa 250 mg Caixa 30 Comprimidos Revestidos,Nazaria - MA - Imperatriz,700.0,0.12210000000000001,25.14,0.0,22.07,22.07,2026-09-09 20:57:09,OK,
MA,GD,14569758000150,7896004703480,Metildopa 250 mg Caixa 30 Comprimidos Revestidos,Emmarka - MA,250.0,0.12210000000000001,25.14,0.0,22.07,22.07,2026-09-09 20:57:09,OK,
MA,GD,14569758000150,7896004703480,Metildopa 250 mg Caixa 30 Comprimidos Revestidos,Nazaria - MA - Timon,192.0,0.12210000000000001,25.14,0.0,22.07,22.07,2026-09-09 20:57:09,OK,
MA,GD,14569758000150,7896004703480,Metildopa 250 mg Caixa 30 Comprimidos Revestidos,Panpharma - CE,203.0,0.0801,25.14,0.0,23.13,23.13,2026-09-09 20:57:09,OK,
MA,GD,14569758000150,7896004703497,Claritromicina 250mg/5ml Frasco 60 ml Granulado Para Suspensão Oral + Diluente + Seringa,Panpharma - CE,14.0,0.2325,131.81,0.0,101.16,101.16,2026-09-09 20:57:14,OK,
MA,GD,14569758000150,7896004703497,Claritromicina 250mg/5ml Frasco 60 ml Granulado Para Suspensão Oral + Diluente + Seringa,Emmarka - MA,50.0,0.2146,131.81,0.0,103.52,103.52,2026-09-09 20:57:14,OK,
MA,GD,14569758000150,7896004703497,Claritromicina 250mg/5ml Frasco 60 ml Granulado Para Suspensão Oral + Diluente + Seringa,Nazaria - MA - Imperatriz,44.0,0.2146,131.81,0.0,103.52,103.52,2026-09-09 20:57:14,OK,
MA,GD,14569758000150,7896004703497,Claritromicina 250mg/5ml Frasco 60 ml Granulado Para Suspensão Oral + Diluente + Seringa,Nazaria - MA - Timon,26.0,0.2146,131.81,0.0,103.52,103.52,2026-09-09 20:57:14,OK,
MA,GD,14569758000150,7896004703497,Claritromicina 250mg/5ml Frasco 60 ml Granulado Para Suspensão Oral + Diluente + Seringa,Total - MA,20.0,0.1514,131.81,0.0,111.85,111.85,2026-09-09 20:57:14,OK,
MA,GD,14569758000150,7896004703565,Dexametasona 0.1 mg/ml Frasco 120 ml Elixir + Copo Dosador,Emmarka - MA,103.0,0.6636,16.57,0.0,5.57,5.57,2026-09-09 20:57:18,OK,
MA,GD,14569758000150,7896004703565,Dexametasona 0.1 mg/ml Frasco 120 ml Elixir + Copo Dosador,Total - MA,1652.0,0.6602,16.57,0.0,5.63,5.63,2026-09-09 20:57:18,OK,
MA,GD,14569758000150,7896004703596,Paracetamol 750 mg Caixa 20 Comprimidos Revestidos,Emmarka - MA,147.0,0.6422,20.01,0.0,7.16,7.16,2026-09-09 20:57:21,OK,
MA,GD,14569758000150,7896004703633,Lansoprazol 30 mg Caixa 28 Cápsulas de Liberação Retardada,Panpharma - CE,47.0,0.6664,115.95,0.0,38.68,38.68,2026-09-09 20:57:26,OK,
MA,GD,14569758000150,7896004703633,Lansoprazol 30 mg Caixa 28 Cápsulas de Liberação Retardada,Nazaria - MA - Timon,75.0,0.665,115.95,0.0,38.84,38.84,2026-09-09 20:57:26,OK,
MA,GD,14569758000150,7896004703633,Lansoprazol 30 mg Caixa 28 Cápsulas de Liberação Retardada,Emmarka - MA,50.0,0.665,115.95,0.0,38.84,38.84,2026-09-09 20:57:26,OK,
MA,GD,14569758000150,7896004703633,Lansoprazol 30 mg Caixa 28 Cápsulas de Liberação Retardada,Nazaria - MA - Imperatriz,22.0,0.665,115.95,0.0,38.84,38.84,2026-09-09 20:57:26,OK,
MA,GD,14569758000150,7896004703732,Sulfametoxazol+Trimetoprima 200+40mg/5ml Frasco 100 ml Susp. Oral + Copo,Panpharma - CE,1019.0,0.6504000000000001,15.96,0.0,5.58,5.58,2026-09-09 20:57:31,OK,
MA,GD,14569758000150,7896004703732,Sulfametoxazol+Trimetoprima 200+40mg/5ml Frasco 100 ml Susp. Oral + Copo,Nazaria - MA - Timon,5442.0,0.6325,15.96,0.0,5.87,5.87,2026-09-09 20:57:31,OK,
MA,GD,14569758000150,7896004703732,Sulfametoxazol+Trimetoprima 200+40mg/5ml Frasco 100 ml Susp. Oral + Copo,Emmarka - MA,5253.0,0.6325,15.96,0.0,5.87,5.87,2026-09-09 20:57:31,OK,
MA,GD,14569758000150,7896004703732,Sulfametoxazol+Trimetoprima 200+40mg/5ml Frasco 100 ml Susp. Oral + Copo,Nazaria - MA - Imperatriz,1333.0,0.6325,15.96,0.0,5.87,5.87,2026-09-09 20:57:31,OK,
MA,GD,14569758000150,7896004703732,Sulfametoxazol+Trimetoprima 200+40mg/5ml Frasco 100 ml Susp. Oral + Copo,Total - MA,698.0,0.6201,15.96,0.0,6.06,6.06,2026-09-09 20:57:31,OK,
MA,GD,14569758000150,7896004703794,Terbinafina 250 mg Caixa 14 Comprimidos,Panpharma - CE,44.0,0.7996,126.58,0.0,25.37,25.37,2026-09-09 20:57:35,OK,
MA,GD,14569758000150,7896004703794,Terbinafina 250 mg Caixa 14 Comprimidos,Emmarka - MA,98.0,0.7817000000000001,126.58,0.0,27.63,27.63,2026-09-09 20:57:35,OK,
MA,GD,14569758000150,7896004703794,Terbinafina 250 mg Caixa 14 Comprimidos,Nazaria - MA - Timon,60.0,0.7817000000000001,126.58,0.0,27.63,27.63,2026-09-09 20:57:35,OK,
MA,GD,14569758000150,7896004703794,Terbinafina 250 mg Caixa 14 Comprimidos,Nazaria - MA - Imperatriz,24.0,0.7817000000000001,126.58,0.0,27.63,27.63,2026-09-09 20:57:35,OK,
MA,GD,14569758000150,7896004703794,Terbinafina 250 mg Caixa 14 Comprimidos,Total - MA,465.0,0.7736,126.58,0.0,28.65,28.65,2026-09-09 20:57:35,OK,
MA,GD,14569758000150,7896004704036,Nimesulida 100 mg Caixa 12 Comprimidos,Panpharma - CE,3050.0,0.9183,19.18,0.0,1.57,1.57,2026-09-09 20:57:40,OK,
MA,GD,14569758000150,7896004704036,Nimesulida 100 mg Caixa 12 Comprimidos,Nazaria - MA - Imperatriz,4104.0,0.8804000000000001,19.18,0.0,2.29,2.29,2026-09-09 20:57:40,OK,
MA,GD,14569758000150,7896004704036,Nimesulida 100 mg Caixa 12 Comprimidos,Emmarka - MA,507.0,0.8804000000000001,19.18,0.0,2.29,2.29,2026-09-09 20:57:40,OK,
MA,GD,14569758000150,7896004704036,Nimesulida 100 mg Caixa 12 Comprimidos,Total - MA,333.0,0.8804000000000001,19.18,0.0,2.29,2.29,2026-09-09 20:57:40,OK,
MA,GD,14569758000150,7896004704036,Nimesulida 100 mg Caixa 12 Comprimidos,Nazaria - MA - Timon,284.0,0.8804000000000001,19.18,0.0,2.29,2.29,2026-09-09 20:57:40,OK,
MA,GD,14569758000150,7896004704043,Nimesulida 50 mg/ml Frasco 15 ml Gotas,Panpharma - CE,10.0,0.8599,28.49,0.0,3.99,3.99,2026-09-09 20:57:43,OK,
MA,GD,14569758000150,7896004704180,,,0.0,0.0,0.0,0.0,0.0,0.0,2026-09-09 20:57:56,ERRO,Message: Nenhuma distribuidora pôde ser lida no card do produto.
MA,GD,14569758000150,7896004704210,Carbamazepina 400 mg Caixa 20 Comprimidos,Emmarka - MA,39.0,0.2691,30.57,0.0,22.34,22.34,2026-09-09 20:57:59,OK,
MA,GD,14569758000150,7896004704326,Captopril 25 mg Caixa 30 Comprimidos,Panpharma - CE,2284.0,0.8695,13.51,0.0,1.76,1.76,2026-09-09 20:58:04,OK,
MA,GD,14569758000150,7896004704326,Captopril 25 mg Caixa 30 Comprimidos,Total - MA,1073.0,0.8558,13.51,0.0,1.95,1.95,2026-09-09 20:58:04,OK,
MA,GD,14569758000150,7896004704326,Captopril 25 mg Caixa 30 Comprimidos,Nazaria - MA - Timon,1012.0,0.8558,13.51,0.0,1.95,1.95,2026-09-09 20:58:04,OK,
MA,GD,14569758000150,7896004704326,Captopril 25 mg Caixa 30 Comprimidos,Nazaria - MA - Imperatriz,366.0,0.8558,13.51,0.0,1.95,1.95,2026-09-09 20:58:04,OK,
MA,GD,14569758000150,7896004704326,Captopril 25 mg Caixa 30 Comprimidos,Emmarka - MA,359.0,0.8558,13.51,0.0,1.95,1.95,2026-09-09 20:58:04,OK,
MA,GD,14569758000150,7896004704364,Cefalexina 250mg/5ml Frasco 100 ml Suspensão Oral + Copo,Total - MA,922.0,0.6184000000000001,57.14,0.0,21.8,21.8,2026-09-09 20:58:09,OK,
MA,GD,14569758000150,7896004704364,Cefalexina 250mg/5ml Frasco 100 ml Suspensão Oral + Copo,Emmarka - MA,250.0,0.6184000000000001,57.14,0.0,21.8,21.8,2026-09-09 20:58:09,OK,
MA,GD,14569758000150,7896004704364,Cefalexina 250mg/5ml Frasco 100 ml Suspensão Oral + Copo,Nazaria - MA - Imperatriz,225.0,0.6184000000000001,57.14,0.0,21.8,21.8,2026-09-09 20:58:09,OK,
MA,GD,14569758000150,7896004704364,Cefalexina 250mg/5ml Frasco 100 ml Suspensão Oral + Copo,Nazaria - MA - Timon,193.0,0.6184000000000001,57.14,0.0,21.8,21.8,2026-09-09 20:58:09,OK,
MA,GD,14569758000150,7896004704364,Cefalexina 250mg/5ml Frasco 100 ml Suspensão Oral + Copo,Panpharma - CE,16.0,0.6138,57.14,0.0,22.07,22.07,2026-09-09 20:58:09,OK,
MA,GD,14569758000150,7896004704586,,,0.0,0.0,0.0,0.0,0.0,0.0,2026-09-09 20:58:21,ERRO,Message: Nenhuma distribuidora pôde ser lida no card do produto.
MA,GD,14569758000150,7896004704593,Amoxicilina 400mg/5ml Frasco 100 ml Pó Para Suspensão Oral + Seringa,Panpharma - CE,127.0,0.5856,44.65,0.0,18.5,18.5,2026-09-09 20:58:25,OK,
MA,GD,14569758000150,7896004704593,Amoxicilina 400mg/5ml Frasco 100 ml Pó Para Suspensão Oral + Seringa,Emmarka - MA,139.0,0.5676,44.65,0.0,19.31,19.31,2026-09-09 20:58:25,OK,
MA,GD,14569758000150,7896004704593,Amoxicilina 400mg/5ml Frasco 100 ml Pó Para Suspensão Oral + Seringa,Nazaria - MA - Timon,100.0,0.5676,44.65,0.0,19.31,19.31,2026-09-09 20:58:25,OK,
MA,GD,14569758000150,7896004704593,Amoxicilina 400mg/5ml Frasco 100 ml Pó Para Suspensão Oral + Seringa,Total - MA,422.0,0.5472,44.65,0.0,20.22,20.22,2026-09-09 20:58:25,OK,
MA,GD,14569758000150,7896004704623,Dexclorfeniramina + Betametasona 0.4+0.05 mg/ml Frasco 120 ml Xarope,Panpharma - CE,1015.0,0.6758,21.16,0.0,6.86,6.86,2026-09-09 20:58:30,OK,
MA,GD,14569758000150,7896004704623,Dexclorfeniramina + Betametasona 0.4+0.05 mg/ml Frasco 120 ml Xarope,Nazaria - MA - Timon,2427.0,0.6579,21.16,0.0,7.24,7.24,2026-09-09 20:58:30,OK,
MA,GD,14569758000150,7896004704623,Dexclorfeniramina + Betametasona 0.4+0.05 mg/ml Frasco 120 ml Xarope,Nazaria - MA - Imperatriz,2169.0,0.6579,21.16,0.0,7.24,7.24,2026-09-09 20:58:30,OK,
MA,GD,14569758000150,7896004704623,Dexclorfeniramina + Betametasona 0.4+0.05 mg/ml Frasco 120 ml Xarope,Emmarka - MA,1772.0,0.6579,21.16,0.0,7.24,7.24,2026-09-09 20:58:30,OK,
MA,GD,14569758000150,7896004704623,Dexclorfeniramina + Betametasona 0.4+0.05 mg/ml Frasco 120 ml Xarope,Total - MA,65.0,0.6564,21.16,0.0,7.27,7.27,2026-09-09 20:58:30,OK,
MA,GD,14569758000150,7896004704692,Cefalexina 500 mg Caixa 10 Comprimidos Revestidos,Emmarka - MA,5537.0,0.6264,27.95,0.0,10.44,10.44,2026-09-09 20:58:35,OK,
MA,GD,14569758000150,7896004704692,Cefalexina 500 mg Caixa 10 Comprimidos Revestidos,Nazaria - MA - Timon,4127.0,0.6264,27.95,0.0,10.44,10.44,2026-09-09 20:58:35,OK,
MA,GD,14569758000150,7896004704692,Cefalexina 500 mg Caixa 10 Comprimidos Revestidos,Nazaria - MA - Imperatriz,2933.0,0.6264,27.95,0.0,10.44,10.44,2026-09-09 20:58:35,OK,
MA,GD,14569758000150,7896004704692,Cefalexina 500 mg Caixa 10 Comprimidos Revestidos,Panpharma - CE,289.0,0.5495,27.95,0.0,12.59,12.59,2026-09-09 20:58:35,OK,
MA,GD,14569758000150,7896004704999,Dexclorfeniramina 2mg/5ml Frasco 120 ml Solução Oral,Panpharma - CE,71.0,0.6914,20.89,0.0,6.45,6.45,2026-09-09 20:58:39,OK,
MA,GD,14569758000150,7896004704999,Dexclorfeniramina 2mg/5ml Frasco 120 ml Solução Oral,Emmarka - MA,201.0,0.6734,20.89,0.0,6.82,6.82,2026-09-09 20:58:39,OK,
MA,GD,14569758000150,7896004704999,Dexclorfeniramina 2mg/5ml Frasco 120 ml Solução Oral,Nazaria - MA - Timon,181.0,0.6734,20.89,0.0,6.82,6.82,2026-09-09 20:58:39,OK,
MA,GD,14569758000150,7896004704999,Dexclorfeniramina 2mg/5ml Frasco 120 ml Solução Oral,Nazaria - MA - Imperatriz,113.0,0.6734,20.89,0.0,6.82,6.82,2026-09-09 20:58:39,OK,
MA,GD,14569758000150,7896004705057,Diclofenaco Dietilamônio 11.6 mg/g Bisnaga 60 g Gel,Emmarka - MA,428.0,0.44439999999999996,15.48,0.0,8.6,8.6,2026-09-09 20:58:43,OK,
MA,GD,14569758000150,7896004705057,Diclofenaco Dietilamônio 11.6 mg/g Bisnaga 60 g Gel,Total - MA,332.0,0.44439999999999996,15.48,0.0,8.6,8.6,2026-09-09 20:58:43,OK,
MA,GD,14569758000150,7896004705057,Diclofenaco Dietilamônio 11.6 mg/g Bisnaga 60 g Gel,Nazaria - MA - Imperatriz,97.0,0.44439999999999996,15.48,0.0,8.6,8.6,2026-09-09 20:58:43,OK,
MA,GD,14569758000150,7896004705057,Diclofenaco Dietilamônio 11.6 mg/g Bisnaga 60 g Gel,Panpharma - CE,218.0,0.3282,15.48,0.0,10.4,10.4,2026-09-09 20:58:43,OK,
MA,GD,14569758000150,7896004705071,Piroxicam 20 mg Caixa 15 Cápsulas,Nazaria - MA - Imperatriz,1346.0,0.7519,27.38,0.0,6.79,6.79,2026-09-09 20:58:48,OK,
MA,GD,14569758000150,7896004705071,Piroxicam 20 mg Caixa 15 Cápsulas,Nazaria - MA - Timon,493.0,0.7519,27.38,0.0,6.79,6.79,2026-09-09 20:58:48,OK,
MA,GD,14569758000150,7896004705071,Piroxicam 20 mg Caixa 15 Cápsulas,Emmarka - MA,368.0,0.7519,27.38,0.0,6.79,6.79,2026-09-09 20:58:48,OK,
MA,GD,14569758000150,7896004705071,Piroxicam 20 mg Caixa 15 Cápsulas,Panpharma - CE,30.0,0.7381,27.38,0.0,7.17,7.17,2026-09-09 20:58:48,OK,
MA,GD,14569758000150,7896004705088,,,0.0,0.0,0.0,0.0,0.0,0.0,2026-09-09 20:59:00,ERRO,Message: Nenhuma distribuidora pôde ser lida no card do produto.
MA,GD,14569758000150,7896004705118,Cetoconazol + Betametasona 20+0.5 mg/g Bisnaga 30 g Pomada,Panpharma - CE,125.0,0.7868,26.85,0.0,5.72,5.72,2026-09-09 20:59:05,OK,
MA,GD,14569758000150,7896004705118,Cetoconazol + Betametasona 20+0.5 mg/g Bisnaga 30 g Pomada,Nazaria - MA - Imperatriz,129.0,0.7689,26.85,0.0,6.21,6.21,2026-09-09 20:59:05,OK,
MA,GD,14569758000150,7896004705118,Cetoconazol + Betametasona 20+0.5 mg/g Bisnaga 30 g Pomada,Nazaria - MA - Timon,66.0,0.7689,26.85,0.0,6.21,6.21,2026-09-09 20:59:05,OK,
MA,GD,14569758000150,7896004705118,Cetoconazol + Betametasona 20+0.5 mg/g Bisnaga 30 g Pomada,Emmarka - MA,220.0,0.7606999999999999,26.85,0.0,6.43,6.43,2026-09-09 20:59:05,OK,
MA,GD,14569758000150,7896004705118,Cetoconazol + Betametasona 20+0.5 mg/g Bisnaga 30 g Pomada,Total - MA,33.0,0.7481,26.85,0.0,6.76,6.76,2026-09-09 20:59:05,OK,
MA,GD,14569758000150,7896004705125,Cetoconazol + Betametasona 20+0.5 mg/g Bisnaga 30 g Creme,Panpharma - CE,307.0,0.7783,27.39,0.0,6.07,6.07,2026-09-09 20:59:09,OK,
MA,GD,14569758000150,7896004705125,Cetoconazol + Betametasona 20+0.5 mg/g Bisnaga 30 g Creme,Nazaria - MA - Timon,49.0,0.7603,27.39,0.0,6.57,6.57,2026-09-09 20:59:09,OK,
MA,GD,14569758000150,7896004705125,Cetoconazol + Betametasona 20+0.5 mg/g Bisnaga 30 g Creme,Nazaria - MA - Imperatriz,37.0,0.7603,27.39,0.0,6.57,6.57,2026-09-09 20:59:09,OK,
MA,GD,14569758000150,7896004705125,Cetoconazol + Betametasona 20+0.5 mg/g Bisnaga 30 g Creme,Emmarka - MA,325.0,0.7574,27.39,0.0,6.64,6.64,2026-09-09 20:59:09,OK,
MA,GD,14569758000150,7896004705132,Tioconazol + Tinidazol 20+30 mg/g Bisnaga 35 g Creme Vaginal + 7 Aplicadores,Emmarka - MA,61.0,0.7239,63.32,0.0,17.48,17.48,2026-09-09 20:59:13,OK,
MA,GD,14569758000150,7896004705323,,,0.0,0.0,0.0,0.0,0.0,0.0,2026-09-09 20:59:25,ERRO,Message: Nenhuma distribuidora pôde ser lida no card do produto.
MA,GD,14569758000150,7896004705330,Simeticona 75 mg/ml Frasco 15 ml Gotas,Panpharma - CE,1836.0,0.8443999999999999,23.57,0.0,3.67,3.67,2026-09-09 20:59:30,OK,
MA,GD,14569758000150,7896004705330,Simeticona 75 mg/ml Frasco 15 ml Gotas,Emmarka - MA,520.0,0.8367,23.57,0.0,3.85,3.85,2026-09-09 20:59:30,OK,
MA,GD,14569758000150,7896004705330,Simeticona 75 mg/ml Frasco 15 ml Gotas,Total - MA,441.0,0.8367,23.57,0.0,3.85,3.85,2026-09-09 20:59:30,OK,
MA,GD,14569758000150,7896004705330,Simeticona 75 mg/ml Frasco 15 ml Gotas,Nazaria - MA - Imperatriz,409.0,0.8367,23.57,0.0,3.85,3.85,2026-09-09 20:59:30,OK,
MA,GD,14569758000150,7896004705330,Simeticona 75 mg/ml Frasco 15 ml Gotas,Nazaria - MA - Timon,351.0,0.8367,23.57,0.0,3.85,3.85,2026-09-09 20:59:30,OK,
MA,GD,14569758000150,7896004705347,Secnidazol 450 mg Frasco 15 ml Pó Para Suspensão Oral,Emmarka - MA,2.0,0.1166,15.74,0.0,13.9,13.9,2026-09-09 20:59:33,OK,
MA,GD,14569758000150,7896004705477,Amoxicilina 500mg/5ml Frasco 150 ml Pó Para Suspensão Oral + Copo,Panpharma - CE,19.0,0.6341,67.29,0.0,24.62,24.62,2026-09-09 20:59:37,OK,
MA,GD,14569758000150,7896004705477,Amoxicilina 500mg/5ml Frasco 150 ml Pó Para Suspensão Oral + Copo,Emmarka - MA,36.0,0.6162,67.29,0.0,25.83,25.83,2026-09-09 20:59:37,OK,
MA,GD,14569758000150,7896004705477,Amoxicilina 500mg/5ml Frasco 150 ml Pó Para Suspensão Oral + Copo,Nazaria - MA - Imperatriz,7.0,0.6162,67.29,0.0,25.83,25.83,2026-09-09 20:59:37,OK,
MA,GD,14569758000150,7896004705583,Clortalidona 50 mg Caixa 30 Comprimidos,Emmarka - MA,93.0,0.1641,23.92,0.0,19.99,19.99,2026-09-09 20:59:42,OK,
MA,GD,14569758000150,7896004705583,Clortalidona 50 mg Caixa 30 Comprimidos,Nazaria - MA - Timon,85.0,0.1641,23.92,0.0,19.99,19.99,2026-09-09 20:59:42,OK,
MA,GD,14569758000150,7896004705583,Clortalidona 50 mg Caixa 30 Comprimidos,Nazaria - MA - Imperatriz,83.0,0.1641,23.92,0.0,19.99,19.99,2026-09-09 20:59:42,OK,
MA,GD,14569758000150,7896004705583,Clortalidona 50 mg Caixa 30 Comprimidos,Total - MA,295.0,0.1641,23.92,0.0,20.0,19.99,2026-09-09 20:59:42,OK,
MA,GD,14569758000150,7896004705583,Clortalidona 50 mg Caixa 30 Comprimidos,Panpharma - CE,46.0,0.1045,23.92,0.0,21.42,21.42,2026-09-09 20:59:42,OK,
MA,GD,14569758000150,7896004705590,Cetoconazol+Betametasona+Neomicina 20+0.5+2.5 mg/g Pomada Bisnaga 30 g,Panpharma - CE,159.0,0.7373000000000001,31.1,0.0,8.17,8.17,2026-09-09 20:59:47,OK,
MA,GD,14569758000150,7896004705590,Cetoconazol+Betametasona+Neomicina 20+0.5+2.5 mg/g Pomada Bisnaga 30 g,Emmarka - MA,294.0,0.7249,31.1,0.0,8.56,8.56,2026-09-09 20:59:47,OK,
MA,GD,14569758000150,7896004705590,Cetoconazol+Betametasona+Neomicina 20+0.5+2.5 mg/g Pomada Bisnaga 30 g,Nazaria - MA - Timon,173.0,0.7249,31.1,0.0,8.56,8.56,2026-09-09 20:59:47,OK,
MA,GD,14569758000150,7896004705590,Cetoconazol+Betametasona+Neomicina 20+0.5+2.5 mg/g Pomada Bisnaga 30 g,Nazaria - MA - Imperatriz,118.0,0.7249,31.1,0.0,8.56,8.56,2026-09-09 20:59:47,OK,
MA,GD,14569758000150,7896004705590,Cetoconazol+Betametasona+Neomicina 20+0.5+2.5 mg/g Pomada Bisnaga 30 g,Total - MA,75.0,0.7248,31.1,0.0,8.56,8.56,2026-09-09 20:59:47,OK,
MA,GD,14569758000150,7896004705606,Cetoconazol+Betametasona+Neomicina 20+0.5+2.5 mg/g Creme Bisnaga 30 g,Nazaria - MA - Timon,103.0,0.6724,27.65,0.0,9.06,9.06,2026-09-09 20:59:51,OK,
MA,GD,14569758000150,7896004705606,Cetoconazol+Betametasona+Neomicina 20+0.5+2.5 mg/g Creme Bisnaga 30 g,Nazaria - MA - Imperatriz,65.0,0.6724,27.65,0.0,9.06,9.06,2026-09-09 20:59:51,OK,
MA,GD,14569758000150,7896004705606,Cetoconazol+Betametasona+Neomicina 20+0.5+2.5 mg/g Creme Bisnaga 30 g,Emmarka - MA,30.0,0.6724,27.65,0.0,9.06,9.06,2026-09-09 20:59:51,OK,
MA,GD,14569758000150,7896004705606,Cetoconazol+Betametasona+Neomicina 20+0.5+2.5 mg/g Creme Bisnaga 30 g,Panpharma - CE,76.0,0.6628000000000001,27.65,0.0,9.32,9.32,2026-09-09 20:59:51,OK,
MA,GD,14569758000150,7896004705736,Cetoprofeno 50 mg Caixa 24 Cápsulas,Panpharma - CE,36.0,0.7018000000000001,33.04,0.0,9.85,9.85,2026-09-09 20:59:55,OK,
MA,GD,14569758000150,7896004705736,Cetoprofeno 50 mg Caixa 24 Cápsulas,Nazaria - MA - Imperatriz,44.0,0.6839,33.04,0.0,10.44,10.44,2026-09-09 20:59:55,OK,
MA,GD,14569758000150,7896004705736,Cetoprofeno 50 mg Caixa 24 Cápsulas,Total - MA,541.0,0.6701999999999999,33.04,0.0,10.9,10.9,2026-09-09 20:59:55,OK,
MA,GD,14569758000150,7896004705781,Atenolol 25 mg Caixa 30 Comprimidos,Panpharma - CE,25.0,0.9129999999999999,19.42,0.0,1.69,1.69,2026-09-09 21:00:00,OK,
MA,GD,14569758000150,7896004705781,Atenolol 25 mg Caixa 30 Comprimidos,Emmarka - MA,621.0,0.8942,19.42,0.0,2.05,2.05,2026-09-09 21:00:00,OK,
MA,GD,14569758000150,7896004705781,Atenolol 25 mg Caixa 30 Comprimidos,Nazaria - MA - Imperatriz,174.0,0.8942,19.42,0.0,2.05,2.05,2026-09-09 21:00:00,OK,
MA,GD,14569758000150,7896004705781,Atenolol 25 mg Caixa 30 Comprimidos,Total - MA,281.0,0.8942,19.42,0.0,2.06,2.05,2026-09-09 21:00:00,OK,
MA,GD,14569758000150,7896004705866,Atenolol 50 mg Caixa 60 Comprimidos,Emmarka - MA,94.0,0.8633,56.78,0.0,7.76,7.76,2026-09-09 21:00:03,OK,
MA,GD,14569758000150,7896004705873,Atenolol 50 mg Caixa 30 Comprimidos,Panpharma - CE,490.0,0.8499,23.17,0.0,3.48,3.48,2026-09-09 21:00:08,OK,
MA,GD,14569758000150,7896004705873,Atenolol 50 mg Caixa 30 Comprimidos,Emmarka - MA,235.0,0.8398,23.17,0.0,3.71,3.71,2026-09-09 21:00:08,OK,
MA,GD,14569758000150,7896004705873,Atenolol 50 mg Caixa 30 Comprimidos,Total - MA,215.0,0.8398,23.17,0.0,3.71,3.71,2026-09-09 21:00:08,OK,
MA,GD,14569758000150,7896004705873,Atenolol 50 mg Caixa 30 Comprimidos,Nazaria - MA - Timon,102.0,0.8398,23.17,0.0,3.71,3.71,2026-09-09 21:00:08,OK,
MA,GD,14569758000150,7896004705873,Atenolol 50 mg Caixa 30 Comprimidos,Nazaria - MA - Imperatriz,47.0,0.8398,23.17,0.0,3.71,3.71,2026-09-09 21:00:08,OK,
MA,GD,14569758000150,7896004705880,Atenolol 25 mg Caixa 60 Comprimidos,Panpharma - CE,73.0,0.9163,37.03,0.0,3.1,3.1,2026-09-09 21:00:12,OK,
MA,GD,14569758000150,7896004705880,Atenolol 25 mg Caixa 60 Comprimidos,Emmarka - MA,138.0,0.8983,37.03,0.0,3.77,3.77,2026-09-09 21:00:12,OK,
MA,GD,14569758000150,7896004705880,Atenolol 25 mg Caixa 60 Comprimidos,Nazaria - MA - Imperatriz,16.0,0.8983,37.03,0.0,3.77,3.77,2026-09-09 21:00:12,OK,
MA,GD,14569758000150,7896004705989,Pantoprazol 20 mg Caixa 28 Comprimidos Revestidos Lib. Retardada,Emmarka - MA,279.0,0.7906,27.97,0.0,5.86,5.86,2026-09-09 21:00:16,OK,
MA,GD,14569758000150,7896004705989,Pantoprazol 20 mg Caixa 28 Comprimidos Revestidos Lib. Retardada,Nazaria - MA - Imperatriz,77.0,0.7906,27.97,0.0,5.86,5.86,2026-09-09 21:00:16,OK,
MA,GD,14569758000150,7896004706009,,,0.0,0.0,0.0,0.0,0.0,0.0,2026-09-09 21:00:28,ERRO,Message: Nenhuma distribuidora pôde ser lida no card do produto.
MA,GD,14569758000150,7896004706290,Xarope Cloridrato de Ambroxol Adulto 30mg/5ml Frasco 120 ml,Panpharma - CE,49.0,0.7151000000000001,31.01,0.0,8.83,8.83,2026-09-09 21:00:32,OK,
MA,GD,14569758000150,7896004706290,Xarope Cloridrato de Ambroxol Adulto 30mg/5ml Frasco 120 ml,Emmarka - MA,58.0,0.7097,31.01,0.0,9.0,9.0,2026-09-09 21:00:32,OK,
MA,GD,14569758000150,7896004706290,Xarope Cloridrato de Ambroxol Adulto 30mg/5ml Frasco 120 ml,Nazaria - MA - Timon,9.0,0.7097,31.01,0.0,9.0,9.0,2026-09-09 21:00:32,OK,
MA,GD,14569758000150,7896004706306,Prednisona 5 mg Caixa 20 Comprimidos,Emmarka - MA,146.0,0.725,16.05,0.0,4.41,4.41,2026-09-09 21:00:36,OK,
MA,GD,14569758000150,7896004706306,Prednisona 5 mg Caixa 20 Comprimidos,Nazaria - MA - Imperatriz,141.0,0.725,16.05,0.0,4.41,4.41,2026-09-09 21:00:36,OK,
MA,GD,14569758000150,7896004706306,Prednisona 5 mg Caixa 20 Comprimidos,Panpharma - CE,188.0,0.7203,16.05,0.0,4.49,4.49,2026-09-09 21:00:36,OK,
MA,GD,14569758000150,7896004706313,Prednisona 20 mg Caixa 10 Comprimidos,Nazaria - MA - Timon,1815.0,0.8098000000000001,23.38,0.0,4.45,4.45,2026-09-09 21:00:41,OK,
MA,GD,14569758000150,7896004706313,Prednisona 20 mg Caixa 10 Comprimidos,Emmarka - MA,484.0,0.8098000000000001,23.38,0.0,4.45,4.45,2026-09-09 21:00:41,OK,
MA,GD,14569758000150,7896004706313,Prednisona 20 mg Caixa 10 Comprimidos,Nazaria - MA - Imperatriz,183.0,0.8098000000000001,23.38,0.0,4.45,4.45,2026-09-09 21:00:41,OK,
MA,GD,14569758000150,7896004706313,Prednisona 20 mg Caixa 10 Comprimidos,Total - MA,166.0,0.8097,23.38,0.0,4.45,4.45,2026-09-09 21:00:41,OK,
MA,GD,14569758000150,7896004706313,Prednisona 20 mg Caixa 10 Comprimidos,Panpharma - CE,1096.0,0.7962,23.38,0.0,4.76,4.76,2026-09-09 21:00:41,OK,
MA,GD,14569758000150,7896004706368,Clortalidona 25 mg Caixa 60 Comprimidos,Total - MA,426.0,0.12210000000000001,31.4,0.0,27.57,27.57,2026-09-09 21:00:45,OK,
MA,GD,14569758000150,7896004706368,Clortalidona 25 mg Caixa 60 Comprimidos,Nazaria - MA - Timon,267.0,0.12210000000000001,31.4,0.0,27.57,27.57,2026-09-09 21:00:45,OK,
MA,GD,14569758000150,7896004706368,Clortalidona 25 mg Caixa 60 Comprimidos,Emmarka - MA,93.0,0.12210000000000001,31.4,0.0,27.57,27.57,2026-09-09 21:00:45,OK,
MA,GD,14569758000150,7896004706368,Clortalidona 25 mg Caixa 60 Comprimidos,Panpharma - CE,362.0,0.10550000000000001,31.4,0.0,28.09,28.09,2026-09-09 21:00:45,OK,
MA,GD,14569758000150,7896004706375,Clortalidona 12.5 mg Caixa 60 Comprimidos,Panpharma - CE,181.0,0.1681,17.86,0.0,14.86,14.86,2026-09-09 21:00:50,OK,
MA,GD,14569758000150,7896004706375,Clortalidona 12.5 mg Caixa 60 Comprimidos,Emmarka - MA,123.0,0.1501,17.86,0.0,15.18,15.18,2026-09-09 21:00:50,OK,
MA,GD,14569758000150,7896004706375,Clortalidona 12.5 mg Caixa 60 Comprimidos,Nazaria - MA - Imperatriz,101.0,0.1501,17.86,0.0,15.18,15.18,2026-09-09 21:00:50,OK,
MA,GD,14569758000150,7896004706375,Clortalidona 12.5 mg Caixa 60 Comprimidos,Nazaria - MA - Timon,68.0,0.1501,17.86,0.0,15.18,15.18,2026-09-09 21:00:50,OK,
MA,GD,14569758000150,7896004706375,Clortalidona 12.5 mg Caixa 60 Comprimidos,Total - MA,436.0,0.1496,17.86,0.0,15.19,15.19,2026-09-09 21:00:50,OK,
MA,GD,14569758000150,7896004706382,Amoxicilina 875 mg Caixa 14 Comprimidos Revestidos,Nazaria - MA - Imperatriz,99.0,0.6291,67.7,0.0,25.11,25.11,2026-09-09 21:00:54,OK,
MA,GD,14569758000150,7896004706382,Amoxicilina 875 mg Caixa 14 Comprimidos Revestidos,Panpharma - CE,112.0,0.5989,67.7,0.0,27.15,27.15,2026-09-09 21:00:54,OK,
MA,GD,14569758000150,7896004706405,Finasterida 1 mg Caixa 30 Comprimidos Revestidos,Panpharma - CE,139.0,0.8133,66.28,0.0,12.37,12.37,2026-09-09 21:00:59,OK,
MA,GD,14569758000150,7896004706405,Finasterida 1 mg Caixa 30 Comprimidos Revestidos,Emmarka - MA,86.0,0.7953,66.28,0.0,13.57,13.57,2026-09-09 21:00:59,OK,
MA,GD,14569758000150,7896004706405,Finasterida 1 mg Caixa 30 Comprimidos Revestidos,Nazaria - MA - Timon,83.0,0.7953,66.28,0.0,13.57,13.57,2026-09-09 21:00:59,OK,
MA,GD,14569758000150,7896004706405,Finasterida 1 mg Caixa 30 Comprimidos Revestidos,Nazaria - MA - Imperatriz,55.0,0.7953,66.28,0.0,13.57,13.57,2026-09-09 21:00:59,OK,
MA,GD,14569758000150,7896004706474,Glibenclamida 5 mg Caixa 30 Comprimidos,Panpharma - CE,392.0,0.8578,13.01,0.0,1.85,1.85,2026-09-09 21:01:03,OK,
MA,GD,14569758000150,7896004706474,Glibenclamida 5 mg Caixa 30 Comprimidos,Nazaria - MA - Timon,743.0,0.8331000000000001,13.01,0.0,2.17,2.17,2026-09-09 21:01:03,OK,
MA,GD,14569758000150,7896004706474,Glibenclamida 5 mg Caixa 30 Comprimidos,Nazaria - MA - Imperatriz,620.0,0.8331000000000001,13.01,0.0,2.17,2.17,2026-09-09 21:01:03,OK,
MA,GD,14569758000150,7896004706474,Glibenclamida 5 mg Caixa 30 Comprimidos,Emmarka - MA,614.0,0.8331000000000001,13.01,0.0,2.17,2.17,2026-09-09 21:01:03,OK,
MA,GD,14569758000150,7896004706665,Diclofenaco Sódico 100 mg Caixa 10 Comprimidos Revestidos Lib. Lenta,Panpharma - CE,159.0,0.8334999999999999,28.86,0.0,4.81,4.81,2026-09-09 21:01:07,OK,
MA,GD,14569758000150,7896004706665,Diclofenaco Sódico 100 mg Caixa 10 Comprimidos Revestidos Lib. Lenta,Emmarka - MA,558.0,0.8155,28.86,0.0,5.32,5.32,2026-09-09 21:01:07,OK,
MA,GD,14569758000150,7896004706665,Diclofenaco Sódico 100 mg Caixa 10 Comprimidos Revestidos Lib. Lenta,Nazaria - MA - Timon,212.0,0.8155,28.86,0.0,5.32,5.32,2026-09-09 21:01:07,OK,
MA,GD,14569758000150,7896004706665,Diclofenaco Sódico 100 mg Caixa 10 Comprimidos Revestidos Lib. Lenta,Nazaria - MA - Imperatriz,110.0,0.8155,28.86,0.0,5.32,5.32,2026-09-09 21:01:07,OK,
MA,GD,14569758000150,7896004706733,Diltiazem 30 mg Caixa 50 Comprimidos,Panpharma - CE,27.0,0.2134,21.82,0.0,17.16,17.16,2026-09-09 21:01:12,OK,
MA,GD,14569758000150,7896004706733,Diltiazem 30 mg Caixa 50 Comprimidos,Emmarka - MA,91.0,0.1954,21.82,0.0,17.56,17.56,2026-09-09 21:01:12,OK,
MA,GD,14569758000150,7896004706733,Diltiazem 30 mg Caixa 50 Comprimidos,Nazaria - MA - Imperatriz,47.0,0.1954,21.82,0.0,17.56,17.56,2026-09-09 21:01:12,OK,
MA,GD,14569758000150,7896004706733,Diltiazem 30 mg Caixa 50 Comprimidos,Nazaria - MA - Timon,1.0,0.1954,21.82,0.0,17.56,17.56,2026-09-09 21:01:12,OK,
MA,GD,14569758000150,7896004706733,Diltiazem 30 mg Caixa 50 Comprimidos,Total - MA,8.0,0.1937,21.82,0.0,17.59,17.59,2026-09-09 21:01:12,OK,
MA,GD,14569758000150,7896004706795,Losartana Potássica 50 mg Caixa 30 Comprimidos Revestidos,Nazaria - MA - Timon,27107.0,0.8959,18.43,0.0,1.92,1.92,2026-09-09 21:01:17,OK,
MA,GD,14569758000150,7896004706795,Losartana Potássica 50 mg Caixa 30 Comprimidos Revestidos,Nazaria - MA - Imperatriz,6299.0,0.8959,18.43,0.0,1.92,1.92,2026-09-09 21:01:17,OK,
MA,GD,14569758000150,7896004706795,Losartana Potássica 50 mg Caixa 30 Comprimidos Revestidos,Total - MA,2367.0,0.8959,18.43,0.0,1.92,1.92,2026-09-09 21:01:17,OK,
MA,GD,14569758000150,7896004706795,Losartana Potássica 50 mg Caixa 30 Comprimidos Revestidos,Emmarka - MA,1540.0,0.8959,18.43,0.0,1.92,1.92,2026-09-09 21:01:17,OK,
MA,GD,14569758000150,7896004706795,Losartana Potássica 50 mg Caixa 30 Comprimidos Revestidos,Panpharma - CE,8276.0,0.895,18.43,0.0,1.94,1.94,2026-09-09 21:01:17,OK,
MA,GD,14569758000150,7896004706856,,,0.0,0.0,0.0,0.0,0.0,0.0,2026-09-09 21:01:29,ERRO,Message: Nenhuma distribuidora pôde ser lida no card do produto.
MA,GD,14569758000150,7896004706900,Cetorolaco 5 mg/ml Frasco 5 ml Solução Oftálmica,Panpharma - CE,132.0,0.3037,46.82,0.0,32.6,32.6,2026-09-09 21:01:34,OK,
MA,GD,14569758000150,7896004706900,Cetorolaco 5 mg/ml Frasco 5 ml Solução Oftálmica,Nazaria - MA - Timon,64.0,0.2858,46.82,0.0,33.44,33.44,2026-09-09 21:01:34,OK,
MA,GD,14569758000150,7896004706900,Cetorolaco 5 mg/ml Frasco 5 ml Solução Oftálmica,Nazaria - MA - Imperatriz,48.0,0.2858,46.82,0.0,33.44,33.44,2026-09-09 21:01:34,OK,
MA,GD,14569758000150,7896004707310,Verapamil 80 mg Caixa 30 Comprimidos Revestidos,Panpharma - CE,57.0,0.6381,29.56,0.0,10.7,10.7,2026-09-09 21:01:38,OK,
MA,GD,14569758000150,7896004707310,Verapamil 80 mg Caixa 30 Comprimidos Revestidos,Emmarka - MA,56.0,0.6202000000000001,29.56,0.0,11.23,11.23,2026-09-09 21:01:38,OK,
MA,GD,14569758000150,7896004707310,Verapamil 80 mg Caixa 30 Comprimidos Revestidos,Nazaria - MA - Imperatriz,49.0,0.6202000000000001,29.56,0.0,11.23,11.23,2026-09-09 21:01:38,OK,
MA,GD,14569758000150,7896004707310,Verapamil 80 mg Caixa 30 Comprimidos Revestidos,Nazaria - MA - Timon,42.0,0.6202000000000001,29.56,0.0,11.23,11.23,2026-09-09 21:01:38,OK,
MA,GD,14569758000150,7896004707310,Verapamil 80 mg Caixa 30 Comprimidos Revestidos,Total - MA,39.0,0.603,29.56,0.0,11.73,11.73,2026-09-09 21:01:38,OK,
MA,GD,14569758000150,7896004708058,,,0.0,0.0,0.0,0.0,0.0,0.0,2026-09-09 21:01:51,ERRO,Message: Nenhuma distribuidora pôde ser lida no card do produto.
MA,GD,14569758000150,7896004708072,Itraconazol 100 mg Caixa 15 Cápsulas,Emmarka - MA,29.0,0.8681,154.47,0.0,20.37,20.37,2026-09-09 21:01:54,OK,
MA,GD,14569758000150,7896004708652,Simeticona 125 mg Caixa 10 Cápsulas Moles,Panpharma - CE,159.0,0.8659,28.87,0.0,3.87,3.87,2026-09-09 21:01:59,OK,
MA,GD,14569758000150,7896004708652,Simeticona 125 mg Caixa 10 Cápsulas Moles,Emmarka - MA,175.0,0.8276,28.87,0.0,4.98,4.98,2026-09-09 21:01:59,OK,
MA,GD,14569758000150,7896004708652,Simeticona 125 mg Caixa 10 Cápsulas Moles,Nazaria - MA - Timon,21.0,0.8276,28.87,0.0,4.98,4.98,2026-09-09 21:01:59,OK,
MA,GD,14569758000150,7896004708652,Simeticona 125 mg Caixa 10 Cápsulas Moles,Total - MA,14.0,0.8276,28.87,0.0,4.98,4.98,2026-09-09 21:01:59,OK,
MA,GD,14569758000150,7896004708652,Simeticona 125 mg Caixa 10 Cápsulas Moles,Nazaria - MA - Imperatriz,11.0,0.8276,28.87,0.0,4.98,4.98,2026-09-09 21:01:59,OK,
MA,GD,14569758000150,7896004708706,Acetilcisteína 200 mg Caixa 5 g Granulado,Total - MA,12.0,0.5117,38.64,0.0,18.87,18.87,2026-09-09 21:02:03,OK,
MA,GD,14569758000150,7896004708706,Acetilcisteína 200 mg Caixa 5 g Granulado,Panpharma - CE,60.0,0.4337,38.64,0.0,21.88,21.88,2026-09-09 21:02:03,OK,
MA,GD,14569758000150,7896004708706,Acetilcisteína 200 mg Caixa 5 g Granulado,Nazaria - MA - Timon,118.0,0.4158,38.64,0.0,22.57,22.57,2026-09-09 21:02:03,OK,
MA,GD,14569758000150,7896004708744,,,0.0,0.0,0.0,0.0,0.0,0.0,2026-09-09 21:02:15,ERRO,Message: Nenhuma distribuidora pôde ser lida no card do produto.
MA,GD,14569758000150,7896004708942,Espironolactona 25 mg Caixa 30 Comprimidos,Panpharma - CE,1234.0,0.6640999999999999,23.6,0.0,7.93,7.93,2026-09-09 21:02:20,OK,
MA,GD,14569758000150,7896004708942,Espironolactona 25 mg Caixa 30 Comprimidos,Nazaria - MA - Timon,1604.0,0.6481999999999999,23.6,0.0,8.3,8.3,2026-09-09 21:02:20,OK,
MA,GD,14569758000150,7896004708942,Espironolactona 25 mg Caixa 30 Comprimidos,Total - MA,712.0,0.6481,23.6,0.0,8.3,8.3,2026-09-09 21:02:20,OK,
MA,GD,14569758000150,7896004708942,Espironolactona 25 mg Caixa 30 Comprimidos,Nazaria - MA - Imperatriz,703.0,0.6481999999999999,23.6,0.0,8.3,8.3,2026-09-09 21:02:20,OK,
MA,GD,14569758000150,7896004708942,Espironolactona 25 mg Caixa 30 Comprimidos,Emmarka - MA,498.0,0.6481999999999999,23.6,0.0,8.3,8.3,2026-09-09 21:02:20,OK,
MA,GD,14569758000150,7896004708973,Simeticona 40 mg Caixa 20 Comprimidos,Emmarka - MA,3.0,0.6446,15.47,0.0,5.5,5.5,2026-09-09 21:02:24,OK,
MA,GD,14569758000150,7896004709123,,,0.0,0.0,0.0,0.0,0.0,0.0,2026-09-09 21:02:36,ERRO,Message: Nenhuma distribuidora pôde ser lida no card do produto.
MA,GD,14569758000150,7896004709130,Atenolol + Clortalidona 50+12.5 mg Caixa 30 Comprimidos,Panpharma - CE,154.0,0.8551000000000001,33.75,0.0,4.89,4.89,2026-09-09 21:02:40,OK,
MA,GD,14569758000150,7896004709130,Atenolol + Clortalidona 50+12.5 mg Caixa 30 Comprimidos,Nazaria - MA - Imperatriz,173.0,0.8371999999999999,33.75,0.0,5.49,5.49,2026-09-09 21:02:40,OK,
MA,GD,14569758000150,7896004709130,Atenolol + Clortalidona 50+12.5 mg Caixa 30 Comprimidos,Emmarka - MA,55.0,0.8371999999999999,33.75,0.0,5.49,5.49,2026-09-09 21:02:40,OK,
MA,GD,14569758000150,7896004709130,Atenolol + Clortalidona 50+12.5 mg Caixa 30 Comprimidos,Nazaria - MA - Timon,10.0,0.8371999999999999,33.75,0.0,5.49,5.49,2026-09-09 21:02:40,OK,
MA,GD,14569758000150,7896004709291,Deflazacorte 30 mg Caixa 10 Comprimidos,Panpharma - CE,81.0,0.1402,126.44,0.0,108.71,108.71,2026-09-09 21:02:45,OK,
MA,GD,14569758000150,7896004709291,Deflazacorte 30 mg Caixa 10 Comprimidos,Nazaria - MA - Imperatriz,148.0,0.12240000000000001,126.44,0.0,110.96,110.96,2026-09-09 21:02:45,OK,
MA,GD,14569758000150,7896004709291,Deflazacorte 30 mg Caixa 10 Comprimidos,Emmarka - MA,97.0,0.12240000000000001,126.44,0.0,110.96,110.96,2026-09-09 21:02:45,OK,
MA,GD,14569758000150,7896004709291,Deflazacorte 30 mg Caixa 10 Comprimidos,Nazaria - MA - Timon,21.0,0.12240000000000001,126.44,0.0,110.96,110.96,2026-09-09 21:02:45,OK,
MA,GD,14569758000150,7896004709291,Deflazacorte 30 mg Caixa 10 Comprimidos,Total - MA,31.0,0.12240000000000001,126.44,0.0,110.97,110.96,2026-09-09 21:02:45,OK,
MA,GD,14569758000150,7896004709307,Deflazacorte 6 mg Caixa 20 Comprimidos,Panpharma - CE,50.0,0.1936,52.92,0.0,42.67,42.67,2026-09-09 21:02:49,OK,
MA,GD,14569758000150,7896004709307,Deflazacorte 6 mg Caixa 20 Comprimidos,Emmarka - MA,46.0,0.1757,52.92,0.0,43.62,43.62,2026-09-09 21:02:49,OK,
MA,GD,14569758000150,7896004709307,Deflazacorte 6 mg Caixa 20 Comprimidos,Nazaria - MA - Imperatriz,27.0,0.1757,52.92,0.0,43.62,43.62,2026-09-09 21:02:49,OK,
MA,GD,14569758000150,7896004709307,Deflazacorte 6 mg Caixa 20 Comprimidos,Nazaria - MA - Timon,17.0,0.1757,52.92,0.0,43.62,43.62,2026-09-09 21:02:49,OK,
MA,GD,14569758000150,7896004709567,Amitriptilina 75 mg Caixa 30 Comprimidos Revestidos,Nazaria - MA - Timon,191.0,0.6915,61.64,0.0,19.02,19.02,2026-09-09 21:02:54,OK,
MA,GD,14569758000150,7896004709567,Amitriptilina 75 mg Caixa 30 Comprimidos Revestidos,Nazaria - MA - Imperatriz,117.0,0.6915,61.64,0.0,19.02,19.02,2026-09-09 21:02:54,OK,
MA,GD,14569758000150,7896004709567,Amitriptilina 75 mg Caixa 30 Comprimidos Revestidos,Emmarka - MA,30.0,0.6915,61.64,0.0,19.02,19.02,2026-09-09 21:02:54,OK,
MA,GD,14569758000150,7896004709567,Amitriptilina 75 mg Caixa 30 Comprimidos Revestidos,Total - MA,253.0,0.6775,61.64,0.0,19.87,19.87,2026-09-09 21:02:54,OK,
MA,GD,14569758000150,7896004709710,,,0.0,0.0,0.0,0.0,0.0,0.0,2026-09-09 21:03:06,ERRO,Message: Nenhuma distribuidora pôde ser lida no card do produto.
MA,GD,14569758000150,7896004709956,,,0.0,0.0,0.0,0.0,0.0,0.0,2026-09-09 21:03:18,ERRO,Message: Nenhuma distribuidora pôde ser lida no card do produto.
MA,GD,14569758000150,7896004710402,Desonida 0.5 mg/g Bisnaga 30 g Creme,Emmarka - MA,19.0,0.6618,36.2,0.0,12.24,12.24,2026-09-09 21:03:22,OK,
MA,GD,14569758000150,7896004710419,Rifamicina 10 mg/ml Frasco 20 ml Solução Tópica Spray,Nazaria - MA - Imperatriz,846.0,0.2329,23.71,0.0,18.19,18.19,2026-09-09 21:03:26,OK,
MA,GD,14569758000150,7896004710419,Rifamicina 10 mg/ml Frasco 20 ml Solução Tópica Spray,Nazaria - MA - Timon,831.0,0.2329,23.71,0.0,18.19,18.19,2026-09-09 21:03:26,OK,
MA,GD,14569758000150,7896004710419,Rifamicina 10 mg/ml Frasco 20 ml Solução Tópica Spray,Emmarka - MA,202.0,0.2329,23.71,0.0,18.19,18.19,2026-09-09 21:03:26,OK,
MA,GD,14569758000150,7896004710419,Rifamicina 10 mg/ml Frasco 20 ml Solução Tópica Spray,Panpharma - CE,30.0,0.2005,23.71,0.0,18.96,18.96,2026-09-09 21:03:26,OK,
MA,GD,14569758000150,7896004710464,Acebrofilina 25mg/5ml Frasco 120 ml Xarope Pediátrico,Panpharma - CE,5.0,0.624,24.91,0.0,9.37,9.37,2026-09-09 21:03:31,OK,
MA,GD,14569758000150,7896004710464,Acebrofilina 25mg/5ml Frasco 120 ml Xarope Pediátrico,Nazaria - MA - Timon,171.0,0.6082,24.91,0.0,9.76,9.76,2026-09-09 21:03:31,OK,
MA,GD,14569758000150,7896004710464,Acebrofilina 25mg/5ml Frasco 120 ml Xarope Pediátrico,Nazaria - MA - Imperatriz,125.0,0.6082,24.91,0.0,9.76,9.76,2026-09-09 21:03:31,OK,
MA,GD,14569758000150,7896004710464,Acebrofilina 25mg/5ml Frasco 120 ml Xarope Pediátrico,Emmarka - MA,81.0,0.6082,24.91,0.0,9.76,9.76,2026-09-09 21:03:31,OK,
MA,GD,14569758000150,7896004710471,Acebrofilina 50mg/5ml Frasco 120 ml Xarope Adulto,Panpharma - CE,100.0,0.5897,35.18,0.0,14.43,14.43,2026-09-09 21:03:35,OK,
MA,GD,14569758000150,7896004710471,Acebrofilina 50mg/5ml Frasco 120 ml Xarope Adulto,Emmarka - MA,206.0,0.5717,35.18,0.0,15.07,15.07,2026-09-09 21:03:35,OK,
MA,GD,14569758000150,7896004710471,Acebrofilina 50mg/5ml Frasco 120 ml Xarope Adulto,Nazaria - MA - Imperatriz,88.0,0.5717,35.18,0.0,15.07,15.07,2026-09-09 21:03:35,OK,
MA,GD,14569758000150,7896004710471,Acebrofilina 50mg/5ml Frasco 120 ml Xarope Adulto,Nazaria - MA - Timon,59.0,0.5717,35.18,0.0,15.07,15.07,2026-09-09 21:03:35,OK,
MA,GD,14569758000150,7896004710471,Acebrofilina 50mg/5ml Frasco 120 ml Xarope Adulto,Total - MA,29.0,0.5710999999999999,35.18,0.0,15.09,15.09,2026-09-09 21:03:35,OK,
MA,GD,14569758000150,7896004710525,Bezafibrato 200 mg Caixa 20 Comprimidos Revestidos,Nazaria - MA - Timon,60.0,0.1818,34.1,0.0,27.9,27.9,2026-09-09 21:03:40,OK,
MA,GD,14569758000150,7896004710525,Bezafibrato 200 mg Caixa 20 Comprimidos Revestidos,Total - MA,49.0,0.1818,34.1,0.0,27.9,27.9,2026-09-09 21:03:40,OK,
MA,GD,14569758000150,7896004710525,Bezafibrato 200 mg Caixa 20 Comprimidos Revestidos,Panpharma - CE,81.0,0.10310000000000001,34.1,0.0,30.58,30.58,2026-09-09 21:03:40,OK,
MA,GD,14569758000150,7896004710679,Meloxicam 15 mg Caixa 10 Comprimidos,Panpharma - CE,40.0,0.9179999999999999,35.05,0.0,2.87,2.87,2026-09-09 21:03:44,OK,
MA,GD,14569758000150,7896004710679,Meloxicam 15 mg Caixa 10 Comprimidos,Emmarka - MA,254.0,0.9001,35.05,0.0,3.5,3.5,2026-09-09 21:03:44,OK,
MA,GD,14569758000150,7896004710679,Meloxicam 15 mg Caixa 10 Comprimidos,Nazaria - MA - Imperatriz,175.0,0.9001,35.05,0.0,3.5,3.5,2026-09-09 21:03:44,OK,
MA,GD,14569758000150,7896004710679,Meloxicam 15 mg Caixa 10 Comprimidos,Nazaria - MA - Timon,122.0,0.9001,35.05,0.0,3.5,3.5,2026-09-09 21:03:44,OK,
MA,GD,14569758000150,7896004710761,Sinvastatina 20 mg Caixa 30 Comprimidos Revestidos,Panpharma - CE,1412.0,0.9194,44.62,0.0,3.6,3.6,2026-09-09 21:03:48,OK,
MA,GD,14569758000150,7896004710761,Sinvastatina 20 mg Caixa 30 Comprimidos Revestidos,Emmarka - MA,600.0,0.9002,44.62,0.0,4.45,4.45,2026-09-09 21:03:48,OK,
MA,GD,14569758000150,7896004710761,Sinvastatina 20 mg Caixa 30 Comprimidos Revestidos,Nazaria - MA - Timon,23.0,0.9002,44.62,0.0,4.45,4.45,2026-09-09 21:03:48,OK,
MA,GD,14569758000150,7896004710860,,,0.0,0.0,0.0,0.0,0.0,0.0,2026-09-09 21:04:00,ERRO,Message: Nenhuma distribuidora pôde ser lida no card do produto.
MA,GD,14569758000150,7896004710891,Ácido Acetilsalicílico 100 mg Caixa 30 Comprimidos,Panpharma - CE,103.0,0.2259,11.6,0.0,8.98,8.98,2026-09-09 21:04:05,OK,
MA,GD,14569758000150,7896004710891,Ácido Acetilsalicílico 100 mg Caixa 30 Comprimidos,Emmarka - MA,1115.0,0.2079,11.6,0.0,9.19,9.19,2026-09-09 21:04:05,OK,
MA,GD,14569758000150,7896004710891,Ácido Acetilsalicílico 100 mg Caixa 30 Comprimidos,Nazaria - MA - Imperatriz,956.0,0.2079,11.6,0.0,9.19,9.19,2026-09-09 21:04:05,OK,
MA,GD,14569758000150,7896004710891,Ácido Acetilsalicílico 100 mg Caixa 30 Comprimidos,Nazaria - MA - Timon,605.0,0.2079,11.6,0.0,9.19,9.19,2026-09-09 21:04:05,OK,
MA,GD,14569758000150,7896004710891,Ácido Acetilsalicílico 100 mg Caixa 30 Comprimidos,Total - MA,98.0,0.20600000000000002,11.6,0.0,9.21,9.21,2026-09-09 21:04:05,OK,
MA,GD,14569758000150,7896004710907,Ácido Acetilsalicílico 100 mg Display 200 Comprimidos,Panpharma - CE,14.0,0.46,73.42,0.0,39.65,39.65,2026-09-09 21:04:10,OK,
MA,GD,14569758000150,7896004710907,Ácido Acetilsalicílico 100 mg Display 200 Comprimidos,Nazaria - MA - Timon,723.0,0.4421,73.42,0.0,40.96,40.96,2026-09-09 21:04:10,OK,
MA,GD,14569758000150,7896004710907,Ácido Acetilsalicílico 100 mg Display 200 Comprimidos,Nazaria - MA - Imperatriz,38.0,0.4421,73.42,0.0,40.96,40.96,2026-09-09 21:04:10,OK,
MA,GD,14569758000150,7896004710907,Ácido Acetilsalicílico 100 mg Display 200 Comprimidos,Emmarka - MA,29.0,0.4421,73.42,0.0,40.96,40.96,2026-09-09 21:04:10,OK,
MA,GD,14569758000150,7896004711034,,,0.0,0.0,0.0,0.0,0.0,0.0,2026-09-09 21:04:22,ERRO,Message: Nenhuma distribuidora pôde ser lida no card do produto.
MA,GD,14569758000150,7896004711188,Sinvastatina 40 mg Caixa 30 Comprimidos Revestidos,Panpharma - CE,381.0,0.903,53.12,0.0,5.15,5.15,2026-09-09 21:04:27,OK,
MA,GD,14569758000150,7896004711188,Sinvastatina 40 mg Caixa 30 Comprimidos Revestidos,Total - MA,51.0,0.8698,53.12,0.0,6.91,6.91,2026-09-09 21:04:27,OK,
MA,GD,14569758000150,7896004711188,Sinvastatina 40 mg Caixa 30 Comprimidos Revestidos,Emmarka - MA,1324.0,0.8698,53.12,0.0,6.92,6.92,2026-09-09 21:04:27,OK,
MA,GD,14569758000150,7896004711188,Sinvastatina 40 mg Caixa 30 Comprimidos Revestidos,Nazaria - MA - Timon,210.0,0.8698,53.12,0.0,6.92,6.92,2026-09-09 21:04:27,OK,
MA,GD,14569758000150,7896004711188,Sinvastatina 40 mg Caixa 30 Comprimidos Revestidos,Nazaria - MA - Imperatriz,191.0,0.8698,53.12,0.0,6.92,6.92,2026-09-09 21:04:27,OK,
MA,GD,14569758000150,7896004711195,Nistatina + Óxido De Zinco 100.000ui+200mg/g Bisnaga 60 g Pomada,Nazaria - MA - Timon,533.0,0.6565000000000001,30.72,0.0,10.55,10.55,2026-09-09 21:04:32,OK,
MA,GD,14569758000150,7896004711195,Nistatina + Óxido De Zinco 100.000ui+200mg/g Bisnaga 60 g Pomada,Emmarka - MA,343.0,0.6565000000000001,30.72,0.0,10.55,10.55,2026-09-09 21:04:32,OK,
MA,GD,14569758000150,7896004711195,Nistatina + Óxido De Zinco 100.000ui+200mg/g Bisnaga 60 g Pomada,Nazaria - MA - Imperatriz,293.0,0.6565000000000001,30.72,0.0,10.55,10.55,2026-09-09 21:04:32,OK,
MA,GD,14569758000150,7896004711195,Nistatina + Óxido De Zinco 100.000ui+200mg/g Bisnaga 60 g Pomada,Total - MA,246.0,0.6564,30.72,0.0,10.55,10.55,2026-09-09 21:04:32,OK,
MA,GD,14569758000150,7896004711195,Nistatina + Óxido De Zinco 100.000ui+200mg/g Bisnaga 60 g Pomada,Panpharma - CE,4690.0,0.6418,30.72,0.0,11.0,11.0,2026-09-09 21:04:32,OK,
MA,GD,14569758000150,7896004711218,,,0.0,0.0,0.0,0.0,0.0,0.0,2026-09-09 21:04:44,ERRO,Message: Nenhuma distribuidora pôde ser lida no card do produto.
MA,GD,14569758000150,7896004711225,,,0.0,0.0,0.0,0.0,0.0,0.0,2026-09-09 21:04:56,ERRO,Message: Nenhuma distribuidora pôde ser lida no card do produto.
MA,GD,14569758000150,7896004711232,Glimepirida 4 mg Caixa 30 Comprimidos,Panpharma - CE,7.0,0.8549,56.94,0.0,8.26,8.26,2026-09-09 21:05:00,OK,
MA,GD,14569758000150,7896004711232,Glimepirida 4 mg Caixa 30 Comprimidos,Emmarka - MA,6.0,0.846,56.94,0.0,8.77,8.77,2026-09-09 21:05:00,OK,
MA,GD,14569758000150,7896004711287,Dexclorfeniramina 2 mg Caixa 20 Comprimidos,Panpharma - CE,47.0,0.5925,13.99,0.0,5.7,5.7,2026-09-09 21:05:04,OK,
MA,GD,14569758000150,7896004711287,Dexclorfeniramina 2 mg Caixa 20 Comprimidos,Emmarka - MA,82.0,0.5911,13.99,0.0,5.72,5.72,2026-09-09 21:05:04,OK,
MA,GD,14569758000150,7896004711287,Dexclorfeniramina 2 mg Caixa 20 Comprimidos,Nazaria - MA - Timon,63.0,0.5911,13.99,0.0,5.72,5.72,2026-09-09 21:05:04,OK,
MA,GD,14569758000150,7896004711287,Dexclorfeniramina 2 mg Caixa 20 Comprimidos,Nazaria - MA - Imperatriz,22.0,0.5911,13.99,0.0,5.72,5.72,2026-09-09 21:05:04,OK,
MA,GD,14569758000150,7896004711423,Clotrimazol 10 mg/g Bisnaga 35 g Creme Vaginal + 6 Aplicadores,Emmarka - MA,663.0,0.6535,54.19,0.0,18.78,18.78,2026-09-09 21:05:09,OK,
MA,GD,14569758000150,7896004711423,Clotrimazol 10 mg/g Bisnaga 35 g Creme Vaginal + 6 Aplicadores,Nazaria - MA - Timon,335.0,0.6535,54.19,0.0,18.78,18.78,2026-09-09 21:05:09,OK,
MA,GD,14569758000150,7896004711423,Clotrimazol 10 mg/g Bisnaga 35 g Creme Vaginal + 6 Aplicadores,Total - MA,227.0,0.6534,54.19,0.0,18.78,18.78,2026-09-09 21:05:09,OK,
MA,GD,14569758000150,7896004711423,Clotrimazol 10 mg/g Bisnaga 35 g Creme Vaginal + 6 Aplicadores,Nazaria - MA - Imperatriz,144.0,0.6535,54.19,0.0,18.78,18.78,2026-09-09 21:05:09,OK,
MA,GD,14569758000150,7896004711423,Clotrimazol 10 mg/g Bisnaga 35 g Creme Vaginal + 6 Aplicadores,Panpharma - CE,1021.0,0.6417,54.19,0.0,19.42,19.42,2026-09-09 21:05:09,OK,
MA,GD,14569758000150,7896004711454,Amilorida + Hidroclorotiazida 5+50 mg Caixa 30 Comprimidos,Panpharma - CE,66.0,0.29719999999999996,19.01,0.0,13.36,13.36,2026-09-09 21:05:14,OK,
MA,GD,14569758000150,7896004711454,Amilorida + Hidroclorotiazida 5+50 mg Caixa 30 Comprimidos,Nazaria - MA - Timon,71.0,0.2792,19.01,0.0,13.7,13.7,2026-09-09 21:05:14,OK,
MA,GD,14569758000150,7896004711454,Amilorida + Hidroclorotiazida 5+50 mg Caixa 30 Comprimidos,Emmarka - MA,67.0,0.2792,19.01,0.0,13.7,13.7,2026-09-09 21:05:14,OK,
MA,GD,14569758000150,7896004711454,Amilorida + Hidroclorotiazida 5+50 mg Caixa 30 Comprimidos,Nazaria - MA - Imperatriz,47.0,0.2792,19.01,0.0,13.7,13.7,2026-09-09 21:05:14,OK,
MA,GD,14569758000150,7896004711454,Amilorida + Hidroclorotiazida 5+50 mg Caixa 30 Comprimidos,Total - MA,73.0,0.2755,19.01,0.0,13.77,13.77,2026-09-09 21:05:14,OK,
MA,GD,14569758000150,7896004711485,Dexclorfeniramina + Betametasona 2+0.25 mg Caixa 20 Comprimidos,Panpharma - CE,53.0,0.38049999999999995,21.2,0.0,13.13,13.13,2026-09-09 21:05:18,OK,
MA,GD,14569758000150,7896004711485,Dexclorfeniramina + Betametasona 2+0.25 mg Caixa 20 Comprimidos,Nazaria - MA - Imperatriz,501.0,0.3626,21.2,0.0,13.51,13.51,2026-09-09 21:05:18,OK,
MA,GD,14569758000150,7896004711485,Dexclorfeniramina + Betametasona 2+0.25 mg Caixa 20 Comprimidos,Nazaria - MA - Timon,304.0,0.3626,21.2,0.0,13.51,13.51,2026-09-09 21:05:18,OK,
MA,GD,14569758000150,7896004711485,Dexclorfeniramina + Betametasona 2+0.25 mg Caixa 20 Comprimidos,Emmarka - MA,284.0,0.3626,21.2,0.0,13.51,13.51,2026-09-09 21:05:18,OK,
MA,GD,14569758000150,7896004711539,Diclofenaco Colestiramina 70 mg Caixa 14 Cápsulas,Nazaria - MA - Imperatriz,135.0,0.7606999999999999,30.09,0.0,7.2,7.2,2026-09-09 21:05:22,OK,
MA,GD,14569758000150,7896004711690,Betametasona + Gentamicina 0.5+1 mg/g Bisnaga 30 g Creme,Panpharma - CE,170.0,0.7763,26.93,0.0,6.02,6.02,2026-09-09 21:05:26,OK,
MA,GD,14569758000150,7896004711690,Betametasona + Gentamicina 0.5+1 mg/g Bisnaga 30 g Creme,Nazaria - MA - Timon,137.0,0.7714,26.93,0.0,6.16,6.16,2026-09-09 21:05:26,OK,
MA,GD,14569758000150,7896004711690,Betametasona + Gentamicina 0.5+1 mg/g Bisnaga 30 g Creme,Nazaria - MA - Imperatriz,75.0,0.7714,26.93,0.0,6.16,6.16,2026-09-09 21:05:26,OK,
MA,GD,14569758000150,7896004711690,Betametasona + Gentamicina 0.5+1 mg/g Bisnaga 30 g Creme,Emmarka - MA,56.0,0.7714,26.93,0.0,6.16,6.16,2026-09-09 21:05:26,OK,
MA,GD,14569758000150,7896004711744,Tramadol 50 mg Caixa 10 Cápsulas,Nazaria - MA - Imperatriz,293.0,0.8022,30.05,0.0,5.94,5.94,2026-09-09 21:05:31,OK,
MA,GD,14569758000150,7896004711744,Tramadol 50 mg Caixa 10 Cápsulas,Nazaria - MA - Timon,210.0,0.8022,30.05,0.0,5.94,5.94,2026-09-09 21:05:31,OK,
MA,GD,14569758000150,7896004711744,Tramadol 50 mg Caixa 10 Cápsulas,Total - MA,157.0,0.8022,30.05,0.0,5.94,5.94,2026-09-09 21:05:31,OK,
MA,GD,14569758000150,7896004711744,Tramadol 50 mg Caixa 10 Cápsulas,Emmarka - MA,1.0,0.8022,30.05,0.0,5.94,5.94,2026-09-09 21:05:31,OK,
MA,GD,14569758000150,7896004711850,Betametasona 0.5 mg/g Bisnaga 30 g Creme,Panpharma - CE,57.0,0.2559,30.02,0.0,22.34,22.34,2026-09-09 21:05:35,OK,
MA,GD,14569758000150,7896004711850,Betametasona 0.5 mg/g Bisnaga 30 g Creme,Emmarka - MA,245.0,0.2379,30.02,0.0,22.88,22.88,2026-09-09 21:05:35,OK,
MA,GD,14569758000150,7896004711850,Betametasona 0.5 mg/g Bisnaga 30 g Creme,Nazaria - MA - Imperatriz,88.0,0.2379,30.02,0.0,22.88,22.88,2026-09-09 21:05:35,OK,
MA,GD,14569758000150,7896004711850,Betametasona 0.5 mg/g Bisnaga 30 g Creme,Nazaria - MA - Timon,44.0,0.2379,30.02,0.0,22.88,22.88,2026-09-09 21:05:35,OK,
MA,GD,14569758000150,7896004712048,Triancinolona Acetonida 1 mg/g Bisnaga 10 g Pomada Bucal,Panpharma - CE,1513.0,0.7204999999999999,13.79,0.0,3.85,3.85,2026-09-09 21:05:40,OK,
MA,GD,14569758000150,7896004712048,Triancinolona Acetonida 1 mg/g Bisnaga 10 g Pomada Bucal,Total - MA,1262.0,0.6889,13.79,0.0,4.29,4.29,2026-09-09 21:05:40,OK,
MA,GD,14569758000150,7896004712048,Triancinolona Acetonida 1 mg/g Bisnaga 10 g Pomada Bucal,Emmarka - MA,285.0,0.6890000000000001,13.79,0.0,4.29,4.29,2026-09-09 21:05:40,OK,
MA,GD,14569758000150,7896004712048,Triancinolona Acetonida 1 mg/g Bisnaga 10 g Pomada Bucal,Nazaria - MA - Imperatriz,193.0,0.6890000000000001,13.79,0.0,4.29,4.29,2026-09-09 21:05:40,OK,
MA,GD,14569758000150,7896004712147,Dexametasona 4 mg Caixa 10 Comprimidos,Nazaria - MA - Timon,2965.0,0.6455,13.48,0.0,4.78,4.78,2026-09-09 21:05:44,OK,
MA,GD,14569758000150,7896004712147,Dexametasona 4 mg Caixa 10 Comprimidos,Emmarka - MA,1012.0,0.6455,13.48,0.0,4.78,4.78,2026-09-09 21:05:44,OK,
MA,GD,14569758000150,7896004712147,Dexametasona 4 mg Caixa 10 Comprimidos,Nazaria - MA - Imperatriz,748.0,0.6455,13.48,0.0,4.78,4.78,2026-09-09 21:05:44,OK,
MA,GD,14569758000150,7896004712147,Dexametasona 4 mg Caixa 10 Comprimidos,Total - MA,893.0,0.6328,13.48,0.0,4.95,4.95,2026-09-09 21:05:44,OK,
MA,GD,14569758000150,7896004712413,Clobetasol 0.5 mg/g Bisnaga 30 g Creme,Nazaria - MA - Timon,496.0,0.6881,22.94,0.0,7.15,7.15,2026-09-09 21:05:48,OK,
MA,GD,14569758000150,7896004712413,Clobetasol 0.5 mg/g Bisnaga 30 g Creme,Nazaria - MA - Imperatriz,161.0,0.6881,22.94,0.0,7.15,7.15,2026-09-09 21:05:48,OK,
MA,GD,14569758000150,7896004712499,Doxazosina 2 mg Caixa 30 Comprimidos,Panpharma - CE,567.0,0.8945000000000001,46.04,0.0,4.86,4.86,2026-09-09 21:05:52,OK,
MA,GD,14569758000150,7896004712499,Doxazosina 2 mg Caixa 30 Comprimidos,Nazaria - MA - Timon,87.0,0.8765999999999999,46.04,0.0,5.68,5.68,2026-09-09 21:05:52,OK,
MA,GD,14569758000150,7896004712499,Doxazosina 2 mg Caixa 30 Comprimidos,Emmarka - MA,32.0,0.8765999999999999,46.04,0.0,5.68,5.68,2026-09-09 21:05:52,OK,
MA,GD,14569758000150,7896004712499,Doxazosina 2 mg Caixa 30 Comprimidos,Total - MA,36.0,0.8542000000000001,46.04,0.0,6.71,6.71,2026-09-09 21:05:52,OK,
MA,GD,14569758000150,7896004712581,Cefalexina 1 g Caixa 8 Comprimidos Revestidos,Emmarka - MA,113.0,0.3604,83.74,0.0,53.56,53.56,2026-09-09 21:05:57,OK,
MA,GD,14569758000150,7896004712581,Cefalexina 1 g Caixa 8 Comprimidos Revestidos,Nazaria - MA - Timon,89.0,0.3604,83.74,0.0,53.56,53.56,2026-09-09 21:05:57,OK,
MA,GD,14569758000150,7896004712581,Cefalexina 1 g Caixa 8 Comprimidos Revestidos,Nazaria - MA - Imperatriz,63.0,0.3604,83.74,0.0,53.56,53.56,2026-09-09 21:05:57,OK,
MA,GD,14569758000150,7896004712581,Cefalexina 1 g Caixa 8 Comprimidos Revestidos,Total - MA,34.0,0.3604,83.74,0.0,53.56,53.56,2026-09-09 21:05:57,OK,
MA,GD,14569758000150,7896004712581,Cefalexina 1 g Caixa 8 Comprimidos Revestidos,Panpharma - CE,14.0,0.3231,83.74,0.0,56.68,56.68,2026-09-09 21:05:57,OK,
MA,GD,14569758000150,7896004712932,Clonazepam 2.5 mg/ml Frasco 20 ml Gotas,Panpharma - CE,1609.0,0.6825,15.56,0.0,4.94,4.94,2026-09-09 21:06:02,OK,
MA,GD,14569758000150,7896004712932,Clonazepam 2.5 mg/ml Frasco 20 ml Gotas,Nazaria - MA - Timon,3908.0,0.6645,15.56,0.0,5.22,5.22,2026-09-09 21:06:02,OK,
MA,GD,14569758000150,7896004712932,Clonazepam 2.5 mg/ml Frasco 20 ml Gotas,Nazaria - MA - Imperatriz,1670.0,0.6645,15.56,0.0,5.22,5.22,2026-09-09 21:06:02,OK,
MA,GD,14569758000150,7896004712932,Clonazepam 2.5 mg/ml Frasco 20 ml Gotas,Emmarka - MA,1153.0,0.6645,15.56,0.0,5.22,5.22,2026-09-09 21:06:02,OK,
MA,GD,14569758000150,7896004712932,Clonazepam 2.5 mg/ml Frasco 20 ml Gotas,Total - MA,1799.0,0.6564,15.56,0.0,5.35,5.35,2026-09-09 21:06:02,OK,
MA,GD,14569758000150,7896004712963,Mesalazina 800 mg Caixa 30 Comprimidos Revestidos,Panpharma - CE,189.0,0.2726,104.51,0.0,76.02,76.02,2026-09-09 21:06:05,OK,
MA,GD,14569758000150,7896004713007,Topiramato 100 mg Caixa 60 Comprimidos Revestidos,Emmarka - MA,27.0,0.8069,244.61,0.0,47.23,47.23,2026-09-09 21:06:09,OK,
MA,GD,14569758000150,7896004713007,Topiramato 100 mg Caixa 60 Comprimidos Revestidos,Nazaria - MA - Timon,17.0,0.8069,244.61,0.0,47.23,47.23,2026-09-09 21:06:09,OK,
MA,GD,14569758000150,7896004713007,Topiramato 100 mg Caixa 60 Comprimidos Revestidos,Nazaria - MA - Imperatriz,13.0,0.8069,244.61,0.0,47.23,47.23,2026-09-09 21:06:09,OK,
MA,GD,14569758000150,7896004713014,Topiramato 50 mg Caixa 60 Comprimidos Revestidos,Panpharma - CE,138.0,0.8697,166.69,0.0,21.72,21.72,2026-09-09 21:06:14,OK,
MA,GD,14569758000150,7896004713014,Topiramato 50 mg Caixa 60 Comprimidos Revestidos,Total - MA,34.0,0.8558,166.69,0.0,24.03,24.03,2026-09-09 21:06:14,OK,
MA,GD,14569758000150,7896004713014,Topiramato 50 mg Caixa 60 Comprimidos Revestidos,Nazaria - MA - Imperatriz,49.0,0.8558,166.69,0.0,24.04,24.04,2026-09-09 21:06:14,OK,
MA,GD,14569758000150,7896004713014,Topiramato 50 mg Caixa 60 Comprimidos Revestidos,Emmarka - MA,32.0,0.8558,166.69,0.0,24.04,24.04,2026-09-09 21:06:14,OK,
MA,GD,14569758000150,7896004713014,Topiramato 50 mg Caixa 60 Comprimidos Revestidos,Nazaria - MA - Timon,10.0,0.8558,166.69,0.0,24.04,24.04,2026-09-09 21:06:14,OK,
MA,GD,14569758000150,7896004713021,Topiramato 25 mg Caixa 60 Comprimidos Revestidos,Panpharma - CE,11.0,0.8733,91.7,0.0,11.62,11.62,2026-09-09 21:06:19,OK,
MA,GD,14569758000150,7896004713021,Topiramato 25 mg Caixa 60 Comprimidos Revestidos,Nazaria - MA - Timon,58.0,0.8554,91.7,0.0,13.26,13.26,2026-09-09 21:06:19,OK,
MA,GD,14569758000150,7896004713021,Topiramato 25 mg Caixa 60 Comprimidos Revestidos,Nazaria - MA - Imperatriz,54.0,0.8554,91.7,0.0,13.26,13.26,2026-09-09 21:06:19,OK,
MA,GD,14569758000150,7896004713021,Topiramato 25 mg Caixa 60 Comprimidos Revestidos,Emmarka - MA,27.0,0.8554,91.7,0.0,13.26,13.26,2026-09-09 21:06:19,OK,
MA,GD,14569758000150,7896004713021,Topiramato 25 mg Caixa 60 Comprimidos Revestidos,Total - MA,55.0,0.8332999999999999,91.7,0.0,15.28,15.28,2026-09-09 21:06:19,OK,
MA,GD,14569758000150,7896004713120,,,0.0,0.0,0.0,0.0,0.0,0.0,2026-09-09 21:06:31,ERRO,Message: Nenhuma distribuidora pôde ser lida no card do produto.
MA,GD,14569758000150,7896004713137,Levofloxacino 500 mg Caixa 7 Comprimidos Revestidos,Emmarka - MA,11.0,0.9079,103.23,0.0,9.51,9.51,2026-09-09 21:06:35,OK,
MA,GD,14569758000150,7896004713182,Ácido Acetilsalicílico 100 mg Display 100 Comprimidos,Panpharma - CE,18.0,0.38049999999999995,39.84,0.0,24.68,24.68,2026-09-09 21:06:39,OK,
MA,GD,14569758000150,7896004713182,Ácido Acetilsalicílico 100 mg Display 100 Comprimidos,Emmarka - MA,36.0,0.3626,39.84,0.0,25.39,25.39,2026-09-09 21:06:39,OK,
MA,GD,14569758000150,7896004713182,Ácido Acetilsalicílico 100 mg Display 100 Comprimidos,Nazaria - MA - Imperatriz,26.0,0.3626,39.84,0.0,25.39,25.39,2026-09-09 21:06:39,OK,
MA,GD,14569758000150,7896004713250,Gabapentina 300 mg Caixa 30 Cápsulas,Emmarka - MA,124.0,0.8024,102.03,0.0,20.16,20.16,2026-09-09 21:06:42,OK,
MA,GD,14569758000150,7896004713250,Gabapentina 300 mg Caixa 30 Cápsulas,Total - MA,55.0,0.7534000000000001,102.03,0.0,25.15,25.15,2026-09-09 21:06:42,OK,
MA,GD,14569758000150,7896004713267,,,0.0,0.0,0.0,0.0,0.0,0.0,2026-09-09 21:06:55,ERRO,Message: Nenhuma distribuidora pôde ser lida no card do produto.
MA,GD,14569758000150,7896004713342,Acetilcisteína 600 mg Caixa 5 g Granulado,Panpharma - CE,1223.0,0.7171,70.03,0.0,19.81,19.81,2026-09-09 21:06:59,OK,
MA,GD,14569758000150,7896004713342,Acetilcisteína 600 mg Caixa 5 g Granulado,Nazaria - MA - Timon,1055.0,0.6992,70.03,0.0,21.07,21.07,2026-09-09 21:06:59,OK,
MA,GD,14569758000150,7896004713342,Acetilcisteína 600 mg Caixa 5 g Granulado,Emmarka - MA,558.0,0.6992,70.03,0.0,21.07,21.07,2026-09-09 21:06:59,OK,
MA,GD,14569758000150,7896004713342,Acetilcisteína 600 mg Caixa 5 g Granulado,Nazaria - MA - Imperatriz,287.0,0.6992,70.03,0.0,21.07,21.07,2026-09-09 21:06:59,OK,
MA,GD,14569758000150,7896004713366,Acetilcisteína 40mg/ml Frasco 120 ml Xarope Adulto,Panpharma - CE,4728.0,0.7885,45.32,0.0,9.59,9.59,2026-09-09 21:07:04,OK,
MA,GD,14569758000150,7896004713366,Acetilcisteína 40mg/ml Frasco 120 ml Xarope Adulto,Nazaria - MA - Timon,1778.0,0.7706000000000001,45.32,0.0,10.4,10.4,2026-09-09 21:07:04,OK,
MA,GD,14569758000150,7896004713366,Acetilcisteína 40mg/ml Frasco 120 ml Xarope Adulto,Emmarka - MA,850.0,0.7706000000000001,45.32,0.0,10.4,10.4,2026-09-09 21:07:04,OK,
MA,GD,14569758000150,7896004713366,Acetilcisteína 40mg/ml Frasco 120 ml Xarope Adulto,Nazaria - MA - Imperatriz,634.0,0.7706000000000001,45.32,0.0,10.4,10.4,2026-09-09 21:07:04,OK,
MA,GD,14569758000150,7896004713366,Acetilcisteína 40mg/ml Frasco 120 ml Xarope Adulto,Total - MA,189.0,0.7152,45.32,0.0,12.91,12.91,2026-09-09 21:07:04,OK,
MA,GD,14569758000150,7896004713571,Pentoxifilina 400 mg Caixa 30 Comprimidos Revestidos,Nazaria - MA - Timon,80.0,0.2155,71.7,0.0,56.25,56.25,2026-09-09 21:07:08,OK,
MA,GD,14569758000150,7896004713571,Pentoxifilina 400 mg Caixa 30 Comprimidos Revestidos,Emmarka - MA,1.0,0.2155,71.7,0.0,56.25,56.25,2026-09-09 21:07:08,OK,
MA,GD,14569758000150,7896004713618,Algestona + Estradiol 150+10mg/ml Ampola 1 ml Solução Injetável,Nazaria - MA - Imperatriz,2311.0,0.12890000000000001,13.49,0.0,11.75,11.75,2026-09-09 21:07:13,OK,
MA,GD,14569758000150,7896004713618,Algestona + Estradiol 150+10mg/ml Ampola 1 ml Solução Injetável,Emmarka - MA,2296.0,0.12890000000000001,13.49,0.0,11.75,11.75,2026-09-09 21:07:13,OK,
MA,GD,14569758000150,7896004713618,Algestona + Estradiol 150+10mg/ml Ampola 1 ml Solução Injetável,Nazaria - MA - Timon,1488.0,0.12890000000000001,13.49,0.0,11.75,11.75,2026-09-09 21:07:13,OK,
MA,GD,14569758000150,7896004713618,Algestona + Estradiol 150+10mg/ml Ampola 1 ml Solução Injetável,Panpharma - CE,2203.0,0.078,13.49,0.0,12.44,12.44,2026-09-09 21:07:13,OK,
MA,GD,14569758000150,7896004713618,Algestona + Estradiol 150+10mg/ml Ampola 1 ml Solução Injetável,Total - MA,1206.0,0.0741,13.49,0.0,12.49,12.49,2026-09-09 21:07:13,OK,
MA,GD,14569758000150,7896004713717,Oximetazolina 0.25 mg/ml Frasco 20 ml Solução Nasal Pediátrico,Total - MA,101.0,0.2917,10.32,0.0,7.31,7.31,2026-09-09 21:07:16,OK,
MA,GD,14569758000150,7896004713724,Oximetazolina 0.5 mg/ml Frasco 30 ml Solução Nasal Adulto,Panpharma - CE,68.0,0.38049999999999995,14.82,0.0,9.18,9.18,2026-09-09 21:07:21,OK,
MA,GD,14569758000150,7896004713724,Oximetazolina 0.5 mg/ml Frasco 30 ml Solução Nasal Adulto,Nazaria - MA - Imperatriz,251.0,0.3626,14.82,0.0,9.45,9.45,2026-09-09 21:07:21,OK,
MA,GD,14569758000150,7896004713724,Oximetazolina 0.5 mg/ml Frasco 30 ml Solução Nasal Adulto,Emmarka - MA,47.0,0.3626,14.82,0.0,9.45,9.45,2026-09-09 21:07:21,OK,
MA,GD,14569758000150,7896004713724,Oximetazolina 0.5 mg/ml Frasco 30 ml Solução Nasal Adulto,Nazaria - MA - Timon,1.0,0.3626,14.82,0.0,9.45,9.45,2026-09-09 21:07:21,OK,
MA,GD,14569758000150,7896004713731,Diclofenaco Potássico 50 mg Caixa 10 Comprimidos Revestidos,Panpharma - CE,1.0,0.43170000000000003,14.66,0.0,8.33,8.33,2026-09-09 21:07:24,OK,
MA,GD,14569758000150,7896004713762,Bromazepam 6 mg Caixa 30 Comprimidos,Emmarka - MA,7.0,0.7875,32.45,0.0,6.9,6.9,2026-09-09 21:07:27,OK,
MA,GD,14569758000150,7896004713915,Losartana + Hidroclorotiazida 100+25 mg Caixa 30 Comprimidos Revestidos,Emmarka - MA,247.0,0.8069,94.36,0.0,18.22,18.22,2026-09-09 21:07:31,OK,
MA,GD,14569758000150,7896004713915,Losartana + Hidroclorotiazida 100+25 mg Caixa 30 Comprimidos Revestidos,Nazaria - MA - Imperatriz,55.0,0.8069,94.36,0.0,18.22,18.22,2026-09-09 21:07:31,OK,
MA,GD,14569758000150,7896004713915,Losartana + Hidroclorotiazida 100+25 mg Caixa 30 Comprimidos Revestidos,Panpharma - CE,16.0,0.804,94.36,0.0,18.49,18.49,2026-09-09 21:07:31,OK,
MA,GD,14569758000150,7896004713922,Losartana + Hidroclorotiazida 50+12.5 mg Caixa 30 Comprimidos Revestidos,Panpharma - CE,117.0,0.7751,58.88,0.0,13.24,13.24,2026-09-09 21:07:35,OK,
MA,GD,14569758000150,7896004715292,Acetilcisteína 20mg/ml Frasco 120 ml Xarope Pediátrico,Nazaria - MA - Timon,1201.0,0.7116,33.99,0.0,9.8,9.8,2026-09-09 21:07:39,OK,
MA,GD,14569758000150,7896004715292,Acetilcisteína 20mg/ml Frasco 120 ml Xarope Pediátrico,Emmarka - MA,662.0,0.7116,33.99,0.0,9.8,9.8,2026-09-09 21:07:39,OK,
MA,GD,14569758000150,7896004715292,Acetilcisteína 20mg/ml Frasco 120 ml Xarope Pediátrico,Nazaria - MA - Imperatriz,377.0,0.7116,33.99,0.0,9.8,9.8,2026-09-09 21:07:39,OK,
MA,GD,14569758000150,7896004715292,Acetilcisteína 20mg/ml Frasco 120 ml Xarope Pediátrico,Total - MA,64.0,0.7116,33.99,0.0,9.8,9.8,2026-09-09 21:07:39,OK,
MA,GD,14569758000150,7896004715292,Acetilcisteína 20mg/ml Frasco 120 ml Xarope Pediátrico,Panpharma - CE,2703.0,0.7106999999999999,33.99,0.0,9.83,9.83,2026-09-09 21:07:39,OK,
MA,GD,14569758000150,7896004715322,Alendronato De Sódio 70 mg Caixa 4 Comprimidos,Panpharma - CE,754.0,0.98,85.01,0.0,1.7,1.7,2026-09-09 21:07:44,OK,
MA,GD,14569758000150,7896004715322,Alendronato De Sódio 70 mg Caixa 4 Comprimidos,Emmarka - MA,329.0,0.968,85.01,0.0,2.72,2.72,2026-09-09 21:07:44,OK,
MA,GD,14569758000150,7896004715322,Alendronato De Sódio 70 mg Caixa 4 Comprimidos,Nazaria - MA - Imperatriz,196.0,0.968,85.01,0.0,2.72,2.72,2026-09-09 21:07:44,OK,
MA,GD,14569758000150,7896004715322,Alendronato De Sódio 70 mg Caixa 4 Comprimidos,Nazaria - MA - Timon,188.0,0.968,85.01,0.0,2.72,2.72,2026-09-09 21:07:44,OK,
MA,GD,14569758000150,7896004715322,Alendronato De Sódio 70 mg Caixa 4 Comprimidos,Total - MA,41.0,0.968,85.01,0.0,2.72,2.72,2026-09-09 21:07:44,OK,
MA,GD,14569758000150,7896004715537,Mometasona 1 mg/g Bisnaga 20 g Creme,Emmarka - MA,489.0,0.6083,36.03,0.0,14.11,14.11,2026-09-09 21:07:48,OK,
MA,GD,14569758000150,7896004715537,Mometasona 1 mg/g Bisnaga 20 g Creme,Total - MA,311.0,0.6083,36.03,0.0,14.11,14.11,2026-09-09 21:07:48,OK,
MA,GD,14569758000150,7896004715537,Mometasona 1 mg/g Bisnaga 20 g Creme,Panpharma - CE,267.0,0.5917,36.03,0.0,14.71,14.71,2026-09-09 21:07:48,OK,
MA,GD,14569758000150,7896004715674,Dipirona Monoidratada 50 mg/ml Frasco 100 ml Solução Oral,Panpharma - CE,405.0,0.6249,18.1,0.0,6.79,6.79,2026-09-09 21:07:53,OK,
MA,GD,14569758000150,7896004715674,Dipirona Monoidratada 50 mg/ml Frasco 100 ml Solução Oral,Nazaria - MA - Timon,2578.0,0.6143,18.1,0.0,6.98,6.98,2026-09-09 21:07:53,OK,
MA,GD,14569758000150,7896004715674,Dipirona Monoidratada 50 mg/ml Frasco 100 ml Solução Oral,Nazaria - MA - Imperatriz,1759.0,0.6143,18.1,0.0,6.98,6.98,2026-09-09 21:07:53,OK,
MA,GD,14569758000150,7896004715674,Dipirona Monoidratada 50 mg/ml Frasco 100 ml Solução Oral,Emmarka - MA,947.0,0.6143,18.1,0.0,6.98,6.98,2026-09-09 21:07:53,OK,
MA,GD,14569758000150,7896004715711,Timolol 5 mg/ml Frasco 5 ml Solução Oftálmica,Panpharma - CE,821.0,0.6970999999999999,12.44,0.0,3.77,3.77,2026-09-09 21:07:58,OK,
MA,GD,14569758000150,7896004715711,Timolol 5 mg/ml Frasco 5 ml Solução Oftálmica,Nazaria - MA - Timon,774.0,0.6792,12.44,0.0,3.99,3.99,2026-09-09 21:07:58,OK,
MA,GD,14569758000150,7896004715711,Timolol 5 mg/ml Frasco 5 ml Solução Oftálmica,Emmarka - MA,760.0,0.6792,12.44,0.0,3.99,3.99,2026-09-09 21:07:58,OK,
MA,GD,14569758000150,7896004715711,Timolol 5 mg/ml Frasco 5 ml Solução Oftálmica,Nazaria - MA - Imperatriz,499.0,0.6792,12.44,0.0,3.99,3.99,2026-09-09 21:07:58,OK,
MA,GD,14569758000150,7896004715711,Timolol 5 mg/ml Frasco 5 ml Solução Oftálmica,Total - MA,261.0,0.6586,12.44,0.0,4.25,4.25,2026-09-09 21:07:58,OK,
MA,GD,14569758000150,7896004715803,Cefalexina 500 mg Caixa 8 Comprimidos Revestidos,Panpharma - CE,153.0,0.633,29.1,0.0,10.68,10.68,2026-09-09 21:08:02,OK,
MA,GD,14569758000150,7896004715803,Cefalexina 500 mg Caixa 8 Comprimidos Revestidos,Emmarka - MA,142.0,0.4202,29.1,0.0,16.87,16.87,2026-09-09 21:08:02,OK,
MA,GD,14569758000150,7896004715803,Cefalexina 500 mg Caixa 8 Comprimidos Revestidos,Nazaria - MA - Imperatriz,85.0,0.4202,29.1,0.0,16.87,16.87,2026-09-09 21:08:02,OK,
MA,GD,14569758000150,7896004715803,Cefalexina 500 mg Caixa 8 Comprimidos Revestidos,Nazaria - MA - Timon,80.0,0.4202,29.1,0.0,16.87,16.87,2026-09-09 21:08:02,OK,
MA,GD,14569758000150,7896004715841,Dipirona Monoidratada 500 mg/ml Frasco 10 ml Gotas,Panpharma - CE,909.0,0.69,7.78,0.0,2.41,2.41,2026-09-09 21:08:07,OK,
MA,GD,14569758000150,7896004715841,Dipirona Monoidratada 500 mg/ml Frasco 10 ml Gotas,Nazaria - MA - Timon,1797.0,0.6893,7.78,0.0,2.42,2.42,2026-09-09 21:08:07,OK,
MA,GD,14569758000150,7896004715841,Dipirona Monoidratada 500 mg/ml Frasco 10 ml Gotas,Nazaria - MA - Imperatriz,1237.0,0.6893,7.78,0.0,2.42,2.42,2026-09-09 21:08:07,OK,
MA,GD,14569758000150,7896004715841,Dipirona Monoidratada 500 mg/ml Frasco 10 ml Gotas,Emmarka - MA,1112.0,0.6893,7.78,0.0,2.42,2.42,2026-09-09 21:08:07,OK,
MA,GD,14569758000150,7896004715902,Neomicina + Bacitracina 5mg+250ui/g Bisnaga 15 g Pomada,Nazaria - MA - Timon,750.0,0.5811999999999999,12.74,0.0,5.34,5.34,2026-09-09 21:08:11,OK,
MA,GD,14569758000150,7896004715902,Neomicina + Bacitracina 5mg+250ui/g Bisnaga 15 g Pomada,Emmarka - MA,716.0,0.5811999999999999,12.74,0.0,5.34,5.34,2026-09-09 21:08:11,OK,
MA,GD,14569758000150,7896004715902,Neomicina + Bacitracina 5mg+250ui/g Bisnaga 15 g Pomada,Nazaria - MA - Imperatriz,223.0,0.5811999999999999,12.74,0.0,5.34,5.34,2026-09-09 21:08:11,OK,
MA,GD,14569758000150,7896004715902,Neomicina + Bacitracina 5mg+250ui/g Bisnaga 15 g Pomada,Panpharma - CE,2169.0,0.5774,12.74,0.0,5.38,5.38,2026-09-09 21:08:11,OK,
MA,GD,14569758000150,7896004715957,,,0.0,0.0,0.0,0.0,0.0,0.0,2026-09-09 21:08:23,ERRO,Message: Nenhuma distribuidora pôde ser lida no card do produto.
MA,GD,14569758000150,7896004715964,Azitromicina Di-hidratada 900 mg Frasco 22.5 ml Pó Para Suspensão Oral + Seringa,Panpharma - CE,85.0,0.8051,79.94,0.0,15.58,15.58,2026-09-09 21:08:28,OK,
MA,GD,14569758000150,7896004715964,Azitromicina Di-hidratada 900 mg Frasco 22.5 ml Pó Para Suspensão Oral + Seringa,Emmarka - MA,272.0,0.7870999999999999,79.94,0.0,17.02,17.02,2026-09-09 21:08:28,OK,
MA,GD,14569758000150,7896004715964,Azitromicina Di-hidratada 900 mg Frasco 22.5 ml Pó Para Suspensão Oral + Seringa,Nazaria - MA - Imperatriz,64.0,0.7870999999999999,79.94,0.0,17.02,17.02,2026-09-09 21:08:28,OK,
MA,GD,14569758000150,7896004715971,Azitromicina Di-hidratada 600 mg Frasco 15 ml Pó Para Suspensão Oral + Seringa,Panpharma - CE,451.0,0.8162,64.94,0.0,11.94,11.94,2026-09-09 21:08:32,OK,
MA,GD,14569758000150,7896004715971,Azitromicina Di-hidratada 600 mg Frasco 15 ml Pó Para Suspensão Oral + Seringa,Emmarka - MA,543.0,0.7981999999999999,64.94,0.0,13.1,13.1,2026-09-09 21:08:32,OK,
MA,GD,14569758000150,7896004715971,Azitromicina Di-hidratada 600 mg Frasco 15 ml Pó Para Suspensão Oral + Seringa,Nazaria - MA - Imperatriz,218.0,0.7981999999999999,64.94,0.0,13.1,13.1,2026-09-09 21:08:32,OK,
MA,GD,14569758000150,7896004715971,Azitromicina Di-hidratada 600 mg Frasco 15 ml Pó Para Suspensão Oral + Seringa,Total - MA,158.0,0.7687,64.94,0.0,15.02,15.02,2026-09-09 21:08:32,OK,
MA,GD,14569758000150,7896004716138,Espironolactona 100 mg Caixa 30 Comprimidos,Nazaria - MA - Imperatriz,272.0,0.2113,41.53,0.0,32.75,32.75,2026-09-09 21:08:37,OK,
MA,GD,14569758000150,7896004716138,Espironolactona 100 mg Caixa 30 Comprimidos,Nazaria - MA - Timon,82.0,0.2113,41.53,0.0,32.75,32.75,2026-09-09 21:08:37,OK,
MA,GD,14569758000150,7896004716138,Espironolactona 100 mg Caixa 30 Comprimidos,Total - MA,2.0,0.2113,41.53,0.0,32.75,32.75,2026-09-09 21:08:37,OK,
MA,GD,14569758000150,7896004716138,Espironolactona 100 mg Caixa 30 Comprimidos,Panpharma - CE,80.0,0.115,41.53,0.0,36.75,36.75,2026-09-09 21:08:37,OK,
MA,GD,14569758000150,7896004716145,,,0.0,0.0,0.0,0.0,0.0,0.0,2026-09-09 21:08:49,ERRO,Message: Nenhuma distribuidora pôde ser lida no card do produto.
MA,GD,14569758000150,7896004716176,Hidroclorotiazida 25 mg Caixa 30 Comprimidos,Panpharma - CE,550.0,0.7918000000000001,8.13,0.0,1.69,1.69,2026-09-09 21:08:53,OK,
MA,GD,14569758000150,7896004716176,Hidroclorotiazida 25 mg Caixa 30 Comprimidos,Total - MA,1484.0,0.7713,8.13,0.0,1.86,1.86,2026-09-09 21:08:53,OK,
MA,GD,14569758000150,7896004716176,Hidroclorotiazida 25 mg Caixa 30 Comprimidos,Nazaria - MA - Timon,376.0,0.7713,8.13,0.0,1.86,1.86,2026-09-09 21:08:53,OK,
MA,GD,14569758000150,7896004716176,Hidroclorotiazida 25 mg Caixa 30 Comprimidos,Emmarka - MA,336.0,0.7713,8.13,0.0,1.86,1.86,2026-09-09 21:08:53,OK,
MA,GD,14569758000150,7896004716268,Bromazepam 3 mg Caixa 30 Comprimidos,Nazaria - MA - Timon,274.0,0.8128,20.65,0.0,3.87,3.87,2026-09-09 21:08:58,OK,
MA,GD,14569758000150,7896004716268,Bromazepam 3 mg Caixa 30 Comprimidos,Nazaria - MA - Imperatriz,119.0,0.8128,20.65,0.0,3.87,3.87,2026-09-09 21:08:58,OK,
MA,GD,14569758000150,7896004716268,Bromazepam 3 mg Caixa 30 Comprimidos,Emmarka - MA,89.0,0.8128,20.65,0.0,3.87,3.87,2026-09-09 21:08:58,OK,
MA,GD,14569758000150,7896004716299,Paracetamol Bebê 100 mg/ml Frasco 15 ml Gotas,Emmarka - MA,900.0,0.4357,23.63,0.0,13.33,13.33,2026-09-09 21:09:02,OK,
MA,GD,14569758000150,7896004716299,Paracetamol Bebê 100 mg/ml Frasco 15 ml Gotas,Total - MA,184.0,0.4357,23.63,0.0,13.33,13.33,2026-09-09 21:09:02,OK,
MA,GD,14569758000150,7896004716299,Paracetamol Bebê 100 mg/ml Frasco 15 ml Gotas,Nazaria - MA - Imperatriz,179.0,0.4357,23.63,0.0,13.33,13.33,2026-09-09 21:09:02,OK,
MA,GD,14569758000150,7896004716299,Paracetamol Bebê 100 mg/ml Frasco 15 ml Gotas,Nazaria - MA - Timon,165.0,0.4357,23.63,0.0,13.33,13.33,2026-09-09 21:09:02,OK,
MA,GD,14569758000150,7896004716343,Finasterida 1 mg Caixa 60 Comprimidos Revestidos,Panpharma - CE,49.0,0.8053,138.29,0.0,26.93,26.93,2026-09-09 21:09:07,OK,
MA,GD,14569758000150,7896004716343,Finasterida 1 mg Caixa 60 Comprimidos Revestidos,Nazaria - MA - Timon,158.0,0.7873,138.29,0.0,29.41,29.41,2026-09-09 21:09:07,OK,
MA,GD,14569758000150,7896004716343,Finasterida 1 mg Caixa 60 Comprimidos Revestidos,Emmarka - MA,87.0,0.7873,138.29,0.0,29.41,29.41,2026-09-09 21:09:07,OK,
MA,GD,14569758000150,7896004716343,Finasterida 1 mg Caixa 60 Comprimidos Revestidos,Nazaria - MA - Imperatriz,73.0,0.7873,138.29,0.0,29.41,29.41,2026-09-09 21:09:07,OK,
MA,GD,14569758000150,7896004718446,Dipirona Monoidratada 500 mg/ml Frasco 20 ml Gotas,Panpharma - CE,1098.0,0.7245999999999999,14.3,0.0,3.94,3.94,2026-09-09 21:09:11,OK,
MA,GD,14569758000150,7896004718446,Dipirona Monoidratada 500 mg/ml Frasco 20 ml Gotas,Nazaria - MA - Timon,2363.0,0.7067,14.3,0.0,4.19,4.19,2026-09-09 21:09:11,OK,
MA,GD,14569758000150,7896004718446,Dipirona Monoidratada 500 mg/ml Frasco 20 ml Gotas,Nazaria - MA - Imperatriz,1115.0,0.7067,14.3,0.0,4.19,4.19,2026-09-09 21:09:11,OK,
MA,GD,14569758000150,7896004718446,Dipirona Monoidratada 500 mg/ml Frasco 20 ml Gotas,Emmarka - MA,1099.0,0.7067,14.3,0.0,4.19,4.19,2026-09-09 21:09:11,OK,
MA,GD,14569758000150,7896004718453,Clotrimazol 10 mg/g Bisnaga 20 g Creme,Emmarka - MA,442.0,0.5786,16.23,0.0,6.84,6.84,2026-09-09 21:09:16,OK,
MA,GD,14569758000150,7896004718453,Clotrimazol 10 mg/g Bisnaga 20 g Creme,Nazaria - MA - Timon,272.0,0.5786,16.23,0.0,6.84,6.84,2026-09-09 21:09:16,OK,
MA,GD,14569758000150,7896004718453,Clotrimazol 10 mg/g Bisnaga 20 g Creme,Nazaria - MA - Imperatriz,212.0,0.5786,16.23,0.0,6.84,6.84,2026-09-09 21:09:16,OK,
MA,GD,14569758000150,7896004718453,Clotrimazol 10 mg/g Bisnaga 20 g Creme,Total - MA,186.0,0.5786,16.23,0.0,6.84,6.84,2026-09-09 21:09:16,OK,
MA,GD,14569758000150,7896004718453,Clotrimazol 10 mg/g Bisnaga 20 g Creme,Panpharma - CE,421.0,0.5561,16.23,0.0,7.2,7.2,2026-09-09 21:09:16,OK,
MA,GD,14569758000150,7896004718460,Cetoconazol 20 mg/g Bisnaga 30 g Creme,Panpharma - CE,668.0,0.7551000000000001,27.92,0.0,6.84,6.84,2026-09-09 21:09:20,OK,
MA,GD,14569758000150,7896004718460,Cetoconazol 20 mg/g Bisnaga 30 g Creme,Nazaria - MA - Imperatriz,1038.0,0.7371,27.92,0.0,7.34,7.34,2026-09-09 21:09:20,OK,
MA,GD,14569758000150,7896004718460,Cetoconazol 20 mg/g Bisnaga 30 g Creme,Emmarka - MA,489.0,0.7371,27.92,0.0,7.34,7.34,2026-09-09 21:09:20,OK,
MA,GD,14569758000150,7896004718460,Cetoconazol 20 mg/g Bisnaga 30 g Creme,Total - MA,1218.0,0.7222,27.92,0.0,7.76,7.76,2026-09-09 21:09:20,OK,
MA,GD,14569758000150,7896004718804,Alprazolam 0.50 mg Caixa 30 Comprimidos,Panpharma - CE,719.0,0.763,12.71,0.0,3.01,3.01,2026-09-09 21:09:25,OK,
MA,GD,14569758000150,7896004718804,Alprazolam 0.50 mg Caixa 30 Comprimidos,Nazaria - MA - Imperatriz,388.0,0.745,12.71,0.0,3.24,3.24,2026-09-09 21:09:25,OK,
MA,GD,14569758000150,7896004718804,Alprazolam 0.50 mg Caixa 30 Comprimidos,Emmarka - MA,172.0,0.745,12.71,0.0,3.24,3.24,2026-09-09 21:09:25,OK,
MA,GD,14569758000150,7896004718804,Alprazolam 0.50 mg Caixa 30 Comprimidos,Nazaria - MA - Timon,1.0,0.745,12.71,0.0,3.24,3.24,2026-09-09 21:09:25,OK,
MA,GD,14569758000150,7896004718804,Alprazolam 0.50 mg Caixa 30 Comprimidos,Total - MA,674.0,0.6960999999999999,12.71,0.0,3.86,3.86,2026-09-09 21:09:25,OK,
MA,GD,14569758000150,7896004718811,Alprazolam 0.25 mg Caixa 30 Comprimidos,Panpharma - CE,190.0,0.7139,15.03,0.0,4.3,4.3,2026-09-09 21:09:29,OK,
MA,GD,14569758000150,7896004718811,Alprazolam 0.25 mg Caixa 30 Comprimidos,Nazaria - MA - Imperatriz,137.0,0.696,15.03,0.0,4.57,4.57,2026-09-09 21:09:29,OK,
MA,GD,14569758000150,7896004718811,Alprazolam 0.25 mg Caixa 30 Comprimidos,Emmarka - MA,117.0,0.696,15.03,0.0,4.57,4.57,2026-09-09 21:09:29,OK,
MA,GD,14569758000150,7896004718828,Alprazolam 1 mg Caixa 30 Comprimidos,Panpharma - CE,1603.0,0.8378,24.96,0.0,4.05,4.05,2026-09-09 21:09:34,OK,
MA,GD,14569758000150,7896004718828,Alprazolam 1 mg Caixa 30 Comprimidos,Nazaria - MA - Timon,404.0,0.8199,24.96,0.0,4.5,4.5,2026-09-09 21:09:34,OK,
MA,GD,14569758000150,7896004718828,Alprazolam 1 mg Caixa 30 Comprimidos,Emmarka - MA,276.0,0.8199,24.96,0.0,4.5,4.5,2026-09-09 21:09:34,OK,
MA,GD,14569758000150,7896004718828,Alprazolam 1 mg Caixa 30 Comprimidos,Nazaria - MA - Imperatriz,174.0,0.8199,24.96,0.0,4.5,4.5,2026-09-09 21:09:34,OK,
MA,GD,14569758000150,7896004718828,Alprazolam 1 mg Caixa 30 Comprimidos,Total - MA,283.0,0.7994,24.96,0.0,5.01,5.01,2026-09-09 21:09:34,OK,
MA,GD,14569758000150,7896004718842,Alprazolam 2 mg Caixa 30 Comprimidos,Panpharma - CE,1429.0,0.8996,74.62,0.0,7.49,7.49,2026-09-09 21:09:39,OK,
MA,GD,14569758000150,7896004718842,Alprazolam 2 mg Caixa 30 Comprimidos,Total - MA,205.0,0.8901,74.62,0.0,8.19,8.19,2026-09-09 21:09:39,OK,
MA,GD,14569758000150,7896004718842,Alprazolam 2 mg Caixa 30 Comprimidos,Nazaria - MA - Timon,653.0,0.8901,74.62,0.0,8.2,8.2,2026-09-09 21:09:39,OK,
MA,GD,14569758000150,7896004718842,Alprazolam 2 mg Caixa 30 Comprimidos,Emmarka - MA,229.0,0.8901,74.62,0.0,8.2,8.2,2026-09-09 21:09:39,OK,
MA,GD,14569758000150,7896004718842,Alprazolam 2 mg Caixa 30 Comprimidos,Nazaria - MA - Imperatriz,117.0,0.8901,74.62,0.0,8.2,8.2,2026-09-09 21:09:39,OK,
MA,GD,14569758000150,7896004718996,Amoxicilina 500 mg Caixa 30 Cápsulas,Nazaria - MA - Imperatriz,118.0,0.6958,56.69,0.0,17.25,17.25,2026-09-09 21:09:43,OK,
MA,GD,14569758000150,7896004718996,Amoxicilina 500 mg Caixa 30 Cápsulas,Emmarka - MA,73.0,0.6958,56.69,0.0,17.25,17.25,2026-09-09 21:09:43,OK,
MA,GD,14569758000150,7896004718996,Amoxicilina 500 mg Caixa 30 Cápsulas,Nazaria - MA - Timon,43.0,0.6958,56.69,0.0,17.25,17.25,2026-09-09 21:09:43,OK,
MA,GD,14569758000150,7896004719283,Hidrocortisona 10 mg/g Bisnaga 30 g Pomada,Panpharma - CE,140.0,0.2879,28.49,0.0,20.29,20.29,2026-09-09 21:09:47,OK,
MA,GD,14569758000150,7896004719283,Hidrocortisona 10 mg/g Bisnaga 30 g Pomada,Emmarka - MA,172.0,0.2699,28.49,0.0,20.8,20.8,2026-09-09 21:09:47,OK,
MA,GD,14569758000150,7896004719580,Amoxicilina + Clavulanato 875+125 mg Caixa 12 Comprimidos Revestidos,Panpharma - CE,232.0,0.8408,149.48,0.0,23.8,23.8,2026-09-09 21:09:51,OK,
MA,GD,14569758000150,7896004719580,Amoxicilina + Clavulanato 875+125 mg Caixa 12 Comprimidos Revestidos,Emmarka - MA,151.0,0.8228,149.48,0.0,26.49,26.49,2026-09-09 21:09:51,OK,
MA,GD,14569758000150,7896004719580,Amoxicilina + Clavulanato 875+125 mg Caixa 12 Comprimidos Revestidos,Nazaria - MA - Imperatriz,38.0,0.8228,149.48,0.0,26.49,26.49,2026-09-09 21:09:51,OK,
MA,GD,14569758000150,7896004719580,Amoxicilina + Clavulanato 875+125 mg Caixa 12 Comprimidos Revestidos,Total - MA,172.0,0.8106,149.47,0.0,28.3,28.3,2026-09-09 21:09:51,OK,
MA,GD,14569758000150,7896004719597,Amoxicilina + Clavulanato 875+125 mg Caixa 14 Comprimidos Revestidos,Total - MA,31.0,0.7614,164.3,0.0,39.21,39.2,2026-09-09 21:09:56,OK,
MA,GD,14569758000150,7896004719597,Amoxicilina + Clavulanato 875+125 mg Caixa 14 Comprimidos Revestidos,Panpharma - CE,1011.0,0.7589,164.3,0.0,39.61,39.61,2026-09-09 21:09:56,OK,
MA,GD,14569758000150,7896004719597,Amoxicilina + Clavulanato 875+125 mg Caixa 14 Comprimidos Revestidos,Emmarka - MA,730.0,0.7409,164.3,0.0,42.57,42.57,2026-09-09 21:09:56,OK,
MA,GD,14569758000150,7896004719597,Amoxicilina + Clavulanato 875+125 mg Caixa 14 Comprimidos Revestidos,Nazaria - MA - Imperatriz,104.0,0.7409,164.3,0.0,42.57,42.57,2026-09-09 21:09:56,OK,
MA,GD,14569758000150,7896004720241,Bromexina 4mg/5ml Frasco 120 ml Xarope Pediátrico,Emmarka - MA,10.0,0.42219999999999996,14.73,0.0,8.51,8.51,2026-09-09 21:09:59,OK,
MA,GD,14569758000150,7896004720746,Amoxicilina + Clavulanato 400+57mg/5ml Frasco 70 ml Pó P/ Susp. Oral + Seringa + Copo,Panpharma - CE,761.0,0.8056,86.31,0.0,16.78,16.78,2026-09-09 21:10:04,OK,
MA,GD,14569758000150,7896004720746,Amoxicilina + Clavulanato 400+57mg/5ml Frasco 70 ml Pó P/ Susp. Oral + Seringa + Copo,Nazaria - MA - Timon,1081.0,0.7877,86.31,0.0,18.32,18.32,2026-09-09 21:10:04,OK,
MA,GD,14569758000150,7896004720746,Amoxicilina + Clavulanato 400+57mg/5ml Frasco 70 ml Pó P/ Susp. Oral + Seringa + Copo,Emmarka - MA,531.0,0.7877,86.31,0.0,18.32,18.32,2026-09-09 21:10:04,OK,
MA,GD,14569758000150,7896004720746,Amoxicilina + Clavulanato 400+57mg/5ml Frasco 70 ml Pó P/ Susp. Oral + Seringa + Copo,Nazaria - MA - Imperatriz,438.0,0.7877,86.31,0.0,18.32,18.32,2026-09-09 21:10:04,OK,
MA,GD,14569758000150,7896004720746,Amoxicilina + Clavulanato 400+57mg/5ml Frasco 70 ml Pó P/ Susp. Oral + Seringa + Copo,Total - MA,198.0,0.7827,86.31,0.0,18.75,18.75,2026-09-09 21:10:04,OK,
MA,GD,14569758000150,7896004720784,Dexclorfeniramina 10 mg/g Bisnaga 30 g Creme,Panpharma - CE,26.0,0.49439999999999995,15.28,0.0,7.73,7.73,2026-09-09 21:10:08,OK,
MA,GD,14569758000150,7896004720784,Dexclorfeniramina 10 mg/g Bisnaga 30 g Creme,Emmarka - MA,448.0,0.4765,15.28,0.0,8.0,8.0,2026-09-09 21:10:08,OK,
MA,GD,14569758000150,7896004720784,Dexclorfeniramina 10 mg/g Bisnaga 30 g Creme,Nazaria - MA - Timon,226.0,0.4765,15.28,0.0,8.0,8.0,2026-09-09 21:10:08,OK,
MA,GD,14569758000150,7896004720784,Dexclorfeniramina 10 mg/g Bisnaga 30 g Creme,Nazaria - MA - Imperatriz,61.0,0.4765,15.28,0.0,8.0,8.0,2026-09-09 21:10:08,OK,
MA,GD,14569758000150,7896004720869,,,0.0,0.0,0.0,0.0,0.0,0.0,2026-09-09 21:10:21,ERRO,Message: Nenhuma distribuidora pôde ser lida no card do produto.
MA,GD,14569758000150,7896004721125,Sibutramina 15 mg Caixa 30 Cápsulas,Panpharma - CE,161.0,0.8332999999999999,80.48,0.0,13.42,13.42,2026-09-09 21:10:26,OK,
MA,GD,14569758000150,7896004721125,Sibutramina 15 mg Caixa 30 Cápsulas,Nazaria - MA - Imperatriz,159.0,0.8154,80.48,0.0,14.86,14.86,2026-09-09 21:10:26,OK,
MA,GD,14569758000150,7896004721125,Sibutramina 15 mg Caixa 30 Cápsulas,Emmarka - MA,34.0,0.8154,80.48,0.0,14.86,14.86,2026-09-09 21:10:26,OK,
MA,GD,14569758000150,7896004721125,Sibutramina 15 mg Caixa 30 Cápsulas,Nazaria - MA - Timon,11.0,0.8154,80.48,0.0,14.86,14.86,2026-09-09 21:10:26,OK,
MA,GD,14569758000150,7896004721125,Sibutramina 15 mg Caixa 30 Cápsulas,Total - MA,96.0,0.8112999999999999,80.48,0.0,15.19,15.19,2026-09-09 21:10:26,OK,
MA,GD,14569758000150,7896004721255,Risperidona 1 mg/g Frasco 30 ml Solução Oral,Emmarka - MA,344.0,0.5568,63.3,0.0,28.05,28.05,2026-09-09 21:10:31,OK,
MA,GD,14569758000150,7896004721255,Risperidona 1 mg/g Frasco 30 ml Solução Oral,Nazaria - MA - Timon,302.0,0.5568,63.3,0.0,28.05,28.05,2026-09-09 21:10:31,OK,
MA,GD,14569758000150,7896004721255,Risperidona 1 mg/g Frasco 30 ml Solução Oral,Nazaria - MA - Imperatriz,68.0,0.5568,63.3,0.0,28.05,28.05,2026-09-09 21:10:31,OK,
MA,GD,14569758000150,7896004721255,Risperidona 1 mg/g Frasco 30 ml Solução Oral,Total - MA,651.0,0.5567,63.3,0.0,28.06,28.06,2026-09-09 21:10:31,OK,
MA,GD,14569758000150,7896004721255,Risperidona 1 mg/g Frasco 30 ml Solução Oral,Panpharma - CE,91.0,0.5053,63.3,0.0,31.31,31.31,2026-09-09 21:10:31,OK,
MA,GD,14569758000150,7896004721323,Paracetamol + Cafeína 65 mg Caixa 20 Comprimidos Revestidos,Emmarka - MA,1.0,0.4637,24.18,0.0,12.97,12.97,2026-09-09 21:10:34,OK,
MA,GD,14569758000150,7896004721828,Clonazepam 2 mg Caixa 30 Comprimidos,Panpharma - CE,1275.0,0.8119,18.69,0.0,3.52,3.52,2026-09-09 21:10:39,OK,
MA,GD,14569758000150,7896004721828,Clonazepam 2 mg Caixa 30 Comprimidos,Nazaria - MA - Timon,2278.0,0.794,18.69,0.0,3.85,3.85,2026-09-09 21:10:39,OK,
MA,GD,14569758000150,7896004721828,Clonazepam 2 mg Caixa 30 Comprimidos,Nazaria - MA - Imperatriz,273.0,0.794,18.69,0.0,3.85,3.85,2026-09-09 21:10:39,OK,
MA,GD,14569758000150,7896004721828,Clonazepam 2 mg Caixa 30 Comprimidos,Emmarka - MA,247.0,0.794,18.69,0.0,3.85,3.85,2026-09-09 21:10:39,OK,
MA,GD,14569758000150,7896004721828,Clonazepam 2 mg Caixa 30 Comprimidos,Total - MA,326.0,0.7633,18.69,0.0,4.42,4.42,2026-09-09 21:10:39,OK,
MA,GD,14569758000150,7896004721903,Dexametasona 1 mg/g Bisnaga 10 g Creme Dermatológico,Nazaria - MA - Timon,694.0,0.6919,11.53,0.0,3.55,3.55,2026-09-09 21:10:44,OK,
MA,GD,14569758000150,7896004721903,Dexametasona 1 mg/g Bisnaga 10 g Creme Dermatológico,Total - MA,216.0,0.6919,11.53,0.0,3.55,3.55,2026-09-09 21:10:44,OK,
MA,GD,14569758000150,7896004721903,Dexametasona 1 mg/g Bisnaga 10 g Creme Dermatológico,Nazaria - MA - Imperatriz,136.0,0.6919,11.53,0.0,3.55,3.55,2026-09-09 21:10:44,OK,
MA,GD,14569758000150,7896004721903,Dexametasona 1 mg/g Bisnaga 10 g Creme Dermatológico,Emmarka - MA,4.0,0.6919,11.53,0.0,3.55,3.55,2026-09-09 21:10:44,OK,
MA,GD,14569758000150,7896004721903,Dexametasona 1 mg/g Bisnaga 10 g Creme Dermatológico,Panpharma - CE,22.0,0.6858,11.53,0.0,3.62,3.62,2026-09-09 21:10:44,OK,
MA,GD,14569758000150,7896004722122,Aceclofenaco 100 mg Caixa 12 Comprimidos Revestidos,Panpharma - CE,127.0,0.7855,41.91,0.0,8.99,8.99,2026-09-09 21:10:49,OK,
MA,GD,14569758000150,7896004722122,Aceclofenaco 100 mg Caixa 12 Comprimidos Revestidos,Emmarka - MA,762.0,0.7676000000000001,41.91,0.0,9.74,9.74,2026-09-09 21:10:49,OK,
MA,GD,14569758000150,7896004722122,Aceclofenaco 100 mg Caixa 12 Comprimidos Revestidos,Nazaria - MA - Timon,708.0,0.7676000000000001,41.91,0.0,9.74,9.74,2026-09-09 21:10:49,OK,
MA,GD,14569758000150,7896004722122,Aceclofenaco 100 mg Caixa 12 Comprimidos Revestidos,Nazaria - MA - Imperatriz,328.0,0.7676000000000001,41.91,0.0,9.74,9.74,2026-09-09 21:10:49,OK,
MA,GD,14569758000150,7896004722122,Aceclofenaco 100 mg Caixa 12 Comprimidos Revestidos,Total - MA,117.0,0.7354999999999999,41.91,0.0,11.09,11.09,2026-09-09 21:10:49,OK,
MA,GD,14569758000150,7896004722160,Bisoprolol 1.25 mg Caixa 30 Comprimidos Revestidos,Panpharma - CE,41.0,0.8554,70.48,0.0,10.19,10.19,2026-09-09 21:10:54,OK,
MA,GD,14569758000150,7896004722160,Bisoprolol 1.25 mg Caixa 30 Comprimidos Revestidos,Nazaria - MA - Timon,332.0,0.8373999999999999,70.48,0.0,11.46,11.46,2026-09-09 21:10:54,OK,
MA,GD,14569758000150,7896004722160,Bisoprolol 1.25 mg Caixa 30 Comprimidos Revestidos,Nazaria - MA - Imperatriz,287.0,0.8373999999999999,70.48,0.0,11.46,11.46,2026-09-09 21:10:54,OK,
MA,GD,14569758000150,7896004722160,Bisoprolol 1.25 mg Caixa 30 Comprimidos Revestidos,Emmarka - MA,126.0,0.8373999999999999,70.48,0.0,11.46,11.46,2026-09-09 21:10:54,OK,
MA,GD,14569758000150,7896004722160,Bisoprolol 1.25 mg Caixa 30 Comprimidos Revestidos,Total - MA,155.0,0.8201,70.48,0.0,12.68,12.68,2026-09-09 21:10:54,OK,
MA,GD,14569758000150,7896004722177,Bisoprolol 2.5 mg Caixa 30 Comprimidos Revestidos,Panpharma - CE,180.0,0.6681999999999999,43.81,0.0,14.54,14.54,2026-09-09 21:10:58,OK,
MA,GD,14569758000150,7896004722177,Bisoprolol 2.5 mg Caixa 30 Comprimidos Revestidos,Nazaria - MA - Timon,708.0,0.6502,43.81,0.0,15.32,15.32,2026-09-09 21:10:58,OK,
MA,GD,14569758000150,7896004722177,Bisoprolol 2.5 mg Caixa 30 Comprimidos Revestidos,Emmarka - MA,239.0,0.6502,43.81,0.0,15.32,15.32,2026-09-09 21:10:58,OK,
MA,GD,14569758000150,7896004722177,Bisoprolol 2.5 mg Caixa 30 Comprimidos Revestidos,Nazaria - MA - Imperatriz,113.0,0.6502,43.81,0.0,15.32,15.32,2026-09-09 21:10:58,OK,
MA,GD,14569758000150,7896004722177,Bisoprolol 2.5 mg Caixa 30 Comprimidos Revestidos,Total - MA,36.0,0.6349,43.81,0.0,16.0,16.0,2026-09-09 21:10:58,OK,
MA,GD,14569758000150,7896004722337,Paracetamol + Pseudoefedrina 500+30 mg Caixa 24 Comprimidos Revestidos,Total - MA,81.0,0.1605,12.75,0.0,10.7,10.7,2026-09-09 21:11:03,OK,
MA,GD,14569758000150,7896004722337,Paracetamol + Pseudoefedrina 500+30 mg Caixa 24 Comprimidos Revestidos,Emmarka - MA,58.0,0.1605,12.75,0.0,10.7,10.7,2026-09-09 21:11:03,OK,
MA,GD,14569758000150,7896004722337,Paracetamol + Pseudoefedrina 500+30 mg Caixa 24 Comprimidos Revestidos,Nazaria - MA - Imperatriz,25.0,0.1605,12.75,0.0,10.7,10.7,2026-09-09 21:11:03,OK,
MA,GD,14569758000150,7896004722337,Paracetamol + Pseudoefedrina 500+30 mg Caixa 24 Comprimidos Revestidos,Nazaria - MA - Timon,13.0,0.1605,12.75,0.0,10.7,10.7,2026-09-09 21:11:03,OK,
MA,GD,14569758000150,7896004722337,Paracetamol + Pseudoefedrina 500+30 mg Caixa 24 Comprimidos Revestidos,Panpharma - CE,144.0,0.0799,12.75,0.0,11.73,11.73,2026-09-09 21:11:03,OK,
MA,GD,14569758000150,7896004722467,Lidocaína 50 mg/g Bisnaga 25 g Pomada,Panpharma - CE,95.0,0.408,15.74,0.0,9.32,9.32,2026-09-09 21:11:08,OK,
MA,GD,14569758000150,7896004722467,Lidocaína 50 mg/g Bisnaga 25 g Pomada,Nazaria - MA - Timon,98.0,0.3901,15.74,0.0,9.6,9.6,2026-09-09 21:11:08,OK,
MA,GD,14569758000150,7896004722467,Lidocaína 50 mg/g Bisnaga 25 g Pomada,Nazaria - MA - Imperatriz,31.0,0.3901,15.74,0.0,9.6,9.6,2026-09-09 21:11:08,OK,
MA,GD,14569758000150,7896004722467,Lidocaína 50 mg/g Bisnaga 25 g Pomada,Emmarka - MA,19.0,0.3901,15.74,0.0,9.6,9.6,2026-09-09 21:11:08,OK,
MA,GD,14569758000150,7896004722474,Lidocaína 50 mg/g Bisnaga 25 g Pomada Sabor Laranja,Panpharma - CE,730.0,0.42200000000000004,15.04,0.0,8.69,8.69,2026-09-09 21:11:13,OK,
MA,GD,14569758000150,7896004722474,Lidocaína 50 mg/g Bisnaga 25 g Pomada Sabor Laranja,Nazaria - MA - Imperatriz,332.0,0.40409999999999996,15.04,0.0,8.96,8.96,2026-09-09 21:11:13,OK,
MA,GD,14569758000150,7896004722474,Lidocaína 50 mg/g Bisnaga 25 g Pomada Sabor Laranja,Emmarka - MA,98.0,0.40409999999999996,15.04,0.0,8.96,8.96,2026-09-09 21:11:13,OK,
MA,GD,14569758000150,7896004722474,Lidocaína 50 mg/g Bisnaga 25 g Pomada Sabor Laranja,Nazaria - MA - Timon,87.0,0.40409999999999996,15.04,0.0,8.96,8.96,2026-09-09 21:11:13,OK,
MA,GD,14569758000150,7896004722474,Lidocaína 50 mg/g Bisnaga 25 g Pomada Sabor Laranja,Total - MA,13.0,0.3954,15.04,0.0,9.09,9.09,2026-09-09 21:11:13,OK,
MA,GD,14569758000150,7896004722528,Ciprofloxacino + Dexametasona 3.5+1 mg/ml Frasco 5 ml Solução Oftálmica,Panpharma - CE,81.0,0.4249,27.88,0.0,16.03,16.03,2026-09-09 21:11:17,OK,
MA,GD,14569758000150,7896004722528,Ciprofloxacino + Dexametasona 3.5+1 mg/ml Frasco 5 ml Solução Oftálmica,Nazaria - MA - Timon,69.0,0.40700000000000003,27.88,0.0,16.53,16.53,2026-09-09 21:11:17,OK,
MA,GD,14569758000150,7896004722528,Ciprofloxacino + Dexametasona 3.5+1 mg/ml Frasco 5 ml Solução Oftálmica,Nazaria - MA - Imperatriz,28.0,0.40700000000000003,27.88,0.0,16.53,16.53,2026-09-09 21:11:17,OK,
MA,GD,14569758000150,7896004722528,Ciprofloxacino + Dexametasona 3.5+1 mg/ml Frasco 5 ml Solução Oftálmica,Emmarka - MA,14.0,0.40700000000000003,27.88,0.0,16.53,16.53,2026-09-09 21:11:17,OK,
MA,GD,14569758000150,7896004722870,Losartana Potássica 100 mg Caixa 30 Comprimidos Revestidos,Panpharma - CE,110.0,0.4131,44.9,0.0,26.35,26.35,2026-09-09 21:11:20,OK,
MA,GD,14569758000150,7896004723020,Ácido Tranexâmico 250 mg Caixa 12 Comprimidos,Nazaria - MA - Timon,877.0,0.12210000000000001,45.1,0.0,39.59,39.59,2026-09-09 21:11:25,OK,
MA,GD,14569758000150,7896004723020,Ácido Tranexâmico 250 mg Caixa 12 Comprimidos,Nazaria - MA - Imperatriz,543.0,0.12210000000000001,45.1,0.0,39.59,39.59,2026-09-09 21:11:25,OK,
MA,GD,14569758000150,7896004723020,Ácido Tranexâmico 250 mg Caixa 12 Comprimidos,Emmarka - MA,53.0,0.12210000000000001,45.1,0.0,39.59,39.59,2026-09-09 21:11:25,OK,
MA,GD,14569758000150,7896004723020,Ácido Tranexâmico 250 mg Caixa 12 Comprimidos,Panpharma - CE,1556.0,0.0799,45.1,0.0,41.5,41.5,2026-09-09 21:11:25,OK,
MA,GD,14569758000150,7896004723365,Fenofibrato 200 mg Caixa 30 Cápsulas,Nazaria - MA - Imperatriz,46.0,0.33640000000000003,103.91,0.0,68.95,68.95,2026-09-09 21:11:29,OK,
MA,GD,14569758000150,7896004723365,Fenofibrato 200 mg Caixa 30 Cápsulas,Nazaria - MA - Timon,33.0,0.33640000000000003,103.91,0.0,68.95,68.95,2026-09-09 21:11:29,OK,
MA,GD,14569758000150,7896004723365,Fenofibrato 200 mg Caixa 30 Cápsulas,Emmarka - MA,32.0,0.33640000000000003,103.91,0.0,68.95,68.95,2026-09-09 21:11:29,OK,
MA,GD,14569758000150,7896004723365,Fenofibrato 200 mg Caixa 30 Cápsulas,Panpharma - CE,112.0,0.1893,103.91,0.0,84.24,84.24,2026-09-09 21:11:29,OK,
MA,GD,14569758000150,7896004723563,Domperidona 10 mg Caixa 30 Comprimidos,Panpharma - CE,1192.0,0.8111,20.16,0.0,3.81,3.81,2026-09-09 21:11:34,OK,
MA,GD,14569758000150,7896004723563,Domperidona 10 mg Caixa 30 Comprimidos,Emmarka - MA,924.0,0.7972,20.16,0.0,4.09,4.09,2026-09-09 21:11:34,OK,
MA,GD,14569758000150,7896004723563,Domperidona 10 mg Caixa 30 Comprimidos,Nazaria - MA - Imperatriz,671.0,0.7972,20.16,0.0,4.09,4.09,2026-09-09 21:11:34,OK,
MA,GD,14569758000150,7896004723563,Domperidona 10 mg Caixa 30 Comprimidos,Nazaria - MA - Timon,96.0,0.7972,20.16,0.0,4.09,4.09,2026-09-09 21:11:34,OK,
MA,GD,14569758000150,7896004723570,Domperidona 10 mg Caixa 60 Comprimidos,Panpharma - CE,281.0,0.8147,38.26,0.0,7.09,7.09,2026-09-09 21:11:39,OK,
MA,GD,14569758000150,7896004723570,Domperidona 10 mg Caixa 60 Comprimidos,Emmarka - MA,370.0,0.8003,38.26,0.0,7.64,7.64,2026-09-09 21:11:39,OK,
MA,GD,14569758000150,7896004723570,Domperidona 10 mg Caixa 60 Comprimidos,Nazaria - MA - Timon,191.0,0.8003,38.26,0.0,7.64,7.64,2026-09-09 21:11:39,OK,
MA,GD,14569758000150,7896004723570,Domperidona 10 mg Caixa 60 Comprimidos,Nazaria - MA - Imperatriz,83.0,0.8003,38.26,0.0,7.64,7.64,2026-09-09 21:11:39,OK,
MA,GD,14569758000150,7896004723570,Domperidona 10 mg Caixa 60 Comprimidos,Total - MA,73.0,0.8003,38.26,0.0,7.64,7.64,2026-09-09 21:11:39,OK,
MA,GD,14569758000150,7896004724102,Isotretinoína 20 mg Caixa 30 Cápsulas Moles,Emmarka - MA,92.0,0.7959999999999999,185.09,0.0,37.76,37.76,2026-09-09 21:11:42,OK,
MA,GD,14569758000150,7896004724102,Isotretinoína 20 mg Caixa 30 Cápsulas Moles,Total - MA,76.0,0.7803,185.09,0.0,40.65,40.65,2026-09-09 21:11:42,OK,
MA,GD,14569758000150,7896004724508,Latanoprosta 50 mcg/ml Frasco 2.5 ml Solução Oftálmica,Panpharma - CE,85.0,0.1977,131.4,0.0,105.42,105.42,2026-09-09 21:11:46,OK,
MA,GD,14569758000150,7896004724508,Latanoprosta 50 mcg/ml Frasco 2.5 ml Solução Oftálmica,Nazaria - MA - Timon,86.0,0.1797,131.4,0.0,107.79,107.79,2026-09-09 21:11:46,OK,
MA,GD,14569758000150,7896004724508,Latanoprosta 50 mcg/ml Frasco 2.5 ml Solução Oftálmica,Nazaria - MA - Imperatriz,79.0,0.1797,131.4,0.0,107.79,107.79,2026-09-09 21:11:46,OK,
MA,GD,14569758000150,7896004724577,Gliclazida 30 mg Caixa 60 Comprimidos de Liberação Prolongada,Nazaria - MA - Timon,329.0,0.4625,37.25,0.0,20.02,20.02,2026-09-09 21:11:51,OK,
MA,GD,14569758000150,7896004724577,Gliclazida 30 mg Caixa 60 Comprimidos de Liberação Prolongada,Emmarka - MA,195.0,0.4625,37.25,0.0,20.02,20.02,2026-09-09 21:11:51,OK,
MA,GD,14569758000150,7896004724577,Gliclazida 30 mg Caixa 60 Comprimidos de Liberação Prolongada,Nazaria - MA - Imperatriz,115.0,0.4625,37.25,0.0,20.02,20.02,2026-09-09 21:11:51,OK,
MA,GD,14569758000150,7896004724577,Gliclazida 30 mg Caixa 60 Comprimidos de Liberação Prolongada,Panpharma - CE,144.0,0.45270000000000005,37.25,0.0,20.39,20.39,2026-09-09 21:11:51,OK,
MA,GD,14569758000150,7896004724683,Bimatoprosta 0.03% Frasco 5 ml Solução Oftálmica,Panpharma - CE,115.0,0.6399,160.38,0.0,57.75,57.75,2026-09-09 21:11:55,OK,
MA,GD,14569758000150,7896004724683,Bimatoprosta 0.03% Frasco 5 ml Solução Oftálmica,Nazaria - MA - Imperatriz,293.0,0.6219,160.38,0.0,60.64,60.64,2026-09-09 21:11:55,OK,
MA,GD,14569758000150,7896004724683,Bimatoprosta 0.03% Frasco 5 ml Solução Oftálmica,Nazaria - MA - Timon,291.0,0.6219,160.38,0.0,60.64,60.64,2026-09-09 21:11:55,OK,
MA,GD,14569758000150,7896004724683,Bimatoprosta 0.03% Frasco 5 ml Solução Oftálmica,Emmarka - MA,122.0,0.6219,160.38,0.0,60.64,60.64,2026-09-09 21:11:55,OK,
MA,GD,14569758000150,7896004724690,Bimatoprosta 0.03% Frasco 3 ml Solução Oftálmica,Panpharma - CE,122.0,0.7392,106.88,0.0,27.87,27.87,2026-09-09 21:12:00,OK,
MA,GD,14569758000150,7896004724690,Bimatoprosta 0.03% Frasco 3 ml Solução Oftálmica,Emmarka - MA,171.0,0.7212999999999999,106.88,0.0,29.79,29.79,2026-09-09 21:12:00,OK,
MA,GD,14569758000150,7896004724690,Bimatoprosta 0.03% Frasco 3 ml Solução Oftálmica,Nazaria - MA - Timon,93.0,0.7212999999999999,106.88,0.0,29.79,29.79,2026-09-09 21:12:00,OK,
MA,GD,14569758000150,7896004724690,Bimatoprosta 0.03% Frasco 3 ml Solução Oftálmica,Nazaria - MA - Imperatriz,78.0,0.7212999999999999,106.88,0.0,29.79,29.79,2026-09-09 21:12:00,OK,
MA,GD,14569758000150,7896004725000,Zolpidem 10 mg Caixa 20 Comprimidos Revestidos,Nazaria - MA - Timon,61.0,0.9412999999999999,57.4,0.0,3.37,3.37,2026-09-09 21:12:04,OK,
MA,GD,14569758000150,7896004725000,Zolpidem 10 mg Caixa 20 Comprimidos Revestidos,Emmarka - MA,33.0,0.9412999999999999,57.4,0.0,3.37,3.37,2026-09-09 21:12:04,OK,
MA,GD,14569758000150,7896004725000,Zolpidem 10 mg Caixa 20 Comprimidos Revestidos,Nazaria - MA - Imperatriz,19.0,0.9412999999999999,57.4,0.0,3.37,3.37,2026-09-09 21:12:04,OK,
MA,GD,14569758000150,7896004725420,Ipratrópio 0.25 mg/ml Frasco 20 ml Solução Para Inalação,Panpharma - CE,199.0,0.8048000000000001,16.09,0.0,3.14,3.14,2026-09-09 21:12:08,OK,
MA,GD,14569758000150,7896004725420,Ipratrópio 0.25 mg/ml Frasco 20 ml Solução Para Inalação,Emmarka - MA,1275.0,0.7853,16.09,0.0,3.45,3.45,2026-09-09 21:12:08,OK,
MA,GD,14569758000150,7896004725420,Ipratrópio 0.25 mg/ml Frasco 20 ml Solução Para Inalação,Total - MA,325.0,0.7853,16.09,0.0,3.45,3.45,2026-09-09 21:12:08,OK,
MA,GD,14569758000150,7896004725420,Ipratrópio 0.25 mg/ml Frasco 20 ml Solução Para Inalação,Nazaria - MA - Timon,134.0,0.7853,16.09,0.0,3.45,3.45,2026-09-09 21:12:08,OK,
MA,GD,14569758000150,7896004725697,Dorzolamida + Timolol 20+5 mg/ml Frasco 5 ml Gotas,Panpharma - CE,115.0,0.5842,95.51,0.0,39.71,39.71,2026-09-09 21:12:12,OK,
MA,GD,14569758000150,7896004725697,Dorzolamida + Timolol 20+5 mg/ml Frasco 5 ml Gotas,Nazaria - MA - Timon,128.0,0.5841,95.51,0.0,39.72,39.72,2026-09-09 21:12:12,OK,
MA,GD,14569758000150,7896004725697,Dorzolamida + Timolol 20+5 mg/ml Frasco 5 ml Gotas,Nazaria - MA - Imperatriz,95.0,0.5841,95.51,0.0,39.72,39.72,2026-09-09 21:12:12,OK,
MA,GD,14569758000150,7896004726069,Dorzolamida 20 mg/ml Frasco 5 ml Solução Oftálmica,Nazaria - MA - Imperatriz,242.0,0.2597,65.78,0.0,48.7,48.7,2026-09-09 21:12:17,OK,
MA,GD,14569758000150,7896004726069,Dorzolamida 20 mg/ml Frasco 5 ml Solução Oftálmica,Total - MA,96.0,0.2597,65.78,0.0,48.7,48.7,2026-09-09 21:12:17,OK,
MA,GD,14569758000150,7896004726069,Dorzolamida 20 mg/ml Frasco 5 ml Solução Oftálmica,Emmarka - MA,76.0,0.2597,65.78,0.0,48.7,48.7,2026-09-09 21:12:17,OK,
MA,GD,14569758000150,7896004726069,Dorzolamida 20 mg/ml Frasco 5 ml Solução Oftálmica,Nazaria - MA - Timon,59.0,0.2597,65.78,0.0,48.7,48.7,2026-09-09 21:12:17,OK,
MA,GD,14569758000150,7896004726069,Dorzolamida 20 mg/ml Frasco 5 ml Solução Oftálmica,Panpharma - CE,187.0,0.2297,65.78,0.0,50.67,50.67,2026-09-09 21:12:17,OK,
MA,GD,14569758000150,7896004726229,Hidroquinona 40 mg/g Bisnaga 30 g Creme,Nazaria - MA - Imperatriz,167.0,0.2373,49.82,0.0,38.0,38.0,2026-09-09 21:12:22,OK,
MA,GD,14569758000150,7896004726229,Hidroquinona 40 mg/g Bisnaga 30 g Creme,Nazaria - MA - Timon,80.0,0.2373,49.82,0.0,38.0,38.0,2026-09-09 21:12:22,OK,
MA,GD,14569758000150,7896004726229,Hidroquinona 40 mg/g Bisnaga 30 g Creme,Emmarka - MA,52.0,0.2373,49.82,0.0,38.0,38.0,2026-09-09 21:12:22,OK,
MA,GD,14569758000150,7896004726229,Hidroquinona 40 mg/g Bisnaga 30 g Creme,Panpharma - CE,53.0,0.1668,49.82,0.0,41.51,41.51,2026-09-09 21:12:22,OK,
MA,GD,14569758000150,7896004726533,Hidroquinona+Tretinoína+Fluocinolona 0.1+40+0.5 mg/g Creme Bisnaga 30 g,Panpharma - CE,37.0,0.3194,170.9,0.0,116.31,116.31,2026-09-09 21:12:25,OK,
MA,GD,14569758000150,7896004726533,Hidroquinona+Tretinoína+Fluocinolona 0.1+40+0.5 mg/g Creme Bisnaga 30 g,Emmarka - MA,16.0,0.3014,170.9,0.0,119.39,119.39,2026-09-09 21:12:25,OK,
MA,GD,14569758000150,7896004726854,Brimonidina 2 mg/ml Frasco 5 ml Solução Oftálmica,Panpharma - CE,182.0,0.7829,64.64,0.0,14.03,14.03,2026-09-09 21:12:30,OK,
MA,GD,14569758000150,7896004726854,Brimonidina 2 mg/ml Frasco 5 ml Solução Oftálmica,Emmarka - MA,199.0,0.765,64.64,0.0,15.19,15.19,2026-09-09 21:12:30,OK,
MA,GD,14569758000150,7896004726854,Brimonidina 2 mg/ml Frasco 5 ml Solução Oftálmica,Nazaria - MA - Imperatriz,188.0,0.765,64.64,0.0,15.19,15.19,2026-09-09 21:12:30,OK,
MA,GD,14569758000150,7896004726854,Brimonidina 2 mg/ml Frasco 5 ml Solução Oftálmica,Nazaria - MA - Timon,158.0,0.765,64.64,0.0,15.19,15.19,2026-09-09 21:12:30,OK,
MA,GD,14569758000150,7896004726908,Ciclobenzaprina 10 mg Caixa 10 Comprimidos Revestidos,Panpharma - CE,665.0,0.6705,12.26,0.0,4.04,4.04,2026-09-09 21:12:34,OK,
MA,GD,14569758000150,7896004726908,Ciclobenzaprina 10 mg Caixa 10 Comprimidos Revestidos,Nazaria - MA - Imperatriz,620.0,0.6526000000000001,12.26,0.0,4.26,4.26,2026-09-09 21:12:34,OK,
MA,GD,14569758000150,7896004726908,Ciclobenzaprina 10 mg Caixa 10 Comprimidos Revestidos,Emmarka - MA,382.0,0.6526000000000001,12.26,0.0,4.26,4.26,2026-09-09 21:12:34,OK,
MA,GD,14569758000150,7896004726908,Ciclobenzaprina 10 mg Caixa 10 Comprimidos Revestidos,Nazaria - MA - Timon,264.0,0.6526000000000001,12.26,0.0,4.26,4.26,2026-09-09 21:12:34,OK,
MA,GD,14569758000150,7896004727028,Gabapentina 600 mg Caixa 27 Comprimidos Revestidos,Nazaria - MA - Timon,163.0,0.255,189.68,0.0,141.31,141.31,2026-09-09 21:12:39,OK,
MA,GD,14569758000150,7896004727028,Gabapentina 600 mg Caixa 27 Comprimidos Revestidos,Nazaria - MA - Imperatriz,162.0,0.255,189.68,0.0,141.31,141.31,2026-09-09 21:12:39,OK,
MA,GD,14569758000150,7896004727028,Gabapentina 600 mg Caixa 27 Comprimidos Revestidos,Emmarka - MA,55.0,0.255,189.68,0.0,141.31,141.31,2026-09-09 21:12:39,OK,
MA,GD,14569758000150,7896004727233,Ciclopirox Olamina 10 mg/ml Frasco 15 ml Solução Tópica,Nazaria - MA - Timon,575.0,0.6541,29.66,0.0,10.26,10.26,2026-09-09 21:12:43,OK,
MA,GD,14569758000150,7896004727233,Ciclopirox Olamina 10 mg/ml Frasco 15 ml Solução Tópica,Emmarka - MA,293.0,0.6541,29.66,0.0,10.26,10.26,2026-09-09 21:12:43,OK,
MA,GD,14569758000150,7896004727233,Ciclopirox Olamina 10 mg/ml Frasco 15 ml Solução Tópica,Nazaria - MA - Imperatriz,270.0,0.6541,29.66,0.0,10.26,10.26,2026-09-09 21:12:43,OK,
MA,GD,14569758000150,7896004727776,Amitriptilina 25 mg Caixa 30 Comprimidos Revestidos,Panpharma - CE,996.0,0.7279000000000001,19.31,0.0,5.25,5.25,2026-09-09 21:12:48,OK,
MA,GD,14569758000150,7896004727776,Amitriptilina 25 mg Caixa 30 Comprimidos Revestidos,Emmarka - MA,543.0,0.7254,19.31,0.0,5.3,5.3,2026-09-09 21:12:48,OK,
MA,GD,14569758000150,7896004727776,Amitriptilina 25 mg Caixa 30 Comprimidos Revestidos,Nazaria - MA - Timon,479.0,0.7254,19.31,0.0,5.3,5.3,2026-09-09 21:12:48,OK,
MA,GD,14569758000150,7896004727776,Amitriptilina 25 mg Caixa 30 Comprimidos Revestidos,Total - MA,342.0,0.7254,19.3,0.0,5.3,5.3,2026-09-09 21:12:48,OK,
MA,GD,14569758000150,7896004727776,Amitriptilina 25 mg Caixa 30 Comprimidos Revestidos,Nazaria - MA - Imperatriz,305.0,0.7254,19.31,0.0,5.3,5.3,2026-09-09 21:12:48,OK,
MA,GD,14569758000150,7896004727882,Bromoprida 10 mg Caixa 20 Cápsulas,Nazaria - MA - Imperatriz,675.0,0.6673,27.57,0.0,9.17,9.17,2026-09-09 21:12:53,OK,
MA,GD,14569758000150,7896004727882,Bromoprida 10 mg Caixa 20 Cápsulas,Nazaria - MA - Timon,579.0,0.6673,27.57,0.0,9.17,9.17,2026-09-09 21:12:53,OK,
MA,GD,14569758000150,7896004727882,Bromoprida 10 mg Caixa 20 Cápsulas,Emmarka - MA,204.0,0.6673,27.57,0.0,9.17,9.17,2026-09-09 21:12:53,OK,
MA,GD,14569758000150,7896004727882,Bromoprida 10 mg Caixa 20 Cápsulas,Total - MA,18.0,0.6673,27.57,0.0,9.17,9.17,2026-09-09 21:12:53,OK,
MA,GD,14569758000150,7896004727882,Bromoprida 10 mg Caixa 20 Cápsulas,Panpharma - CE,193.0,0.6601,27.57,0.0,9.37,9.37,2026-09-09 21:12:53,OK,
MA,GD,14569758000150,7896004728261,Travoprosta 0.04 mg/ml Frasco 2.5 ml Solução Oftálmica,Panpharma - CE,81.0,0.6784,96.94,0.0,31.18,31.18,2026-09-09 21:12:57,OK,
MA,GD,14569758000150,7896004728261,Travoprosta 0.04 mg/ml Frasco 2.5 ml Solução Oftálmica,Emmarka - MA,152.0,0.6604000000000001,96.94,0.0,32.92,32.92,2026-09-09 21:12:57,OK,
MA,GD,14569758000150,7896004728261,Travoprosta 0.04 mg/ml Frasco 2.5 ml Solução Oftálmica,Nazaria - MA - Imperatriz,45.0,0.6604000000000001,96.94,0.0,32.92,32.92,2026-09-09 21:12:57,OK,
MA,GD,14569758000150,7896004728261,Travoprosta 0.04 mg/ml Frasco 2.5 ml Solução Oftálmica,Nazaria - MA - Timon,30.0,0.6604000000000001,96.94,0.0,32.92,32.92,2026-09-09 21:12:57,OK,
MA,GD,14569758000150,7896004728490,,,0.0,0.0,0.0,0.0,0.0,0.0,2026-09-09 21:13:09,ERRO,Message: Nenhuma distribuidora pôde ser lida no card do produto.
MA,GD,14569758000150,7896004728612,Venlafaxina 150 mg Caixa 30 Cápsulas de Liberação Prolongada,Nazaria - MA - Imperatriz,69.0,0.7929,174.51,0.0,36.14,36.14,2026-09-09 21:13:14,OK,
MA,GD,14569758000150,7896004728612,Venlafaxina 150 mg Caixa 30 Cápsulas de Liberação Prolongada,Emmarka - MA,35.0,0.7929,174.51,0.0,36.14,36.14,2026-09-09 21:13:14,OK,
MA,GD,14569758000150,7896004728612,Venlafaxina 150 mg Caixa 30 Cápsulas de Liberação Prolongada,Nazaria - MA - Timon,29.0,0.7929,174.51,0.0,36.14,36.14,2026-09-09 21:13:14,OK,
MA,GD,14569758000150,7896004728612,Venlafaxina 150 mg Caixa 30 Cápsulas de Liberação Prolongada,Panpharma - CE,76.0,0.7670999999999999,174.51,0.0,40.64,40.64,2026-09-09 21:13:14,OK,
MA,GD,14569758000150,7896004728629,,,0.0,0.0,0.0,0.0,0.0,0.0,2026-09-09 21:13:26,ERRO,Message: Nenhuma distribuidora pôde ser lida no card do produto.
MA,GD,14569758000150,7896004728667,Risedronato Sódico 35 mg Caixa 4 Comprimidos Revestidos,Emmarka - MA,13.0,0.7784,144.81,0.0,32.09,32.09,2026-09-09 21:13:30,OK,
MA,GD,14569758000150,7896004728667,Risedronato Sódico 35 mg Caixa 4 Comprimidos Revestidos,Nazaria - MA - Timon,13.0,0.7784,144.81,0.0,32.09,32.09,2026-09-09 21:13:30,OK,
MA,GD,14569758000150,7896004728827,Indapamida 1.5 mg Caixa 30 Comprimidos Revestidos,Panpharma - CE,172.0,0.7484999999999999,33.9,0.0,8.53,8.53,2026-09-09 21:13:34,OK,
MA,GD,14569758000150,7896004728827,Indapamida 1.5 mg Caixa 30 Comprimidos Revestidos,Emmarka - MA,262.0,0.7304999999999999,33.9,0.0,9.14,9.14,2026-09-09 21:13:34,OK,
MA,GD,14569758000150,7896004728827,Indapamida 1.5 mg Caixa 30 Comprimidos Revestidos,Nazaria - MA - Imperatriz,142.0,0.7304999999999999,33.9,0.0,9.14,9.14,2026-09-09 21:13:34,OK,
MA,GD,14569758000150,7896004728827,Indapamida 1.5 mg Caixa 30 Comprimidos Revestidos,Nazaria - MA - Timon,102.0,0.7304999999999999,33.9,0.0,9.14,9.14,2026-09-09 21:13:34,OK,
MA,GD,14569758000150,7896004728858,Rosuvastatina Cálcica 20 mg Caixa 30 Comprimidos Revestidos,Panpharma - CE,6496.0,0.9519,175.65,0.0,8.45,8.45,2026-09-09 21:13:38,OK,
MA,GD,14569758000150,7896004728858,Rosuvastatina Cálcica 20 mg Caixa 30 Comprimidos Revestidos,Nazaria - MA - Timon,3977.0,0.9373999999999999,175.65,0.0,11.0,11.0,2026-09-09 21:13:38,OK,
MA,GD,14569758000150,7896004728858,Rosuvastatina Cálcica 20 mg Caixa 30 Comprimidos Revestidos,Emmarka - MA,2059.0,0.9373999999999999,175.65,0.0,11.0,11.0,2026-09-09 21:13:38,OK,
MA,GD,14569758000150,7896004729428,Atorvastatina Cálcica 10 mg Caixa 30 Comprimidos Revestidos,Nazaria - MA - Timon,76.0,0.8554,73.6,0.0,10.64,10.64,2026-09-09 21:13:43,OK,
MA,GD,14569758000150,7896004729428,Atorvastatina Cálcica 10 mg Caixa 30 Comprimidos Revestidos,Nazaria - MA - Imperatriz,74.0,0.8554,73.6,0.0,10.64,10.64,2026-09-09 21:13:43,OK,
MA,GD,14569758000150,7896004729428,Atorvastatina Cálcica 10 mg Caixa 30 Comprimidos Revestidos,Emmarka - MA,65.0,0.8554,73.6,0.0,10.64,10.64,2026-09-09 21:13:43,OK,
MA,GD,14569758000150,7896004729428,Atorvastatina Cálcica 10 mg Caixa 30 Comprimidos Revestidos,Panpharma - CE,131.0,0.8476,73.6,0.0,11.22,11.22,2026-09-09 21:13:43,OK,
MA,GD,14569758000150,7896004729435,Atorvastatina Cálcica 20 mg Caixa 30 Comprimidos Revestidos,Panpharma - CE,324.0,0.8995000000000001,73.47,0.0,7.38,7.38,2026-09-09 21:13:47,OK,
MA,GD,14569758000150,7896004729435,Atorvastatina Cálcica 20 mg Caixa 30 Comprimidos Revestidos,Nazaria - MA - Imperatriz,45.0,0.8815999999999999,73.47,0.0,8.7,8.7,2026-09-09 21:13:47,OK,
MA,GD,14569758000150,7896004729435,Atorvastatina Cálcica 20 mg Caixa 30 Comprimidos Revestidos,Emmarka - MA,4.0,0.8815999999999999,73.47,0.0,8.7,8.7,2026-09-09 21:13:47,OK,
MA,GD,14569758000150,7896004729442,Atorvastatina Cálcica 40 mg Caixa 30 Comprimidos Revestidos,Panpharma - CE,2249.0,0.909,147.84,0.0,13.45,13.45,2026-09-09 21:13:51,OK,
MA,GD,14569758000150,7896004729442,Atorvastatina Cálcica 40 mg Caixa 30 Comprimidos Revestidos,Nazaria - MA - Timon,1194.0,0.8909999999999999,147.84,0.0,16.11,16.11,2026-09-09 21:13:51,OK,
MA,GD,14569758000150,7896004729442,Atorvastatina Cálcica 40 mg Caixa 30 Comprimidos Revestidos,Nazaria - MA - Imperatriz,489.0,0.8909999999999999,147.84,0.0,16.11,16.11,2026-09-09 21:13:51,OK,
MA,GD,14569758000150,7896004729442,Atorvastatina Cálcica 40 mg Caixa 30 Comprimidos Revestidos,Emmarka - MA,368.0,0.8909999999999999,147.84,0.0,16.11,16.11,2026-09-09 21:13:51,OK,
MA,GD,14569758000150,7896004729459,Atorvastatina Cálcica 80 mg Caixa 30 Comprimidos Revestidos,Nazaria - MA - Imperatriz,80.0,0.39409999999999995,302.84,0.0,183.49,183.49,2026-09-09 21:13:56,OK,
MA,GD,14569758000150,7896004729459,Atorvastatina Cálcica 80 mg Caixa 30 Comprimidos Revestidos,Emmarka - MA,28.0,0.39409999999999995,302.84,0.0,183.49,183.49,2026-09-09 21:13:56,OK,
MA,GD,14569758000150,7896004729459,Atorvastatina Cálcica 80 mg Caixa 30 Comprimidos Revestidos,Nazaria - MA - Timon,24.0,0.39409999999999995,302.84,0.0,183.49,183.49,2026-09-09 21:13:56,OK,
MA,GD,14569758000150,7896004729459,Atorvastatina Cálcica 80 mg Caixa 30 Comprimidos Revestidos,Panpharma - CE,22.0,0.3657,302.84,0.0,192.09,192.09,2026-09-09 21:13:56,OK,
MA,GD,14569758000150,7896004729640,Rosuvastatina Cálcica 10 mg Caixa 30 Comprimidos Revestidos,Panpharma - CE,814.0,0.9396,96.58,0.0,5.83,5.83,2026-09-09 21:14:00,OK,
MA,GD,14569758000150,7896004729640,Rosuvastatina Cálcica 10 mg Caixa 30 Comprimidos Revestidos,Emmarka - MA,240.0,0.9216,96.58,0.0,7.57,7.57,2026-09-09 21:14:00,OK,
MA,GD,14569758000150,7896004729640,Rosuvastatina Cálcica 10 mg Caixa 30 Comprimidos Revestidos,Nazaria - MA - Timon,203.0,0.9216,96.58,0.0,7.57,7.57,2026-09-09 21:14:00,OK,
MA,GD,14569758000150,7896004729640,Rosuvastatina Cálcica 10 mg Caixa 30 Comprimidos Revestidos,Total - MA,80.0,0.9194,96.58,0.0,7.78,7.78,2026-09-09 21:14:00,OK,
MA,GD,14569758000150,7896004729688,Hidroxizina 25 mg Caixa 30 Comprimidos,Emmarka - MA,570.0,0.1368,34.94,0.0,30.16,30.16,2026-09-09 21:14:04,OK,
MA,GD,14569758000150,7896004729688,Hidroxizina 25 mg Caixa 30 Comprimidos,Nazaria - MA - Imperatriz,150.0,0.1368,34.94,0.0,30.16,30.16,2026-09-09 21:14:04,OK,
MA,GD,14569758000150,7896004729688,Hidroxizina 25 mg Caixa 30 Comprimidos,Panpharma - CE,135.0,0.0823,34.94,0.0,32.06,32.06,2026-09-09 21:14:04,OK,
MA,GD,14569758000150,7896004730059,,,0.0,0.0,0.0,0.0,0.0,0.0,2026-09-09 21:14:17,ERRO,Message: Nenhuma distribuidora pôde ser lida no card do produto.
MA,GD,14569758000150,7896004730080,Sildenafila 25 mg Caixa 4 Comprimidos Revestidos,Emmarka - MA,74.0,0.9136,74.33,0.0,6.42,6.42,2026-09-09 21:14:20,OK,
MA,GD,14569758000150,7896004730103,Sildenafila 50 mg Caixa 4 Comprimidos Revestidos,Panpharma - CE,176.0,0.8412999999999999,17.16,0.0,2.72,2.72,2026-09-09 21:14:25,OK,
MA,GD,14569758000150,7896004730103,Sildenafila 50 mg Caixa 4 Comprimidos Revestidos,Nazaria - MA - Timon,262.0,0.8234,17.16,0.0,3.03,3.03,2026-09-09 21:14:25,OK,
MA,GD,14569758000150,7896004730103,Sildenafila 50 mg Caixa 4 Comprimidos Revestidos,Nazaria - MA - Imperatriz,95.0,0.8234,17.16,0.0,3.03,3.03,2026-09-09 21:14:25,OK,
MA,GD,14569758000150,7896004730103,Sildenafila 50 mg Caixa 4 Comprimidos Revestidos,Emmarka - MA,15.0,0.8234,17.16,0.0,3.03,3.03,2026-09-09 21:14:25,OK,
MA,GD,14569758000150,7896004730189,Ciclobenzaprina 10 mg Caixa 30 Comprimidos Revestidos,Nazaria - MA - Imperatriz,178.0,0.7367,36.81,0.0,9.69,9.69,2026-09-09 21:14:29,OK,
MA,GD,14569758000150,7896004730189,Ciclobenzaprina 10 mg Caixa 30 Comprimidos Revestidos,Emmarka - MA,59.0,0.7367,36.81,0.0,9.69,9.69,2026-09-09 21:14:29,OK,
MA,GD,14569758000150,7896004730189,Ciclobenzaprina 10 mg Caixa 30 Comprimidos Revestidos,Nazaria - MA - Timon,22.0,0.7367,36.81,0.0,9.69,9.69,2026-09-09 21:14:29,OK,
MA,GD,14569758000150,7896004730189,Ciclobenzaprina 10 mg Caixa 30 Comprimidos Revestidos,Total - MA,140.0,0.7108,36.81,0.0,10.65,10.65,2026-09-09 21:14:29,OK,
MA,GD,14569758000150,7896004730196,Ciclobenzaprina 10 mg Caixa 15 Comprimidos Revestidos,Panpharma - CE,1.0,0.7143999999999999,18.41,0.0,5.26,5.26,2026-09-09 21:14:34,OK,
MA,GD,14569758000150,7896004730196,Ciclobenzaprina 10 mg Caixa 15 Comprimidos Revestidos,Nazaria - MA - Imperatriz,348.0,0.6965,18.41,0.0,5.59,5.59,2026-09-09 21:14:34,OK,
MA,GD,14569758000150,7896004730196,Ciclobenzaprina 10 mg Caixa 15 Comprimidos Revestidos,Nazaria - MA - Timon,279.0,0.6965,18.41,0.0,5.59,5.59,2026-09-09 21:14:34,OK,
MA,GD,14569758000150,7896004730196,Ciclobenzaprina 10 mg Caixa 15 Comprimidos Revestidos,Emmarka - MA,66.0,0.6965,18.41,0.0,5.59,5.59,2026-09-09 21:14:34,OK,
MA,GD,14569758000150,7896004730370,Quetiapina 100 mg Caixa 30 Comprimidos Revestidos,Total - MA,19.0,0.8595999999999999,139.1,0.0,19.53,19.53,2026-09-09 21:14:39,OK,
MA,GD,14569758000150,7896004730370,Quetiapina 100 mg Caixa 30 Comprimidos Revestidos,Panpharma - CE,156.0,0.8268000000000001,139.1,0.0,24.09,24.09,2026-09-09 21:14:39,OK,
MA,GD,14569758000150,7896004730370,Quetiapina 100 mg Caixa 30 Comprimidos Revestidos,Nazaria - MA - Timon,2047.0,0.8089,139.1,0.0,26.58,26.58,2026-09-09 21:14:39,OK,
MA,GD,14569758000150,7896004730370,Quetiapina 100 mg Caixa 30 Comprimidos Revestidos,Nazaria - MA - Imperatriz,266.0,0.8089,139.1,0.0,26.58,26.58,2026-09-09 21:14:39,OK,
MA,GD,14569758000150,7896004730370,Quetiapina 100 mg Caixa 30 Comprimidos Revestidos,Emmarka - MA,167.0,0.8089,139.1,0.0,26.58,26.58,2026-09-09 21:14:39,OK,
MA,GD,14569758000150,7896004730387,Quetiapina 200 mg Caixa 30 Comprimidos Revestidos,Nazaria - MA - Timon,45.0,0.8349,269.81,0.0,44.55,44.55,2026-09-09 21:14:43,OK,
MA,GD,14569758000150,7896004730387,Quetiapina 200 mg Caixa 30 Comprimidos Revestidos,Nazaria - MA - Imperatriz,32.0,0.8349,269.81,0.0,44.55,44.55,2026-09-09 21:14:43,OK,
MA,GD,14569758000150,7896004730387,Quetiapina 200 mg Caixa 30 Comprimidos Revestidos,Emmarka - MA,5.0,0.8349,269.81,0.0,44.55,44.55,2026-09-09 21:14:43,OK,
MA,GD,14569758000150,7896004730981,Citalopram 20 mg Caixa 30 Comprimidos Revestidos,Panpharma - CE,77.0,0.8456999999999999,54.18,0.0,8.36,8.36,2026-09-09 21:14:48,OK,
MA,GD,14569758000150,7896004730981,Citalopram 20 mg Caixa 30 Comprimidos Revestidos,Total - MA,103.0,0.8365,54.18,0.0,8.86,8.86,2026-09-09 21:14:48,OK,
MA,GD,14569758000150,7896004730981,Citalopram 20 mg Caixa 30 Comprimidos Revestidos,Nazaria - MA - Imperatriz,73.0,0.8365,54.18,0.0,8.86,8.86,2026-09-09 21:14:48,OK,
MA,GD,14569758000150,7896004730981,Citalopram 20 mg Caixa 30 Comprimidos Revestidos,Emmarka - MA,73.0,0.8365,54.18,0.0,8.86,8.86,2026-09-09 21:14:48,OK,
MA,GD,14569758000150,7896004730981,Citalopram 20 mg Caixa 30 Comprimidos Revestidos,Nazaria - MA - Timon,48.0,0.8365,54.18,0.0,8.86,8.86,2026-09-09 21:14:48,OK,
MA,GD,14569758000150,7896004731261,,,0.0,0.0,0.0,0.0,0.0,0.0,2026-09-09 21:15:00,ERRO,Message: Nenhuma distribuidora pôde ser lida no card do produto.
MA,GD,14569758000150,7896004731285,,,0.0,0.0,0.0,0.0,0.0,0.0,2026-09-09 21:15:12,ERRO,Message: Nenhuma distribuidora pôde ser lida no card do produto.
MA,GD,14569758000150,7896004731308,,,0.0,0.0,0.0,0.0,0.0,0.0,2026-09-09 21:15:24,ERRO,Message: Nenhuma distribuidora pôde ser lida no card do produto.
MA,GD,14569758000150,7896004731322,,,0.0,0.0,0.0,0.0,0.0,0.0,2026-09-09 21:15:36,ERRO,Message: Nenhuma distribuidora pôde ser lida no card do produto.
MA,GD,14569758000150,7896004731568,Escitalopram 10 mg Caixa 30 Comprimidos Revestidos,Panpharma - CE,1541.0,0.9315000000000001,70.23,0.0,4.81,4.81,2026-09-09 21:15:41,OK,
MA,GD,14569758000150,7896004731568,Escitalopram 10 mg Caixa 30 Comprimidos Revestidos,Nazaria - MA - Timon,1605.0,0.9135,70.23,0.0,6.07,6.07,2026-09-09 21:15:41,OK,
MA,GD,14569758000150,7896004731568,Escitalopram 10 mg Caixa 30 Comprimidos Revestidos,Nazaria - MA - Imperatriz,824.0,0.9135,70.23,0.0,6.07,6.07,2026-09-09 21:15:41,OK,
MA,GD,14569758000150,7896004731568,Escitalopram 10 mg Caixa 30 Comprimidos Revestidos,Emmarka - MA,165.0,0.9135,70.23,0.0,6.07,6.07,2026-09-09 21:15:41,OK,
MA,GD,14569758000150,7896004731575,Escitalopram 10 mg Caixa 60 Comprimidos Revestidos,Panpharma - CE,143.0,0.9311,126.44,0.0,8.71,8.71,2026-09-09 21:15:45,OK,
MA,GD,14569758000150,7896004731575,Escitalopram 10 mg Caixa 60 Comprimidos Revestidos,Emmarka - MA,78.0,0.9131,126.44,0.0,10.99,10.99,2026-09-09 21:15:45,OK,
MA,GD,14569758000150,7896004731582,Escitalopram 20 mg Caixa 30 Comprimidos Revestidos,Panpharma - CE,1072.0,0.9338,143.03,0.0,9.47,9.47,2026-09-09 21:15:50,OK,
MA,GD,14569758000150,7896004731582,Escitalopram 20 mg Caixa 30 Comprimidos Revestidos,Nazaria - MA - Timon,1365.0,0.9159,143.03,0.0,12.03,12.03,2026-09-09 21:15:50,OK,
MA,GD,14569758000150,7896004731582,Escitalopram 20 mg Caixa 30 Comprimidos Revestidos,Emmarka - MA,345.0,0.9159,143.03,0.0,12.03,12.03,2026-09-09 21:15:50,OK,
MA,GD,14569758000150,7896004731582,Escitalopram 20 mg Caixa 30 Comprimidos Revestidos,Nazaria - MA - Imperatriz,168.0,0.9159,143.03,0.0,12.03,12.03,2026-09-09 21:15:50,OK,
MA,GD,14569758000150,7896004731582,Escitalopram 20 mg Caixa 30 Comprimidos Revestidos,Total - MA,5.0,0.9086,143.03,0.0,13.07,13.07,2026-09-09 21:15:50,OK,
MA,GD,14569758000150,7896004731698,,,0.0,0.0,0.0,0.0,0.0,0.0,2026-09-09 21:16:02,ERRO,Message: Nenhuma distribuidora pôde ser lida no card do produto.
MA,GD,14569758000150,7896004731704,Pioglitazona 30 mg Caixa 15 Comprimidos,Emmarka - MA,130.0,0.5906,67.55,0.0,27.65,27.65,2026-09-09 21:16:06,OK,
MA,GD,14569758000150,7896004731704,Pioglitazona 30 mg Caixa 15 Comprimidos,Nazaria - MA - Timon,105.0,0.5906,67.55,0.0,27.65,27.65,2026-09-09 21:16:06,OK,
MA,GD,14569758000150,7896004731704,Pioglitazona 30 mg Caixa 15 Comprimidos,Nazaria - MA - Imperatriz,34.0,0.5906,67.55,0.0,27.65,27.65,2026-09-09 21:16:06,OK,
MA,GD,14569758000150,7896004731704,Pioglitazona 30 mg Caixa 15 Comprimidos,Panpharma - CE,59.0,0.5413,67.55,0.0,30.99,30.99,2026-09-09 21:16:06,OK,
MA,GD,14569758000150,7896004732626,Bupropiona 150 mg Caixa 30 Comprimidos de Liberação Lenta,Panpharma - CE,55.0,0.8271999999999999,119.09,0.0,20.58,20.58,2026-09-09 21:16:10,OK,
MA,GD,14569758000150,7896004732626,Bupropiona 150 mg Caixa 30 Comprimidos de Liberação Lenta,Nazaria - MA - Timon,111.0,0.8092,119.09,0.0,22.72,22.72,2026-09-09 21:16:10,OK,
MA,GD,14569758000150,7896004732626,Bupropiona 150 mg Caixa 30 Comprimidos de Liberação Lenta,Emmarka - MA,50.0,0.8092,119.09,0.0,22.72,22.72,2026-09-09 21:16:10,OK,
MA,GD,14569758000150,7896004732633,Bupropiona 150 mg Caixa 60 Comprimidos de Liberação Lenta,Nazaria - MA - Timon,25.0,0.8295999999999999,229.84,0.0,39.16,39.16,2026-09-09 21:16:15,OK,
MA,GD,14569758000150,7896004732633,Bupropiona 150 mg Caixa 60 Comprimidos de Liberação Lenta,Emmarka - MA,21.0,0.8295999999999999,229.84,0.0,39.16,39.16,2026-09-09 21:16:15,OK,
MA,GD,14569758000150,7896004732633,Bupropiona 150 mg Caixa 60 Comprimidos de Liberação Lenta,Total - MA,19.0,0.8295999999999999,229.84,0.0,39.17,39.16,2026-09-09 21:16:15,OK,
MA,GD,14569758000150,7896004732633,Bupropiona 150 mg Caixa 60 Comprimidos de Liberação Lenta,Panpharma - CE,75.0,0.8226,229.84,0.0,40.77,40.77,2026-09-09 21:16:15,OK,
MA,GD,14569758000150,7896004733234,Prednisolona 20 mg Caixa 10 Comprimidos,Panpharma - CE,627.0,0.6912,18.87,0.0,5.83,5.83,2026-09-09 21:16:19,OK,
MA,GD,14569758000150,7896004733234,Prednisolona 20 mg Caixa 10 Comprimidos,Emmarka - MA,742.0,0.6827,18.87,0.0,5.99,5.99,2026-09-09 21:16:19,OK,
MA,GD,14569758000150,7896004733234,Prednisolona 20 mg Caixa 10 Comprimidos,Nazaria - MA - Timon,190.0,0.6827,18.87,0.0,5.99,5.99,2026-09-09 21:16:19,OK,
MA,GD,14569758000150,7896004733234,Prednisolona 20 mg Caixa 10 Comprimidos,Nazaria - MA - Imperatriz,29.0,0.6827,18.87,0.0,5.99,5.99,2026-09-09 21:16:19,OK,
MA,GD,14569758000150,7896004734354,Moxifloxacino 400 mg Caixa 5 Comprimidos Revestidos,Panpharma - CE,26.0,0.7211,148.64,0.0,41.46,41.46,2026-09-09 21:16:23,OK,
MA,GD,14569758000150,7896004734354,Moxifloxacino 400 mg Caixa 5 Comprimidos Revestidos,Emmarka - MA,17.0,0.7136,148.64,0.0,42.57,42.57,2026-09-09 21:16:23,OK,
MA,GD,14569758000150,7896004734361,Moxifloxacino 400 mg Caixa 7 Comprimidos Revestidos,Panpharma - CE,13.0,0.733,188.05,0.0,50.21,50.21,2026-09-09 21:16:28,OK,
MA,GD,14569758000150,7896004734361,Moxifloxacino 400 mg Caixa 7 Comprimidos Revestidos,Emmarka - MA,86.0,0.7218000000000001,188.05,0.0,52.32,52.32,2026-09-09 21:16:28,OK,
MA,GD,14569758000150,7896004734361,Moxifloxacino 400 mg Caixa 7 Comprimidos Revestidos,Nazaria - MA - Imperatriz,19.0,0.7218000000000001,188.05,0.0,52.32,52.32,2026-09-09 21:16:28,OK,
MA,GD,14569758000150,7896004734361,Moxifloxacino 400 mg Caixa 7 Comprimidos Revestidos,Nazaria - MA - Timon,14.0,0.7218000000000001,188.05,0.0,52.32,52.32,2026-09-09 21:16:28,OK,
MA,GD,14569758000150,7896004734392,Drospirenona + Etinilestradiol 3+0.03 mg Caixa 21 Comprimidos Revestidos,Panpharma - CE,563.0,0.8273999999999999,55.62,0.0,9.6,9.6,2026-09-09 21:16:32,OK,
MA,GD,14569758000150,7896004734392,Drospirenona + Etinilestradiol 3+0.03 mg Caixa 21 Comprimidos Revestidos,Nazaria - MA - Timon,560.0,0.8094,55.62,0.0,10.6,10.6,2026-09-09 21:16:32,OK,
MA,GD,14569758000150,7896004734392,Drospirenona + Etinilestradiol 3+0.03 mg Caixa 21 Comprimidos Revestidos,Emmarka - MA,432.0,0.8094,55.62,0.0,10.6,10.6,2026-09-09 21:16:32,OK,
MA,GD,14569758000150,7896004734392,Drospirenona + Etinilestradiol 3+0.03 mg Caixa 21 Comprimidos Revestidos,Nazaria - MA - Imperatriz,405.0,0.8094,55.62,0.0,10.6,10.6,2026-09-09 21:16:32,OK,
MA,GD,14569758000150,7896004737058,Atorvastatina Cálcica 20 mg Caixa 60 Comprimidos Revestidos,Emmarka - MA,52.0,0.8952,130.56,0.0,13.68,13.68,2026-09-09 21:16:35,OK,
MA,GD,14569758000150,7896004737119,Paroxetina 20 mg Caixa 30 Comprimidos Revestidos,Nazaria - MA - Timon,178.0,0.8261,51.19,0.0,8.9,8.9,2026-09-09 21:16:40,OK,
MA,GD,14569758000150,7896004737119,Paroxetina 20 mg Caixa 30 Comprimidos Revestidos,Emmarka - MA,100.0,0.8261,51.19,0.0,8.9,8.9,2026-09-09 21:16:40,OK,
MA,GD,14569758000150,7896004737119,Paroxetina 20 mg Caixa 30 Comprimidos Revestidos,Nazaria - MA - Imperatriz,62.0,0.8261,51.19,0.0,8.9,8.9,2026-09-09 21:16:40,OK,
MA,GD,14569758000150,7896004737119,Paroxetina 20 mg Caixa 30 Comprimidos Revestidos,Panpharma - CE,170.0,0.7994,51.19,0.0,10.27,10.27,2026-09-09 21:16:40,OK,
MA,GD,14569758000150,7896004737218,Orlistate 120 mg Caixa 42 Cápsulas,Nazaria - MA - Timon,696.0,0.6369,185.03,0.0,67.18,67.18,2026-09-09 21:16:45,OK,
MA,GD,14569758000150,7896004737218,Orlistate 120 mg Caixa 42 Cápsulas,Emmarka - MA,192.0,0.6369,185.03,0.0,67.18,67.18,2026-09-09 21:16:45,OK,
MA,GD,14569758000150,7896004737218,Orlistate 120 mg Caixa 42 Cápsulas,Nazaria - MA - Imperatriz,188.0,0.6369,185.03,0.0,67.18,67.18,2026-09-09 21:16:45,OK,
MA,GD,14569758000150,7896004737218,Orlistate 120 mg Caixa 42 Cápsulas,Total - MA,121.0,0.6369,185.03,0.0,67.18,67.18,2026-09-09 21:16:45,OK,
MA,GD,14569758000150,7896004737218,Orlistate 120 mg Caixa 42 Cápsulas,Panpharma - CE,316.0,0.6073,185.03,0.0,72.66,72.66,2026-09-09 21:16:45,OK,
MA,GD,14569758000150,7896004737225,Orlistate 120 mg Caixa 84 Cápsulas,Panpharma - CE,133.0,0.7019,372.13,0.0,110.93,110.93,2026-09-09 21:16:50,OK,
MA,GD,14569758000150,7896004737225,Orlistate 120 mg Caixa 84 Cápsulas,Emmarka - MA,83.0,0.684,372.13,0.0,117.59,117.59,2026-09-09 21:16:50,OK,
MA,GD,14569758000150,7896004737225,Orlistate 120 mg Caixa 84 Cápsulas,Nazaria - MA - Timon,46.0,0.684,372.13,0.0,117.59,117.59,2026-09-09 21:16:50,OK,
MA,GD,14569758000150,7896004737225,Orlistate 120 mg Caixa 84 Cápsulas,Nazaria - MA - Imperatriz,22.0,0.684,372.13,0.0,117.59,117.59,2026-09-09 21:16:50,OK,
MA,GD,14569758000150,7896004737225,Orlistate 120 mg Caixa 84 Cápsulas,Total - MA,66.0,0.6655,372.13,0.0,124.49,124.48,2026-09-09 21:16:50,OK,
MA,GD,14569758000150,7896004738406,Clopidogrel 75 mg Caixa 28 Comprimidos Revestidos,Emmarka - MA,404.0,0.7724,74.62,0.0,16.98,16.98,2026-09-09 21:16:55,OK,
MA,GD,14569758000150,7896004738406,Clopidogrel 75 mg Caixa 28 Comprimidos Revestidos,Total - MA,162.0,0.7723,74.62,0.0,16.98,16.98,2026-09-09 21:16:55,OK,
MA,GD,14569758000150,7896004738406,Clopidogrel 75 mg Caixa 28 Comprimidos Revestidos,Nazaria - MA - Timon,88.0,0.7724,74.62,0.0,16.98,16.98,2026-09-09 21:16:55,OK,
MA,GD,14569758000150,7896004738406,Clopidogrel 75 mg Caixa 28 Comprimidos Revestidos,Nazaria - MA - Imperatriz,23.0,0.7724,74.62,0.0,16.98,16.98,2026-09-09 21:16:55,OK,
MA,GD,14569758000150,7896004738406,Clopidogrel 75 mg Caixa 28 Comprimidos Revestidos,Panpharma - CE,98.0,0.7608,74.62,0.0,17.85,17.85,2026-09-09 21:16:55,OK,
MA,GD,14569758000150,7896004739588,Bisoprolol 5 mg Caixa 30 Comprimidos Revestidos,Nazaria - MA - Timon,1640.0,0.7309,53.31,0.0,14.35,14.35,2026-09-09 21:17:00,OK,
MA,GD,14569758000150,7896004739588,Bisoprolol 5 mg Caixa 30 Comprimidos Revestidos,Emmarka - MA,497.0,0.7309,53.31,0.0,14.35,14.35,2026-09-09 21:17:00,OK,
MA,GD,14569758000150,7896004739588,Bisoprolol 5 mg Caixa 30 Comprimidos Revestidos,Total - MA,293.0,0.7309,53.31,0.0,14.35,14.35,2026-09-09 21:17:00,OK,
MA,GD,14569758000150,7896004739588,Bisoprolol 5 mg Caixa 30 Comprimidos Revestidos,Nazaria - MA - Imperatriz,247.0,0.7309,53.31,0.0,14.35,14.35,2026-09-09 21:17:00,OK,
MA,GD,14569758000150,7896004739588,Bisoprolol 5 mg Caixa 30 Comprimidos Revestidos,Panpharma - CE,201.0,0.715,53.31,0.0,15.19,15.19,2026-09-09 21:17:00,OK,
MA,GD,14569758000150,7896004739595,Bisoprolol 10 mg Caixa 30 Comprimidos Revestidos,Emmarka - MA,4.0,0.8462000000000001,112.44,0.0,17.29,17.29,2026-09-09 21:17:03,OK,
MA,GD,14569758000150,7896004742007,Diclofenaco Sódico 50 mg Caixa 20 Comprimidos Revestidos Lib. Retardada,Nazaria - MA - Imperatriz,241.0,0.9013,26.3,0.0,2.6,2.6,2026-09-09 21:17:07,OK,
MA,GD,14569758000150,7896004742007,Diclofenaco Sódico 50 mg Caixa 20 Comprimidos Revestidos Lib. Retardada,Nazaria - MA - Timon,210.0,0.9013,26.3,0.0,2.6,2.6,2026-09-09 21:17:07,OK,
MA,GD,14569758000150,7896004742007,Diclofenaco Sódico 50 mg Caixa 20 Comprimidos Revestidos Lib. Retardada,Emmarka - MA,144.0,0.9013,26.3,0.0,2.6,2.6,2026-09-09 21:17:07,OK,
MA,GD,14569758000150,7896004742007,Diclofenaco Sódico 50 mg Caixa 20 Comprimidos Revestidos Lib. Retardada,Panpharma - CE,24.0,0.809,26.3,0.0,5.02,5.02,2026-09-09 21:17:07,OK,
MA,GD,14569758000150,7896004742069,,,0.0,0.0,0.0,0.0,0.0,0.0,2026-09-09 21:17:20,ERRO,Message: Nenhuma distribuidora pôde ser lida no card do produto.
MA,GD,14569758000150,7896004742076,,,0.0,0.0,0.0,0.0,0.0,0.0,2026-09-09 21:17:32,ERRO,Message: Nenhuma distribuidora pôde ser lida no card do produto.
MA,GD,14569758000150,7896004742199,Tibolona 2.5 mg Caixa 30 Comprimidos,Panpharma - CE,168.0,0.6222,68.3,0.0,25.8,25.8,2026-09-09 21:17:37,OK,
MA,GD,14569758000150,7896004742199,Tibolona 2.5 mg Caixa 30 Comprimidos,Nazaria - MA - Timon,453.0,0.6043,68.3,0.0,27.03,27.03,2026-09-09 21:17:37,OK,
MA,GD,14569758000150,7896004742199,Tibolona 2.5 mg Caixa 30 Comprimidos,Emmarka - MA,319.0,0.6043,68.3,0.0,27.03,27.03,2026-09-09 21:17:37,OK,
MA,GD,14569758000150,7896004742199,Tibolona 2.5 mg Caixa 30 Comprimidos,Nazaria - MA - Imperatriz,139.0,0.6043,68.3,0.0,27.03,27.03,2026-09-09 21:17:37,OK,
MA,GD,14569758000150,7896004742199,Tibolona 2.5 mg Caixa 30 Comprimidos,Total - MA,84.0,0.6031,68.3,0.0,27.1,27.1,2026-09-09 21:17:37,OK,
MA,GD,14569758000150,7896004743042,Pramipexol 0.250 mg Caixa 30 Comprimidos,Panpharma - CE,34.0,0.7239,81.26,0.0,22.44,22.44,2026-09-09 21:17:41,OK,
MA,GD,14569758000150,7896004743042,Pramipexol 0.250 mg Caixa 30 Comprimidos,Emmarka - MA,49.0,0.7098,81.26,0.0,23.58,23.58,2026-09-09 21:17:41,OK,
MA,GD,14569758000150,7896004743042,Pramipexol 0.250 mg Caixa 30 Comprimidos,Nazaria - MA - Imperatriz,19.0,0.7098,81.26,0.0,23.58,23.58,2026-09-09 21:17:41,OK,
MA,GD,14569758000150,7896004743042,Pramipexol 0.250 mg Caixa 30 Comprimidos,Nazaria - MA - Timon,2.0,0.7098,81.26,0.0,23.58,23.58,2026-09-09 21:17:41,OK,
MA,GD,14569758000150,7896004743745,Rosuvastatina Cálcica 5 mg Caixa 30 Comprimidos Revestidos,Panpharma - CE,85.0,0.8070999999999999,68.32,0.0,13.18,13.18,2026-09-09 21:17:46,OK,
MA,GD,14569758000150,7896004743745,Rosuvastatina Cálcica 5 mg Caixa 30 Comprimidos Revestidos,Nazaria - MA - Timon,148.0,0.7974,68.32,0.0,13.84,13.84,2026-09-09 21:17:46,OK,
MA,GD,14569758000150,7896004743745,Rosuvastatina Cálcica 5 mg Caixa 30 Comprimidos Revestidos,Nazaria - MA - Imperatriz,118.0,0.7974,68.32,0.0,13.84,13.84,2026-09-09 21:17:46,OK,
MA,GD,14569758000150,7896004743745,Rosuvastatina Cálcica 5 mg Caixa 30 Comprimidos Revestidos,Emmarka - MA,44.0,0.7974,68.32,0.0,13.84,13.84,2026-09-09 21:17:46,OK,
MA,GD,14569758000150,7896004743936,,,0.0,0.0,0.0,0.0,0.0,0.0,2026-09-09 21:17:58,ERRO,Message: Nenhuma distribuidora pôde ser lida no card do produto.
MA,GD,14569758000150,7896004743943,Esomeprazol Magnésico 40 mg Caixa 14 Comprimidos Revestidos Lib. Retardada,Panpharma - CE,52.0,0.8456999999999999,137.35,0.0,21.19,21.19,2026-09-09 21:18:02,OK,
MA,GD,14569758000150,7896004743943,Esomeprazol Magnésico 40 mg Caixa 14 Comprimidos Revestidos Lib. Retardada,Nazaria - MA - Timon,18.0,0.8277,137.35,0.0,23.67,23.67,2026-09-09 21:18:02,OK,
MA,GD,14569758000150,7896004743943,Esomeprazol Magnésico 40 mg Caixa 14 Comprimidos Revestidos Lib. Retardada,Emmarka - MA,7.0,0.8277,137.35,0.0,23.67,23.67,2026-09-09 21:18:02,OK,
MA,GD,14569758000150,7896004744360,,,0.0,0.0,0.0,0.0,0.0,0.0,2026-09-09 21:18:14,ERRO,Message: Nenhuma distribuidora pôde ser lida no card do produto.
MA,GD,14569758000150,7896004744957,Drospirenona + Etinilestradiol 3+0.02 mg Caixa 24 Comprimidos Revestidos,Panpharma - CE,550.0,0.8012,60.65,0.0,12.06,12.06,2026-09-09 21:18:19,OK,
MA,GD,14569758000150,7896004744957,Drospirenona + Etinilestradiol 3+0.02 mg Caixa 24 Comprimidos Revestidos,Nazaria - MA - Timon,337.0,0.7831999999999999,60.65,0.0,13.15,13.15,2026-09-09 21:18:19,OK,
MA,GD,14569758000150,7896004744957,Drospirenona + Etinilestradiol 3+0.02 mg Caixa 24 Comprimidos Revestidos,Nazaria - MA - Imperatriz,266.0,0.7831999999999999,60.65,0.0,13.15,13.15,2026-09-09 21:18:19,OK,
MA,GD,14569758000150,7896004744957,Drospirenona + Etinilestradiol 3+0.02 mg Caixa 24 Comprimidos Revestidos,Emmarka - MA,158.0,0.7831999999999999,60.65,0.0,13.15,13.15,2026-09-09 21:18:19,OK,
MA,GD,14569758000150,7896004746388,Venlafaxina 75 mg Caixa 30 Cápsulas de Liberação Prolongada,Nazaria - MA - Timon,75.0,0.7282,89.45,0.0,24.31,24.31,2026-09-09 21:18:23,OK,
MA,GD,14569758000150,7896004746388,Venlafaxina 75 mg Caixa 30 Cápsulas de Liberação Prolongada,Nazaria - MA - Imperatriz,45.0,0.7282,89.45,0.0,24.31,24.31,2026-09-09 21:18:23,OK,
MA,GD,14569758000150,7896004746920,Ezetimiba 10 mg Caixa 60 Comprimidos,Nazaria - MA - Imperatriz,211.0,0.7835,140.3,0.0,30.37,30.37,2026-09-09 21:18:26,OK,
MA,GD,14569758000150,7896004746937,Ezetimiba 10 mg Caixa 30 Comprimidos,Panpharma - CE,270.0,0.8101,84.14,0.0,15.98,15.98,2026-09-09 21:18:30,OK,
MA,GD,14569758000150,7896004746937,Ezetimiba 10 mg Caixa 30 Comprimidos,Emmarka - MA,81.0,0.7922,84.14,0.0,17.48,17.48,2026-09-09 21:18:30,OK,
MA,GD,14569758000150,7896004746937,Ezetimiba 10 mg Caixa 30 Comprimidos,Total - MA,13.0,0.782,84.14,0.0,18.34,18.34,2026-09-09 21:18:30,OK,
MA,GD,14569758000150,7896004747002,Escitalopram 15 mg Caixa 30 Comprimidos Revestidos,Panpharma - CE,335.0,0.9287000000000001,163.18,0.0,11.63,11.63,2026-09-09 21:18:35,OK,
MA,GD,14569758000150,7896004747002,Escitalopram 15 mg Caixa 30 Comprimidos Revestidos,Nazaria - MA - Timon,165.0,0.9107999999999999,163.18,0.0,14.56,14.56,2026-09-09 21:18:35,OK,
MA,GD,14569758000150,7896004747002,Escitalopram 15 mg Caixa 30 Comprimidos Revestidos,Nazaria - MA - Imperatriz,95.0,0.9107999999999999,163.18,0.0,14.56,14.56,2026-09-09 21:18:35,OK,
MA,GD,14569758000150,7896004747002,Escitalopram 15 mg Caixa 30 Comprimidos Revestidos,Emmarka - MA,65.0,0.9107999999999999,163.18,0.0,14.56,14.56,2026-09-09 21:18:35,OK,
MA,GD,14569758000150,7896004747040,Ezetimiba + Sinvastatina 10+10 mg Caixa 30 Comprimidos,Panpharma - CE,27.0,0.7229000000000001,105.97,0.0,29.36,29.36,2026-09-09 21:18:38,OK,
MA,GD,14569758000150,7896004747057,Ezetimiba + Sinvastatina 10+20 mg Caixa 30 Comprimidos,Panpharma - CE,77.0,0.6859999999999999,95.9,0.0,30.11,30.11,2026-09-09 21:18:43,OK,
MA,GD,14569758000150,7896004747057,Ezetimiba + Sinvastatina 10+20 mg Caixa 30 Comprimidos,Emmarka - MA,70.0,0.6681,95.9,0.0,31.83,31.83,2026-09-09 21:18:43,OK,
MA,GD,14569758000150,7896004747057,Ezetimiba + Sinvastatina 10+20 mg Caixa 30 Comprimidos,Nazaria - MA - Imperatriz,14.0,0.6681,95.9,0.0,31.83,31.83,2026-09-09 21:18:43,OK,
MA,GD,14569758000150,7896004747057,Ezetimiba + Sinvastatina 10+20 mg Caixa 30 Comprimidos,Nazaria - MA - Timon,4.0,0.6681,95.9,0.0,31.83,31.83,2026-09-09 21:18:43,OK,
MA,GD,14569758000150,7896004747057,Ezetimiba + Sinvastatina 10+20 mg Caixa 30 Comprimidos,Total - MA,107.0,0.6173,95.9,0.0,36.7,36.7,2026-09-09 21:18:43,OK,
MA,GD,14569758000150,7896004747064,,,0.0,0.0,0.0,0.0,0.0,0.0,2026-09-09 21:18:55,ERRO,Message: Nenhuma distribuidora pôde ser lida no card do produto.
MA,GD,14569758000150,7896004747620,Aripiprazol 10 mg Caixa 30 Comprimidos,Panpharma - CE,180.0,0.7848,250.99,0.0,54.01,54.01,2026-09-09 21:18:59,OK,
MA,GD,14569758000150,7896004747620,Aripiprazol 10 mg Caixa 30 Comprimidos,Emmarka - MA,146.0,0.775,250.99,0.0,56.47,56.47,2026-09-09 21:18:59,OK,
MA,GD,14569758000150,7896004747620,Aripiprazol 10 mg Caixa 30 Comprimidos,Nazaria - MA - Timon,42.0,0.775,250.99,0.0,56.47,56.47,2026-09-09 21:18:59,OK,
MA,GD,14569758000150,7896004747620,Aripiprazol 10 mg Caixa 30 Comprimidos,Nazaria - MA - Imperatriz,23.0,0.775,250.99,0.0,56.47,56.47,2026-09-09 21:18:59,OK,
MA,GD,14569758000150,7896004747637,Aripiprazol 15 mg Caixa 30 Comprimidos,Panpharma - CE,52.0,0.8217,367.88,0.0,65.59,65.59,2026-09-09 21:19:03,OK,
MA,GD,14569758000150,7896004747637,Aripiprazol 15 mg Caixa 30 Comprimidos,Emmarka - MA,32.0,0.8039000000000001,367.88,0.0,72.14,72.14,2026-09-09 21:19:03,OK,
MA,GD,14569758000150,7896004747774,Duloxetina 60 mg Caixa 30 Cápsulas de Liberação Retardada,Panpharma - CE,235.0,0.4932,131.55,0.0,66.67,66.67,2026-09-09 21:19:08,OK,
MA,GD,14569758000150,7896004747774,Duloxetina 60 mg Caixa 30 Cápsulas de Liberação Retardada,Nazaria - MA - Timon,578.0,0.4753,131.55,0.0,69.02,69.02,2026-09-09 21:19:08,OK,
MA,GD,14569758000150,7896004747774,Duloxetina 60 mg Caixa 30 Cápsulas de Liberação Retardada,Emmarka - MA,266.0,0.4753,131.55,0.0,69.02,69.02,2026-09-09 21:19:08,OK,
MA,GD,14569758000150,7896004747774,Duloxetina 60 mg Caixa 30 Cápsulas de Liberação Retardada,Nazaria - MA - Imperatriz,232.0,0.4753,131.55,0.0,69.02,69.02,2026-09-09 21:19:08,OK,
MA,GD,14569758000150,7896004747774,Duloxetina 60 mg Caixa 30 Cápsulas de Liberação Retardada,Total - MA,35.0,0.4594,131.55,0.0,71.12,71.12,2026-09-09 21:19:08,OK,
MA,GD,14569758000150,7896004747880,Celecoxibe 200 mg Caixa 10 Cápsulas,Panpharma - CE,211.0,0.82,42.56,0.0,7.66,7.66,2026-09-09 21:19:12,OK,
MA,GD,14569758000150,7896004747880,Celecoxibe 200 mg Caixa 10 Cápsulas,Nazaria - MA - Imperatriz,95.0,0.802,42.56,0.0,8.43,8.43,2026-09-09 21:19:12,OK,
MA,GD,14569758000150,7896004747880,Celecoxibe 200 mg Caixa 10 Cápsulas,Emmarka - MA,52.0,0.802,42.56,0.0,8.43,8.43,2026-09-09 21:19:12,OK,
MA,GD,14569758000150,7896004747897,Celecoxibe 200 mg Caixa 30 Cápsulas,Panpharma - CE,11.0,0.8293,124.42,0.0,21.24,21.24,2026-09-09 21:19:16,OK,
MA,GD,14569758000150,7896004748214,Quetiapina 25 mg Caixa 30 Comprimidos Revestidos,Panpharma - CE,2005.0,0.8737999999999999,52.18,0.0,6.59,6.59,2026-09-09 21:19:21,OK,
MA,GD,14569758000150,7896004748214,Quetiapina 25 mg Caixa 30 Comprimidos Revestidos,Nazaria - MA - Timon,4752.0,0.8559,52.18,0.0,7.52,7.52,2026-09-09 21:19:21,OK,
MA,GD,14569758000150,7896004748214,Quetiapina 25 mg Caixa 30 Comprimidos Revestidos,Nazaria - MA - Imperatriz,3350.0,0.8559,52.18,0.0,7.52,7.52,2026-09-09 21:19:21,OK,
MA,GD,14569758000150,7896004748214,Quetiapina 25 mg Caixa 30 Comprimidos Revestidos,Emmarka - MA,174.0,0.8559,52.18,0.0,7.52,7.52,2026-09-09 21:19:21,OK,
MA,GD,14569758000150,7896004748214,Quetiapina 25 mg Caixa 30 Comprimidos Revestidos,Total - MA,296.0,0.8493,52.18,0.0,7.86,7.86,2026-09-09 21:19:21,OK,
MA,GD,14569758000150,7896004749303,,,0.0,0.0,0.0,0.0,0.0,0.0,2026-09-09 21:19:33,ERRO,Message: Nenhuma distribuidora pôde ser lida no card do produto.
MA,GD,14569758000150,7896004749358,,,0.0,0.0,0.0,0.0,0.0,0.0,2026-09-09 21:19:45,ERRO,Message: Nenhuma distribuidora pôde ser lida no card do produto.
MA,GD,14569758000150,7896004749624,Tadalafila 5 mg Caixa 30 Comprimidos Revestidos,Nazaria - MA - Imperatriz,1008.0,0.9419,100.21,0.0,5.82,5.82,2026-09-09 21:19:50,OK,
MA,GD,14569758000150,7896004749624,Tadalafila 5 mg Caixa 30 Comprimidos Revestidos,Nazaria - MA - Timon,506.0,0.9419,100.21,0.0,5.82,5.82,2026-09-09 21:19:50,OK,
MA,GD,14569758000150,7896004749624,Tadalafila 5 mg Caixa 30 Comprimidos Revestidos,Emmarka - MA,435.0,0.9419,100.21,0.0,5.82,5.82,2026-09-09 21:19:50,OK,
MA,GD,14569758000150,7896004749624,Tadalafila 5 mg Caixa 30 Comprimidos Revestidos,Total - MA,397.0,0.9315000000000001,100.21,0.0,6.86,6.86,2026-09-09 21:19:50,OK,
MA,GD,14569758000150,7896004749631,,,0.0,0.0,0.0,0.0,0.0,0.0,2026-09-09 21:20:02,ERRO,Message: Nenhuma distribuidora pôde ser lida no card do produto.
MA,GD,14569758000150,7896004749648,Tadalafila 20 mg Caixa 4 Comprimidos Revestidos,Panpharma - CE,1605.0,0.9331,35.58,0.0,2.38,2.38,2026-09-09 21:20:07,OK,
MA,GD,14569758000150,7896004749648,Tadalafila 20 mg Caixa 4 Comprimidos Revestidos,Emmarka - MA,2606.0,0.9152,35.58,0.0,3.02,3.02,2026-09-09 21:20:07,OK,
MA,GD,14569758000150,7896004749648,Tadalafila 20 mg Caixa 4 Comprimidos Revestidos,Nazaria - MA - Timon,1318.0,0.9152,35.58,0.0,3.02,3.02,2026-09-09 21:20:07,OK,
MA,GD,14569758000150,7896004749648,Tadalafila 20 mg Caixa 4 Comprimidos Revestidos,Nazaria - MA - Imperatriz,612.0,0.9152,35.58,0.0,3.02,3.02,2026-09-09 21:20:07,OK,
MA,GD,14569758000150,7896004749648,Tadalafila 20 mg Caixa 4 Comprimidos Revestidos,Total - MA,445.0,0.8936,35.58,0.0,3.79,3.79,2026-09-09 21:20:07,OK,
MA,GD,14569758000150,7896004749655,,,0.0,0.0,0.0,0.0,0.0,0.0,2026-09-09 21:20:19,ERRO,Message: Nenhuma distribuidora pôde ser lida no card do produto.
MA,GD,14569758000150,7896004750330,Olmesartana + Hidroclorotiazida 20+12.5 mg Caixa 30 Comprimidos Revestidos,Panpharma - CE,109.0,0.5877,52.0,0.0,21.44,21.44,2026-09-09 21:20:24,OK,
MA,GD,14569758000150,7896004750330,Olmesartana + Hidroclorotiazida 20+12.5 mg Caixa 30 Comprimidos Revestidos,Total - MA,72.0,0.5824,52.0,0.0,21.71,21.71,2026-09-09 21:20:24,OK,
MA,GD,14569758000150,7896004750330,Olmesartana + Hidroclorotiazida 20+12.5 mg Caixa 30 Comprimidos Revestidos,Emmarka - MA,224.0,0.5824,52.0,0.0,21.72,21.72,2026-09-09 21:20:24,OK,
MA,GD,14569758000150,7896004750330,Olmesartana + Hidroclorotiazida 20+12.5 mg Caixa 30 Comprimidos Revestidos,Nazaria - MA - Timon,144.0,0.5824,52.0,0.0,21.72,21.72,2026-09-09 21:20:24,OK,
MA,GD,14569758000150,7896004750347,Olmesartana + Hidroclorotiazida 40+12.5 mg Caixa 30 Comprimidos Revestidos,Total - MA,209.0,0.615,59.23,0.0,22.81,22.8,2026-09-09 21:20:28,OK,
MA,GD,14569758000150,7896004750347,Olmesartana + Hidroclorotiazida 40+12.5 mg Caixa 30 Comprimidos Revestidos,Panpharma - CE,195.0,0.5656,59.23,0.0,25.73,25.73,2026-09-09 21:20:28,OK,
MA,GD,14569758000150,7896004750347,Olmesartana + Hidroclorotiazida 40+12.5 mg Caixa 30 Comprimidos Revestidos,Nazaria - MA - Timon,1337.0,0.5648,59.23,0.0,25.78,25.78,2026-09-09 21:20:28,OK,
MA,GD,14569758000150,7896004750347,Olmesartana + Hidroclorotiazida 40+12.5 mg Caixa 30 Comprimidos Revestidos,Nazaria - MA - Imperatriz,559.0,0.5648,59.23,0.0,25.78,25.78,2026-09-09 21:20:28,OK,
MA,GD,14569758000150,7896004750347,Olmesartana + Hidroclorotiazida 40+12.5 mg Caixa 30 Comprimidos Revestidos,Emmarka - MA,258.0,0.5648,59.23,0.0,25.78,25.78,2026-09-09 21:20:28,OK,
MA,GD,14569758000150,7896004750354,Olmesartana Medoxomila + Hidroclorotiazida (40+25) mg Caixa 30 Comprimidos Revestidos,Panpharma - CE,1102.0,0.5832999999999999,59.22,0.0,24.68,24.68,2026-09-09 21:20:33,OK,
MA,GD,14569758000150,7896004750354,Olmesartana Medoxomila + Hidroclorotiazida (40+25) mg Caixa 30 Comprimidos Revestidos,Nazaria - MA - Timon,1498.0,0.5653,59.22,0.0,25.74,25.74,2026-09-09 21:20:33,OK,
MA,GD,14569758000150,7896004750354,Olmesartana Medoxomila + Hidroclorotiazida (40+25) mg Caixa 30 Comprimidos Revestidos,Emmarka - MA,463.0,0.5653,59.22,0.0,25.74,25.74,2026-09-09 21:20:33,OK,
MA,GD,14569758000150,7896004750354,Olmesartana Medoxomila + Hidroclorotiazida (40+25) mg Caixa 30 Comprimidos Revestidos,Nazaria - MA - Imperatriz,101.0,0.5653,59.22,0.0,25.74,25.74,2026-09-09 21:20:33,OK,
MA,GD,14569758000150,7896004750354,Olmesartana Medoxomila + Hidroclorotiazida (40+25) mg Caixa 30 Comprimidos Revestidos,Total - MA,509.0,0.5531,59.22,0.0,26.47,26.47,2026-09-09 21:20:33,OK,
MA,GD,14569758000150,7896004750620,Olmesartana + Anlodipino 40+10 mg Caixa 30 Comprimidos Revestidos,Total - MA,87.0,0.4507,53.23,0.0,29.24,29.24,2026-09-09 21:20:38,OK,
MA,GD,14569758000150,7896004750620,Olmesartana + Anlodipino 40+10 mg Caixa 30 Comprimidos Revestidos,Nazaria - MA - Timon,73.0,0.4507,53.23,0.0,29.24,29.24,2026-09-09 21:20:38,OK,
MA,GD,14569758000150,7896004750620,Olmesartana + Anlodipino 40+10 mg Caixa 30 Comprimidos Revestidos,Nazaria - MA - Imperatriz,55.0,0.4507,53.23,0.0,29.24,29.24,2026-09-09 21:20:38,OK,
MA,GD,14569758000150,7896004750620,Olmesartana + Anlodipino 40+10 mg Caixa 30 Comprimidos Revestidos,Emmarka - MA,47.0,0.4507,53.23,0.0,29.24,29.24,2026-09-09 21:20:38,OK,
MA,GD,14569758000150,7896004750620,Olmesartana + Anlodipino 40+10 mg Caixa 30 Comprimidos Revestidos,Panpharma - CE,67.0,0.264,53.23,0.0,39.18,39.18,2026-09-09 21:20:38,OK,
MA,GD,14569758000150,7896004750637,Olmesartana + Anlodipino 40+5 mg Caixa 30 Comprimidos Revestidos,Emmarka - MA,2.0,0.435,53.23,0.0,30.07,30.07,2026-09-09 21:20:42,OK,
MA,GD,14569758000150,7896004750644,Olmesartana + Anlodipino 20+5 mg Caixa 30 Comprimidos Revestidos,Nazaria - MA - Imperatriz,106.0,0.4326,47.08,0.0,26.71,26.71,2026-09-09 21:20:47,OK,
MA,GD,14569758000150,7896004750644,Olmesartana + Anlodipino 20+5 mg Caixa 30 Comprimidos Revestidos,Nazaria - MA - Timon,81.0,0.4326,47.08,0.0,26.71,26.71,2026-09-09 21:20:47,OK,
MA,GD,14569758000150,7896004750644,Olmesartana + Anlodipino 20+5 mg Caixa 30 Comprimidos Revestidos,Total - MA,25.0,0.4326,47.08,0.0,26.71,26.71,2026-09-09 21:20:47,OK,
MA,GD,14569758000150,7896004750644,Olmesartana + Anlodipino 20+5 mg Caixa 30 Comprimidos Revestidos,Emmarka - MA,2.0,0.4326,47.08,0.0,26.71,26.71,2026-09-09 21:20:47,OK,
MA,GD,14569758000150,7896004750644,Olmesartana + Anlodipino 20+5 mg Caixa 30 Comprimidos Revestidos,Panpharma - CE,65.0,0.3009,47.08,0.0,32.91,32.91,2026-09-09 21:20:47,OK,
MA,GD,14569758000150,7896004751009,Desvenlafaxina 50 mg Caixa 30 Comprimidos Lib. Prolongada,Emmarka - MA,10.0,0.7679,141.03,0.0,32.73,32.73,2026-09-09 21:20:50,OK,
MA,GD,14569758000150,7896004751016,Desvenlafaxina 100 mg Caixa 30 Comprimidos Lib. Prolongada,Panpharma - CE,180.0,0.7451000000000001,147.69,0.0,37.65,37.65,2026-09-09 21:20:55,OK,
MA,GD,14569758000150,7896004751016,Desvenlafaxina 100 mg Caixa 30 Comprimidos Lib. Prolongada,Emmarka - MA,117.0,0.7273000000000001,147.69,0.0,40.28,40.28,2026-09-09 21:20:55,OK,
MA,GD,14569758000150,7896004751016,Desvenlafaxina 100 mg Caixa 30 Comprimidos Lib. Prolongada,Nazaria - MA - Timon,24.0,0.7273000000000001,147.69,0.0,40.28,40.28,2026-09-09 21:20:55,OK,
MA,GD,14569758000150,7896004751016,Desvenlafaxina 100 mg Caixa 30 Comprimidos Lib. Prolongada,Nazaria - MA - Imperatriz,12.0,0.7273000000000001,147.69,0.0,40.28,40.28,2026-09-09 21:20:55,OK,
MA,GD,14569758000150,7896004751016,Desvenlafaxina 100 mg Caixa 30 Comprimidos Lib. Prolongada,Total - MA,55.0,0.6516,147.69,0.0,51.45,51.45,2026-09-09 21:20:55,OK,
MA,GD,14569758000150,7896004751641,Desogestrel 75 mcg Caixa 28 Comprimidos Revestidos,Panpharma - CE,36.0,0.7232999999999999,31.65,0.0,8.76,8.76,2026-09-09 21:20:59,OK,
MA,GD,14569758000150,7896004751641,Desogestrel 75 mcg Caixa 28 Comprimidos Revestidos,Emmarka - MA,165.0,0.7214,31.65,0.0,8.82,8.82,2026-09-09 21:20:59,OK,
MA,GD,14569758000150,7896004751641,Desogestrel 75 mcg Caixa 28 Comprimidos Revestidos,Nazaria - MA - Timon,107.0,0.7214,31.65,0.0,8.82,8.82,2026-09-09 21:20:59,OK,
MA,GD,14569758000150,7896004751641,Desogestrel 75 mcg Caixa 28 Comprimidos Revestidos,Nazaria - MA - Imperatriz,63.0,0.7214,31.65,0.0,8.82,8.82,2026-09-09 21:20:59,OK,
MA,GD,14569758000150,7896004752112,Tansulosina 0.4 mg Caixa 20 Comprimidos de Liberação Prolongada,Panpharma - CE,108.0,0.6767,83.51,0.0,27.0,27.0,2026-09-09 21:21:03,OK,
MA,GD,14569758000150,7896004752112,Tansulosina 0.4 mg Caixa 20 Comprimidos de Liberação Prolongada,Emmarka - MA,41.0,0.6587999999999999,83.51,0.0,28.49,28.49,2026-09-09 21:21:03,OK,
MA,GD,14569758000150,7896004752112,Tansulosina 0.4 mg Caixa 20 Comprimidos de Liberação Prolongada,Nazaria - MA - Imperatriz,36.0,0.6587999999999999,83.51,0.0,28.49,28.49,2026-09-09 21:21:03,OK,
MA,GD,14569758000150,7896004752211,Trazodona 50 mg Caixa 60 Comprimidos Revestidos,Panpharma - CE,126.0,0.6586,70.65,0.0,24.12,24.12,2026-09-09 21:21:08,OK,
MA,GD,14569758000150,7896004752211,Trazodona 50 mg Caixa 60 Comprimidos Revestidos,Nazaria - MA - Timon,857.0,0.6467,70.65,0.0,24.96,24.96,2026-09-09 21:21:08,OK,
MA,GD,14569758000150,7896004752211,Trazodona 50 mg Caixa 60 Comprimidos Revestidos,Nazaria - MA - Imperatriz,434.0,0.6467,70.65,0.0,24.96,24.96,2026-09-09 21:21:08,OK,
MA,GD,14569758000150,7896004752211,Trazodona 50 mg Caixa 60 Comprimidos Revestidos,Emmarka - MA,134.0,0.6467,70.65,0.0,24.96,24.96,2026-09-09 21:21:08,OK,
MA,GD,14569758000150,7896004752228,Trazodona 100 mg Caixa 30 Comprimidos Revestidos,Panpharma - CE,36.0,0.6468,70.64,0.0,24.95,24.95,2026-09-09 21:21:12,OK,
MA,GD,14569758000150,7896004752228,Trazodona 100 mg Caixa 30 Comprimidos Revestidos,Emmarka - MA,31.0,0.6289,70.64,0.0,26.21,26.21,2026-09-09 21:21:12,OK,
MA,GD,14569758000150,7896004752471,Ibandronato De Sódio 150 mg Caixa 1 Comprimido Revestido,Panpharma - CE,60.0,0.8006,82.22,0.0,16.39,16.39,2026-09-09 21:21:16,OK,
MA,GD,14569758000150,7896004752471,Ibandronato De Sódio 150 mg Caixa 1 Comprimido Revestido,Nazaria - MA - Timon,44.0,0.7827,82.22,0.0,17.87,17.87,2026-09-09 21:21:16,OK,
MA,GD,14569758000150,7896004752471,Ibandronato De Sódio 150 mg Caixa 1 Comprimido Revestido,Emmarka - MA,28.0,0.7827,82.22,0.0,17.87,17.87,2026-09-09 21:21:16,OK,
MA,GD,14569758000150,7896004752471,Ibandronato De Sódio 150 mg Caixa 1 Comprimido Revestido,Nazaria - MA - Imperatriz,27.0,0.7827,82.22,0.0,17.87,17.87,2026-09-09 21:21:16,OK,
MA,GD,14569758000150,7896004752525,Cetoprofeno 150 mg Caixa 10 Comprimidos de Liberação Prolongada,Panpharma - CE,790.0,0.858,44.84,0.0,6.37,6.37,2026-09-09 21:21:21,OK,
MA,GD,14569758000150,7896004752525,Cetoprofeno 150 mg Caixa 10 Comprimidos de Liberação Prolongada,Nazaria - MA - Timon,1484.0,0.8401000000000001,44.84,0.0,7.17,7.17,2026-09-09 21:21:21,OK,
MA,GD,14569758000150,7896004752525,Cetoprofeno 150 mg Caixa 10 Comprimidos de Liberação Prolongada,Emmarka - MA,752.0,0.8401000000000001,44.84,0.0,7.17,7.17,2026-09-09 21:21:21,OK,
MA,GD,14569758000150,7896004752525,Cetoprofeno 150 mg Caixa 10 Comprimidos de Liberação Prolongada,Nazaria - MA - Imperatriz,478.0,0.8401000000000001,44.84,0.0,7.17,7.17,2026-09-09 21:21:21,OK,
MA,GD,14569758000150,7896004752525,Cetoprofeno 150 mg Caixa 10 Comprimidos de Liberação Prolongada,Total - MA,728.0,0.8197,44.84,0.0,8.08,8.08,2026-09-09 21:21:21,OK,
MA,GD,14569758000150,7896004752730,Gliclazida 60 mg Caixa 30 Comprimidos de Liberação Prolongada,Nazaria - MA - Timon,403.0,0.5463,54.96,0.0,24.94,24.94,2026-09-09 21:21:26,OK,
MA,GD,14569758000150,7896004752730,Gliclazida 60 mg Caixa 30 Comprimidos de Liberação Prolongada,Emmarka - MA,50.0,0.5463,54.96,0.0,24.94,24.94,2026-09-09 21:21:26,OK,
MA,GD,14569758000150,7896004752730,Gliclazida 60 mg Caixa 30 Comprimidos de Liberação Prolongada,Total - MA,21.0,0.5463,54.96,0.0,24.94,24.94,2026-09-09 21:21:26,OK,
MA,GD,14569758000150,7896004752730,Gliclazida 60 mg Caixa 30 Comprimidos de Liberação Prolongada,Panpharma - CE,848.0,0.5223,54.96,0.0,26.25,26.25,2026-09-09 21:21:26,OK,
MA,GD,14569758000150,7896004753089,Lercanidipino 10 mg Caixa 30 Comprimidos Revestidos,Panpharma - CE,8.0,0.2188,99.92,0.0,78.06,78.06,2026-09-09 21:21:29,OK,
MA,GD,14569758000150,7896004753089,Lercanidipino 10 mg Caixa 30 Comprimidos Revestidos,Emmarka - MA,4.0,0.20079999999999998,99.92,0.0,79.86,79.86,2026-09-09 21:21:29,OK,
MA,GD,14569758000150,7896004754154,Metilfenidato 10 mg Caixa 30 Comprimidos,Total - MA,49.0,0.36229999999999996,28.18,0.0,17.97,17.97,2026-09-09 21:21:34,OK,
MA,GD,14569758000150,7896004754154,Metilfenidato 10 mg Caixa 30 Comprimidos,Panpharma - CE,370.0,0.2763,28.18,0.0,20.39,20.39,2026-09-09 21:21:34,OK,
MA,GD,14569758000150,7896004754154,Metilfenidato 10 mg Caixa 30 Comprimidos,Nazaria - MA - Timon,205.0,0.2584,28.18,0.0,20.9,20.9,2026-09-09 21:21:34,OK,
MA,GD,14569758000150,7896004754154,Metilfenidato 10 mg Caixa 30 Comprimidos,Emmarka - MA,166.0,0.2584,28.18,0.0,20.9,20.9,2026-09-09 21:21:34,OK,
MA,GD,14569758000150,7896004754154,Metilfenidato 10 mg Caixa 30 Comprimidos,Nazaria - MA - Imperatriz,49.0,0.2584,28.18,0.0,20.9,20.9,2026-09-09 21:21:34,OK,
MA,GD,14569758000150,7896004754161,Metilfenidato 10 mg Caixa 60 Comprimidos,Total - MA,73.0,0.4122,55.03,0.0,32.35,32.35,2026-09-09 21:21:39,OK,
MA,GD,14569758000150,7896004754161,Metilfenidato 10 mg Caixa 60 Comprimidos,Nazaria - MA - Imperatriz,221.0,0.3069,55.03,0.0,38.14,38.14,2026-09-09 21:21:39,OK,
MA,GD,14569758000150,7896004754161,Metilfenidato 10 mg Caixa 60 Comprimidos,Emmarka - MA,80.0,0.3069,55.03,0.0,38.14,38.14,2026-09-09 21:21:39,OK,
MA,GD,14569758000150,7896004754161,Metilfenidato 10 mg Caixa 60 Comprimidos,Panpharma - CE,87.0,0.2611,55.03,0.0,40.66,40.66,2026-09-09 21:21:39,OK,
MA,GD,14569758000150,7896004754949,Duloxetina 30 mg Caixa 30 Cápsulas de Liberação Retardada,Nazaria - MA - Imperatriz,2244.0,0.4736,70.0,0.0,36.85,36.85,2026-09-09 21:21:43,OK,
MA,GD,14569758000150,7896004754949,Duloxetina 30 mg Caixa 30 Cápsulas de Liberação Retardada,Nazaria - MA - Timon,1834.0,0.4736,70.0,0.0,36.85,36.85,2026-09-09 21:21:43,OK,
MA,GD,14569758000150,7896004754949,Duloxetina 30 mg Caixa 30 Cápsulas de Liberação Retardada,Total - MA,259.0,0.4736,70.0,0.0,36.85,36.85,2026-09-09 21:21:43,OK,
MA,GD,14569758000150,7896004754949,Duloxetina 30 mg Caixa 30 Cápsulas de Liberação Retardada,Panpharma - CE,181.0,0.4643,70.0,0.0,37.5,37.5,2026-09-09 21:21:43,OK,
MA,GD,14569758000150,7896004755342,Rosuvastatina Cálcica 5 mg Caixa 60 Comprimidos Revestidos,Nazaria - MA - Imperatriz,151.0,0.7834,126.53,0.0,27.41,27.41,2026-09-09 21:21:47,OK,
MA,GD,14569758000150,7896004755342,Rosuvastatina Cálcica 5 mg Caixa 60 Comprimidos Revestidos,Emmarka - MA,56.0,0.7834,126.53,0.0,27.41,27.41,2026-09-09 21:21:47,OK,
MA,GD,14569758000150,7896004755342,Rosuvastatina Cálcica 5 mg Caixa 60 Comprimidos Revestidos,Nazaria - MA - Timon,43.0,0.7834,126.53,0.0,27.41,27.41,2026-09-09 21:21:47,OK,
MA,GD,14569758000150,7896004755878,Drospirenona + Etinilestradiol 3+0.03 mg Caixa 63 Comprimidos Revestidos,Nazaria - MA - Imperatriz,59.0,0.7663,131.74,0.0,30.79,30.79,2026-09-09 21:21:52,OK,
MA,GD,14569758000150,7896004755878,Drospirenona + Etinilestradiol 3+0.03 mg Caixa 63 Comprimidos Revestidos,Nazaria - MA - Timon,57.0,0.7663,131.74,0.0,30.79,30.79,2026-09-09 21:21:52,OK,
MA,GD,14569758000150,7896004755878,Drospirenona + Etinilestradiol 3+0.03 mg Caixa 63 Comprimidos Revestidos,Emmarka - MA,34.0,0.7663,131.74,0.0,30.79,30.79,2026-09-09 21:21:52,OK,
MA,GD,14569758000150,7896004755878,Drospirenona + Etinilestradiol 3+0.03 mg Caixa 63 Comprimidos Revestidos,Panpharma - CE,92.0,0.755,131.74,0.0,32.28,32.28,2026-09-09 21:21:52,OK,
MA,GD,14569758000150,7896004756417,Paracetamol + Codeína 500+30 mg Caixa 12 Comprimidos,Emmarka - MA,85.0,0.6041,22.08,0.0,8.74,8.74,2026-09-09 21:21:55,OK,
MA,GD,14569758000150,7896004756424,Paracetamol + Codeína 500+30 mg Caixa 24 Comprimidos,Emmarka - MA,7.0,0.6423000000000001,48.96,0.0,17.51,17.51,2026-09-09 21:21:58,OK,
MA,GD,14569758000150,7896004756431,,,0.0,0.0,0.0,0.0,0.0,0.0,2026-09-09 21:22:10,ERRO,Message: Nenhuma distribuidora pôde ser lida no card do produto.
MA,GD,14569758000150,7896004756875,Clonixinato De Lisina + Ciclobenzaprina 125+5 mg Caixa 15 Comprimidos Revestidos,Nazaria - MA - Imperatriz,178.0,0.3626,30.49,0.0,19.43,19.43,2026-09-09 21:22:15,OK,
MA,GD,14569758000150,7896004756875,Clonixinato De Lisina + Ciclobenzaprina 125+5 mg Caixa 15 Comprimidos Revestidos,Nazaria - MA - Timon,133.0,0.3626,30.49,0.0,19.43,19.43,2026-09-09 21:22:15,OK,
MA,GD,14569758000150,7896004756875,Clonixinato De Lisina + Ciclobenzaprina 125+5 mg Caixa 15 Comprimidos Revestidos,Emmarka - MA,39.0,0.3626,30.49,0.0,19.43,19.43,2026-09-09 21:22:15,OK,
MA,GD,14569758000150,7896004757353,Levocetirizina 5 mg Caixa 10 Comprimidos Revestidos,Nazaria - MA - Imperatriz,95.0,0.573,43.62,0.0,18.63,18.63,2026-09-09 21:22:19,OK,
MA,GD,14569758000150,7896004757353,Levocetirizina 5 mg Caixa 10 Comprimidos Revestidos,Nazaria - MA - Timon,62.0,0.573,43.62,0.0,18.63,18.63,2026-09-09 21:22:19,OK,
MA,GD,14569758000150,7896004757353,Levocetirizina 5 mg Caixa 10 Comprimidos Revestidos,Emmarka - MA,29.0,0.573,43.62,0.0,18.63,18.63,2026-09-09 21:22:19,OK,
MA,GD,14569758000150,7896004757353,Levocetirizina 5 mg Caixa 10 Comprimidos Revestidos,Panpharma - CE,21.0,0.5728,43.62,0.0,18.63,18.63,2026-09-09 21:22:19,OK,
MA,GD,14569758000150,7896004758114,Mirtazapina 15 mg Caixa 30 Comprimidos Orodispersíveis,Panpharma - CE,151.0,0.5094,69.51,0.0,34.1,34.1,2026-09-09 21:22:23,OK,
MA,GD,14569758000150,7896004758114,Mirtazapina 15 mg Caixa 30 Comprimidos Orodispersíveis,Emmarka - MA,169.0,0.5085000000000001,69.51,0.0,34.16,34.16,2026-09-09 21:22:23,OK,
MA,GD,14569758000150,7896004758121,Mirtazapina 30 mg Caixa 30 Comprimidos Orodispersíveis,Emmarka - MA,11.0,0.6674,185.7,0.0,61.76,61.76,2026-09-09 21:22:26,OK,
MA,GD,14569758000150,7896004758268,Budesonida 32 mcg Frasco 120 Doses Suspensão Spray Nasal,Nazaria - MA - Timon,791.0,0.38380000000000003,24.32,0.0,14.99,14.99,2026-09-09 21:22:31,OK,
MA,GD,14569758000150,7896004758268,Budesonida 32 mcg Frasco 120 Doses Suspensão Spray Nasal,Emmarka - MA,469.0,0.38380000000000003,24.32,0.0,14.99,14.99,2026-09-09 21:22:31,OK,
MA,GD,14569758000150,7896004758268,Budesonida 32 mcg Frasco 120 Doses Suspensão Spray Nasal,Total - MA,279.0,0.3837,24.32,0.0,14.99,14.99,2026-09-09 21:22:31,OK,
MA,GD,14569758000150,7896004758268,Budesonida 32 mcg Frasco 120 Doses Suspensão Spray Nasal,Nazaria - MA - Imperatriz,215.0,0.38380000000000003,24.32,0.0,14.99,14.99,2026-09-09 21:22:31,OK,
MA,GD,14569758000150,7896004758268,Budesonida 32 mcg Frasco 120 Doses Suspensão Spray Nasal,Panpharma - CE,119.0,0.31379999999999997,24.32,0.0,16.69,16.69,2026-09-09 21:22:31,OK,
MA,GD,14569758000150,7896004758275,Budesonida 64 mcg Frasco 120 Doses Suspensão Spray Nasal,Emmarka - MA,634.0,0.26839999999999997,29.51,0.0,21.59,21.59,2026-09-09 21:22:36,OK,
MA,GD,14569758000150,7896004758275,Budesonida 64 mcg Frasco 120 Doses Suspensão Spray Nasal,Nazaria - MA - Timon,511.0,0.26839999999999997,29.51,0.0,21.59,21.59,2026-09-09 21:22:36,OK,
MA,GD,14569758000150,7896004758275,Budesonida 64 mcg Frasco 120 Doses Suspensão Spray Nasal,Total - MA,80.0,0.26839999999999997,29.51,0.0,21.59,21.59,2026-09-09 21:22:36,OK,
MA,GD,14569758000150,7896004758275,Budesonida 64 mcg Frasco 120 Doses Suspensão Spray Nasal,Nazaria - MA - Imperatriz,41.0,0.26839999999999997,29.51,0.0,21.59,21.59,2026-09-09 21:22:36,OK,
MA,GD,14569758000150,7896004758275,Budesonida 64 mcg Frasco 120 Doses Suspensão Spray Nasal,Panpharma - CE,409.0,0.2553,29.51,0.0,21.98,21.98,2026-09-09 21:22:36,OK,
MA,GD,14569758000150,7896004759593,Sertralina 100 mg Caixa 30 Comprimidos Revestidos,Panpharma - CE,99.0,0.9102,178.27,0.0,16.01,16.01,2026-09-09 21:22:40,OK,
MA,GD,14569758000150,7896004759593,Sertralina 100 mg Caixa 30 Comprimidos Revestidos,Nazaria - MA - Timon,5.0,0.8998999999999999,178.27,0.0,17.84,17.84,2026-09-09 21:22:40,OK,
MA,GD,14569758000150,7896004759609,Amoxicilina + Clavulanato 875+125 mg Caixa 20 Comprimidos Revestidos,Emmarka - MA,132.0,0.47609999999999997,111.25,0.0,58.28,58.28,2026-09-09 21:22:45,OK,
MA,GD,14569758000150,7896004759609,Amoxicilina + Clavulanato 875+125 mg Caixa 20 Comprimidos Revestidos,Total - MA,51.0,0.47609999999999997,111.25,0.0,58.28,58.28,2026-09-09 21:22:45,OK,
MA,GD,14569758000150,7896004759609,Amoxicilina + Clavulanato 875+125 mg Caixa 20 Comprimidos Revestidos,Nazaria - MA - Timon,43.0,0.47609999999999997,111.25,0.0,58.28,58.28,2026-09-09 21:22:45,OK,
MA,GD,14569758000150,7896004759609,Amoxicilina + Clavulanato 875+125 mg Caixa 20 Comprimidos Revestidos,Nazaria - MA - Imperatriz,38.0,0.47609999999999997,111.25,0.0,58.28,58.28,2026-09-09 21:22:45,OK,
MA,GD,14569758000150,7896004759609,Amoxicilina + Clavulanato 875+125 mg Caixa 20 Comprimidos Revestidos,Panpharma - CE,36.0,0.4752,111.25,0.0,58.38,58.38,2026-09-09 21:22:45,OK,
MA,GD,14569758000150,7896004759678,Azitromicina Di-hidratada 1500 mg Frasco 37.5 ml Pó Para Suspensão Oral + Seringa,Panpharma - CE,76.0,0.1604,39.44,0.0,33.11,33.11,2026-09-09 21:22:49,OK,
MA,GD,14569758000150,7896004759678,Azitromicina Di-hidratada 1500 mg Frasco 37.5 ml Pó Para Suspensão Oral + Seringa,Emmarka - MA,605.0,0.145,39.44,0.0,33.72,33.72,2026-09-09 21:22:49,OK,
MA,GD,14569758000150,7896004759678,Azitromicina Di-hidratada 1500 mg Frasco 37.5 ml Pó Para Suspensão Oral + Seringa,Total - MA,209.0,0.1449,39.44,0.0,33.72,33.72,2026-09-09 21:22:49,OK,
MA,GD,14569758000150,7896004759678,Azitromicina Di-hidratada 1500 mg Frasco 37.5 ml Pó Para Suspensão Oral + Seringa,Nazaria - MA - Imperatriz,49.0,0.145,39.44,0.0,33.72,33.72,2026-09-09 21:22:49,OK,
MA,GD,14569758000150,7896004759678,Azitromicina Di-hidratada 1500 mg Frasco 37.5 ml Pó Para Suspensão Oral + Seringa,Nazaria - MA - Timon,14.0,0.145,39.44,0.0,33.72,33.72,2026-09-09 21:22:49,OK,
MA,GD,14569758000150,7896004759692,Clonazepam 2 mg Caixa 60 Comprimidos,Panpharma - CE,161.0,0.7890999999999999,34.57,0.0,7.29,7.29,2026-09-09 21:22:54,OK,
MA,GD,14569758000150,7896004759692,Clonazepam 2 mg Caixa 60 Comprimidos,Emmarka - MA,72.0,0.7711,34.57,0.0,7.91,7.91,2026-09-09 21:22:54,OK,
MA,GD,14569758000150,7896004759692,Clonazepam 2 mg Caixa 60 Comprimidos,Nazaria - MA - Imperatriz,64.0,0.7711,34.57,0.0,7.91,7.91,2026-09-09 21:22:54,OK,
MA,GD,14569758000150,7896004759692,Clonazepam 2 mg Caixa 60 Comprimidos,Nazaria - MA - Timon,42.0,0.7711,34.57,0.0,7.91,7.91,2026-09-09 21:22:54,OK,
MA,GD,14569758000150,7896004759715,Venlafaxina 37.5 mg Caixa 30 Cápsulas de Liberação Prolongada,Nazaria - MA - Timon,137.0,0.6375,51.94,0.0,18.83,18.83,2026-09-09 21:22:58,OK,
MA,GD,14569758000150,7896004759715,Venlafaxina 37.5 mg Caixa 30 Cápsulas de Liberação Prolongada,Emmarka - MA,131.0,0.6375,51.94,0.0,18.83,18.83,2026-09-09 21:22:58,OK,
MA,GD,14569758000150,7896004759715,Venlafaxina 37.5 mg Caixa 30 Cápsulas de Liberação Prolongada,Nazaria - MA - Imperatriz,24.0,0.6375,51.94,0.0,18.83,18.83,2026-09-09 21:22:58,OK,
MA,GD,14569758000150,7896004759715,Venlafaxina 37.5 mg Caixa 30 Cápsulas de Liberação Prolongada,Panpharma - CE,77.0,0.6153,51.94,0.0,19.98,19.98,2026-09-09 21:22:58,OK,
MA,GD,14569758000150,7896004759722,Drospirenona + Etinilestradiol 3+0.02 mg Caixa 72 Comprimidos (3x24),Panpharma - CE,151.0,0.8195,152.57,0.0,27.54,27.54,2026-09-09 21:23:02,OK,
MA,GD,14569758000150,7896004759722,Drospirenona + Etinilestradiol 3+0.02 mg Caixa 72 Comprimidos (3x24),Emmarka - MA,35.0,0.8077,152.57,0.0,29.34,29.34,2026-09-09 21:23:02,OK,
MA,GD,14569758000150,7896004759722,Drospirenona + Etinilestradiol 3+0.02 mg Caixa 72 Comprimidos (3x24),Nazaria - MA - Imperatriz,27.0,0.8077,152.57,0.0,29.34,29.34,2026-09-09 21:23:02,OK,
MA,GD,14569758000150,7896004759739,Atenolol + Clortalidona 50+12.5 mg Caixa 60 Comprimidos,Panpharma - CE,25.0,0.7535,57.7,0.0,14.22,14.22,2026-09-09 21:23:07,OK,
MA,GD,14569758000150,7896004759739,Atenolol + Clortalidona 50+12.5 mg Caixa 60 Comprimidos,Emmarka - MA,56.0,0.7356,57.7,0.0,15.26,15.26,2026-09-09 21:23:07,OK,
MA,GD,14569758000150,7896004759739,Atenolol + Clortalidona 50+12.5 mg Caixa 60 Comprimidos,Nazaria - MA - Timon,36.0,0.7356,57.7,0.0,15.26,15.26,2026-09-09 21:23:07,OK,
MA,GD,14569758000150,7896004759739,Atenolol + Clortalidona 50+12.5 mg Caixa 60 Comprimidos,Nazaria - MA - Imperatriz,22.0,0.7356,57.7,0.0,15.26,15.26,2026-09-09 21:23:07,OK,
MA,GD,14569758000150,7896004759791,Olanzapina 10 mg Caixa 30 Comprimidos Revestidos,Emmarka - MA,75.0,0.8522,256.35,0.0,37.89,37.89,2026-09-09 21:23:11,OK,
MA,GD,14569758000150,7896004759791,Olanzapina 10 mg Caixa 30 Comprimidos Revestidos,Nazaria - MA - Imperatriz,28.0,0.8522,256.35,0.0,37.89,37.89,2026-09-09 21:23:11,OK,
MA,GD,14569758000150,7896004759791,Olanzapina 10 mg Caixa 30 Comprimidos Revestidos,Nazaria - MA - Timon,25.0,0.8522,256.35,0.0,37.89,37.89,2026-09-09 21:23:11,OK,
MA,GD,14569758000150,7896004759791,Olanzapina 10 mg Caixa 30 Comprimidos Revestidos,Total - MA,54.0,0.8522,256.35,0.0,37.9,37.89,2026-09-09 21:23:11,OK,
MA,GD,14569758000150,7896004759807,Olanzapina 5 mg Caixa 30 Comprimidos Revestidos,Panpharma - CE,170.0,0.8523000000000001,130.75,0.0,19.31,19.31,2026-09-09 21:23:16,OK,
MA,GD,14569758000150,7896004759807,Olanzapina 5 mg Caixa 30 Comprimidos Revestidos,Nazaria - MA - Imperatriz,18.0,0.8344,130.75,0.0,21.65,21.65,2026-09-09 21:23:16,OK,
MA,GD,14569758000150,7896004759807,Olanzapina 5 mg Caixa 30 Comprimidos Revestidos,Emmarka - MA,13.0,0.8344,130.75,0.0,21.65,21.65,2026-09-09 21:23:16,OK,
MA,GD,14569758000150,7896004759814,Olanzapina 2.5 mg Caixa 30 Comprimidos Revestidos,Nazaria - MA - Imperatriz,45.0,0.8377,77.81,0.0,12.63,12.63,2026-09-09 21:23:20,OK,
MA,GD,14569758000150,7896004759814,Olanzapina 2.5 mg Caixa 30 Comprimidos Revestidos,Nazaria - MA - Timon,41.0,0.8377,77.81,0.0,12.63,12.63,2026-09-09 21:23:20,OK,
MA,GD,14569758000150,7896004759814,Olanzapina 2.5 mg Caixa 30 Comprimidos Revestidos,Panpharma - CE,25.0,0.8370000000000001,77.81,0.0,12.68,12.68,2026-09-09 21:23:20,OK,
MA,GD,14569758000150,7896004759845,Sertralina 50 mg Caixa 30 Comprimidos Revestidos,Panpharma - CE,1796.0,0.9190999999999999,83.1,0.0,6.72,6.72,2026-09-09 21:23:24,OK,
MA,GD,14569758000150,7896004759845,Sertralina 50 mg Caixa 30 Comprimidos Revestidos,Nazaria - MA - Timon,2891.0,0.9011,83.1,0.0,8.22,8.22,2026-09-09 21:23:24,OK,
MA,GD,14569758000150,7896004759845,Sertralina 50 mg Caixa 30 Comprimidos Revestidos,Nazaria - MA - Imperatriz,618.0,0.9011,83.1,0.0,8.22,8.22,2026-09-09 21:23:24,OK,
MA,GD,14569758000150,7896004759845,Sertralina 50 mg Caixa 30 Comprimidos Revestidos,Emmarka - MA,244.0,0.9011,83.1,0.0,8.22,8.22,2026-09-09 21:23:24,OK,
MA,GD,14569758000150,7896004761275,Cilostazol 50 mg Caixa 30 Comprimidos,Emmarka - MA,50.0,0.4508,16.3,0.0,8.95,8.95,2026-09-09 21:23:28,OK,
MA,GD,14569758000150,7896004761275,Cilostazol 50 mg Caixa 30 Comprimidos,Nazaria - MA - Timon,10.0,0.4508,16.3,0.0,8.95,8.95,2026-09-09 21:23:28,OK,
MA,GD,14569758000150,7896004761299,Cilostazol 100 mg Caixa 30 Comprimidos,Total - MA,63.0,0.45799999999999996,35.01,0.0,18.97,18.97,2026-09-09 21:23:32,OK,
MA,GD,14569758000150,7896004761299,Cilostazol 100 mg Caixa 30 Comprimidos,Emmarka - MA,47.0,0.45799999999999996,35.01,0.0,18.98,18.98,2026-09-09 21:23:32,OK,
MA,GD,14569758000150,7896004761299,Cilostazol 100 mg Caixa 30 Comprimidos,Panpharma - CE,55.0,0.3604,35.01,0.0,22.39,22.39,2026-09-09 21:23:32,OK,
MA,GD,14569758000150,7896004761305,Cilostazol 100 mg Caixa 60 Comprimidos,Panpharma - CE,33.0,0.3129,49.21,0.0,33.81,33.81,2026-09-09 21:23:36,OK,
MA,GD,14569758000150,7896004761305,Cilostazol 100 mg Caixa 60 Comprimidos,Emmarka - MA,61.0,0.3057,49.21,0.0,34.17,34.17,2026-09-09 21:23:36,OK,
MA,GD,14569758000150,7896004761305,Cilostazol 100 mg Caixa 60 Comprimidos,Nazaria - MA - Imperatriz,52.0,0.3057,49.21,0.0,34.17,34.17,2026-09-09 21:23:36,OK,
MA,GD,14569758000150,7896004761305,Cilostazol 100 mg Caixa 60 Comprimidos,Nazaria - MA - Timon,45.0,0.3057,49.21,0.0,34.17,34.17,2026-09-09 21:23:36,OK,
MA,GD,14569758000150,7896004761817,Tansulosina 0.4 mg Caixa 30 Comprimidos de Liberação Prolongada,Panpharma - CE,635.0,0.6478,97.16,0.0,34.22,34.22,2026-09-09 21:23:41,OK,
MA,GD,14569758000150,7896004761817,Tansulosina 0.4 mg Caixa 30 Comprimidos de Liberação Prolongada,Nazaria - MA - Timon,891.0,0.6297999999999999,97.16,0.0,35.97,35.97,2026-09-09 21:23:41,OK,
MA,GD,14569758000150,7896004761817,Tansulosina 0.4 mg Caixa 30 Comprimidos de Liberação Prolongada,Emmarka - MA,371.0,0.6297999999999999,97.16,0.0,35.97,35.97,2026-09-09 21:23:41,OK,
MA,GD,14569758000150,7896004761817,Tansulosina 0.4 mg Caixa 30 Comprimidos de Liberação Prolongada,Nazaria - MA - Imperatriz,345.0,0.6297999999999999,97.16,0.0,35.97,35.97,2026-09-09 21:23:41,OK,
MA,GD,14569758000150,7896004761817,Tansulosina 0.4 mg Caixa 30 Comprimidos de Liberação Prolongada,Total - MA,145.0,0.6175,97.16,0.0,37.15,37.15,2026-09-09 21:23:41,OK,
MA,GD,14569758000150,7896004761824,Tansulosina 0.4 mg Caixa 60 Comprimidos de Liberação Prolongada,Panpharma - CE,77.0,0.7138,225.21,0.0,64.46,64.46,2026-09-09 21:23:46,OK,
MA,GD,14569758000150,7896004761824,Tansulosina 0.4 mg Caixa 60 Comprimidos de Liberação Prolongada,Total - MA,30.0,0.6992,225.21,0.0,67.73,67.73,2026-09-09 21:23:46,OK,
MA,GD,14569758000150,7896004761824,Tansulosina 0.4 mg Caixa 60 Comprimidos de Liberação Prolongada,Nazaria - MA - Imperatriz,199.0,0.6992,225.21,0.0,67.74,67.74,2026-09-09 21:23:46,OK,
MA,GD,14569758000150,7896004761824,Tansulosina 0.4 mg Caixa 60 Comprimidos de Liberação Prolongada,Nazaria - MA - Timon,199.0,0.6992,225.21,0.0,67.74,67.74,2026-09-09 21:23:46,OK,
MA,GD,14569758000150,7896004761824,Tansulosina 0.4 mg Caixa 60 Comprimidos de Liberação Prolongada,Emmarka - MA,18.0,0.6992,225.21,0.0,67.74,67.74,2026-09-09 21:23:46,OK,
MA,GD,14569758000150,7896004762227,Azitromicina Di-hidratada 500 mg Caixa 5 Comprimidos Revestidos,Nazaria - MA - Timon,460.0,0.8647,51.34,0.0,6.95,6.95,2026-09-09 21:23:51,OK,
MA,GD,14569758000150,7896004762227,Azitromicina Di-hidratada 500 mg Caixa 5 Comprimidos Revestidos,Nazaria - MA - Imperatriz,53.0,0.8647,51.34,0.0,6.95,6.95,2026-09-09 21:23:51,OK,
MA,GD,14569758000150,7896004762227,Azitromicina Di-hidratada 500 mg Caixa 5 Comprimidos Revestidos,Emmarka - MA,25.0,0.8647,51.34,0.0,6.95,6.95,2026-09-09 21:23:51,OK,
MA,GD,14569758000150,7896004762227,Azitromicina Di-hidratada 500 mg Caixa 5 Comprimidos Revestidos,Total - MA,73.0,0.8365,51.34,0.0,8.39,8.39,2026-09-09 21:23:51,OK,
MA,GD,14569758000150,7896004762319,Gliclazida 30 mg Caixa 30 Comprimidos de Liberação Prolongada,Nazaria - MA - Imperatriz,578.0,0.6559999999999999,25.65,0.0,8.82,8.82,2026-09-09 21:23:55,OK,
MA,GD,14569758000150,7896004762319,Gliclazida 30 mg Caixa 30 Comprimidos de Liberação Prolongada,Emmarka - MA,487.0,0.6559999999999999,25.65,0.0,8.82,8.82,2026-09-09 21:23:55,OK,
MA,GD,14569758000150,7896004762319,Gliclazida 30 mg Caixa 30 Comprimidos de Liberação Prolongada,Nazaria - MA - Timon,469.0,0.6559999999999999,25.65,0.0,8.82,8.82,2026-09-09 21:23:55,OK,
MA,GD,14569758000150,7896004762319,Gliclazida 30 mg Caixa 30 Comprimidos de Liberação Prolongada,Panpharma - CE,393.0,0.557,25.65,0.0,11.36,11.36,2026-09-09 21:23:55,OK,
MA,GD,14569758000150,7896004762364,Gliclazida 60 mg Caixa 60 Comprimidos de Liberação Prolongada,Nazaria - MA - Imperatriz,226.0,0.49979999999999997,100.1,0.0,50.07,50.07,2026-09-09 21:23:59,OK,
MA,GD,14569758000150,7896004762364,Gliclazida 60 mg Caixa 60 Comprimidos de Liberação Prolongada,Emmarka - MA,20.0,0.49979999999999997,100.1,0.0,50.07,50.07,2026-09-09 21:23:59,OK,
MA,GD,14569758000150,7896004762364,Gliclazida 60 mg Caixa 60 Comprimidos de Liberação Prolongada,Total - MA,34.0,0.4928,100.1,0.0,50.77,50.77,2026-09-09 21:23:59,OK,
MA,GD,14569758000150,7896004763576,Hidroxicloroquina 400 mg Caixa 30 Comprimidos Revestidos,Total - MA,79.0,0.1245,80.53,0.0,70.5,70.5,2026-09-09 21:24:03,OK,
MA,GD,14569758000150,7896004763576,Hidroxicloroquina 400 mg Caixa 30 Comprimidos Revestidos,Nazaria - MA - Timon,48.0,0.1245,80.53,0.0,70.5,70.5,2026-09-09 21:24:03,OK,
MA,GD,14569758000150,7896004763576,Hidroxicloroquina 400 mg Caixa 30 Comprimidos Revestidos,Emmarka - MA,22.0,0.1245,80.53,0.0,70.5,70.5,2026-09-09 21:24:03,OK,
MA,GD,14569758000150,7896004766980,,,0.0,0.0,0.0,0.0,0.0,0.0,2026-09-09 21:24:16,ERRO,Message: Nenhuma distribuidora pôde ser lida no card do produto.
MA,GD,14569758000150,7896004766997,Rivaroxabana 10 mg Caixa 30 Comprimidos Revestidos,Panpharma - CE,71.0,0.9484,219.91,0.0,11.35,11.35,2026-09-09 21:24:20,OK,
MA,GD,14569758000150,7896004766997,Rivaroxabana 10 mg Caixa 30 Comprimidos Revestidos,Nazaria - MA - Timon,84.0,0.9358,219.91,0.0,14.12,14.12,2026-09-09 21:24:20,OK,
MA,GD,14569758000150,7896004766997,Rivaroxabana 10 mg Caixa 30 Comprimidos Revestidos,Nazaria - MA - Imperatriz,44.0,0.9358,219.91,0.0,14.12,14.12,2026-09-09 21:24:20,OK,
MA,GD,14569758000150,7896004766997,Rivaroxabana 10 mg Caixa 30 Comprimidos Revestidos,Emmarka - MA,32.0,0.9358,219.91,0.0,14.12,14.12,2026-09-09 21:24:20,OK,
MA,GD,14569758000150,7896004767017,Rivaroxabana 15 mg Caixa 14 Comprimidos Revestidos,Emmarka - MA,133.0,0.9133,102.58,0.0,8.89,8.89,2026-09-09 21:24:23,OK,
MA,GD,14569758000150,7896004767055,Rivaroxabana 20 mg Caixa 14 Comprimidos Revestidos,Emmarka - MA,73.0,0.8923000000000001,102.58,0.0,11.05,11.05,2026-09-09 21:24:27,OK,
MA,GD,14569758000150,7896004767130,Zolpidem 10 mg Caixa 30 Comprimidos Revestidos,Panpharma - CE,1057.0,0.9376000000000001,68.08,0.0,4.25,4.25,2026-09-09 21:24:31,OK,
MA,GD,14569758000150,7896004767130,Zolpidem 10 mg Caixa 30 Comprimidos Revestidos,Nazaria - MA - Timon,852.0,0.9196,68.08,0.0,5.47,5.47,2026-09-09 21:24:31,OK,
MA,GD,14569758000150,7896004767130,Zolpidem 10 mg Caixa 30 Comprimidos Revestidos,Emmarka - MA,87.0,0.9196,68.08,0.0,5.47,5.47,2026-09-09 21:24:31,OK,
MA,GD,14569758000150,7896004767130,Zolpidem 10 mg Caixa 30 Comprimidos Revestidos,Nazaria - MA - Imperatriz,20.0,0.9196,68.08,0.0,5.47,5.47,2026-09-09 21:24:31,OK,
MA,GD,14569758000150,7896004768212,Donepezila 5 mg Caixa 30 Comprimidos Revestidos,Panpharma - CE,248.0,0.8734000000000001,150.68,0.0,19.08,19.08,2026-09-09 21:24:35,OK,
MA,GD,14569758000150,7896004768212,Donepezila 5 mg Caixa 30 Comprimidos Revestidos,Emmarka - MA,75.0,0.8554999999999999,150.68,0.0,21.77,21.77,2026-09-09 21:24:35,OK,
MA,GD,14569758000150,7896004768212,Donepezila 5 mg Caixa 30 Comprimidos Revestidos,Nazaria - MA - Imperatriz,32.0,0.8554999999999999,150.68,0.0,21.77,21.77,2026-09-09 21:24:35,OK,
MA,GD,14569758000150,7896004768298,Donepezila 10 mg Caixa 30 Comprimidos Revestidos,Panpharma - CE,156.0,0.8391,166.95,0.0,26.86,26.86,2026-09-09 21:24:40,OK,
MA,GD,14569758000150,7896004768298,Donepezila 10 mg Caixa 30 Comprimidos Revestidos,Nazaria - MA - Timon,310.0,0.8258,166.95,0.0,29.08,29.08,2026-09-09 21:24:40,OK,
MA,GD,14569758000150,7896004768298,Donepezila 10 mg Caixa 30 Comprimidos Revestidos,Nazaria - MA - Imperatriz,217.0,0.8258,166.95,0.0,29.08,29.08,2026-09-09 21:24:40,OK,
MA,GD,14569758000150,7896004768298,Donepezila 10 mg Caixa 30 Comprimidos Revestidos,Emmarka - MA,19.0,0.8258,166.95,0.0,29.08,29.08,2026-09-09 21:24:40,OK,
MA,GD,14569758000150,7896004768687,Desogestrel 75 mcg Caixa 84 Comprimidos Revestidos,Panpharma - CE,123.0,0.727,80.34,0.0,21.93,21.93,2026-09-09 21:24:44,OK,
MA,GD,14569758000150,7896004768687,Desogestrel 75 mcg Caixa 84 Comprimidos Revestidos,Nazaria - MA - Timon,86.0,0.7091,80.34,0.0,23.37,23.37,2026-09-09 21:24:44,OK,
MA,GD,14569758000150,7896004768687,Desogestrel 75 mcg Caixa 84 Comprimidos Revestidos,Emmarka - MA,67.0,0.7091,80.34,0.0,23.37,23.37,2026-09-09 21:24:44,OK,
MA,GD,14569758000150,7896004769622,Desloratadina 0.5 mg/ml Frasco 60 ml Xarope,Emmarka - MA,237.0,0.7779,40.58,0.0,9.01,9.01,2026-09-09 21:24:48,OK,
MA,GD,14569758000150,7896004769622,Desloratadina 0.5 mg/ml Frasco 60 ml Xarope,Nazaria - MA - Timon,109.0,0.7779,40.58,0.0,9.01,9.01,2026-09-09 21:24:48,OK,
MA,GD,14569758000150,7896004769622,Desloratadina 0.5 mg/ml Frasco 60 ml Xarope,Panpharma - CE,24.0,0.7343999999999999,40.58,0.0,10.78,10.78,2026-09-09 21:24:48,OK,
MA,GD,14569758000150,7896004769684,Desloratadina 0.5 mg/ml Frasco 100 ml Xarope,Panpharma - CE,232.0,0.8156,67.0,0.0,12.35,12.35,2026-09-09 21:24:53,OK,
MA,GD,14569758000150,7896004769684,Desloratadina 0.5 mg/ml Frasco 100 ml Xarope,Emmarka - MA,114.0,0.8126000000000001,67.0,0.0,12.56,12.56,2026-09-09 21:24:53,OK,
MA,GD,14569758000150,7896004769684,Desloratadina 0.5 mg/ml Frasco 100 ml Xarope,Nazaria - MA - Timon,98.0,0.8126000000000001,67.0,0.0,12.56,12.56,2026-09-09 21:24:53,OK,
MA,GD,14569758000150,7896004769684,Desloratadina 0.5 mg/ml Frasco 100 ml Xarope,Nazaria - MA - Imperatriz,63.0,0.8126000000000001,67.0,0.0,12.56,12.56,2026-09-09 21:24:53,OK,
MA,GD,14569758000150,7896004771199,Aciclovir 50 mg/g Bisnaga 10 g Creme,Emmarka - MA,247.0,0.7820999999999999,27.58,0.0,6.01,6.01,2026-09-09 21:24:58,OK,
MA,GD,14569758000150,7896004771199,Aciclovir 50 mg/g Bisnaga 10 g Creme,Nazaria - MA - Imperatriz,168.0,0.7820999999999999,27.58,0.0,6.01,6.01,2026-09-09 21:24:58,OK,
MA,GD,14569758000150,7896004771199,Aciclovir 50 mg/g Bisnaga 10 g Creme,Nazaria - MA - Timon,152.0,0.7820999999999999,27.58,0.0,6.01,6.01,2026-09-09 21:24:58,OK,
MA,GD,14569758000150,7896004771199,Aciclovir 50 mg/g Bisnaga 10 g Creme,Total - MA,54.0,0.7820999999999999,27.58,0.0,6.01,6.01,2026-09-09 21:24:58,OK,
MA,GD,14569758000150,7896004771199,Aciclovir 50 mg/g Bisnaga 10 g Creme,Panpharma - CE,269.0,0.7807999999999999,27.58,0.0,6.05,6.05,2026-09-09 21:24:58,OK,
MA,GD,14569758000150,7896004771373,Nebivolol 5 mg Caixa 30 Comprimidos,Panpharma - CE,171.0,0.6674,53.54,0.0,17.81,17.81,2026-09-09 21:25:02,OK,
MA,GD,14569758000150,7896004771373,Nebivolol 5 mg Caixa 30 Comprimidos,Emmarka - MA,275.0,0.6570999999999999,53.54,0.0,18.36,18.36,2026-09-09 21:25:02,OK,
MA,GD,14569758000150,7896004771373,Nebivolol 5 mg Caixa 30 Comprimidos,Nazaria - MA - Imperatriz,239.0,0.6570999999999999,53.54,0.0,18.36,18.36,2026-09-09 21:25:02,OK,
MA,GD,14569758000150,7896004771373,Nebivolol 5 mg Caixa 30 Comprimidos,Nazaria - MA - Timon,89.0,0.6570999999999999,53.54,0.0,18.36,18.36,2026-09-09 21:25:02,OK,
MA,GD,14569758000150,7896004771403,Nebivolol 5 mg Caixa 60 Comprimidos,Panpharma - CE,35.0,0.6958,105.79,0.0,32.18,32.18,2026-09-09 21:25:05,OK,
MA,GD,14569758000150,7896004771762,Cilostazol 50 mg Caixa 60 Comprimidos,Panpharma - CE,18.0,0.3259,24.48,0.0,16.5,16.5,2026-09-09 21:25:10,OK,
MA,GD,14569758000150,7896004771762,Cilostazol 50 mg Caixa 60 Comprimidos,Nazaria - MA - Timon,49.0,0.308,24.48,0.0,16.94,16.94,2026-09-09 21:25:10,OK,
MA,GD,14569758000150,7896004771762,Cilostazol 50 mg Caixa 60 Comprimidos,Emmarka - MA,47.0,0.308,24.48,0.0,16.94,16.94,2026-09-09 21:25:10,OK,
MA,GD,14569758000150,7896004771762,Cilostazol 50 mg Caixa 60 Comprimidos,Nazaria - MA - Imperatriz,11.0,0.308,24.48,0.0,16.94,16.94,2026-09-09 21:25:10,OK,
MA,GD,14569758000150,7896004772332,Cloperastina 3.54 mg/ml Frasco 120 ml Xarope,Panpharma - CE,67.0,0.20170000000000002,20.64,0.0,16.48,16.48,2026-09-09 21:25:15,OK,
MA,GD,14569758000150,7896004772332,Cloperastina 3.54 mg/ml Frasco 120 ml Xarope,Emmarka - MA,517.0,0.1837,20.64,0.0,16.85,16.85,2026-09-09 21:25:15,OK,
MA,GD,14569758000150,7896004772332,Cloperastina 3.54 mg/ml Frasco 120 ml Xarope,Nazaria - MA - Imperatriz,152.0,0.1837,20.64,0.0,16.85,16.85,2026-09-09 21:25:15,OK,
MA,GD,14569758000150,7896004772332,Cloperastina 3.54 mg/ml Frasco 120 ml Xarope,Nazaria - MA - Timon,109.0,0.1837,20.64,0.0,16.85,16.85,2026-09-09 21:25:15,OK,
MA,GD,14569758000150,7896004772332,Cloperastina 3.54 mg/ml Frasco 120 ml Xarope,Total - MA,183.0,0.14679999999999999,20.64,0.0,17.61,17.61,2026-09-09 21:25:15,OK,
MA,GD,14569758000150,7896004772868,Pregabalina 150 mg Caixa 30 Cápsulas,Panpharma - CE,150.0,0.9042,149.27,0.0,14.3,14.3,2026-09-09 21:25:19,OK,
MA,GD,14569758000150,7896004772868,Pregabalina 150 mg Caixa 30 Cápsulas,Nazaria - MA - Timon,715.0,0.8862000000000001,149.27,0.0,16.99,16.99,2026-09-09 21:25:19,OK,
MA,GD,14569758000150,7896004772868,Pregabalina 150 mg Caixa 30 Cápsulas,Nazaria - MA - Imperatriz,95.0,0.8862000000000001,149.27,0.0,16.99,16.99,2026-09-09 21:25:19,OK,
MA,GD,14569758000150,7896004772868,Pregabalina 150 mg Caixa 30 Cápsulas,Emmarka - MA,30.0,0.8862000000000001,149.27,0.0,16.99,16.99,2026-09-09 21:25:19,OK,
MA,GD,14569758000150,7896004773117,Drospirenona + Etinilestradiol 3+0.02 mg Caixa 28 Comprimidos (24+4),Panpharma - CE,82.0,0.8756,60.64,0.0,7.54,7.54,2026-09-09 21:25:22,OK,
MA,GD,14569758000150,7896004773339,Pregabalina 75 mg Caixa 30 Cápsulas,Panpharma - CE,1749.0,0.9043000000000001,93.38,0.0,8.94,8.94,2026-09-09 21:25:27,OK,
MA,GD,14569758000150,7896004773339,Pregabalina 75 mg Caixa 30 Cápsulas,Total - MA,2.0,0.9025,93.38,0.0,9.11,9.1,2026-09-09 21:25:27,OK,
MA,GD,14569758000150,7896004773339,Pregabalina 75 mg Caixa 30 Cápsulas,Nazaria - MA - Timon,3452.0,0.8864,93.38,0.0,10.61,10.61,2026-09-09 21:25:27,OK,
MA,GD,14569758000150,7896004773339,Pregabalina 75 mg Caixa 30 Cápsulas,Nazaria - MA - Imperatriz,832.0,0.8864,93.38,0.0,10.61,10.61,2026-09-09 21:25:27,OK,
MA,GD,14569758000150,7896004773339,Pregabalina 75 mg Caixa 30 Cápsulas,Emmarka - MA,178.0,0.8864,93.38,0.0,10.61,10.61,2026-09-09 21:25:27,OK,
MA,GD,14569758000150,7896004775043,Aciclovir 400 mg Caixa 30 Comprimidos,Emmarka - MA,43.0,0.7775,175.29,0.0,39.0,39.0,2026-09-09 21:25:31,OK,
MA,GD,14569758000150,7896004777184,Tramadol 100 mg Caixa 10 Comprimidos de Liberação Prolongada,Total - MA,395.0,0.4053,86.19,0.0,51.26,51.26,2026-09-09 21:25:35,OK,
MA,GD,14569758000150,7896004777184,Tramadol 100 mg Caixa 10 Comprimidos de Liberação Prolongada,Nazaria - MA - Timon,303.0,0.4053,86.19,0.0,51.26,51.26,2026-09-09 21:25:35,OK,
MA,GD,14569758000150,7896004777184,Tramadol 100 mg Caixa 10 Comprimidos de Liberação Prolongada,Nazaria - MA - Imperatriz,68.0,0.4053,86.19,0.0,51.26,51.26,2026-09-09 21:25:35,OK,
MA,GD,14569758000150,7896004777184,Tramadol 100 mg Caixa 10 Comprimidos de Liberação Prolongada,Panpharma - CE,429.0,0.3223,86.19,0.0,58.41,58.41,2026-09-09 21:25:35,OK,
MA,GD,14569758000150,7896004777535,Fexofenadina 120 mg Caixa 10 Comprimidos Revestidos,Emmarka - MA,183.0,0.8543999999999999,49.63,0.0,7.23,7.23,2026-09-09 21:25:39,OK,
MA,GD,14569758000150,7896004777535,Fexofenadina 120 mg Caixa 10 Comprimidos Revestidos,Nazaria - MA - Timon,181.0,0.8543999999999999,49.63,0.0,7.23,7.23,2026-09-09 21:25:39,OK,
MA,GD,14569758000150,7896004777535,Fexofenadina 120 mg Caixa 10 Comprimidos Revestidos,Total - MA,106.0,0.8543999999999999,49.63,0.0,7.23,7.23,2026-09-09 21:25:39,OK,
MA,GD,14569758000150,7896004777559,Fexofenadina 180 mg Caixa 10 Comprimidos Revestidos,Panpharma - CE,211.0,0.8679000000000001,71.23,0.0,9.41,9.41,2026-09-09 21:25:43,OK,
MA,GD,14569758000150,7896004777559,Fexofenadina 180 mg Caixa 10 Comprimidos Revestidos,Nazaria - MA - Imperatriz,239.0,0.8499,71.23,0.0,10.69,10.69,2026-09-09 21:25:43,OK,
MA,GD,14569758000150,7896004777559,Fexofenadina 180 mg Caixa 10 Comprimidos Revestidos,Emmarka - MA,2.0,0.8499,71.23,0.0,10.69,10.69,2026-09-09 21:25:43,OK,
MA,GD,14569758000150,7896004779713,Dienogeste 2 mg Caixa 30 Comprimidos,Total - MA,417.0,0.7453,68.98,0.0,17.57,17.57,2026-09-09 21:25:48,OK,
MA,GD,14569758000150,7896004779713,Dienogeste 2 mg Caixa 30 Comprimidos,Emmarka - MA,191.0,0.7453,68.99,0.0,17.57,17.57,2026-09-09 21:25:48,OK,
MA,GD,14569758000150,7896004779713,Dienogeste 2 mg Caixa 30 Comprimidos,Nazaria - MA - Timon,95.0,0.7453,68.99,0.0,17.57,17.57,2026-09-09 21:25:48,OK,
MA,GD,14569758000150,7896004779713,Dienogeste 2 mg Caixa 30 Comprimidos,Nazaria - MA - Imperatriz,15.0,0.7453,68.99,0.0,17.57,17.57,2026-09-09 21:25:48,OK,
MA,GD,14569758000150,7896004779713,Dienogeste 2 mg Caixa 30 Comprimidos,Panpharma - CE,402.0,0.7384999999999999,68.99,0.0,18.04,18.04,2026-09-09 21:25:48,OK,
MA,GD,14569758000150,7896004780184,Ácido Ursodesoxicólico 150 mg Caixa 30 Comprimidos,Emmarka - MA,10.0,0.47619999999999996,84.08,0.0,44.04,44.04,2026-09-09 21:25:52,OK,
MA,GD,14569758000150,7896004780184,Ácido Ursodesoxicólico 150 mg Caixa 30 Comprimidos,Total - MA,62.0,0.46759999999999996,84.08,0.0,44.76,44.76,2026-09-09 21:25:52,OK,
MA,GD,14569758000150,7896004780191,Ácido Ursodesoxicólico 300 mg Caixa 30 Comprimidos,Panpharma - CE,1.0,0.39130000000000004,166.21,0.0,101.17,101.17,2026-09-09 21:25:56,OK,
MA,GD,14569758000150,7896004780191,Ácido Ursodesoxicólico 300 mg Caixa 30 Comprimidos,Nazaria - MA - Imperatriz,48.0,0.389,166.21,0.0,101.55,101.55,2026-09-09 21:25:56,OK,
MA,GD,14569758000150,7896004780191,Ácido Ursodesoxicólico 300 mg Caixa 30 Comprimidos,Nazaria - MA - Timon,46.0,0.389,166.21,0.0,101.55,101.55,2026-09-09 21:25:56,OK,
MA,GD,14569758000150,7896004780191,Ácido Ursodesoxicólico 300 mg Caixa 30 Comprimidos,Emmarka - MA,25.0,0.389,166.21,0.0,101.55,101.55,2026-09-09 21:25:56,OK,
MA,GD,14569758000150,7896004780504,Rivaroxabana 15 mg Caixa 30 Comprimidos Revestidos,Panpharma - CE,118.0,0.9523999999999999,217.08,0.0,10.33,10.33,2026-09-09 21:26:01,OK,
MA,GD,14569758000150,7896004780504,Rivaroxabana 15 mg Caixa 30 Comprimidos Revestidos,Nazaria - MA - Imperatriz,286.0,0.9345,217.08,0.0,14.22,14.22,2026-09-09 21:26:01,OK,
MA,GD,14569758000150,7896004780504,Rivaroxabana 15 mg Caixa 30 Comprimidos Revestidos,Nazaria - MA - Timon,154.0,0.9345,217.08,0.0,14.22,14.22,2026-09-09 21:26:01,OK,
MA,GD,14569758000150,7896004780504,Rivaroxabana 15 mg Caixa 30 Comprimidos Revestidos,Emmarka - MA,1.0,0.9345,217.08,0.0,14.22,14.22,2026-09-09 21:26:01,OK,
MA,GD,14569758000150,7896004780511,Rivaroxabana 20 mg Caixa 30 Comprimidos Revestidos,Panpharma - CE,610.0,0.9334,217.08,0.0,14.46,14.46,2026-09-09 21:26:05,OK,
MA,GD,14569758000150,7896004780511,Rivaroxabana 20 mg Caixa 30 Comprimidos Revestidos,Emmarka - MA,285.0,0.9266,217.08,0.0,15.93,15.93,2026-09-09 21:26:05,OK,
MA,GD,14569758000150,7896004780511,Rivaroxabana 20 mg Caixa 30 Comprimidos Revestidos,Nazaria - MA - Imperatriz,230.0,0.9266,217.08,0.0,15.93,15.93,2026-09-09 21:26:05,OK,
MA,GD,14569758000150,7896004780511,Rivaroxabana 20 mg Caixa 30 Comprimidos Revestidos,Nazaria - MA - Timon,104.0,0.9266,217.08,0.0,15.93,15.93,2026-09-09 21:26:05,OK,
MA,GD,14569758000150,7896004781280,,,0.0,0.0,0.0,0.0,0.0,0.0,2026-09-09 21:26:17,ERRO,Message: Nenhuma distribuidora pôde ser lida no card do produto.
MA,GD,14569758000150,7896004781372,,,0.0,0.0,0.0,0.0,0.0,0.0,2026-09-09 21:26:30,ERRO,Message: Nenhuma distribuidora pôde ser lida no card do produto.
MA,GD,14569758000150,7896004781389,,,0.0,0.0,0.0,0.0,0.0,0.0,2026-09-09 21:26:42,ERRO,Message: Nenhuma distribuidora pôde ser lida no card do produto.
MA,GD,14569758000150,7896004781396,Etoricoxibe 90 mg Caixa 7 Comprimidos Revestidos,Emmarka - MA,5.0,0.47590000000000005,42.74,0.0,22.4,22.4,2026-09-09 21:26:45,OK,
MA,GD,14569758000150,7896004781402,,,0.0,0.0,0.0,0.0,0.0,0.0,2026-09-09 21:26:58,ERRO,Message: Nenhuma distribuidora pôde ser lida no card do produto.
MA,GD,14569758000150,7896004782546,,,0.0,0.0,0.0,0.0,0.0,0.0,2026-09-09 21:27:10,ERRO,Message: Nenhuma distribuidora pôde ser lida no card do produto.
MA,GD,14569758000150,7896004782553,,,0.0,0.0,0.0,0.0,0.0,0.0,2026-09-09 21:27:22,ERRO,Message: Nenhuma distribuidora pôde ser lida no card do produto.
MA,GD,14569758000150,7896004782690,Apixabana 2.5 mg Caixa 20 Comprimidos Revestidos,Panpharma - CE,45.0,0.7432,72.31,0.0,18.57,18.57,2026-09-09 21:27:27,OK,
MA,GD,14569758000150,7896004782690,Apixabana 2.5 mg Caixa 20 Comprimidos Revestidos,Nazaria - MA - Timon,106.0,0.7253000000000001,72.31,0.0,19.86,19.86,2026-09-09 21:27:27,OK,
MA,GD,14569758000150,7896004782690,Apixabana 2.5 mg Caixa 20 Comprimidos Revestidos,Emmarka - MA,51.0,0.7253000000000001,72.31,0.0,19.86,19.86,2026-09-09 21:27:27,OK,
MA,GD,14569758000150,7896004782690,Apixabana 2.5 mg Caixa 20 Comprimidos Revestidos,Nazaria - MA - Imperatriz,5.0,0.7253000000000001,72.31,0.0,19.86,19.86,2026-09-09 21:27:27,OK,
MA,GD,14569758000150,7896004782713,Apixabana 2.5 mg Caixa 60 Comprimidos Revestidos,Emmarka - MA,46.0,0.7465999999999999,217.0,0.0,54.99,54.99,2026-09-09 21:27:30,OK,
MA,GD,14569758000150,7896004782713,Apixabana 2.5 mg Caixa 60 Comprimidos Revestidos,Nazaria - MA - Timon,13.0,0.7465999999999999,217.0,0.0,54.99,54.99,2026-09-09 21:27:30,OK,
MA,GD,14569758000150,7896004782744,Apixabana 5 mg Caixa 20 Comprimidos Revestidos,Panpharma - CE,55.0,0.7445999999999999,72.31,0.0,18.47,18.47,2026-09-09 21:27:35,OK,
MA,GD,14569758000150,7896004782744,Apixabana 5 mg Caixa 20 Comprimidos Revestidos,Nazaria - MA - Imperatriz,97.0,0.7267,72.31,0.0,19.76,19.76,2026-09-09 21:27:35,OK,
MA,GD,14569758000150,7896004782744,Apixabana 5 mg Caixa 20 Comprimidos Revestidos,Emmarka - MA,81.0,0.7267,72.31,0.0,19.76,19.76,2026-09-09 21:27:35,OK,
MA,GD,14569758000150,7896004782744,Apixabana 5 mg Caixa 20 Comprimidos Revestidos,Nazaria - MA - Timon,66.0,0.7267,72.31,0.0,19.76,19.76,2026-09-09 21:27:35,OK,
MA,GD,14569758000150,7896004782768,Apixabana 5 mg Caixa 60 Comprimidos Revestidos,Emmarka - MA,24.0,0.7459,217.0,0.0,55.14,55.14,2026-09-09 21:27:39,OK,
MA,GD,14569758000150,7896004782768,Apixabana 5 mg Caixa 60 Comprimidos Revestidos,Nazaria - MA - Imperatriz,6.0,0.7459,217.0,0.0,55.14,55.14,2026-09-09 21:27:39,OK,
MA,GD,14569758000150,7896004782935,Levetiracetam 250 mg Caixa 30 Comprimidos Revestidos,Nazaria - MA - Imperatriz,47.0,0.4936,45.05,0.0,22.81,22.81,2026-09-09 21:27:42,OK,
MA,GD,14569758000150,7896004782935,Levetiracetam 250 mg Caixa 30 Comprimidos Revestidos,Emmarka - MA,2.0,0.4936,45.05,0.0,22.81,22.81,2026-09-09 21:27:42,OK,
MA,GD,14569758000150,7896004782980,Levetiracetam 750 mg Caixa 30 Comprimidos Revestidos,Emmarka - MA,49.0,0.6646,222.17,0.0,74.52,74.52,2026-09-09 21:27:46,OK,
MA,GD,14569758000150,7896004783024,Levetiracetam 500 mg Caixa 30 Comprimidos Revestidos,Nazaria - MA - Imperatriz,55.0,0.5732,96.45,0.0,41.16,41.16,2026-09-09 21:27:49,OK,
MA,GD,14569758000150,7896004783024,Levetiracetam 500 mg Caixa 30 Comprimidos Revestidos,Emmarka - MA,50.0,0.5732,96.45,0.0,41.16,41.16,2026-09-09 21:27:49,OK,
MA,GD,14569758000150,7896004784076,Bilastina 20 mg Caixa 15 Comprimidos,Nazaria - MA - Timon,809.0,0.4081,38.86,0.0,23.0,23.0,2026-09-09 21:27:54,OK,
MA,GD,14569758000150,7896004784076,Bilastina 20 mg Caixa 15 Comprimidos,Emmarka - MA,221.0,0.4081,38.86,0.0,23.0,23.0,2026-09-09 21:27:54,OK,
MA,GD,14569758000150,7896004784076,Bilastina 20 mg Caixa 15 Comprimidos,Nazaria - MA - Imperatriz,41.0,0.4081,38.86,0.0,23.0,23.0,2026-09-09 21:27:54,OK,
MA,GD,14569758000150,7896004784076,Bilastina 20 mg Caixa 15 Comprimidos,Total - MA,162.0,0.3872,38.86,0.0,23.81,23.81,2026-09-09 21:27:54,OK,
MA,GD,14569758000150,7896004784083,Bilastina 20 mg Caixa 30 Comprimidos,Emmarka - MA,357.0,0.5036999999999999,76.65,0.0,38.04,38.04,2026-09-09 21:27:57,OK,
MA,GD,14569758000150,7896004786117,Pitavastatina Cálcica 2 mg Caixa 30 Comprimidos Revestidos,Nazaria - MA - Timon,132.0,0.4265,90.73,0.0,52.03,52.03,2026-09-09 21:28:02,OK,
MA,GD,14569758000150,7896004786117,Pitavastatina Cálcica 2 mg Caixa 30 Comprimidos Revestidos,Total - MA,41.0,0.4265,90.73,0.0,52.03,52.03,2026-09-09 21:28:02,OK,
MA,GD,14569758000150,7896004786117,Pitavastatina Cálcica 2 mg Caixa 30 Comprimidos Revestidos,Emmarka - MA,18.0,0.4265,90.73,0.0,52.03,52.03,2026-09-09 21:28:02,OK,
MA,GD,14569758000150,7896004786117,Pitavastatina Cálcica 2 mg Caixa 30 Comprimidos Revestidos,Panpharma - CE,39.0,0.4239,90.73,0.0,52.27,52.27,2026-09-09 21:28:02,OK,
MA,GD,14569758000150,7896004787329,Tramadol + Paracetamol 37.5+325 mg Caixa 10 Comprimidos,Nazaria - MA - Timon,48.0,0.6862999999999999,33.64,0.0,10.55,10.55,2026-09-09 21:28:07,OK,
MA,GD,14569758000150,7896004787329,Tramadol + Paracetamol 37.5+325 mg Caixa 10 Comprimidos,Emmarka - MA,40.0,0.6862999999999999,33.64,0.0,10.55,10.55,2026-09-09 21:28:07,OK,
MA,GD,14569758000150,7896004787329,Tramadol + Paracetamol 37.5+325 mg Caixa 10 Comprimidos,Nazaria - MA - Imperatriz,22.0,0.6862999999999999,33.64,0.0,10.55,10.55,2026-09-09 21:28:07,OK,
MA,GD,14569758000150,7896004787329,Tramadol + Paracetamol 37.5+325 mg Caixa 10 Comprimidos,Total - MA,2.0,0.6862999999999999,33.64,0.0,10.55,10.55,2026-09-09 21:28:07,OK,
MA,GD,14569758000150,7896004787329,Tramadol + Paracetamol 37.5+325 mg Caixa 10 Comprimidos,Panpharma - CE,33.0,0.5642,33.64,0.0,14.66,14.66,2026-09-09 21:28:07,OK,
MA,GD,14569758000150,7896004787336,Tramadol + Paracetamol 37.5+325 mg Caixa 20 Comprimidos,Panpharma - CE,39.0,0.47700000000000004,51.03,0.0,26.69,26.69,2026-09-09 21:28:11,OK,
MA,GD,14569758000150,7896004787336,Tramadol + Paracetamol 37.5+325 mg Caixa 20 Comprimidos,Emmarka - MA,92.0,0.45899999999999996,51.03,0.0,27.61,27.61,2026-09-09 21:28:11,OK,
MA,GD,14569758000150,7896004787336,Tramadol + Paracetamol 37.5+325 mg Caixa 20 Comprimidos,Nazaria - MA - Timon,11.0,0.45899999999999996,51.03,0.0,27.61,27.61,2026-09-09 21:28:11,OK,
MA,GD,14569758000150,7896004787343,Tramadol + Paracetamol 37.5+325 mg Caixa 30 Comprimidos,Panpharma - CE,58.0,0.4727,66.41,0.0,35.02,35.02,2026-09-09 21:28:16,OK,
MA,GD,14569758000150,7896004787343,Tramadol + Paracetamol 37.5+325 mg Caixa 30 Comprimidos,Emmarka - MA,274.0,0.4547,66.41,0.0,36.21,36.21,2026-09-09 21:28:16,OK,
MA,GD,14569758000150,7896004787343,Tramadol + Paracetamol 37.5+325 mg Caixa 30 Comprimidos,Nazaria - MA - Timon,34.0,0.4547,66.41,0.0,36.21,36.21,2026-09-09 21:28:16,OK,
MA,GD,14569758000150,7896004787343,Tramadol + Paracetamol 37.5+325 mg Caixa 30 Comprimidos,Nazaria - MA - Imperatriz,32.0,0.4547,66.41,0.0,36.21,36.21,2026-09-09 21:28:16,OK,
MA,GD,14569758000150,7896004787343,Tramadol + Paracetamol 37.5+325 mg Caixa 30 Comprimidos,Total - MA,95.0,0.43700000000000006,66.41,0.0,37.39,37.39,2026-09-09 21:28:16,OK,
MA,GD,14569758000150,7896004787725,Naratriptana 2.5 mg Caixa 4 Comprimidos Revestidos,Panpharma - CE,2134.0,0.4225,14.43,0.0,8.33,8.33,2026-09-09 21:28:20,OK,
MA,GD,14569758000150,7896004787725,Naratriptana 2.5 mg Caixa 4 Comprimidos Revestidos,Emmarka - MA,41.0,0.4046,14.43,0.0,8.59,8.59,2026-09-09 21:28:20,OK,
MA,GD,14569758000150,7896004787725,Naratriptana 2.5 mg Caixa 4 Comprimidos Revestidos,Nazaria - MA - Timon,1091.0,0.2216,14.43,0.0,11.23,11.23,2026-09-09 21:28:20,OK,
MA,GD,14569758000150,7896004787725,Naratriptana 2.5 mg Caixa 4 Comprimidos Revestidos,Nazaria - MA - Imperatriz,442.0,0.2216,14.43,0.0,11.23,11.23,2026-09-09 21:28:20,OK,
MA,GD,14569758000150,7896004787725,Naratriptana 2.5 mg Caixa 4 Comprimidos Revestidos,Total - MA,189.0,0.2216,14.43,0.0,11.23,11.23,2026-09-09 21:28:20,OK,
MA,GD,14569758000150,7896004789828,Desloratadina 5 mg Caixa 10 Comprimidos Revestidos,Panpharma - CE,44.0,0.9109,63.96,0.0,5.7,5.7,2026-09-09 21:28:25,OK,
MA,GD,14569758000150,7896004789828,Desloratadina 5 mg Caixa 10 Comprimidos Revestidos,Emmarka - MA,391.0,0.8929,63.96,0.0,6.85,6.85,2026-09-09 21:28:25,OK,
MA,GD,14569758000150,7896004789828,Desloratadina 5 mg Caixa 10 Comprimidos Revestidos,Nazaria - MA - Imperatriz,136.0,0.8929,63.96,0.0,6.85,6.85,2026-09-09 21:28:25,OK,
MA,GD,14569758000150,7896004789828,Desloratadina 5 mg Caixa 10 Comprimidos Revestidos,Nazaria - MA - Timon,3.0,0.8929,63.96,0.0,6.85,6.85,2026-09-09 21:28:25,OK,
MA,GD,14569758000150,7896004789828,Desloratadina 5 mg Caixa 10 Comprimidos Revestidos,Total - MA,232.0,0.8798999999999999,63.96,0.0,7.68,7.68,2026-09-09 21:28:25,OK,
MA,GD,14569758000150,7896004789835,Desloratadina 5 mg Caixa 30 Comprimidos Revestidos,Panpharma - CE,45.0,0.8851,153.61,0.0,17.65,17.65,2026-09-09 21:28:30,OK,
MA,GD,14569758000150,7896004789835,Desloratadina 5 mg Caixa 30 Comprimidos Revestidos,Emmarka - MA,120.0,0.8771,153.61,0.0,18.88,18.88,2026-09-09 21:28:30,OK,
MA,GD,14569758000150,7896004789835,Desloratadina 5 mg Caixa 30 Comprimidos Revestidos,Nazaria - MA - Timon,95.0,0.8771,153.61,0.0,18.88,18.88,2026-09-09 21:28:30,OK,
MA,GD,14569758000150,7896004789835,Desloratadina 5 mg Caixa 30 Comprimidos Revestidos,Nazaria - MA - Imperatriz,55.0,0.8771,153.61,0.0,18.88,18.88,2026-09-09 21:28:30,OK,
MA,GD,14569758000150,7896004790152,Ondansetrona 4 mg Caixa 10 Comprimidos Orodispersíveis,Panpharma - CE,298.0,0.7156,24.65,0.0,7.01,7.01,2026-09-09 21:28:34,OK,
MA,GD,14569758000150,7896004790152,Ondansetrona 4 mg Caixa 10 Comprimidos Orodispersíveis,Nazaria - MA - Imperatriz,186.0,0.6977,24.65,0.0,7.45,7.45,2026-09-09 21:28:34,OK,
MA,GD,14569758000150,7896004790152,Ondansetrona 4 mg Caixa 10 Comprimidos Orodispersíveis,Emmarka - MA,96.0,0.6977,24.65,0.0,7.45,7.45,2026-09-09 21:28:34,OK,
MA,GD,14569758000150,7896004790152,Ondansetrona 4 mg Caixa 10 Comprimidos Orodispersíveis,Nazaria - MA - Timon,82.0,0.6977,24.65,0.0,7.45,7.45,2026-09-09 21:28:34,OK,
MA,GD,14569758000150,7896004790169,Ondansetrona 8 mg Caixa 10 Comprimidos Orodispersíveis,Nazaria - MA - Timon,226.0,0.7306999999999999,47.38,0.0,12.76,12.76,2026-09-09 21:28:39,OK,
MA,GD,14569758000150,7896004790169,Ondansetrona 8 mg Caixa 10 Comprimidos Orodispersíveis,Nazaria - MA - Imperatriz,191.0,0.7306999999999999,47.38,0.0,12.76,12.76,2026-09-09 21:28:39,OK,
MA,GD,14569758000150,7896004790169,Ondansetrona 8 mg Caixa 10 Comprimidos Orodispersíveis,Emmarka - MA,47.0,0.7306999999999999,47.38,0.0,12.76,12.76,2026-09-09 21:28:39,OK,
MA,GD,14569758000150,7896004790169,Ondansetrona 8 mg Caixa 10 Comprimidos Orodispersíveis,Panpharma - CE,1150.0,0.7295,47.38,0.0,12.82,12.82,2026-09-09 21:28:39,OK,
MA,GD,14569758000150,7896004791104,Olmesartana Medoxomila 20 mg Caixa 30 Comprimidos,Panpharma - CE,375.0,0.7039,44.36,0.0,13.13,13.13,2026-09-09 21:28:43,OK,
MA,GD,14569758000150,7896004791104,Olmesartana Medoxomila 20 mg Caixa 30 Comprimidos,Nazaria - MA - Timon,1794.0,0.7023,44.36,0.0,13.21,13.21,2026-09-09 21:28:43,OK,
MA,GD,14569758000150,7896004791104,Olmesartana Medoxomila 20 mg Caixa 30 Comprimidos,Emmarka - MA,472.0,0.7023,44.36,0.0,13.21,13.21,2026-09-09 21:28:43,OK,
MA,GD,14569758000150,7896004791104,Olmesartana Medoxomila 20 mg Caixa 30 Comprimidos,Nazaria - MA - Imperatriz,147.0,0.7023,44.36,0.0,13.21,13.21,2026-09-09 21:28:43,OK,
MA,GD,14569758000150,7896004791111,Olmesartana Medoxomila 40 mg Caixa 30 Comprimidos,Emmarka - MA,347.0,0.618,46.68,0.0,17.83,17.83,2026-09-09 21:28:48,OK,
MA,GD,14569758000150,7896004791111,Olmesartana Medoxomila 40 mg Caixa 30 Comprimidos,Nazaria - MA - Timon,281.0,0.618,46.68,0.0,17.83,17.83,2026-09-09 21:28:48,OK,
MA,GD,14569758000150,7896004791111,Olmesartana Medoxomila 40 mg Caixa 30 Comprimidos,Nazaria - MA - Imperatriz,51.0,0.618,46.68,0.0,17.83,17.83,2026-09-09 21:28:48,OK,
MA,GD,14569758000150,7896004791111,Olmesartana Medoxomila 40 mg Caixa 30 Comprimidos,Total - MA,185.0,0.507,46.68,0.0,23.01,23.01,2026-09-09 21:28:48,OK,
MA,GD,14569758000150,7896004791418,DAPAGLIFLOZINA 10MG X 30 COM REV - LG,Nazaria - MA - Imperatriz,5072.0,0.7228,121.4,0.0,33.65,33.65,2026-09-09 21:28:53,OK,
MA,GD,14569758000150,7896004791418,DAPAGLIFLOZINA 10MG X 30 COM REV - LG,Nazaria - MA - Timon,2631.0,0.7228,121.4,0.0,33.65,33.65,2026-09-09 21:28:53,OK,
MA,GD,14569758000150,7896004791418,DAPAGLIFLOZINA 10MG X 30 COM REV - LG,Emmarka - MA,126.0,0.7228,121.4,0.0,33.65,33.65,2026-09-09 21:28:53,OK,
MA,GD,14569758000150,7896004791418,DAPAGLIFLOZINA 10MG X 30 COM REV - LG,Panpharma - CE,7578.0,0.6953,121.4,0.0,36.99,36.99,2026-09-09 21:28:53,OK,
MA,GD,14569758000150,7896004791418,DAPAGLIFLOZINA 10MG X 30 COM REV - LG,Total - MA,882.0,0.6668999999999999,121.4,0.0,40.44,40.44,2026-09-09 21:28:53,OK,
MA,GD,14569758000150,7896004791456,Risedronato Sódico 150 mg Caixa 1 Comprimido,Panpharma - CE,133.0,0.8427,120.51,0.0,18.96,18.96,2026-09-09 21:28:57,OK,
MA,GD,14569758000150,7896004791456,Risedronato Sódico 150 mg Caixa 1 Comprimido,Emmarka - MA,80.0,0.8247,120.51,0.0,21.13,21.13,2026-09-09 21:28:57,OK,
MA,GD,14569758000150,7896004791456,Risedronato Sódico 150 mg Caixa 1 Comprimido,Nazaria - MA - Imperatriz,29.0,0.8247,120.51,0.0,21.13,21.13,2026-09-09 21:28:57,OK,
MA,GD,14569758000150,7896004791456,Risedronato Sódico 150 mg Caixa 1 Comprimido,Nazaria - MA - Timon,25.0,0.8247,120.51,0.0,21.13,21.13,2026-09-09 21:28:57,OK,
MA,GD,14569758000150,7896004792040,Nitazoxanida 20 mg/ml Frasco 45 ml Pó Para Suspensão,Emmarka - MA,167.0,0.508,19.45,0.0,9.57,9.57,2026-09-09 21:29:02,OK,
MA,GD,14569758000150,7896004792040,Nitazoxanida 20 mg/ml Frasco 45 ml Pó Para Suspensão,Nazaria - MA - Timon,159.0,0.508,19.45,0.0,9.57,9.57,2026-09-09 21:29:02,OK,
MA,GD,14569758000150,7896004792040,Nitazoxanida 20 mg/ml Frasco 45 ml Pó Para Suspensão,Nazaria - MA - Imperatriz,153.0,0.508,19.45,0.0,9.57,9.57,2026-09-09 21:29:02,OK,
MA,GD,14569758000150,7896004792040,Nitazoxanida 20 mg/ml Frasco 45 ml Pó Para Suspensão,Total - MA,30.0,0.508,19.45,0.0,9.57,9.57,2026-09-09 21:29:02,OK,
MA,GD,14569758000150,7896004792040,Nitazoxanida 20 mg/ml Frasco 45 ml Pó Para Suspensão,Panpharma - CE,132.0,0.4757,19.45,0.0,10.2,10.2,2026-09-09 21:29:02,OK,
MA,GD,14569758000150,7896004792057,Nitazoxanida 20 mg/ml Frasco 100 ml Pó Para Suspensão,Emmarka - MA,112.0,0.5526,43.78,0.0,19.59,19.59,2026-09-09 21:29:07,OK,
MA,GD,14569758000150,7896004792057,Nitazoxanida 20 mg/ml Frasco 100 ml Pó Para Suspensão,Total - MA,35.0,0.5526,43.78,0.0,19.59,19.59,2026-09-09 21:29:07,OK,
MA,GD,14569758000150,7896004792057,Nitazoxanida 20 mg/ml Frasco 100 ml Pó Para Suspensão,Nazaria - MA - Imperatriz,33.0,0.5526,43.78,0.0,19.59,19.59,2026-09-09 21:29:07,OK,
MA,GD,14569758000150,7896004792057,Nitazoxanida 20 mg/ml Frasco 100 ml Pó Para Suspensão,Nazaria - MA - Timon,8.0,0.5526,43.78,0.0,19.59,19.59,2026-09-09 21:29:07,OK,
MA,GD,14569758000150,7896004792057,Nitazoxanida 20 mg/ml Frasco 100 ml Pó Para Suspensão,Panpharma - CE,43.0,0.48719999999999997,43.78,0.0,22.45,22.45,2026-09-09 21:29:07,OK,
MA,GD,14569758000150,7896004792286,Lisdexanfetamina 30 mg Caixa 30 Cápsulas,Panpharma - CE,85.0,0.5647,255.37,0.0,111.16,111.16,2026-09-09 21:29:11,OK,
MA,GD,14569758000150,7896004792286,Lisdexanfetamina 30 mg Caixa 30 Cápsulas,Nazaria - MA - Timon,117.0,0.5468,255.37,0.0,115.73,115.73,2026-09-09 21:29:11,OK,
MA,GD,14569758000150,7896004792286,Lisdexanfetamina 30 mg Caixa 30 Cápsulas,Nazaria - MA - Imperatriz,99.0,0.5468,255.37,0.0,115.73,115.73,2026-09-09 21:29:11,OK,
MA,GD,14569758000150,7896004792286,Lisdexanfetamina 30 mg Caixa 30 Cápsulas,Emmarka - MA,5.0,0.5468,255.37,0.0,115.73,115.73,2026-09-09 21:29:11,OK,
MA,GD,14569758000150,7896004792293,Lisdexanfetamina 50 mg Caixa 30 Cápsulas,Panpharma - CE,40.0,0.5657,309.69,0.0,134.5,134.5,2026-09-09 21:29:16,OK,
MA,GD,14569758000150,7896004792293,Lisdexanfetamina 50 mg Caixa 30 Cápsulas,Emmarka - MA,86.0,0.5478000000000001,309.69,0.0,140.04,140.04,2026-09-09 21:29:16,OK,
MA,GD,14569758000150,7896004792293,Lisdexanfetamina 50 mg Caixa 30 Cápsulas,Nazaria - MA - Timon,66.0,0.5478000000000001,309.69,0.0,140.04,140.04,2026-09-09 21:29:16,OK,
MA,GD,14569758000150,7896004792293,Lisdexanfetamina 50 mg Caixa 30 Cápsulas,Nazaria - MA - Imperatriz,52.0,0.5478000000000001,309.69,0.0,140.04,140.04,2026-09-09 21:29:16,OK,
MA,GD,14569758000150,7896004792309,Lisdexanfetamina 70 mg Caixa 30 Cápsulas,Panpharma - CE,109.0,0.5654,309.69,0.0,134.59,134.59,2026-09-09 21:29:20,OK,
MA,GD,14569758000150,7896004792309,Lisdexanfetamina 70 mg Caixa 30 Cápsulas,Nazaria - MA - Timon,178.0,0.5475,309.69,0.0,140.13,140.13,2026-09-09 21:29:20,OK,
MA,GD,14569758000150,7896004792309,Lisdexanfetamina 70 mg Caixa 30 Cápsulas,Nazaria - MA - Imperatriz,85.0,0.5475,309.69,0.0,140.13,140.13,2026-09-09 21:29:20,OK,
MA,GD,14569758000150,7896004792309,Lisdexanfetamina 70 mg Caixa 30 Cápsulas,Emmarka - MA,63.0,0.5475,309.69,0.0,140.13,140.13,2026-09-09 21:29:20,OK,
MA,GD,14569758000150,7896004792316,,,0.0,0.0,0.0,0.0,0.0,0.0,2026-09-09 21:29:32,ERRO,Message: Nenhuma distribuidora pôde ser lida no card do produto.
MA,GD,14569758000150,7896004792323,Levetiracetam 100 mg/ml Frasco 150 ml Solução Oral,Nazaria - MA - Timon,1.0,0.3171,90.27,0.0,61.65,61.65,2026-09-09 21:29:36,OK,
MA,GD,14569758000150,7896004793429,Cetorolaco 10 mg Caixa 10 Comprimidos Sublinguais,Emmarka - MA,645.0,0.7576,28.51,0.0,6.91,6.91,2026-09-09 21:29:40,OK,
MA,GD,14569758000150,7896004793429,Cetorolaco 10 mg Caixa 10 Comprimidos Sublinguais,Total - MA,366.0,0.7576,28.51,0.0,6.91,6.91,2026-09-09 21:29:40,OK,
MA,GD,14569758000150,7896004793429,Cetorolaco 10 mg Caixa 10 Comprimidos Sublinguais,Nazaria - MA - Timon,62.0,0.7576,28.51,0.0,6.91,6.91,2026-09-09 21:29:40,OK,
MA,GD,14569758000150,7896004793429,Cetorolaco 10 mg Caixa 10 Comprimidos Sublinguais,Nazaria - MA - Imperatriz,51.0,0.7576,28.51,0.0,6.91,6.91,2026-09-09 21:29:40,OK,
MA,GD,14569758000150,7896004793429,Cetorolaco 10 mg Caixa 10 Comprimidos Sublinguais,Panpharma - CE,10.0,0.7476,28.51,0.0,7.2,7.2,2026-09-09 21:29:40,OK,
MA,GD,14569758000150,7896004793436,Cetorolaco 10 mg Caixa 20 Comprimidos Sublinguais,Panpharma - CE,27.0,0.7476,54.68,0.0,13.8,13.8,2026-09-09 21:29:44,OK,
MA,GD,14569758000150,7896004793436,Cetorolaco 10 mg Caixa 20 Comprimidos Sublinguais,Emmarka - MA,99.0,0.7462000000000001,54.68,0.0,13.88,13.88,2026-09-09 21:29:44,OK,
MA,GD,14569758000150,7896004793719,Indapamida 1.5 mg Caixa 60 Comprimidos Revestidos Lib. Prolongada,Total - MA,39.0,0.7609,57.96,0.0,13.86,13.86,2026-09-09 21:29:49,OK,
MA,GD,14569758000150,7896004793719,Indapamida 1.5 mg Caixa 60 Comprimidos Revestidos Lib. Prolongada,Nazaria - MA - Timon,37.0,0.7609,57.96,0.0,13.86,13.86,2026-09-09 21:29:49,OK,
MA,GD,14569758000150,7896004793719,Indapamida 1.5 mg Caixa 60 Comprimidos Revestidos Lib. Prolongada,Emmarka - MA,32.0,0.7609,57.96,0.0,13.86,13.86,2026-09-09 21:29:49,OK,
MA,GD,14569758000150,7896004793719,Indapamida 1.5 mg Caixa 60 Comprimidos Revestidos Lib. Prolongada,Nazaria - MA - Imperatriz,30.0,0.7609,57.96,0.0,13.86,13.86,2026-09-09 21:29:49,OK,
MA,GD,14569758000150,7896004793801,Valsartana 80 mg Caixa 30 Comprimidos,Total - MA,156.0,0.8115000000000001,63.75,0.0,12.02,12.02,2026-09-09 21:29:54,OK,
MA,GD,14569758000150,7896004793801,Valsartana 80 mg Caixa 30 Comprimidos,Emmarka - MA,104.0,0.7404000000000001,63.75,0.0,16.55,16.55,2026-09-09 21:29:54,OK,
MA,GD,14569758000150,7896004793801,Valsartana 80 mg Caixa 30 Comprimidos,Nazaria - MA - Timon,77.0,0.7404000000000001,63.75,0.0,16.55,16.55,2026-09-09 21:29:54,OK,
MA,GD,14569758000150,7896004793801,Valsartana 80 mg Caixa 30 Comprimidos,Nazaria - MA - Imperatriz,48.0,0.7404000000000001,63.75,0.0,16.55,16.55,2026-09-09 21:29:54,OK,
MA,GD,14569758000150,7896004793801,Valsartana 80 mg Caixa 30 Comprimidos,Panpharma - CE,14.0,0.6534,63.75,0.0,22.1,22.1,2026-09-09 21:29:54,OK,
MA,GD,14569758000150,7896004793818,Valsartana 160 mg Caixa 30 Comprimidos,Nazaria - MA - Timon,404.0,0.7081999999999999,63.79,0.0,18.61,18.61,2026-09-09 21:29:58,OK,
MA,GD,14569758000150,7896004793818,Valsartana 160 mg Caixa 30 Comprimidos,Nazaria - MA - Imperatriz,164.0,0.7081999999999999,63.79,0.0,18.61,18.61,2026-09-09 21:29:58,OK,
MA,GD,14569758000150,7896004793818,Valsartana 160 mg Caixa 30 Comprimidos,Emmarka - MA,110.0,0.7081999999999999,63.79,0.0,18.61,18.61,2026-09-09 21:29:58,OK,
MA,GD,14569758000150,7896004793818,Valsartana 160 mg Caixa 30 Comprimidos,Total - MA,67.0,0.7081999999999999,63.79,0.0,18.61,18.61,2026-09-09 21:29:58,OK,
MA,GD,14569758000150,7896004793818,Valsartana 160 mg Caixa 30 Comprimidos,Panpharma - CE,52.0,0.6228,63.79,0.0,24.06,24.06,2026-09-09 21:29:58,OK,
MA,GD,14569758000150,7896004793825,Valsartana 320 mg Caixa 30 Comprimidos,Nazaria - MA - Timon,196.0,0.5984,75.48,0.0,30.31,30.31,2026-09-09 21:30:03,OK,
MA,GD,14569758000150,7896004793825,Valsartana 320 mg Caixa 30 Comprimidos,Total - MA,62.0,0.5984,75.48,0.0,30.31,30.31,2026-09-09 21:30:03,OK,
MA,GD,14569758000150,7896004793825,Valsartana 320 mg Caixa 30 Comprimidos,Emmarka - MA,3.0,0.5984,75.48,0.0,30.31,30.31,2026-09-09 21:30:03,OK,
MA,GD,14569758000150,7896004793931,Rosuvastatina Cálcica 40 mg Caixa 30 Comprimidos Revestidos,Nazaria - MA - Imperatriz,80.0,0.6074,135.71,0.0,53.28,53.28,2026-09-09 21:30:07,OK,
MA,GD,14569758000150,7896004793931,Rosuvastatina Cálcica 40 mg Caixa 30 Comprimidos Revestidos,Emmarka - MA,18.0,0.6074,135.71,0.0,53.28,53.28,2026-09-09 21:30:07,OK,
MA,GD,14569758000150,7896004793931,Rosuvastatina Cálcica 40 mg Caixa 30 Comprimidos Revestidos,Panpharma - CE,18.0,0.6024,135.71,0.0,53.96,53.96,2026-09-09 21:30:07,OK,
MA,GD,14569758000150,7896004794044,Duloxetina 30 mg Caixa 60 Cápsulas,Panpharma - CE,1.0,0.48829999999999996,123.1,0.0,62.99,62.99,2026-09-09 21:30:11,OK,
MA,GD,14569758000150,7896004794044,Duloxetina 30 mg Caixa 60 Cápsulas,Nazaria - MA - Timon,96.0,0.4703,123.1,0.0,65.21,65.21,2026-09-09 21:30:11,OK,
MA,GD,14569758000150,7896004794044,Duloxetina 30 mg Caixa 60 Cápsulas,Emmarka - MA,23.0,0.4703,123.1,0.0,65.21,65.21,2026-09-09 21:30:11,OK,
MA,GD,14569758000150,7896004794044,Duloxetina 30 mg Caixa 60 Cápsulas,Nazaria - MA - Imperatriz,5.0,0.4703,123.1,0.0,65.21,65.21,2026-09-09 21:30:11,OK,
MA,GD,14569758000150,7896004794051,Duloxetina 60 mg Caixa 60 Cápsulas,Panpharma - CE,5.0,0.46,220.66,0.0,119.16,119.16,2026-09-09 21:30:15,OK,
MA,GD,14569758000150,7896004794051,Duloxetina 60 mg Caixa 60 Cápsulas,Nazaria - MA - Timon,90.0,0.4421,220.66,0.0,123.11,123.11,2026-09-09 21:30:15,OK,
MA,GD,14569758000150,7896004794051,Duloxetina 60 mg Caixa 60 Cápsulas,Nazaria - MA - Imperatriz,23.0,0.4421,220.66,0.0,123.11,123.11,2026-09-09 21:30:15,OK,
MA,GD,14569758000150,7896004794051,Duloxetina 60 mg Caixa 60 Cápsulas,Emmarka - MA,18.0,0.4421,220.66,0.0,123.11,123.11,2026-09-09 21:30:15,OK,
MA,GD,14569758000150,7896004794068,Bupropiona 300 mg Caixa 30 Comprimidos,Panpharma - CE,67.0,0.5774,161.04,0.0,68.06,68.06,2026-09-09 21:30:20,OK,
MA,GD,14569758000150,7896004794068,Bupropiona 300 mg Caixa 30 Comprimidos,Emmarka - MA,119.0,0.5374,161.04,0.0,74.5,74.5,2026-09-09 21:30:20,OK,
MA,GD,14569758000150,7896004794068,Bupropiona 300 mg Caixa 30 Comprimidos,Nazaria - MA - Imperatriz,15.0,0.5374,161.04,0.0,74.5,74.5,2026-09-09 21:30:20,OK,
MA,GD,14569758000150,7896004794068,Bupropiona 300 mg Caixa 30 Comprimidos,Nazaria - MA - Timon,14.0,0.5374,161.04,0.0,74.5,74.5,2026-09-09 21:30:20,OK,
MA,GD,14569758000150,7896004794075,Fexofenadina 6 mg/ml Frasco 150 ml,Panpharma - CE,51.0,0.5394,50.6,0.0,23.31,23.31,2026-09-09 21:30:24,OK,
MA,GD,14569758000150,7896004794075,Fexofenadina 6 mg/ml Frasco 150 ml,Nazaria - MA - Timon,402.0,0.5214,50.6,0.0,24.22,24.22,2026-09-09 21:30:24,OK,
MA,GD,14569758000150,7896004794075,Fexofenadina 6 mg/ml Frasco 150 ml,Emmarka - MA,52.0,0.5214,50.6,0.0,24.22,24.22,2026-09-09 21:30:24,OK,
MA,GD,14569758000150,7896004794075,Fexofenadina 6 mg/ml Frasco 150 ml,Nazaria - MA - Imperatriz,9.0,0.5214,50.6,0.0,24.22,24.22,2026-09-09 21:30:24,OK,
MA,GD,14569758000150,7896004794174,Fexofenadina 6 mg/ml Frasco 60 ml,Emmarka - MA,145.0,0.5181,22.27,0.0,10.73,10.73,2026-09-09 21:30:28,OK,
MA,GD,14569758000150,7896004794198,Escitalopram 20 mg com 60 Comprimidos,Panpharma - CE,14.0,0.8701000000000001,163.38,0.0,21.22,21.22,2026-09-09 21:30:32,OK,
MA,GD,14569758000150,7896004794198,Escitalopram 20 mg com 60 Comprimidos,Nazaria - MA - Timon,54.0,0.8559,163.38,0.0,23.54,23.54,2026-09-09 21:30:32,OK,
MA,GD,14569758000150,7896004794198,Escitalopram 20 mg com 60 Comprimidos,Nazaria - MA - Imperatriz,44.0,0.8559,163.38,0.0,23.54,23.54,2026-09-09 21:30:32,OK,
MA,GD,14569758000150,7896004794198,Escitalopram 20 mg com 60 Comprimidos,Emmarka - MA,5.0,0.8559,163.38,0.0,23.54,23.54,2026-09-09 21:30:32,OK,
MA,GD,14569758000150,7896004795041,BROMIDRATO DE VORTIOXETINA 5MG X 30CPR,Emmarka - MA,59.0,0.47009999999999996,70.22,0.0,37.21,37.21,2026-09-09 21:30:37,OK,
MA,GD,14569758000150,7896004795041,BROMIDRATO DE VORTIOXETINA 5MG X 30CPR,Nazaria - MA - Timon,43.0,0.47009999999999996,70.22,0.0,37.21,37.21,2026-09-09 21:30:37,OK,
MA,GD,14569758000150,7896004795041,BROMIDRATO DE VORTIOXETINA 5MG X 30CPR,Nazaria - MA - Imperatriz,33.0,0.47009999999999996,70.22,0.0,37.21,37.21,2026-09-09 21:30:37,OK,
MA,GD,14569758000150,7896004795041,BROMIDRATO DE VORTIOXETINA 5MG X 30CPR,Panpharma - CE,62.0,0.4647,70.22,0.0,37.59,37.59,2026-09-09 21:30:37,OK,
MA,GD,14569758000150,7896004795058,BROMIDRATO DE VORTIOXETINA 10MG + 30CPR,Emmarka - MA,41.0,0.4894,115.72,0.0,59.09,59.09,2026-09-09 21:30:41,OK,
MA,GD,14569758000150,7896004795058,BROMIDRATO DE VORTIOXETINA 10MG + 30CPR,Nazaria - MA - Imperatriz,39.0,0.4894,115.72,0.0,59.09,59.09,2026-09-09 21:30:41,OK,
MA,GD,14569758000150,7896004795058,BROMIDRATO DE VORTIOXETINA 10MG + 30CPR,Nazaria - MA - Timon,37.0,0.4894,115.72,0.0,59.09,59.09,2026-09-09 21:30:41,OK,
MA,GD,14569758000150,7896004795065,BROMIDRATO DE VORTIOXETINA 10MG + 60CPR,Nazaria - MA - Imperatriz,55.0,0.426,208.28,0.0,119.55,119.55,2026-09-09 21:30:45,OK,
MA,GD,14569758000150,7896004795065,BROMIDRATO DE VORTIOXETINA 10MG + 60CPR,Emmarka - MA,55.0,0.426,208.28,0.0,119.55,119.55,2026-09-09 21:30:45,OK,
MA,GD,14569758000150,7896004795065,BROMIDRATO DE VORTIOXETINA 10MG + 60CPR,Nazaria - MA - Timon,44.0,0.426,208.28,0.0,119.55,119.55,2026-09-09 21:30:45,OK,
MA,GD,14569758000150,7896004795065,BROMIDRATO DE VORTIOXETINA 10MG + 60CPR,Panpharma - CE,29.0,0.4213,208.28,0.0,120.53,120.53,2026-09-09 21:30:45,OK,
MA,GD,14569758000150,7896004795188,Zolpidem 5MG X 30 SL,Emmarka - MA,61.0,0.7583,88.3,0.0,21.34,21.34,2026-09-09 21:30:49,OK,
MA,GD,14569758000150,7896004795188,Zolpidem 5MG X 30 SL,Panpharma - CE,34.0,0.7042,88.3,0.0,26.12,26.12,2026-09-09 21:30:49,OK,
MA,GD,14569758000150,7896004795232,AMOXICILINA + CLAVULANATO DE POTÁSSIO 500MG X 125MG X 21COR,Panpharma - CE,12.0,0.7401000000000001,159.94,0.0,41.57,41.57,2026-09-09 21:30:53,OK,
MA,GD,14569758000150,7896004795232,AMOXICILINA + CLAVULANATO DE POTÁSSIO 500MG X 125MG X 21COR,Emmarka - MA,238.0,0.7247,159.94,0.0,44.03,44.03,2026-09-09 21:30:53,OK,
MA,GD,14569758000150,7896004795232,AMOXICILINA + CLAVULANATO DE POTÁSSIO 500MG X 125MG X 21COR,Nazaria - MA - Timon,45.0,0.7247,159.94,0.0,44.03,44.03,2026-09-09 21:30:53,OK,
MA,GD,14569758000150,7896004795232,AMOXICILINA + CLAVULANATO DE POTÁSSIO 500MG X 125MG X 21COR,Nazaria - MA - Imperatriz,7.0,0.7247,159.94,0.0,44.03,44.03,2026-09-09 21:30:53,OK,
MA,GD,14569758000150,7896004795461,"CLOR.DE NARATRIPTANA 2,5MG C/8 COM REV-LG",Panpharma - CE,786.0,0.433,28.12,0.0,15.94,15.94,2026-09-09 21:30:58,OK,
MA,GD,14569758000150,7896004795461,"CLOR.DE NARATRIPTANA 2,5MG C/8 COM REV-LG",Nazaria - MA - Timon,236.0,0.42979999999999996,28.12,0.0,16.03,16.03,2026-09-09 21:30:58,OK,
MA,GD,14569758000150,7896004795461,"CLOR.DE NARATRIPTANA 2,5MG C/8 COM REV-LG",Nazaria - MA - Imperatriz,59.0,0.42979999999999996,28.12,0.0,16.03,16.03,2026-09-09 21:30:58,OK,
MA,GD,14569758000150,7896004796284,DICL.TRIMETAZIDINA 35MG C/60 COM REV-LG,Emmarka - MA,102.0,0.5777,104.38,0.0,44.08,44.08,2026-09-09 21:31:01,OK,
MA,GD,14569758000150,7896004796284,DICL.TRIMETAZIDINA 35MG C/60 COM REV-LG,Panpharma - CE,42.0,0.4927,104.38,0.0,52.95,52.95,2026-09-09 21:31:01,OK,
MA,GD,14569758000150,7896004796291,DICL.TRIMETAZIDINA 35MG C/30 COM REV-LG,Emmarka - MA,73.0,0.5468,52.18,0.0,23.65,23.65,2026-09-09 21:31:05,OK,
MA,GD,14569758000150,7896004796307,BES. LEVANLODIPINO 5MG C/30COMP -LG,Emmarka - MA,120.0,0.4789,80.95,0.0,42.18,42.18,2026-09-09 21:31:09,OK,
MA,GD,14569758000150,7896004796307,BES. LEVANLODIPINO 5MG C/30COMP -LG,Total - MA,46.0,0.4789,80.95,0.0,42.18,42.18,2026-09-09 21:31:09,OK,
MA,GD,14569758000150,7896004796307,BES. LEVANLODIPINO 5MG C/30COMP -LG,Panpharma - CE,73.0,0.4144,80.95,0.0,47.4,47.4,2026-09-09 21:31:09,OK,
MA,GD,14569758000150,7896004796314,"BES. LEVANLODIPINO 2,5MG C/30COMP-LG",Emmarka - MA,128.0,0.507,41.68,0.0,20.55,20.55,2026-09-09 21:31:13,OK,
MA,GD,14569758000150,7896004796314,"BES. LEVANLODIPINO 2,5MG C/30COMP-LG",Total - MA,38.0,0.507,41.68,0.0,20.55,20.55,2026-09-09 21:31:13,OK,
MA,GD,14569758000150,7896004796314,"BES. LEVANLODIPINO 2,5MG C/30COMP-LG",Panpharma - CE,45.0,0.4696,41.68,0.0,22.11,22.11,2026-09-09 21:31:13,OK,
MA,GD,14569758000150,7896004796352,GUAIFENESINA + OXOMEMAZINA + POTASSIO IODETO + SODIO BENZOATO x 120ML,Panpharma - CE,4613.0,0.7313,42.13,0.0,11.32,11.32,2026-09-09 21:31:18,OK,
MA,GD,14569758000150,7896004796352,GUAIFENESINA + OXOMEMAZINA + POTASSIO IODETO + SODIO BENZOATO x 120ML,Total - MA,2928.0,0.7139,42.13,0.0,12.05,12.05,2026-09-09 21:31:18,OK,
MA,GD,14569758000150,7896004796352,GUAIFENESINA + OXOMEMAZINA + POTASSIO IODETO + SODIO BENZOATO x 120ML,Nazaria - MA - Timon,1530.0,0.7139,42.13,0.0,12.05,12.05,2026-09-09 21:31:18,OK,
MA,GD,14569758000150,7896004796352,GUAIFENESINA + OXOMEMAZINA + POTASSIO IODETO + SODIO BENZOATO x 120ML,Emmarka - MA,1028.0,0.7139,42.13,0.0,12.05,12.05,2026-09-09 21:31:18,OK,
MA,GD,14569758000150,7896004796352,GUAIFENESINA + OXOMEMAZINA + POTASSIO IODETO + SODIO BENZOATO x 120ML,Nazaria - MA - Imperatriz,260.0,0.7139,42.13,0.0,12.05,12.05,2026-09-09 21:31:18,OK,
