UF,CONSULTOR_USADO,CNPJ_REFERENCIA,EAN,PRODUTO,DISTRIBUIDORA,ESTOQUE,DESCONTO,PF_DIST,PF_FABRICA,PRECO_COM_IMPOSTO,PRECO_SEM_IMPOSTO,DATA_ATUALIZACAO,STATUS,ERRO
MT,GD,22183946000173,7894916372770,Loratadina 1 mg/ml Frasco 100 ml Xarope,Profarma - MT,4.0,0.74,35.9,0.0,10.88,9.33,2026-09-09 18:57:43,OK,
MT,GD,22183946000173,7894916372770,Loratadina 1 mg/ml Frasco 100 ml Xarope,Norte Sul Real - MT,114.0,0.7225,35.9,0.0,12.0,9.96,2026-09-09 18:57:43,OK,
MT,GD,22183946000173,7894916372770,Loratadina 1 mg/ml Frasco 100 ml Xarope,Panpharma / Santa Cruz - MT,21.0,0.7139,35.9,0.0,12.25,10.27,2026-09-09 18:57:43,OK,
MT,GD,22183946000173,7894916372787,Xarope Cloridrato de Ambroxol Infantil 15mg/5ml Frasco 120 ml,Profarma - MT,132.0,0.4301,17.82,0.0,9.98,9.98,2026-09-09 18:57:47,OK,
MT,GD,22183946000173,7894916372855,Anastrozol 1 mg Caixa 30 Comprimidos Revestidos,Panpharma / Santa Cruz - MT,17.0,0.8649,762.07,0.0,102.96,102.96,2026-09-09 18:57:50,OK,
MT,GD,22183946000173,7896004700038,Paracetamol 200 mg/ml Frasco 15 ml Gotas,Norte Sul Real - MT,821.0,0.5962,10.74,0.0,4.72,4.34,2026-09-09 18:57:54,OK,
MT,GD,22183946000173,7896004700038,Paracetamol 200 mg/ml Frasco 15 ml Gotas,Profarma - MT,674.0,0.54,10.07,0.0,4.88,4.63,2026-09-09 18:57:54,OK,
MT,GD,22183946000173,7896004700038,Paracetamol 200 mg/ml Frasco 15 ml Gotas,Panpharma / Santa Cruz - MT,513.0,0.5257999999999999,10.74,0.0,5.5,5.09,2026-09-09 18:57:54,OK,
MT,GD,22183946000173,7896004700250,,,0.0,0.0,0.0,0.0,0.0,0.0,2026-09-09 18:58:06,ERRO,Message: Nenhuma distribuidora pôde ser lida no card do produto.
MT,GD,22183946000173,7896004700274,Tenoxicam 20 mg Caixa 10 Comprimidos Revestidos,Profarma - MT,116.0,0.664,42.77,0.0,15.78,14.37,2026-09-09 18:58:10,OK,
MT,GD,22183946000173,7896004700274,Tenoxicam 20 mg Caixa 10 Comprimidos Revestidos,Norte Sul Real - MT,113.0,0.6722,42.77,0.0,16.21,14.02,2026-09-09 18:58:10,OK,
MT,GD,22183946000173,7896004700274,Tenoxicam 20 mg Caixa 10 Comprimidos Revestidos,Panpharma / Santa Cruz - MT,270.0,0.6639,42.77,0.0,16.5,14.37,2026-09-09 18:58:10,OK,
MT,GD,22183946000173,7896004700403,Diltiazem 60 mg Caixa 50 Comprimidos,Profarma - MT,33.0,0.2325,37.11,0.0,27.74,27.74,2026-09-09 18:58:14,OK,
MT,GD,22183946000173,7896004700403,Diltiazem 60 mg Caixa 50 Comprimidos,Norte Sul Real - MT,109.0,0.25129999999999997,37.11,0.0,27.79,27.78,2026-09-09 18:58:14,OK,
MT,GD,22183946000173,7896004700403,Diltiazem 60 mg Caixa 50 Comprimidos,Panpharma / Santa Cruz - MT,118.0,0.2324,37.11,0.0,28.49,28.49,2026-09-09 18:58:14,OK,
MT,GD,22183946000173,7896004700410,,,0.0,0.0,0.0,0.0,0.0,0.0,2026-09-09 18:58:26,ERRO,Message: Nenhuma distribuidora pôde ser lida no card do produto.
MT,GD,22183946000173,7896004700427,Amoxicilina 500 mg Caixa 21 Cápsulas,Norte Sul Real - MT,950.0,0.7120000000000001,33.22,0.0,11.49,9.57,2026-09-09 18:58:30,OK,
MT,GD,22183946000173,7896004700427,Amoxicilina 500 mg Caixa 21 Cápsulas,Profarma - MT,170.0,0.6914,33.23,0.0,11.51,10.25,2026-09-09 18:58:30,OK,
MT,GD,22183946000173,7896004700441,Amoxicilina 500 mg Caixa 15 Cápsulas,Profarma - MT,92.0,0.6164000000000001,24.48,0.0,10.01,9.39,2026-09-09 18:58:34,OK,
MT,GD,22183946000173,7896004700441,Amoxicilina 500 mg Caixa 15 Cápsulas,Norte Sul Real - MT,157.0,0.6164000000000001,24.48,0.0,10.4,9.39,2026-09-09 18:58:34,OK,
MT,GD,22183946000173,7896004700441,Amoxicilina 500 mg Caixa 15 Cápsulas,Panpharma / Santa Cruz - MT,142.0,0.6163000000000001,24.48,0.0,10.4,9.39,2026-09-09 18:58:34,OK,
MT,GD,22183946000173,7896004700458,Amoxicilina 250mg/5ml Frasco 150 ml Pó Para Suspensão Oral + Copo,Profarma - MT,204.0,0.5851,26.93,0.0,11.7,11.17,2026-09-09 18:58:38,OK,
MT,GD,22183946000173,7896004700458,Amoxicilina 250mg/5ml Frasco 150 ml Pó Para Suspensão Oral + Copo,Norte Sul Real - MT,249.0,0.5851,26.93,0.0,12.15,11.17,2026-09-09 18:58:38,OK,
MT,GD,22183946000173,7896004700458,Amoxicilina 250mg/5ml Frasco 150 ml Pó Para Suspensão Oral + Copo,Panpharma / Santa Cruz - MT,389.0,0.585,26.93,0.0,12.16,11.18,2026-09-09 18:58:38,OK,
MT,GD,22183946000173,7896004700526,Enalapril 5 mg Caixa 30 Comprimidos,Profarma - MT,106.0,0.8236,20.63,0.0,4.88,3.64,2026-09-09 18:58:41,OK,
MT,GD,22183946000173,7896004700526,Enalapril 5 mg Caixa 30 Comprimidos,Norte Sul Real - MT,58.0,0.8318000000000001,20.63,0.0,5.08,3.47,2026-09-09 18:58:41,OK,
MT,GD,22183946000173,7896004700533,Enalapril 10 mg Caixa 30 Comprimidos,Profarma - MT,3.0,0.8441,19.72,0.0,3.61,3.07,2026-09-09 18:58:45,OK,
MT,GD,22183946000173,7896004700533,Enalapril 10 mg Caixa 30 Comprimidos,Panpharma / Santa Cruz - MT,444.0,0.8440000000000001,19.72,0.0,3.95,3.08,2026-09-09 18:58:45,OK,
MT,GD,22183946000173,7896004700533,Enalapril 10 mg Caixa 30 Comprimidos,Norte Sul Real - MT,555.0,0.8547,19.72,0.0,4.49,2.87,2026-09-09 18:58:45,OK,
MT,GD,22183946000173,7896004700540,Enalapril 20 mg Caixa 30 Comprimidos,Norte Sul Real - MT,1465.0,0.8469,29.96,0.0,7.01,4.59,2026-09-09 18:58:49,OK,
MT,GD,22183946000173,7896004700564,,,0.0,0.0,0.0,0.0,0.0,0.0,2026-09-09 18:59:01,ERRO,Message: Nenhuma distribuidora pôde ser lida no card do produto.
MT,GD,22183946000173,7896004700571,Carbocisteína 50 mg/ml Frasco 100 ml Xarope Adulto,Profarma - MT,7.0,0.5247999999999999,30.56,0.0,14.73,14.52,2026-09-09 18:59:05,OK,
MT,GD,22183946000173,7896004700571,Carbocisteína 50 mg/ml Frasco 100 ml Xarope Adulto,Norte Sul Real - MT,125.0,0.5291,30.56,0.0,15.12,14.39,2026-09-09 18:59:05,OK,
MT,GD,22183946000173,7896004700571,Carbocisteína 50 mg/ml Frasco 100 ml Xarope Adulto,Panpharma / Santa Cruz - MT,98.0,0.5246999999999999,30.56,0.0,15.24,14.53,2026-09-09 18:59:05,OK,
MT,GD,22183946000173,7896004700656,Betametasona + Ácido Salicílico 0.5+30 mg/g Bisnaga 30 g Pomada,Panpharma / Santa Cruz - MT,116.0,0.7237,21.49,0.0,7.16,5.94,2026-09-09 18:59:09,OK,
MT,GD,22183946000173,7896004700656,Betametasona + Ácido Salicílico 0.5+30 mg/g Bisnaga 30 g Pomada,Norte Sul Real - MT,106.0,0.6751,21.49,0.0,8.02,6.98,2026-09-09 18:59:09,OK,
MT,GD,22183946000173,7896004700953,Pentoxifilina 400 mg Caixa 20 Comprimidos Revestidos,Profarma - MT,59.0,0.1405,49.24,0.0,41.34,41.34,2026-09-09 18:59:12,OK,
MT,GD,22183946000173,7896004700953,Pentoxifilina 400 mg Caixa 20 Comprimidos Revestidos,Panpharma / Santa Cruz - MT,171.0,0.1404,49.24,0.0,42.33,42.33,2026-09-09 18:59:12,OK,
MT,GD,22183946000173,7896004700984,Cetoconazol 20 mg/g Frasco 100 ml Shampoo Anticaspa,Profarma - MT,2.0,0.6041,55.61,0.0,23.98,22.02,2026-09-09 18:59:16,OK,
MT,GD,22183946000173,7896004700984,Cetoconazol 20 mg/g Frasco 100 ml Shampoo Anticaspa,Panpharma / Santa Cruz - MT,310.0,0.604,58.48,0.0,26.18,23.16,2026-09-09 18:59:16,OK,
MT,GD,22183946000173,7896004700991,Claritromicina 500 mg Caixa 14 Comprimidos Revestidos,Norte Sul Real - MT,92.0,0.5869,207.55,0.0,93.34,85.74,2026-09-09 18:59:20,OK,
MT,GD,22183946000173,7896004700991,Claritromicina 500 mg Caixa 14 Comprimidos Revestidos,Profarma - MT,3.0,0.5617,207.55,0.0,94.23,90.97,2026-09-09 18:59:20,OK,
MT,GD,22183946000173,7896004700991,Claritromicina 500 mg Caixa 14 Comprimidos Revestidos,Panpharma / Santa Cruz - MT,259.0,0.5715,207.55,0.0,95.99,88.94,2026-09-09 18:59:20,OK,
MT,GD,22183946000173,7896004701035,Terbinafina 10 mg/g Bisnaga 20 g Creme,Profarma - MT,70.0,0.4147,33.66,0.0,19.29,19.29,2026-09-09 18:59:24,OK,
MT,GD,22183946000173,7896004701035,Terbinafina 10 mg/g Bisnaga 20 g Creme,Panpharma / Santa Cruz - MT,451.0,0.4146,33.66,0.0,19.85,19.7,2026-09-09 18:59:24,OK,
MT,GD,22183946000173,7896004701172,Claritromicina 500 mg Caixa 10 Comprimidos Revestidos,Profarma - MT,35.0,0.6334000000000001,141.61,0.0,55.87,51.91,2026-09-09 18:59:27,OK,
MT,GD,22183946000173,7896004701172,Claritromicina 500 mg Caixa 10 Comprimidos Revestidos,Norte Sul Real - MT,95.0,0.6223,141.61,0.0,59.51,53.49,2026-09-09 18:59:27,OK,
MT,GD,22183946000173,7896004701233,Bromoprida 4 mg/ml Frasco 20 ml Gotas,Norte Sul Real - MT,750.0,0.705,18.46,0.0,6.44,5.45,2026-09-09 18:59:31,OK,
MT,GD,22183946000173,7896004701233,Bromoprida 4 mg/ml Frasco 20 ml Gotas,Profarma - MT,320.0,0.6840999999999999,18.46,0.0,6.45,5.83,2026-09-09 18:59:31,OK,
MT,GD,22183946000173,7896004701233,Bromoprida 4 mg/ml Frasco 20 ml Gotas,Panpharma / Santa Cruz - MT,451.0,0.684,18.46,0.0,6.76,5.83,2026-09-09 18:59:31,OK,
MT,GD,22183946000173,7896004701288,Hidróxido De Alumínio 61.5 mg/ml Frasco 240 ml Suspensão Oral,Profarma - MT,854.0,0.215,16.54,0.0,13.48,12.98,2026-09-09 18:59:35,OK,
MT,GD,22183946000173,7896004701288,Hidróxido De Alumínio 61.5 mg/ml Frasco 240 ml Suspensão Oral,Norte Sul Real - MT,477.0,0.20120000000000002,20.61,0.0,17.1,16.46,2026-09-09 18:59:35,OK,
MT,GD,22183946000173,7896004701288,Hidróxido De Alumínio 61.5 mg/ml Frasco 240 ml Suspensão Oral,Panpharma / Santa Cruz - MT,287.0,0.20120000000000002,20.61,0.0,17.1,16.46,2026-09-09 18:59:35,OK,
MT,GD,22183946000173,7896004701301,,,0.0,0.0,0.0,0.0,0.0,0.0,2026-09-09 18:59:47,ERRO,Message: Nenhuma distribuidora pôde ser lida no card do produto.
MT,GD,22183946000173,7896004701462,Lorazepam 2 mg Caixa 20 Comprimidos,Profarma - MT,24.0,0.82,16.95,0.0,4.06,3.05,2026-09-09 18:59:51,OK,
MT,GD,22183946000173,7896004701462,Lorazepam 2 mg Caixa 20 Comprimidos,Norte Sul Real - MT,297.0,0.8101999999999999,16.95,0.0,4.48,3.22,2026-09-09 18:59:51,OK,
MT,GD,22183946000173,7896004701820,,,0.0,0.0,0.0,0.0,0.0,0.0,2026-09-09 19:00:03,ERRO,Message: Nenhuma distribuidora pôde ser lida no card do produto.
MT,GD,22183946000173,7896004701943,Sinvastatina 10 mg Caixa 30 Comprimidos Revestidos,Panpharma / Santa Cruz - MT,27.0,0.7770999999999999,24.14,0.0,6.17,5.38,2026-09-09 19:00:06,OK,
MT,GD,22183946000173,7896004701967,Omeprazol Magnésico 20 mg Caixa 28 Cápsulas,Profarma - MT,318.0,0.784,26.63,0.0,7.17,5.75,2026-09-09 19:00:10,OK,
MT,GD,22183946000173,7896004701967,Omeprazol Magnésico 20 mg Caixa 28 Cápsulas,Panpharma / Santa Cruz - MT,414.0,0.7839,26.63,0.0,7.62,5.75,2026-09-09 19:00:10,OK,
MT,GD,22183946000173,7896004701967,Omeprazol Magnésico 20 mg Caixa 28 Cápsulas,Norte Sul Real - MT,104.0,0.7725,26.63,0.0,7.87,6.06,2026-09-09 19:00:10,OK,
MT,GD,22183946000173,7896004702032,Nistatina 100000 ui/ml Frasco 50 ml Suspensão Oral,Profarma - MT,191.0,0.6781999999999999,29.8,0.0,10.64,9.59,2026-09-09 19:00:14,OK,
MT,GD,22183946000173,7896004702032,Nistatina 100000 ui/ml Frasco 50 ml Suspensão Oral,Norte Sul Real - MT,205.0,0.6848000000000001,29.8,0.0,10.98,9.39,2026-09-09 19:00:14,OK,
MT,GD,22183946000173,7896004702032,Nistatina 100000 ui/ml Frasco 50 ml Suspensão Oral,Panpharma / Santa Cruz - MT,125.0,0.6781,29.8,0.0,11.14,9.59,2026-09-09 19:00:14,OK,
MT,GD,22183946000173,7896004702049,Benzoilmetronidazol 40 mg/ml Frasco 120 ml Suspensão Oral,Norte Sul Real - MT,182.0,0.20989999999999998,13.49,0.0,10.66,10.66,2026-09-09 19:00:18,OK,
MT,GD,22183946000173,7896004702049,Benzoilmetronidazol 40 mg/ml Frasco 120 ml Suspensão Oral,Panpharma / Santa Cruz - MT,112.0,0.1999,13.49,0.0,10.79,10.79,2026-09-09 19:00:18,OK,
MT,GD,22183946000173,7896004702452,Albendazol 40 mg/ml Frasco 10 ml Suspensão Oral,Norte Sul Real - MT,444.0,0.5505,10.18,0.0,4.88,4.58,2026-09-09 19:00:22,OK,
MT,GD,22183946000173,7896004702452,Albendazol 40 mg/ml Frasco 10 ml Suspensão Oral,Profarma - MT,338.0,0.49670000000000003,10.18,0.0,5.17,5.12,2026-09-09 19:00:22,OK,
MT,GD,22183946000173,7896004702452,Albendazol 40 mg/ml Frasco 10 ml Suspensão Oral,Panpharma / Santa Cruz - MT,58.0,0.4966,10.18,0.0,5.34,5.12,2026-09-09 19:00:22,OK,
MT,GD,22183946000173,7896004703275,Cefadroxila 500 mg Caixa 8 Cápsulas,Norte Sul Real - MT,87.0,0.7391,52.36,0.0,16.93,13.66,2026-09-09 19:00:26,OK,
MT,GD,22183946000173,7896004703275,Cefadroxila 500 mg Caixa 8 Cápsulas,Profarma - MT,176.0,0.7117,52.36,0.0,17.25,15.1,2026-09-09 19:00:26,OK,
MT,GD,22183946000173,7896004703305,Anlodipino 5 mg Caixa 30 Comprimidos,Norte Sul Real - MT,90.0,0.8708,26.55,0.0,5.68,3.43,2026-09-09 19:00:29,OK,
MT,GD,22183946000173,7896004703312,Anlodipino 10 mg Caixa 30 Comprimidos,Norte Sul Real - MT,122.0,0.9109999999999999,49.81,0.0,9.0,4.43,2026-09-09 19:00:33,OK,
MT,GD,22183946000173,7896004703312,Anlodipino 10 mg Caixa 30 Comprimidos,Panpharma / Santa Cruz - MT,100.0,0.8292,49.81,0.0,12.38,8.51,2026-09-09 19:00:33,OK,
MT,GD,22183946000173,7896004703336,Fluconazol 150 mg Caixa 1 Cápsula,Norte Sul Real - MT,45.0,0.8284999999999999,11.67,0.0,2.91,2.0,2026-09-09 19:00:36,OK,
MT,GD,22183946000173,7896004703343,Fluconazol 150 mg Caixa 2 Cápsulas,Profarma - MT,219.0,0.6436,19.64,0.0,7.59,7.0,2026-09-09 19:00:40,OK,
MT,GD,22183946000173,7896004703343,Fluconazol 150 mg Caixa 2 Cápsulas,Panpharma / Santa Cruz - MT,405.0,0.6435,19.64,0.0,7.91,7.0,2026-09-09 19:00:40,OK,
MT,GD,22183946000173,7896004703381,,,0.0,0.0,0.0,0.0,0.0,0.0,2026-09-09 19:00:52,ERRO,Message: Nenhuma distribuidora pôde ser lida no card do produto.
MT,GD,22183946000173,7896004703398,Dipirona Monoidratada 500 mg Display 240 Comprimidos,Norte Sul Real - MT,2596.0,0.8011,181.18,0.0,48.75,36.04,2026-09-09 19:00:56,OK,
MT,GD,22183946000173,7896004703398,Dipirona Monoidratada 500 mg Display 240 Comprimidos,Profarma - MT,234.0,0.7047,181.18,0.0,60.24,53.5,2026-09-09 19:00:56,OK,
MT,GD,22183946000173,7896004703398,Dipirona Monoidratada 500 mg Display 240 Comprimidos,Panpharma / Santa Cruz - MT,350.0,0.7045999999999999,181.18,0.0,63.26,53.52,2026-09-09 19:00:56,OK,
MT,GD,22183946000173,7896004703404,Amoxicilina + Clavulanato 500+125 mg Caixa 12 Comprimidos Revestidos,Profarma - MT,149.0,0.6333,84.89,0.0,33.5,31.13,2026-09-09 19:01:00,OK,
MT,GD,22183946000173,7896004703404,Amoxicilina + Clavulanato 500+125 mg Caixa 12 Comprimidos Revestidos,Norte Sul Real - MT,149.0,0.6333,84.89,0.0,34.9,31.13,2026-09-09 19:01:00,OK,
MT,GD,22183946000173,7896004703404,Amoxicilina + Clavulanato 500+125 mg Caixa 12 Comprimidos Revestidos,Panpharma / Santa Cruz - MT,207.0,0.6332,84.89,0.0,34.92,31.14,2026-09-09 19:01:00,OK,
MT,GD,22183946000173,7896004703411,Amoxicilina + Clavulanato 500+125 mg Caixa 18 Comprimidos Revestidos,Profarma - MT,125.0,0.6334000000000001,127.01,0.0,50.11,46.56,2026-09-09 19:01:04,OK,
MT,GD,22183946000173,7896004703411,Amoxicilina + Clavulanato 500+125 mg Caixa 18 Comprimidos Revestidos,Norte Sul Real - MT,968.0,0.6334000000000001,127.01,0.0,52.21,46.56,2026-09-09 19:01:04,OK,
MT,GD,22183946000173,7896004703411,Amoxicilina + Clavulanato 500+125 mg Caixa 18 Comprimidos Revestidos,Panpharma / Santa Cruz - MT,373.0,0.6333,127.01,0.0,52.22,46.57,2026-09-09 19:01:04,OK,
MT,GD,22183946000173,7896004703428,Amoxicilina + Clavulanato 250+62.5mg/5ml Frasco 75 ml Pó P/ Susp. Oral + Copo,Profarma - MT,537.0,0.4571,59.23,0.0,32.04,32.04,2026-09-09 19:01:08,OK,
MT,GD,22183946000173,7896004703428,Amoxicilina + Clavulanato 250+62.5mg/5ml Frasco 75 ml Pó P/ Susp. Oral + Copo,Norte Sul Real - MT,634.0,0.4622,59.23,0.0,32.76,31.85,2026-09-09 19:01:08,OK,
MT,GD,22183946000173,7896004703428,Amoxicilina + Clavulanato 250+62.5mg/5ml Frasco 75 ml Pó P/ Susp. Oral + Copo,Panpharma / Santa Cruz - MT,1112.0,0.457,59.23,0.0,33.02,32.16,2026-09-09 19:01:08,OK,
MT,GD,22183946000173,7896004703466,,,0.0,0.0,0.0,0.0,0.0,0.0,2026-09-09 19:01:20,ERRO,Message: Nenhuma distribuidora pôde ser lida no card do produto.
MT,GD,22183946000173,7896004703473,Metildopa 500 mg Caixa 30 Comprimidos Revestidos,Norte Sul Real - MT,932.0,0.07440000000000001,43.43,0.0,40.2,40.2,2026-09-09 19:01:24,OK,
MT,GD,22183946000173,7896004703473,Metildopa 500 mg Caixa 30 Comprimidos Revestidos,Profarma - MT,141.0,0.04019999999999999,43.43,0.0,40.81,40.81,2026-09-09 19:01:24,OK,
MT,GD,22183946000173,7896004703480,Metildopa 250 mg Caixa 30 Comprimidos Revestidos,Norte Sul Real - MT,937.0,0.0677,23.33,0.0,21.75,21.75,2026-09-09 19:01:28,OK,
MT,GD,22183946000173,7896004703480,Metildopa 250 mg Caixa 30 Comprimidos Revestidos,Profarma - MT,504.0,0.04019999999999999,23.33,0.0,21.92,21.92,2026-09-09 19:01:28,OK,
MT,GD,22183946000173,7896004703480,Metildopa 250 mg Caixa 30 Comprimidos Revestidos,Panpharma / Santa Cruz - MT,943.0,0.0401,23.33,0.0,22.39,22.39,2026-09-09 19:01:28,OK,
MT,GD,22183946000173,7896004703497,Claritromicina 250mg/5ml Frasco 60 ml Granulado Para Suspensão Oral + Diluente + Seringa,Profarma - MT,123.0,0.1462,122.28,0.0,101.95,101.95,2026-09-09 19:01:32,OK,
MT,GD,22183946000173,7896004703497,Claritromicina 250mg/5ml Frasco 60 ml Granulado Para Suspensão Oral + Diluente + Seringa,Panpharma / Santa Cruz - MT,285.0,0.1461,122.28,0.0,104.41,104.41,2026-09-09 19:01:32,OK,
MT,GD,22183946000173,7896004703497,Claritromicina 250mg/5ml Frasco 60 ml Granulado Para Suspensão Oral + Diluente + Seringa,Norte Sul Real - MT,170.0,0.1301,122.28,0.0,106.37,106.37,2026-09-09 19:01:32,OK,
MT,GD,22183946000173,7896004703565,Dexametasona 0.1 mg/ml Frasco 120 ml Elixir + Copo Dosador,Norte Sul Real - MT,365.0,0.6847,15.37,0.0,5.66,4.85,2026-09-09 19:01:35,OK,
MT,GD,22183946000173,7896004703596,Paracetamol 750 mg Caixa 20 Comprimidos Revestidos,Norte Sul Real - MT,74.0,0.6308,18.55,0.0,7.62,6.85,2026-09-09 19:01:38,OK,
MT,GD,22183946000173,7896004703633,Lansoprazol 30 mg Caixa 28 Cápsulas de Liberação Retardada,Norte Sul Real - MT,165.0,0.6572,107.57,0.0,42.1,36.87,2026-09-09 19:01:42,OK,
MT,GD,22183946000173,7896004703633,Lansoprazol 30 mg Caixa 28 Cápsulas de Liberação Retardada,Profarma - MT,11.0,0.6265,107.57,0.0,43.05,40.18,2026-09-09 19:01:42,OK,
MT,GD,22183946000173,7896004703633,Lansoprazol 30 mg Caixa 28 Cápsulas de Liberação Retardada,Panpharma / Santa Cruz - MT,105.0,0.6264,107.57,0.0,44.85,40.19,2026-09-09 19:01:42,OK,
MT,GD,22183946000173,7896004703732,Sulfametoxazol+Trimetoprima 200+40mg/5ml Frasco 100 ml Susp. Oral + Copo,Norte Sul Real - MT,881.0,0.6472,14.81,0.0,5.92,5.22,2026-09-09 19:01:46,OK,
MT,GD,22183946000173,7896004703732,Sulfametoxazol+Trimetoprima 200+40mg/5ml Frasco 100 ml Susp. Oral + Copo,Profarma - MT,19.0,0.6004999999999999,14.81,0.0,6.24,5.92,2026-09-09 19:01:46,OK,
MT,GD,22183946000173,7896004703732,Sulfametoxazol+Trimetoprima 200+40mg/5ml Frasco 100 ml Susp. Oral + Copo,Panpharma / Santa Cruz - MT,276.0,0.6103999999999999,14.81,0.0,6.37,5.77,2026-09-09 19:01:46,OK,
MT,GD,22183946000173,7896004703794,Terbinafina 250 mg Caixa 14 Comprimidos,Profarma - MT,33.0,0.7597,117.43,0.0,34.02,28.22,2026-09-09 19:01:50,OK,
MT,GD,22183946000173,7896004703794,Terbinafina 250 mg Caixa 14 Comprimidos,Panpharma / Santa Cruz - MT,143.0,0.7595999999999999,117.43,0.0,35.98,28.23,2026-09-09 19:01:50,OK,
MT,GD,22183946000173,7896004704036,Nimesulida 100 mg Caixa 12 Comprimidos,Profarma - MT,1466.0,0.8785,17.8,0.0,3.39,2.16,2026-09-09 19:01:54,OK,
MT,GD,22183946000173,7896004704036,Nimesulida 100 mg Caixa 12 Comprimidos,Norte Sul Real - MT,478.0,0.888,17.8,0.0,3.56,1.99,2026-09-09 19:01:54,OK,
MT,GD,22183946000173,7896004704036,Nimesulida 100 mg Caixa 12 Comprimidos,Panpharma / Santa Cruz - MT,2795.0,0.8784000000000001,17.8,0.0,3.69,2.16,2026-09-09 19:01:54,OK,
MT,GD,22183946000173,7896004704043,,,0.0,0.0,0.0,0.0,0.0,0.0,2026-09-09 19:02:06,ERRO,Message: Nenhuma distribuidora pôde ser lida no card do produto.
MT,GD,22183946000173,7896004704180,,,0.0,0.0,0.0,0.0,0.0,0.0,2026-09-09 19:02:18,ERRO,Message: Nenhuma distribuidora pôde ser lida no card do produto.
MT,GD,22183946000173,7896004704210,,,0.0,0.0,0.0,0.0,0.0,0.0,2026-09-09 19:02:30,ERRO,Message: Nenhuma distribuidora pôde ser lida no card do produto.
MT,GD,22183946000173,7896004704326,Captopril 25 mg Caixa 30 Comprimidos,Panpharma / Santa Cruz - MT,69.0,0.8059000000000001,12.53,0.0,2.9,2.43,2026-09-09 19:02:34,OK,
MT,GD,22183946000173,7896004704326,Captopril 25 mg Caixa 30 Comprimidos,Norte Sul Real - MT,482.0,0.7958,12.53,0.0,3.46,2.56,2026-09-09 19:02:34,OK,
MT,GD,22183946000173,7896004704364,Cefalexina 250mg/5ml Frasco 100 ml Suspensão Oral + Copo,Norte Sul Real - MT,2283.0,0.6034,53.01,0.0,23.11,21.02,2026-09-09 19:02:38,OK,
MT,GD,22183946000173,7896004704364,Cefalexina 250mg/5ml Frasco 100 ml Suspensão Oral + Copo,Profarma - MT,219.0,0.5639,53.01,0.0,23.97,23.12,2026-09-09 19:02:38,OK,
MT,GD,22183946000173,7896004704364,Cefalexina 250mg/5ml Frasco 100 ml Suspensão Oral + Copo,Panpharma / Santa Cruz - MT,13.0,0.5738,53.01,0.0,24.41,22.59,2026-09-09 19:02:38,OK,
MT,GD,22183946000173,7896004704586,,,0.0,0.0,0.0,0.0,0.0,0.0,2026-09-09 19:02:50,ERRO,Message: Nenhuma distribuidora pôde ser lida no card do produto.
MT,GD,22183946000173,7896004704593,Amoxicilina 400mg/5ml Frasco 100 ml Pó Para Suspensão Oral + Seringa,Norte Sul Real - MT,228.0,0.5921,41.42,0.0,18.44,16.9,2026-09-09 19:02:54,OK,
MT,GD,22183946000173,7896004704593,Amoxicilina 400mg/5ml Frasco 100 ml Pó Para Suspensão Oral + Seringa,Profarma - MT,222.0,0.5457,41.42,0.0,19.35,18.82,2026-09-09 19:02:54,OK,
MT,GD,22183946000173,7896004704593,Amoxicilina 400mg/5ml Frasco 100 ml Pó Para Suspensão Oral + Seringa,Panpharma / Santa Cruz - MT,81.0,0.5456,41.42,0.0,20.05,18.82,2026-09-09 19:02:54,OK,
MT,GD,22183946000173,7896004704623,Dexclorfeniramina + Betametasona 0.4+0.05 mg/ml Frasco 120 ml Xarope,Profarma - MT,108.0,0.6359,19.63,0.0,7.65,7.15,2026-09-09 19:02:58,OK,
MT,GD,22183946000173,7896004704623,Dexclorfeniramina + Betametasona 0.4+0.05 mg/ml Frasco 120 ml Xarope,Norte Sul Real - MT,152.0,0.6479,19.63,0.0,7.78,6.91,2026-09-09 19:02:58,OK,
MT,GD,22183946000173,7896004704623,Dexclorfeniramina + Betametasona 0.4+0.05 mg/ml Frasco 120 ml Xarope,Panpharma / Santa Cruz - MT,260.0,0.6358,19.63,0.0,7.97,7.15,2026-09-09 19:02:58,OK,
MT,GD,22183946000173,7896004704692,Cefalexina 500 mg Caixa 10 Comprimidos Revestidos,Norte Sul Real - MT,1248.0,0.5854,25.93,0.0,11.69,10.75,2026-09-09 19:03:02,OK,
MT,GD,22183946000173,7896004704692,Cefalexina 500 mg Caixa 10 Comprimidos Revestidos,Profarma - MT,174.0,0.5096,25.93,0.0,12.9,12.72,2026-09-09 19:03:02,OK,
MT,GD,22183946000173,7896004704999,Dexclorfeniramina 2mg/5ml Frasco 120 ml Solução Oral,Profarma - MT,93.0,0.6515000000000001,19.38,0.0,7.29,6.75,2026-09-09 19:03:06,OK,
MT,GD,22183946000173,7896004704999,Dexclorfeniramina 2mg/5ml Frasco 120 ml Solução Oral,Panpharma / Santa Cruz - MT,186.0,0.6514,19.38,0.0,7.62,6.76,2026-09-09 19:03:06,OK,
MT,GD,22183946000173,7896004704999,Dexclorfeniramina 2mg/5ml Frasco 120 ml Solução Oral,Norte Sul Real - MT,112.0,0.6515000000000001,19.38,0.0,7.62,6.75,2026-09-09 19:03:06,OK,
MT,GD,22183946000173,7896004705057,Diclofenaco Dietilamônio 11.6 mg/g Bisnaga 60 g Gel,Norte Sul Real - MT,180.0,0.4208,14.36,0.0,8.4,8.32,2026-09-09 19:03:10,OK,
MT,GD,22183946000173,7896004705057,Diclofenaco Dietilamônio 11.6 mg/g Bisnaga 60 g Gel,Profarma - MT,137.0,0.2883,14.36,0.0,9.93,9.93,2026-09-09 19:03:10,OK,
MT,GD,22183946000173,7896004705057,Diclofenaco Dietilamônio 11.6 mg/g Bisnaga 60 g Gel,Panpharma / Santa Cruz - MT,18.0,0.2882,14.36,0.0,10.22,10.22,2026-09-09 19:03:10,OK,
MT,GD,22183946000173,7896004705071,Piroxicam 20 mg Caixa 15 Cápsulas,Norte Sul Real - MT,447.0,0.7287,25.4,0.0,8.43,6.89,2026-09-09 19:03:13,OK,
MT,GD,22183946000173,7896004705071,Piroxicam 20 mg Caixa 15 Cápsulas,Panpharma / Santa Cruz - MT,317.0,0.6981,25.4,0.0,9.08,7.67,2026-09-09 19:03:13,OK,
MT,GD,22183946000173,7896004705088,,,0.0,0.0,0.0,0.0,0.0,0.0,2026-09-09 19:03:25,ERRO,Message: Nenhuma distribuidora pôde ser lida no card do produto.
MT,GD,22183946000173,7896004705118,Cetoconazol + Betametasona 20+0.5 mg/g Bisnaga 30 g Pomada,Profarma - MT,42.0,0.7469,24.91,0.0,7.4,6.3,2026-09-09 19:03:29,OK,
MT,GD,22183946000173,7896004705118,Cetoconazol + Betametasona 20+0.5 mg/g Bisnaga 30 g Pomada,Norte Sul Real - MT,40.0,0.7469,24.91,0.0,7.82,6.3,2026-09-09 19:03:29,OK,
MT,GD,22183946000173,7896004705118,Cetoconazol + Betametasona 20+0.5 mg/g Bisnaga 30 g Pomada,Panpharma / Santa Cruz - MT,86.0,0.7468,24.91,0.0,7.83,6.31,2026-09-09 19:03:29,OK,
MT,GD,22183946000173,7896004705125,Cetoconazol + Betametasona 20+0.5 mg/g Bisnaga 30 g Creme,Panpharma / Santa Cruz - MT,130.0,0.7337,25.41,0.0,8.26,6.77,2026-09-09 19:03:33,OK,
MT,GD,22183946000173,7896004705125,Cetoconazol + Betametasona 20+0.5 mg/g Bisnaga 30 g Creme,Norte Sul Real - MT,54.0,0.7198,25.41,0.0,8.55,7.12,2026-09-09 19:03:33,OK,
MT,GD,22183946000173,7896004705132,,,0.0,0.0,0.0,0.0,0.0,0.0,2026-09-09 19:03:45,ERRO,Message: Nenhuma distribuidora pôde ser lida no card do produto.
MT,GD,22183946000173,7896004705323,,,0.0,0.0,0.0,0.0,0.0,0.0,2026-09-09 19:03:57,ERRO,Message: Nenhuma distribuidora pôde ser lida no card do produto.
MT,GD,22183946000173,7896004705330,Simeticona 75 mg/ml Frasco 15 ml Gotas,Norte Sul Real - MT,403.0,0.8195,21.86,0.0,4.09,3.95,2026-09-09 19:04:01,OK,
MT,GD,22183946000173,7896004705330,Simeticona 75 mg/ml Frasco 15 ml Gotas,Panpharma / Santa Cruz - MT,805.0,0.8044,21.86,0.0,4.45,4.28,2026-09-09 19:04:01,OK,
MT,GD,22183946000173,7896004705330,Simeticona 75 mg/ml Frasco 15 ml Gotas,Profarma - MT,102.0,0.8045,20.62,0.0,5.46,4.03,2026-09-09 19:04:01,OK,
MT,GD,22183946000173,7896004705347,,,0.0,0.0,0.0,0.0,0.0,0.0,2026-09-09 19:04:13,ERRO,Message: Nenhuma distribuidora pôde ser lida no card do produto.
MT,GD,22183946000173,7896004705477,Amoxicilina 500mg/5ml Frasco 150 ml Pó Para Suspensão Oral + Copo,Profarma - MT,64.0,0.5942000000000001,62.42,0.0,26.66,25.33,2026-09-09 19:04:17,OK,
MT,GD,22183946000173,7896004705477,Amoxicilina 500mg/5ml Frasco 150 ml Pó Para Suspensão Oral + Copo,Norte Sul Real - MT,227.0,0.5982999999999999,62.42,0.0,27.48,25.07,2026-09-09 19:04:17,OK,
MT,GD,22183946000173,7896004705477,Amoxicilina 500mg/5ml Frasco 150 ml Pó Para Suspensão Oral + Copo,Panpharma / Santa Cruz - MT,44.0,0.5941,62.42,0.0,27.7,25.34,2026-09-09 19:04:17,OK,
MT,GD,22183946000173,7896004705583,Clortalidona 50 mg Caixa 30 Comprimidos,Norte Sul Real - MT,398.0,0.17809999999999998,22.19,0.0,18.23,18.23,2026-09-09 19:04:21,OK,
MT,GD,22183946000173,7896004705583,Clortalidona 50 mg Caixa 30 Comprimidos,Profarma - MT,77.0,0.0646,22.19,0.0,20.32,20.32,2026-09-09 19:04:21,OK,
MT,GD,22183946000173,7896004705590,Cetoconazol+Betametasona+Neomicina 20+0.5+2.5 mg/g Pomada Bisnaga 30 g,Profarma - MT,58.0,0.6973999999999999,28.85,0.0,9.76,8.73,2026-09-09 19:04:25,OK,
MT,GD,22183946000173,7896004705590,Cetoconazol+Betametasona+Neomicina 20+0.5+2.5 mg/g Pomada Bisnaga 30 g,Norte Sul Real - MT,165.0,0.6973,28.85,0.0,10.24,8.73,2026-09-09 19:04:25,OK,
MT,GD,22183946000173,7896004705590,Cetoconazol+Betametasona+Neomicina 20+0.5+2.5 mg/g Pomada Bisnaga 30 g,Panpharma / Santa Cruz - MT,146.0,0.6973,28.85,0.0,10.25,8.73,2026-09-09 19:04:25,OK,
MT,GD,22183946000173,7896004705606,Cetoconazol+Betametasona+Neomicina 20+0.5+2.5 mg/g Creme Bisnaga 30 g,Norte Sul Real - MT,167.0,0.6806,25.65,0.0,9.47,8.19,2026-09-09 19:04:29,OK,
MT,GD,22183946000173,7896004705606,Cetoconazol+Betametasona+Neomicina 20+0.5+2.5 mg/g Creme Bisnaga 30 g,Profarma - MT,137.0,0.6229,25.65,0.0,10.27,9.67,2026-09-09 19:04:29,OK,
MT,GD,22183946000173,7896004705606,Cetoconazol+Betametasona+Neomicina 20+0.5+2.5 mg/g Creme Bisnaga 30 g,Panpharma / Santa Cruz - MT,367.0,0.6228,25.65,0.0,10.7,9.68,2026-09-09 19:04:29,OK,
MT,GD,22183946000173,7896004705736,Cetoprofeno 50 mg Caixa 24 Cápsulas,Profarma - MT,33.0,0.6618999999999999,30.65,0.0,11.36,10.36,2026-09-09 19:04:33,OK,
MT,GD,22183946000173,7896004705736,Cetoprofeno 50 mg Caixa 24 Cápsulas,Norte Sul Real - MT,205.0,0.6618,30.65,0.0,11.87,10.37,2026-09-09 19:04:33,OK,
MT,GD,22183946000173,7896004705736,Cetoprofeno 50 mg Caixa 24 Cápsulas,Panpharma / Santa Cruz - MT,53.0,0.6618,30.65,0.0,11.88,10.37,2026-09-09 19:04:33,OK,
MT,GD,22183946000173,7896004705781,Atenolol 25 mg Caixa 30 Comprimidos,Norte Sul Real - MT,67.0,0.8831,18.01,0.0,3.01,2.11,2026-09-09 19:04:37,OK,
MT,GD,22183946000173,7896004705781,Atenolol 25 mg Caixa 30 Comprimidos,Panpharma / Santa Cruz - MT,237.0,0.873,18.01,0.0,3.17,2.29,2026-09-09 19:04:37,OK,
MT,GD,22183946000173,7896004705866,,,0.0,0.0,0.0,0.0,0.0,0.0,2026-09-09 19:04:49,ERRO,Message: Nenhuma distribuidora pôde ser lida no card do produto.
MT,GD,22183946000173,7896004705873,Atenolol 50 mg Caixa 30 Comprimidos,Profarma - MT,91.0,0.8101,21.49,0.0,5.33,4.08,2026-09-09 19:04:53,OK,
MT,GD,22183946000173,7896004705873,Atenolol 50 mg Caixa 30 Comprimidos,Norte Sul Real - MT,265.0,0.8151,21.49,0.0,5.59,3.97,2026-09-09 19:04:53,OK,
MT,GD,22183946000173,7896004705873,Atenolol 50 mg Caixa 30 Comprimidos,Panpharma / Santa Cruz - MT,402.0,0.81,21.49,0.0,5.69,4.08,2026-09-09 19:04:53,OK,
MT,GD,22183946000173,7896004705880,,,0.0,0.0,0.0,0.0,0.0,0.0,2026-09-09 19:05:05,ERRO,Message: Nenhuma distribuidora pôde ser lida no card do produto.
MT,GD,22183946000173,7896004705989,,,0.0,0.0,0.0,0.0,0.0,0.0,2026-09-09 19:05:17,ERRO,Message: Nenhuma distribuidora pôde ser lida no card do produto.
MT,GD,22183946000173,7896004706009,,,0.0,0.0,0.0,0.0,0.0,0.0,2026-09-09 19:05:29,ERRO,Message: Nenhuma distribuidora pôde ser lida no card do produto.
MT,GD,22183946000173,7896004706290,Xarope Cloridrato de Ambroxol Adulto 30mg/5ml Frasco 120 ml,Profarma - MT,131.0,0.6652,28.77,0.0,10.5,9.63,2026-09-09 19:05:33,OK,
MT,GD,22183946000173,7896004706290,Xarope Cloridrato de Ambroxol Adulto 30mg/5ml Frasco 120 ml,Norte Sul Real - MT,188.0,0.6838,28.77,0.0,10.54,9.1,2026-09-09 19:05:33,OK,
MT,GD,22183946000173,7896004706290,Xarope Cloridrato de Ambroxol Adulto 30mg/5ml Frasco 120 ml,Panpharma / Santa Cruz - MT,59.0,0.6751,28.77,0.0,10.75,9.35,2026-09-09 19:05:33,OK,
MT,GD,22183946000173,7896004706306,Prednisona 5 mg Caixa 20 Comprimidos,Panpharma / Santa Cruz - MT,63.0,0.6803,14.89,0.0,5.54,4.76,2026-09-09 19:05:37,OK,
MT,GD,22183946000173,7896004706313,Prednisona 20 mg Caixa 10 Comprimidos,Profarma - MT,412.0,0.7563,21.69,0.0,6.35,5.29,2026-09-09 19:05:40,OK,
MT,GD,22183946000173,7896004706313,Prednisona 20 mg Caixa 10 Comprimidos,Panpharma / Santa Cruz - MT,720.0,0.7562000000000001,21.69,0.0,6.71,5.29,2026-09-09 19:05:40,OK,
MT,GD,22183946000173,7896004706368,Clortalidona 25 mg Caixa 60 Comprimidos,Profarma - MT,198.0,0.06559999999999999,29.13,0.0,26.64,26.64,2026-09-09 19:05:44,OK,
MT,GD,22183946000173,7896004706368,Clortalidona 25 mg Caixa 60 Comprimidos,Norte Sul Real - MT,710.0,0.0655,29.13,0.0,27.21,27.21,2026-09-09 19:05:44,OK,
MT,GD,22183946000173,7896004706368,Clortalidona 25 mg Caixa 60 Comprimidos,Panpharma / Santa Cruz - MT,607.0,0.0655,29.13,0.0,27.22,27.22,2026-09-09 19:05:44,OK,
MT,GD,22183946000173,7896004706375,Clortalidona 12.5 mg Caixa 60 Comprimidos,Profarma - MT,359.0,0.1282,16.57,0.0,14.12,14.12,2026-09-09 19:05:48,OK,
MT,GD,22183946000173,7896004706375,Clortalidona 12.5 mg Caixa 60 Comprimidos,Norte Sul Real - MT,216.0,0.1282,16.57,0.0,14.44,14.44,2026-09-09 19:05:48,OK,
MT,GD,22183946000173,7896004706375,Clortalidona 12.5 mg Caixa 60 Comprimidos,Panpharma / Santa Cruz - MT,292.0,0.1281,16.57,0.0,14.45,14.45,2026-09-09 19:05:48,OK,
MT,GD,22183946000173,7896004706382,Amoxicilina 875 mg Caixa 14 Comprimidos Revestidos,Norte Sul Real - MT,67.0,0.6425,62.81,0.0,25.34,22.45,2026-09-09 19:05:52,OK,
MT,GD,22183946000173,7896004706382,Amoxicilina 875 mg Caixa 14 Comprimidos Revestidos,Profarma - MT,27.0,0.5590999999999999,62.81,0.0,28.65,27.69,2026-09-09 19:05:52,OK,
MT,GD,22183946000173,7896004706382,Amoxicilina 875 mg Caixa 14 Comprimidos Revestidos,Panpharma / Santa Cruz - MT,22.0,0.5589999999999999,62.81,0.0,29.7,27.7,2026-09-09 19:05:52,OK,
MT,GD,22183946000173,7896004706405,Finasterida 1 mg Caixa 30 Comprimidos Revestidos,Profarma - MT,80.0,0.7734000000000001,61.49,0.0,16.93,13.93,2026-09-09 19:05:56,OK,
MT,GD,22183946000173,7896004706405,Finasterida 1 mg Caixa 30 Comprimidos Revestidos,Panpharma / Santa Cruz - MT,80.0,0.7733,61.49,0.0,17.96,13.94,2026-09-09 19:05:56,OK,
MT,GD,22183946000173,7896004706474,Glibenclamida 5 mg Caixa 30 Comprimidos,Profarma - MT,314.0,0.8079000000000001,12.07,0.0,2.58,2.32,2026-09-09 19:06:00,OK,
MT,GD,22183946000173,7896004706474,Glibenclamida 5 mg Caixa 30 Comprimidos,Panpharma / Santa Cruz - MT,482.0,0.8178,12.07,0.0,2.68,2.2,2026-09-09 19:06:00,OK,
MT,GD,22183946000173,7896004706474,Glibenclamida 5 mg Caixa 30 Comprimidos,Norte Sul Real - MT,146.0,0.8209000000000001,12.07,0.0,3.08,2.16,2026-09-09 19:06:00,OK,
MT,GD,22183946000173,7896004706665,Diclofenaco Sódico 100 mg Caixa 10 Comprimidos Revestidos Lib. Lenta,Profarma - MT,198.0,0.7936,26.77,0.0,7.0,5.53,2026-09-09 19:06:04,OK,
MT,GD,22183946000173,7896004706665,Diclofenaco Sódico 100 mg Caixa 10 Comprimidos Revestidos Lib. Lenta,Norte Sul Real - MT,347.0,0.7936,26.77,0.0,7.44,5.53,2026-09-09 19:06:04,OK,
MT,GD,22183946000173,7896004706665,Diclofenaco Sódico 100 mg Caixa 10 Comprimidos Revestidos Lib. Lenta,Panpharma / Santa Cruz - MT,230.0,0.7935,26.77,0.0,7.45,5.53,2026-09-09 19:06:04,OK,
MT,GD,22183946000173,7896004706733,Diltiazem 30 mg Caixa 50 Comprimidos,Profarma - MT,87.0,0.17350000000000002,20.24,0.0,16.33,16.33,2026-09-09 19:06:08,OK,
MT,GD,22183946000173,7896004706733,Diltiazem 30 mg Caixa 50 Comprimidos,Norte Sul Real - MT,182.0,0.17350000000000002,20.24,0.0,16.72,16.72,2026-09-09 19:06:08,OK,
MT,GD,22183946000173,7896004706733,Diltiazem 30 mg Caixa 50 Comprimidos,Panpharma / Santa Cruz - MT,185.0,0.1734,20.24,0.0,16.73,16.73,2026-09-09 19:06:08,OK,
MT,GD,22183946000173,7896004706795,Losartana Potássica 50 mg Caixa 30 Comprimidos Revestidos,Profarma - MT,2273.0,0.8551000000000001,17.1,0.0,2.98,2.48,2026-09-09 19:06:12,OK,
MT,GD,22183946000173,7896004706795,Losartana Potássica 50 mg Caixa 30 Comprimidos Revestidos,Norte Sul Real - MT,66.0,0.8814,17.1,0.0,3.51,2.03,2026-09-09 19:06:12,OK,
MT,GD,22183946000173,7896004706856,,,0.0,0.0,0.0,0.0,0.0,0.0,2026-09-09 19:06:24,ERRO,Message: Nenhuma distribuidora pôde ser lida no card do produto.
MT,GD,22183946000173,7896004706900,Cetorolaco 5 mg/ml Frasco 5 ml Solução Oftálmica,Profarma - MT,97.0,0.2638,43.43,0.0,31.1,31.1,2026-09-09 19:06:27,OK,
MT,GD,22183946000173,7896004706900,Cetorolaco 5 mg/ml Frasco 5 ml Solução Oftálmica,Panpharma / Santa Cruz - MT,145.0,0.2637,43.43,0.0,31.98,31.98,2026-09-09 19:06:27,OK,
MT,GD,22183946000173,7896004707310,Verapamil 80 mg Caixa 30 Comprimidos Revestidos,Norte Sul Real - MT,53.0,0.6014,27.42,0.0,12.0,10.93,2026-09-09 19:06:31,OK,
MT,GD,22183946000173,7896004707310,Verapamil 80 mg Caixa 30 Comprimidos Revestidos,Panpharma / Santa Cruz - MT,37.0,0.5981000000000001,27.42,0.0,12.08,11.02,2026-09-09 19:06:31,OK,
MT,GD,22183946000173,7896004708058,,,0.0,0.0,0.0,0.0,0.0,0.0,2026-09-09 19:06:43,ERRO,Message: Nenhuma distribuidora pôde ser lida no card do produto.
MT,GD,22183946000173,7896004708072,Itraconazol 100 mg Caixa 15 Cápsulas,Norte Sul Real - MT,170.0,0.862,143.3,0.0,31.72,19.78,2026-09-09 19:06:46,OK,
MT,GD,22183946000173,7896004708652,Simeticona 125 mg Caixa 10 Cápsulas Moles,Norte Sul Real - MT,258.0,0.831,26.78,0.0,4.71,4.53,2026-09-09 19:06:51,OK,
MT,GD,22183946000173,7896004708652,Simeticona 125 mg Caixa 10 Cápsulas Moles,Panpharma / Santa Cruz - MT,495.0,0.8207,26.78,0.0,4.98,4.8,2026-09-09 19:06:51,OK,
MT,GD,22183946000173,7896004708652,Simeticona 125 mg Caixa 10 Cápsulas Moles,Profarma - MT,66.0,0.8208,25.24,0.0,6.35,4.52,2026-09-09 19:06:51,OK,
MT,GD,22183946000173,7896004708706,Acetilcisteína 200 mg Caixa 5 g Granulado,Norte Sul Real - MT,160.0,0.5915,35.84,0.0,15.88,14.64,2026-09-09 19:06:55,OK,
MT,GD,22183946000173,7896004708706,Acetilcisteína 200 mg Caixa 5 g Granulado,Profarma - MT,50.0,0.39380000000000004,35.84,0.0,21.17,21.17,2026-09-09 19:06:55,OK,
MT,GD,22183946000173,7896004708706,Acetilcisteína 200 mg Caixa 5 g Granulado,Panpharma / Santa Cruz - MT,11.0,0.3937,35.84,0.0,21.77,21.73,2026-09-09 19:06:55,OK,
MT,GD,22183946000173,7896004708744,,,0.0,0.0,0.0,0.0,0.0,0.0,2026-09-09 19:07:07,ERRO,Message: Nenhuma distribuidora pôde ser lida no card do produto.
MT,GD,22183946000173,7896004708942,Espironolactona 25 mg Caixa 30 Comprimidos,Norte Sul Real - MT,1294.0,0.685,21.89,0.0,8.06,6.9,2026-09-09 19:07:11,OK,
MT,GD,22183946000173,7896004708942,Espironolactona 25 mg Caixa 30 Comprimidos,Panpharma / Santa Cruz - MT,581.0,0.6241,21.89,0.0,8.37,8.23,2026-09-09 19:07:11,OK,
MT,GD,22183946000173,7896004708973,,,0.0,0.0,0.0,0.0,0.0,0.0,2026-09-09 19:07:23,ERRO,Message: Nenhuma distribuidora pôde ser lida no card do produto.
MT,GD,22183946000173,7896004709123,,,0.0,0.0,0.0,0.0,0.0,0.0,2026-09-09 19:07:35,ERRO,Message: Nenhuma distribuidora pôde ser lida no card do produto.
MT,GD,22183946000173,7896004709130,Atenolol + Clortalidona 50+12.5 mg Caixa 30 Comprimidos,Profarma - MT,87.0,0.8151999999999999,31.31,0.0,7.62,5.79,2026-09-09 19:07:39,OK,
MT,GD,22183946000173,7896004709130,Atenolol + Clortalidona 50+12.5 mg Caixa 30 Comprimidos,Norte Sul Real - MT,270.0,0.8189,31.31,0.0,8.05,5.67,2026-09-09 19:07:39,OK,
MT,GD,22183946000173,7896004709130,Atenolol + Clortalidona 50+12.5 mg Caixa 30 Comprimidos,Panpharma / Santa Cruz - MT,334.0,0.8151,31.31,0.0,8.16,5.79,2026-09-09 19:07:39,OK,
MT,GD,22183946000173,7896004709291,Deflazacorte 30 mg Caixa 10 Comprimidos,Norte Sul Real - MT,128.0,0.11630000000000001,117.3,0.0,103.66,103.66,2026-09-09 19:07:43,OK,
MT,GD,22183946000173,7896004709291,Deflazacorte 30 mg Caixa 10 Comprimidos,Panpharma / Santa Cruz - MT,83.0,0.1002,117.3,0.0,105.55,105.55,2026-09-09 19:07:43,OK,
MT,GD,22183946000173,7896004709307,Deflazacorte 6 mg Caixa 20 Comprimidos,Norte Sul Real - MT,134.0,0.21539999999999998,49.1,0.0,38.52,38.52,2026-09-09 19:07:47,OK,
MT,GD,22183946000173,7896004709307,Deflazacorte 6 mg Caixa 20 Comprimidos,Profarma - MT,13.0,0.1537,49.1,0.0,40.57,40.57,2026-09-09 19:07:47,OK,
MT,GD,22183946000173,7896004709307,Deflazacorte 6 mg Caixa 20 Comprimidos,Panpharma / Santa Cruz - MT,146.0,0.1536,49.1,0.0,41.56,41.56,2026-09-09 19:07:47,OK,
MT,GD,22183946000173,7896004709567,,,0.0,0.0,0.0,0.0,0.0,0.0,2026-09-09 19:07:59,ERRO,Message: Nenhuma distribuidora pôde ser lida no card do produto.
MT,GD,22183946000173,7896004709710,,,0.0,0.0,0.0,0.0,0.0,0.0,2026-09-09 19:08:11,ERRO,Message: Nenhuma distribuidora pôde ser lida no card do produto.
MT,GD,22183946000173,7896004709956,Enalapril + Hidroclorotiazida 20+12.5 mg Caixa 30 Comprimidos,Norte Sul Real - MT,35.0,0.848,73.87,0.0,17.21,11.23,2026-09-09 19:08:15,OK,
MT,GD,22183946000173,7896004710402,Desonida 0.5 mg/g Bisnaga 30 g Creme,Norte Sul Real - MT,35.0,0.6734,33.58,0.0,12.59,10.97,2026-09-09 19:08:19,OK,
MT,GD,22183946000173,7896004710402,Desonida 0.5 mg/g Bisnaga 30 g Creme,Profarma - MT,75.0,0.631,33.58,0.0,13.22,12.39,2026-09-09 19:08:19,OK,
MT,GD,22183946000173,7896004710402,Desonida 0.5 mg/g Bisnaga 30 g Creme,Panpharma / Santa Cruz - MT,95.0,0.6309,33.58,0.0,13.77,12.39,2026-09-09 19:08:19,OK,
MT,GD,22183946000173,7896004710419,Rifamicina 10 mg/ml Frasco 20 ml Solução Tópica Spray,Norte Sul Real - MT,343.0,0.2869,22.0,0.0,15.69,15.69,2026-09-09 19:08:22,OK,
MT,GD,22183946000173,7896004710419,Rifamicina 10 mg/ml Frasco 20 ml Solução Tópica Spray,Panpharma / Santa Cruz - MT,101.0,0.1605,22.0,0.0,18.47,18.47,2026-09-09 19:08:22,OK,
MT,GD,22183946000173,7896004710464,Acebrofilina 25mg/5ml Frasco 120 ml Xarope Pediátrico,Profarma - MT,48.0,0.5841,23.11,0.0,10.06,9.61,2026-09-09 19:08:26,OK,
MT,GD,22183946000173,7896004710464,Acebrofilina 25mg/5ml Frasco 120 ml Xarope Pediátrico,Panpharma / Santa Cruz - MT,52.0,0.584,23.11,0.0,10.45,9.61,2026-09-09 19:08:26,OK,
MT,GD,22183946000173,7896004710471,Acebrofilina 50mg/5ml Frasco 120 ml Xarope Adulto,Profarma - MT,119.0,0.5498,32.64,0.0,15.14,14.69,2026-09-09 19:08:30,OK,
MT,GD,22183946000173,7896004710471,Acebrofilina 50mg/5ml Frasco 120 ml Xarope Adulto,Panpharma / Santa Cruz - MT,51.0,0.5497,32.64,0.0,15.69,14.7,2026-09-09 19:08:30,OK,
MT,GD,22183946000173,7896004710525,Bezafibrato 200 mg Caixa 20 Comprimidos Revestidos,Profarma - MT,68.0,0.0632,31.64,0.0,29.01,29.01,2026-09-09 19:08:33,OK,
MT,GD,22183946000173,7896004710525,Bezafibrato 200 mg Caixa 20 Comprimidos Revestidos,Panpharma / Santa Cruz - MT,33.0,0.06309999999999999,31.64,0.0,29.64,29.64,2026-09-09 19:08:33,OK,
MT,GD,22183946000173,7896004710679,Meloxicam 15 mg Caixa 10 Comprimidos,Profarma - MT,340.0,0.8781,32.52,0.0,6.22,3.96,2026-09-09 19:08:38,OK,
MT,GD,22183946000173,7896004710679,Meloxicam 15 mg Caixa 10 Comprimidos,Norte Sul Real - MT,455.0,0.8974,32.52,0.0,6.24,3.34,2026-09-09 19:08:38,OK,
MT,GD,22183946000173,7896004710679,Meloxicam 15 mg Caixa 10 Comprimidos,Panpharma / Santa Cruz - MT,417.0,0.878,32.52,0.0,6.77,3.97,2026-09-09 19:08:38,OK,
MT,GD,22183946000173,7896004710761,Sinvastatina 20 mg Caixa 30 Comprimidos Revestidos,Norte Sul Real - MT,115.0,0.9007,41.4,0.0,7.83,4.11,2026-09-09 19:08:41,OK,
MT,GD,22183946000173,7896004710860,,,0.0,0.0,0.0,0.0,0.0,0.0,2026-09-09 19:08:53,ERRO,Message: Nenhuma distribuidora pôde ser lida no card do produto.
MT,GD,22183946000173,7896004710891,Ácido Acetilsalicílico 100 mg Caixa 30 Comprimidos,Norte Sul Real - MT,739.0,0.33649999999999997,10.76,0.0,7.14,7.14,2026-09-09 19:08:57,OK,
MT,GD,22183946000173,7896004710891,Ácido Acetilsalicílico 100 mg Caixa 30 Comprimidos,Profarma - MT,552.0,0.18600000000000003,10.76,0.0,8.54,8.54,2026-09-09 19:08:57,OK,
MT,GD,22183946000173,7896004710891,Ácido Acetilsalicílico 100 mg Caixa 30 Comprimidos,Panpharma / Santa Cruz - MT,328.0,0.1859,10.76,0.0,8.76,8.76,2026-09-09 19:08:57,OK,
MT,GD,22183946000173,7896004710907,Ácido Acetilsalicílico 100 mg Display 200 Comprimidos,Norte Sul Real - MT,201.0,0.4201,68.11,0.0,39.86,39.5,2026-09-09 19:09:01,OK,
MT,GD,22183946000173,7896004710907,Ácido Acetilsalicílico 100 mg Display 200 Comprimidos,Panpharma / Santa Cruz - MT,34.0,0.42,68.11,0.0,39.86,39.5,2026-09-09 19:09:01,OK,
MT,GD,22183946000173,7896004711034,Espironolactona 50 mg Caixa 30 Comprimidos,Norte Sul Real - MT,547.0,0.5716,35.2,0.0,16.28,15.08,2026-09-09 19:09:05,OK,
MT,GD,22183946000173,7896004711034,Espironolactona 50 mg Caixa 30 Comprimidos,Profarma - MT,134.0,0.5436,35.2,0.0,16.52,16.07,2026-09-09 19:09:05,OK,
MT,GD,22183946000173,7896004711034,Espironolactona 50 mg Caixa 30 Comprimidos,Panpharma / Santa Cruz - MT,73.0,0.5435,35.2,0.0,17.1,16.07,2026-09-09 19:09:05,OK,
MT,GD,22183946000173,7896004711188,Sinvastatina 40 mg Caixa 30 Comprimidos Revestidos,Profarma - MT,758.0,0.8631,49.28,0.0,8.24,6.75,2026-09-09 19:09:09,OK,
MT,GD,22183946000173,7896004711188,Sinvastatina 40 mg Caixa 30 Comprimidos Revestidos,Panpharma / Santa Cruz - MT,273.0,0.863,49.28,0.0,9.06,6.75,2026-09-09 19:09:09,OK,
MT,GD,22183946000173,7896004711188,Sinvastatina 40 mg Caixa 30 Comprimidos Revestidos,Norte Sul Real - MT,47.0,0.8691,49.28,0.0,10.62,6.45,2026-09-09 19:09:09,OK,
MT,GD,22183946000173,7896004711195,Nistatina + Óxido De Zinco 100.000ui+200mg/g Bisnaga 60 g Pomada,Profarma - MT,478.0,0.6019,28.5,0.0,11.91,11.35,2026-09-09 19:09:13,OK,
MT,GD,22183946000173,7896004711195,Nistatina + Óxido De Zinco 100.000ui+200mg/g Bisnaga 60 g Pomada,Panpharma / Santa Cruz - MT,1487.0,0.6018,28.5,0.0,12.38,11.35,2026-09-09 19:09:13,OK,
MT,GD,22183946000173,7896004711195,Nistatina + Óxido De Zinco 100.000ui+200mg/g Bisnaga 60 g Pomada,Norte Sul Real - MT,525.0,0.5997,28.5,0.0,12.43,11.41,2026-09-09 19:09:13,OK,
MT,GD,22183946000173,7896004711218,,,0.0,0.0,0.0,0.0,0.0,0.0,2026-09-09 19:09:25,ERRO,Message: Nenhuma distribuidora pôde ser lida no card do produto.
MT,GD,22183946000173,7896004711225,,,0.0,0.0,0.0,0.0,0.0,0.0,2026-09-09 19:09:38,ERRO,Message: Nenhuma distribuidora pôde ser lida no card do produto.
MT,GD,22183946000173,7896004711232,Glimepirida 4 mg Caixa 30 Comprimidos,Norte Sul Real - MT,101.0,0.8288,52.82,0.0,13.15,9.04,2026-09-09 19:09:41,OK,
MT,GD,22183946000173,7896004711287,Dexclorfeniramina 2 mg Caixa 20 Comprimidos,Norte Sul Real - MT,61.0,0.6225999999999999,12.98,0.0,5.42,4.9,2026-09-09 19:09:45,OK,
MT,GD,22183946000173,7896004711287,Dexclorfeniramina 2 mg Caixa 20 Comprimidos,Profarma - MT,7.0,0.5526,12.98,0.0,5.96,5.81,2026-09-09 19:09:45,OK,
MT,GD,22183946000173,7896004711287,Dexclorfeniramina 2 mg Caixa 20 Comprimidos,Panpharma / Santa Cruz - MT,134.0,0.5525,12.98,0.0,6.17,5.81,2026-09-09 19:09:45,OK,
MT,GD,22183946000173,7896004711423,Clotrimazol 10 mg/g Bisnaga 35 g Creme Vaginal + 6 Aplicadores,Profarma - MT,790.0,0.6018,50.28,0.0,21.01,20.02,2026-09-09 19:09:49,OK,
MT,GD,22183946000173,7896004711423,Clotrimazol 10 mg/g Bisnaga 35 g Creme Vaginal + 6 Aplicadores,Panpharma / Santa Cruz - MT,992.0,0.6017,50.28,0.0,21.85,20.03,2026-09-09 19:09:49,OK,
MT,GD,22183946000173,7896004711454,Amilorida + Hidroclorotiazida 5+50 mg Caixa 30 Comprimidos,Profarma - MT,8.0,0.25730000000000003,17.64,0.0,12.75,12.75,2026-09-09 19:09:53,OK,
MT,GD,22183946000173,7896004711454,Amilorida + Hidroclorotiazida 5+50 mg Caixa 30 Comprimidos,Panpharma / Santa Cruz - MT,124.0,0.2572,17.64,0.0,13.1,13.1,2026-09-09 19:09:53,OK,
MT,GD,22183946000173,7896004711454,Amilorida + Hidroclorotiazida 5+50 mg Caixa 30 Comprimidos,Norte Sul Real - MT,16.0,0.25730000000000003,17.64,0.0,13.1,13.1,2026-09-09 19:09:53,OK,
MT,GD,22183946000173,7896004711485,Dexclorfeniramina + Betametasona 2+0.25 mg Caixa 20 Comprimidos,Norte Sul Real - MT,89.0,0.4855,19.67,0.0,10.44,10.12,2026-09-09 19:09:57,OK,
MT,GD,22183946000173,7896004711485,Dexclorfeniramina + Betametasona 2+0.25 mg Caixa 20 Comprimidos,Profarma - MT,7.0,0.3406,19.67,0.0,12.58,12.58,2026-09-09 19:09:57,OK,
MT,GD,22183946000173,7896004711485,Dexclorfeniramina + Betametasona 2+0.25 mg Caixa 20 Comprimidos,Panpharma / Santa Cruz - MT,72.0,0.34049999999999997,19.67,0.0,12.97,12.97,2026-09-09 19:09:57,OK,
MT,GD,22183946000173,7896004711539,Diclofenaco Colestiramina 70 mg Caixa 14 Cápsulas,Norte Sul Real - MT,55.0,0.7138,27.92,0.0,9.61,7.99,2026-09-09 19:10:00,OK,
MT,GD,22183946000173,7896004711690,Betametasona + Gentamicina 0.5+1 mg/g Bisnaga 30 g Creme,Profarma - MT,25.0,0.7364,24.99,0.0,7.65,6.59,2026-09-09 19:10:04,OK,
MT,GD,22183946000173,7896004711690,Betametasona + Gentamicina 0.5+1 mg/g Bisnaga 30 g Creme,Norte Sul Real - MT,26.0,0.743,24.99,0.0,7.93,6.42,2026-09-09 19:10:04,OK,
MT,GD,22183946000173,7896004711690,Betametasona + Gentamicina 0.5+1 mg/g Bisnaga 30 g Creme,Panpharma / Santa Cruz - MT,130.0,0.7363,24.99,0.0,8.07,6.59,2026-09-09 19:10:04,OK,
MT,GD,22183946000173,7896004711744,,,0.0,0.0,0.0,0.0,0.0,0.0,2026-09-09 19:10:17,ERRO,Message: Nenhuma distribuidora pôde ser lida no card do produto.
MT,GD,22183946000173,7896004711850,Betametasona 0.5 mg/g Bisnaga 30 g Creme,Profarma - MT,117.0,0.21600000000000003,27.85,0.0,21.27,21.27,2026-09-09 19:10:21,OK,
MT,GD,22183946000173,7896004711850,Betametasona 0.5 mg/g Bisnaga 30 g Creme,Norte Sul Real - MT,39.0,0.21600000000000003,27.85,0.0,21.83,21.83,2026-09-09 19:10:21,OK,
MT,GD,22183946000173,7896004711850,Betametasona 0.5 mg/g Bisnaga 30 g Creme,Panpharma / Santa Cruz - MT,111.0,0.2159,27.85,0.0,21.84,21.84,2026-09-09 19:10:21,OK,
MT,GD,22183946000173,7896004712048,Triancinolona Acetonida 1 mg/g Bisnaga 10 g Pomada Bucal,Norte Sul Real - MT,387.0,0.7109000000000001,12.8,0.0,4.44,3.7,2026-09-09 19:10:25,OK,
MT,GD,22183946000173,7896004712048,Triancinolona Acetonida 1 mg/g Bisnaga 10 g Pomada Bucal,Profarma - MT,45.0,0.6806,12.8,0.0,4.55,4.09,2026-09-09 19:10:25,OK,
MT,GD,22183946000173,7896004712048,Triancinolona Acetonida 1 mg/g Bisnaga 10 g Pomada Bucal,Panpharma / Santa Cruz - MT,339.0,0.6805,12.8,0.0,4.76,4.09,2026-09-09 19:10:25,OK,
MT,GD,22183946000173,7896004712147,Dexametasona 4 mg Caixa 10 Comprimidos,Profarma - MT,177.0,0.6235,12.51,0.0,5.04,4.71,2026-09-09 19:10:29,OK,
MT,GD,22183946000173,7896004712147,Dexametasona 4 mg Caixa 10 Comprimidos,Norte Sul Real - MT,1051.0,0.6235,12.51,0.0,5.24,4.71,2026-09-09 19:10:29,OK,
MT,GD,22183946000173,7896004712147,Dexametasona 4 mg Caixa 10 Comprimidos,Panpharma / Santa Cruz - MT,1333.0,0.6234000000000001,12.51,0.0,5.25,4.71,2026-09-09 19:10:29,OK,
MT,GD,22183946000173,7896004712413,Clobetasol 0.5 mg/g Bisnaga 30 g Creme,Profarma - MT,27.0,0.6661,21.28,0.0,7.81,7.11,2026-09-09 19:10:33,OK,
MT,GD,22183946000173,7896004712413,Clobetasol 0.5 mg/g Bisnaga 30 g Creme,Norte Sul Real - MT,252.0,0.6715000000000001,21.28,0.0,8.07,6.99,2026-09-09 19:10:33,OK,
MT,GD,22183946000173,7896004712413,Clobetasol 0.5 mg/g Bisnaga 30 g Creme,Panpharma / Santa Cruz - MT,283.0,0.6659999999999999,21.28,0.0,8.17,7.11,2026-09-09 19:10:33,OK,
MT,GD,22183946000173,7896004712499,Doxazosina 2 mg Caixa 30 Comprimidos,Norte Sul Real - MT,350.0,0.868,42.71,0.0,9.24,5.64,2026-09-09 19:10:36,OK,
MT,GD,22183946000173,7896004712581,Cefalexina 1 g Caixa 8 Comprimidos Revestidos,Profarma - MT,294.0,0.2832,77.69,0.0,54.14,54.14,2026-09-09 19:10:40,OK,
MT,GD,22183946000173,7896004712581,Cefalexina 1 g Caixa 8 Comprimidos Revestidos,Norte Sul Real - MT,484.0,0.2832,77.69,0.0,55.68,55.68,2026-09-09 19:10:40,OK,
MT,GD,22183946000173,7896004712581,Cefalexina 1 g Caixa 8 Comprimidos Revestidos,Panpharma / Santa Cruz - MT,313.0,0.28309999999999996,77.69,0.0,55.7,55.7,2026-09-09 19:10:40,OK,
MT,GD,22183946000173,7896004712932,Clonazepam 2.5 mg/ml Frasco 20 ml Gotas,Profarma - MT,1040.0,0.6426000000000001,14.43,0.0,5.58,5.16,2026-09-09 19:10:44,OK,
MT,GD,22183946000173,7896004712932,Clonazepam 2.5 mg/ml Frasco 20 ml Gotas,Panpharma / Santa Cruz - MT,2544.0,0.6425,14.43,0.0,5.82,5.16,2026-09-09 19:10:44,OK,
MT,GD,22183946000173,7896004712932,Clonazepam 2.5 mg/ml Frasco 20 ml Gotas,Norte Sul Real - MT,1389.0,0.6426000000000001,14.43,0.0,5.82,5.16,2026-09-09 19:10:44,OK,
MT,GD,22183946000173,7896004712963,,,0.0,0.0,0.0,0.0,0.0,0.0,2026-09-09 19:10:56,ERRO,Message: Nenhuma distribuidora pôde ser lida no card do produto.
MT,GD,22183946000173,7896004713007,Topiramato 100 mg Caixa 60 Comprimidos Revestidos,Norte Sul Real - MT,37.0,0.8045,226.93,0.0,61.04,44.36,2026-09-09 19:11:00,OK,
MT,GD,22183946000173,7896004713007,Topiramato 100 mg Caixa 60 Comprimidos Revestidos,Profarma - MT,21.0,0.7665000000000001,226.93,0.0,64.45,52.99,2026-09-09 19:11:00,OK,
MT,GD,22183946000173,7896004713007,Topiramato 100 mg Caixa 60 Comprimidos Revestidos,Panpharma / Santa Cruz - MT,6.0,0.7664,226.93,0.0,68.24,53.01,2026-09-09 19:11:00,OK,
MT,GD,22183946000173,7896004713014,Topiramato 50 mg Caixa 60 Comprimidos Revestidos,Profarma - MT,121.0,0.8298000000000001,154.64,0.0,35.8,26.32,2026-09-09 19:11:04,OK,
MT,GD,22183946000173,7896004713014,Topiramato 50 mg Caixa 60 Comprimidos Revestidos,Norte Sul Real - MT,248.0,0.8452,154.63,0.0,36.39,23.94,2026-09-09 19:11:04,OK,
MT,GD,22183946000173,7896004713021,Topiramato 25 mg Caixa 60 Comprimidos Revestidos,Profarma - MT,66.0,0.8334,85.07,0.0,19.44,14.17,2026-09-09 19:11:08,OK,
MT,GD,22183946000173,7896004713021,Topiramato 25 mg Caixa 60 Comprimidos Revestidos,Norte Sul Real - MT,64.0,0.8506,85.07,0.0,19.64,12.71,2026-09-09 19:11:08,OK,
MT,GD,22183946000173,7896004713120,,,0.0,0.0,0.0,0.0,0.0,0.0,2026-09-09 19:11:20,ERRO,Message: Nenhuma distribuidora pôde ser lida no card do produto.
MT,GD,22183946000173,7896004713137,,,0.0,0.0,0.0,0.0,0.0,0.0,2026-09-09 19:11:32,ERRO,Message: Nenhuma distribuidora pôde ser lida no card do produto.
MT,GD,22183946000173,7896004713182,Ácido Acetilsalicílico 100 mg Display 100 Comprimidos,Panpharma / Santa Cruz - MT,47.0,0.34049999999999997,36.96,0.0,24.38,24.38,2026-09-09 19:11:35,OK,
MT,GD,22183946000173,7896004713250,Gabapentina 300 mg Caixa 30 Cápsulas,Panpharma / Santa Cruz - MT,48.0,0.7803,94.65,0.0,27.37,20.79,2026-09-09 19:11:39,OK,
MT,GD,22183946000173,7896004713267,,,0.0,0.0,0.0,0.0,0.0,0.0,2026-09-09 19:11:51,ERRO,Message: Nenhuma distribuidora pôde ser lida no card do produto.
MT,GD,22183946000173,7896004713342,Acetilcisteína 600 mg Caixa 5 g Granulado,Norte Sul Real - MT,20704.0,0.764,64.97,0.0,19.48,15.33,2026-09-09 19:11:55,OK,
MT,GD,22183946000173,7896004713342,Acetilcisteína 600 mg Caixa 5 g Granulado,Profarma - MT,660.0,0.6772,64.97,0.0,23.08,20.97,2026-09-09 19:11:55,OK,
MT,GD,22183946000173,7896004713342,Acetilcisteína 600 mg Caixa 5 g Granulado,Panpharma / Santa Cruz - MT,484.0,0.6770999999999999,64.97,0.0,24.16,20.98,2026-09-09 19:11:55,OK,
MT,GD,22183946000173,7896004713366,Acetilcisteína 40mg/ml Frasco 120 ml Xarope Adulto,Norte Sul Real - MT,1182.0,0.7806000000000001,42.05,0.0,12.03,9.23,2026-09-09 19:11:59,OK,
MT,GD,22183946000173,7896004713366,Acetilcisteína 40mg/ml Frasco 120 ml Xarope Adulto,Profarma - MT,387.0,0.7486,42.05,0.0,12.45,10.57,2026-09-09 19:11:59,OK,
MT,GD,22183946000173,7896004713366,Acetilcisteína 40mg/ml Frasco 120 ml Xarope Adulto,Panpharma / Santa Cruz - MT,812.0,0.7484999999999999,42.05,0.0,13.15,10.58,2026-09-09 19:11:59,OK,
MT,GD,22183946000173,7896004713571,,,0.0,0.0,0.0,0.0,0.0,0.0,2026-09-09 19:12:11,ERRO,Message: Nenhuma distribuidora pôde ser lida no card do produto.
MT,GD,22183946000173,7896004713618,Algestona + Estradiol 150+10mg/ml Ampola 1 ml Solução Injetável,Profarma - MT,302.0,0.0582,12.52,0.0,11.54,11.54,2026-09-09 19:12:15,OK,
MT,GD,22183946000173,7896004713618,Algestona + Estradiol 150+10mg/ml Ampola 1 ml Solução Injetável,Panpharma / Santa Cruz - MT,114.0,0.0381,12.52,0.0,12.04,12.04,2026-09-09 19:12:15,OK,
MT,GD,22183946000173,7896004713618,Algestona + Estradiol 150+10mg/ml Ampola 1 ml Solução Injetável,Norte Sul Real - MT,737.0,0.0192,12.52,0.0,12.28,12.28,2026-09-09 19:12:15,OK,
MT,GD,22183946000173,7896004713717,Oximetazolina 0.25 mg/ml Frasco 20 ml Solução Nasal Pediátrico,Panpharma / Santa Cruz - MT,23.0,0.3064,9.57,0.0,6.64,6.64,2026-09-09 19:12:18,OK,
MT,GD,22183946000173,7896004713724,Oximetazolina 0.5 mg/ml Frasco 30 ml Solução Nasal Adulto,Profarma - MT,273.0,0.3406,13.75,0.0,8.79,8.79,2026-09-09 19:12:22,OK,
MT,GD,22183946000173,7896004713724,Oximetazolina 0.5 mg/ml Frasco 30 ml Solução Nasal Adulto,Norte Sul Real - MT,176.0,0.3406,13.75,0.0,9.06,9.06,2026-09-09 19:12:22,OK,
MT,GD,22183946000173,7896004713724,Oximetazolina 0.5 mg/ml Frasco 30 ml Solução Nasal Adulto,Panpharma / Santa Cruz - MT,177.0,0.34049999999999997,13.75,0.0,9.07,9.07,2026-09-09 19:12:22,OK,
MT,GD,22183946000173,7896004713731,,,0.0,0.0,0.0,0.0,0.0,0.0,2026-09-09 19:12:35,ERRO,Message: Nenhuma distribuidora pôde ser lida no card do produto.
MT,GD,22183946000173,7896004713762,,,0.0,0.0,0.0,0.0,0.0,0.0,2026-09-09 19:12:47,ERRO,Message: Nenhuma distribuidora pôde ser lida no card do produto.
MT,GD,22183946000173,7896004713915,Losartana + Hidroclorotiazida 100+25 mg Caixa 30 Comprimidos Revestidos,Norte Sul Real - MT,119.0,0.8321,87.54,0.0,21.55,14.7,2026-09-09 19:12:50,OK,
MT,GD,22183946000173,7896004713915,Losartana + Hidroclorotiazida 100+25 mg Caixa 30 Comprimidos Revestidos,Panpharma / Santa Cruz - MT,159.0,0.764,87.54,0.0,26.5,20.66,2026-09-09 19:12:50,OK,
MT,GD,22183946000173,7896004713922,Losartana + Hidroclorotiazida 50+12.5 mg Caixa 30 Comprimidos Revestidos,Profarma - MT,11.0,0.7352,54.63,0.0,16.95,14.47,2026-09-09 19:12:54,OK,
MT,GD,22183946000173,7896004713922,Losartana + Hidroclorotiazida 50+12.5 mg Caixa 30 Comprimidos Revestidos,Panpharma / Santa Cruz - MT,117.0,0.7351000000000001,54.63,0.0,17.85,14.47,2026-09-09 19:12:54,OK,
MT,GD,22183946000173,7896004715292,Acetilcisteína 20mg/ml Frasco 120 ml Xarope Pediátrico,Norte Sul Real - MT,326.0,0.722,31.53,0.0,10.56,8.77,2026-09-09 19:12:58,OK,
MT,GD,22183946000173,7896004715292,Acetilcisteína 20mg/ml Frasco 120 ml Xarope Pediátrico,Profarma - MT,1583.0,0.6708,31.54,0.0,11.37,10.38,2026-09-09 19:12:58,OK,
MT,GD,22183946000173,7896004715292,Acetilcisteína 20mg/ml Frasco 120 ml Xarope Pediátrico,Panpharma / Santa Cruz - MT,737.0,0.6707,31.53,0.0,11.9,10.38,2026-09-09 19:12:58,OK,
MT,GD,22183946000173,7896004715322,Alendronato De Sódio 70 mg Caixa 4 Comprimidos,Panpharma / Santa Cruz - MT,173.0,0.9408,78.87,0.0,9.42,4.67,2026-09-09 19:13:02,OK,
MT,GD,22183946000173,7896004715322,Alendronato De Sódio 70 mg Caixa 4 Comprimidos,Norte Sul Real - MT,108.0,0.9706,78.87,0.0,10.35,2.32,2026-09-09 19:13:02,OK,
MT,GD,22183946000173,7896004715537,Mometasona 1 mg/g Bisnaga 20 g Creme,Norte Sul Real - MT,435.0,0.6639,33.42,0.0,12.89,11.23,2026-09-09 19:13:06,OK,
MT,GD,22183946000173,7896004715537,Mometasona 1 mg/g Bisnaga 20 g Creme,Profarma - MT,123.0,0.5518,33.42,0.0,15.45,14.98,2026-09-09 19:13:06,OK,
MT,GD,22183946000173,7896004715537,Mometasona 1 mg/g Bisnaga 20 g Creme,Panpharma / Santa Cruz - MT,444.0,0.5517,33.42,0.0,16.0,14.98,2026-09-09 19:13:06,OK,
MT,GD,22183946000173,7896004715674,Dipirona Monoidratada 50 mg/ml Frasco 100 ml Solução Oral,Profarma - MT,399.0,0.585,16.8,0.0,7.25,6.97,2026-09-09 19:13:10,OK,
MT,GD,22183946000173,7896004715674,Dipirona Monoidratada 50 mg/ml Frasco 100 ml Solução Oral,Norte Sul Real - MT,1452.0,0.585,16.8,0.0,7.53,6.97,2026-09-09 19:13:10,OK,
MT,GD,22183946000173,7896004715674,Dipirona Monoidratada 50 mg/ml Frasco 100 ml Solução Oral,Panpharma / Santa Cruz - MT,895.0,0.5849,16.8,0.0,7.54,6.97,2026-09-09 19:13:10,OK,
MT,GD,22183946000173,7896004715711,Timolol 5 mg/ml Frasco 5 ml Solução Oftálmica,Profarma - MT,742.0,0.6572,11.54,0.0,3.91,3.91,2026-09-09 19:13:14,OK,
MT,GD,22183946000173,7896004715711,Timolol 5 mg/ml Frasco 5 ml Solução Oftálmica,Panpharma / Santa Cruz - MT,130.0,0.6570999999999999,11.54,0.0,4.1,3.96,2026-09-09 19:13:14,OK,
MT,GD,22183946000173,7896004715711,Timolol 5 mg/ml Frasco 5 ml Solução Oftálmica,Norte Sul Real - MT,221.0,0.6689,11.54,0.0,4.4,3.82,2026-09-09 19:13:14,OK,
MT,GD,22183946000173,7896004715803,Cefalexina 500 mg Caixa 8 Comprimidos Revestidos,Norte Sul Real - MT,220.0,0.5715,27.0,0.0,12.49,11.57,2026-09-09 19:13:17,OK,
MT,GD,22183946000173,7896004715841,Dipirona Monoidratada 500 mg/ml Frasco 10 ml Gotas,Norte Sul Real - MT,453.0,0.674,7.22,0.0,2.7,2.35,2026-09-09 19:13:21,OK,
MT,GD,22183946000173,7896004715841,Dipirona Monoidratada 500 mg/ml Frasco 10 ml Gotas,Profarma - MT,422.0,0.6401,7.22,0.0,2.79,2.6,2026-09-09 19:13:21,OK,
MT,GD,22183946000173,7896004715841,Dipirona Monoidratada 500 mg/ml Frasco 10 ml Gotas,Panpharma / Santa Cruz - MT,94.0,0.65,7.22,0.0,2.85,2.53,2026-09-09 19:13:21,OK,
MT,GD,22183946000173,7896004715902,Neomicina + Bacitracina 5mg+250ui/g Bisnaga 15 g Pomada,Norte Sul Real - MT,751.0,0.588,11.82,0.0,5.27,4.87,2026-09-09 19:13:25,OK,
MT,GD,22183946000173,7896004715902,Neomicina + Bacitracina 5mg+250ui/g Bisnaga 15 g Pomada,Profarma - MT,409.0,0.5475,11.82,0.0,5.47,5.35,2026-09-09 19:13:25,OK,
MT,GD,22183946000173,7896004715902,Neomicina + Bacitracina 5mg+250ui/g Bisnaga 15 g Pomada,Panpharma / Santa Cruz - MT,475.0,0.5374,11.82,0.0,5.77,5.47,2026-09-09 19:13:25,OK,
MT,GD,22183946000173,7896004715957,,,0.0,0.0,0.0,0.0,0.0,0.0,2026-09-09 19:13:37,ERRO,Message: Nenhuma distribuidora pôde ser lida no card do produto.
MT,GD,22183946000173,7896004715964,Azitromicina Di-hidratada 900 mg Frasco 22.5 ml Pó Para Suspensão Oral + Seringa,Profarma - MT,103.0,0.7652,74.16,0.0,21.14,17.41,2026-09-09 19:13:40,OK,
MT,GD,22183946000173,7896004715964,Azitromicina Di-hidratada 900 mg Frasco 22.5 ml Pó Para Suspensão Oral + Seringa,Panpharma / Santa Cruz - MT,82.0,0.7651,74.16,0.0,22.38,17.42,2026-09-09 19:13:40,OK,
MT,GD,22183946000173,7896004715971,Azitromicina Di-hidratada 600 mg Frasco 15 ml Pó Para Suspensão Oral + Seringa,Norte Sul Real - MT,194.0,0.7763,60.24,0.0,17.61,13.48,2026-09-09 19:13:44,OK,
MT,GD,22183946000173,7896004716138,Espironolactona 100 mg Caixa 30 Comprimidos,Norte Sul Real - MT,498.0,0.0751,38.53,0.0,35.63,35.63,2026-09-09 19:13:47,OK,
MT,GD,22183946000173,7896004716138,Espironolactona 100 mg Caixa 30 Comprimidos,Panpharma / Santa Cruz - MT,11.0,0.075,38.53,0.0,35.64,35.64,2026-09-09 19:13:47,OK,
MT,GD,22183946000173,7896004716145,,,0.0,0.0,0.0,0.0,0.0,0.0,2026-09-09 19:14:00,ERRO,Message: Nenhuma distribuidora pôde ser lida no card do produto.
MT,GD,22183946000173,7896004716176,Hidroclorotiazida 25 mg Caixa 30 Comprimidos,Profarma - MT,491.0,0.7519,7.54,0.0,1.96,1.87,2026-09-09 19:14:03,OK,
MT,GD,22183946000173,7896004716176,Hidroclorotiazida 25 mg Caixa 30 Comprimidos,Panpharma / Santa Cruz - MT,455.0,0.7518,7.54,0.0,2.08,1.87,2026-09-09 19:14:03,OK,
MT,GD,22183946000173,7896004716268,Bromazepam 3 mg Caixa 30 Comprimidos,Norte Sul Real - MT,5.0,0.7820999999999999,19.16,0.0,5.51,4.17,2026-09-09 19:14:07,OK,
MT,GD,22183946000173,7896004716299,Paracetamol Bebê 100 mg/ml Frasco 15 ml Gotas,Norte Sul Real - MT,429.0,0.5406,21.92,0.0,10.64,10.07,2026-09-09 19:14:10,OK,
MT,GD,22183946000173,7896004716299,Paracetamol Bebê 100 mg/ml Frasco 15 ml Gotas,Profarma - MT,288.0,0.3514,21.13,0.0,13.54,13.54,2026-09-09 19:14:10,OK,
MT,GD,22183946000173,7896004716343,Finasterida 1 mg Caixa 60 Comprimidos Revestidos,Panpharma / Santa Cruz - MT,114.0,0.7525,128.29,0.0,39.69,31.75,2026-09-09 19:14:14,OK,
MT,GD,22183946000173,7896004716343,Finasterida 1 mg Caixa 60 Comprimidos Revestidos,Norte Sul Real - MT,124.0,0.725,128.29,0.0,42.61,35.28,2026-09-09 19:14:14,OK,
MT,GD,22183946000173,7896004718446,Dipirona Monoidratada 500 mg/ml Frasco 20 ml Gotas,Norte Sul Real - MT,193.0,0.7006,13.27,0.0,4.68,3.97,2026-09-09 19:14:18,OK,
MT,GD,22183946000173,7896004718446,Dipirona Monoidratada 500 mg/ml Frasco 20 ml Gotas,Profarma - MT,539.0,0.6747,13.27,0.0,4.74,4.32,2026-09-09 19:14:18,OK,
MT,GD,22183946000173,7896004718446,Dipirona Monoidratada 500 mg/ml Frasco 20 ml Gotas,Panpharma / Santa Cruz - MT,110.0,0.6846,13.27,0.0,4.86,4.19,2026-09-09 19:14:18,OK,
MT,GD,22183946000173,7896004718453,Clotrimazol 10 mg/g Bisnaga 20 g Creme,Profarma - MT,119.0,0.53,15.06,0.0,7.2,7.08,2026-09-09 19:14:22,OK,
MT,GD,22183946000173,7896004718453,Clotrimazol 10 mg/g Bisnaga 20 g Creme,Norte Sul Real - MT,668.0,0.5376,15.06,0.0,7.35,6.96,2026-09-09 19:14:22,OK,
MT,GD,22183946000173,7896004718453,Clotrimazol 10 mg/g Bisnaga 20 g Creme,Panpharma / Santa Cruz - MT,222.0,0.5161,15.06,0.0,7.62,7.29,2026-09-09 19:14:22,OK,
MT,GD,22183946000173,7896004718460,Cetoconazol 20 mg/g Bisnaga 30 g Creme,Norte Sul Real - MT,1004.0,0.7461,25.9,0.0,8.15,6.58,2026-09-09 19:14:26,OK,
MT,GD,22183946000173,7896004718460,Cetoconazol 20 mg/g Bisnaga 30 g Creme,Profarma - MT,292.0,0.7152,24.9,0.0,8.43,7.09,2026-09-09 19:14:26,OK,
MT,GD,22183946000173,7896004718460,Cetoconazol 20 mg/g Bisnaga 30 g Creme,Panpharma / Santa Cruz - MT,1088.0,0.7151000000000001,25.9,0.0,9.21,7.38,2026-09-09 19:14:26,OK,
MT,GD,22183946000173,7896004718804,Alprazolam 0.50 mg Caixa 30 Comprimidos,Norte Sul Real - MT,464.0,0.7572,11.8,0.0,3.64,2.87,2026-09-09 19:14:30,OK,
MT,GD,22183946000173,7896004718804,Alprazolam 0.50 mg Caixa 30 Comprimidos,Profarma - MT,128.0,0.7231000000000001,11.8,0.0,3.77,3.27,2026-09-09 19:14:30,OK,
MT,GD,22183946000173,7896004718804,Alprazolam 0.50 mg Caixa 30 Comprimidos,Panpharma / Santa Cruz - MT,677.0,0.723,11.8,0.0,3.97,3.27,2026-09-09 19:14:30,OK,
MT,GD,22183946000173,7896004718811,Alprazolam 0.25 mg Caixa 30 Comprimidos,Norte Sul Real - MT,431.0,0.685,13.94,0.0,5.13,4.39,2026-09-09 19:14:33,OK,
MT,GD,22183946000173,7896004718811,Alprazolam 0.25 mg Caixa 30 Comprimidos,Panpharma / Santa Cruz - MT,76.0,0.6739,13.94,0.0,5.27,4.55,2026-09-09 19:14:33,OK,
MT,GD,22183946000173,7896004718828,Alprazolam 1 mg Caixa 30 Comprimidos,Norte Sul Real - MT,1231.0,0.8569,23.16,0.0,5.22,3.31,2026-09-09 19:14:37,OK,
MT,GD,22183946000173,7896004718828,Alprazolam 1 mg Caixa 30 Comprimidos,Profarma - MT,241.0,0.7979999999999999,23.16,0.0,5.97,4.68,2026-09-09 19:14:37,OK,
MT,GD,22183946000173,7896004718828,Alprazolam 1 mg Caixa 30 Comprimidos,Panpharma / Santa Cruz - MT,456.0,0.7979,23.16,0.0,6.35,4.68,2026-09-09 19:14:37,OK,
MT,GD,22183946000173,7896004718842,Alprazolam 2 mg Caixa 30 Comprimidos,Norte Sul Real - MT,528.0,0.8970999999999999,69.23,0.0,13.31,7.12,2026-09-09 19:14:41,OK,
MT,GD,22183946000173,7896004718842,Alprazolam 2 mg Caixa 30 Comprimidos,Profarma - MT,11.0,0.8597,69.23,0.0,14.31,9.71,2026-09-09 19:14:41,OK,
MT,GD,22183946000173,7896004718842,Alprazolam 2 mg Caixa 30 Comprimidos,Panpharma / Santa Cruz - MT,802.0,0.8595999999999999,69.23,0.0,15.47,9.72,2026-09-09 19:14:41,OK,
MT,GD,22183946000173,7896004718996,Amoxicilina 500 mg Caixa 30 Cápsulas,Profarma - MT,40.0,0.6738,52.59,0.0,18.98,17.15,2026-09-09 19:14:46,OK,
MT,GD,22183946000173,7896004718996,Amoxicilina 500 mg Caixa 30 Cápsulas,Norte Sul Real - MT,160.0,0.6738,52.59,0.0,19.85,17.15,2026-09-09 19:14:46,OK,
MT,GD,22183946000173,7896004718996,Amoxicilina 500 mg Caixa 30 Cápsulas,Panpharma / Santa Cruz - MT,48.0,0.6737000000000001,52.59,0.0,19.86,17.16,2026-09-09 19:14:46,OK,
MT,GD,22183946000173,7896004719283,Hidrocortisona 10 mg/g Bisnaga 30 g Pomada,Norte Sul Real - MT,271.0,0.32799999999999996,26.43,0.0,17.76,17.76,2026-09-09 19:14:49,OK,
MT,GD,22183946000173,7896004719283,Hidrocortisona 10 mg/g Bisnaga 30 g Pomada,Profarma - MT,226.0,0.248,26.43,0.0,19.35,19.35,2026-09-09 19:14:49,OK,
MT,GD,22183946000173,7896004719283,Hidrocortisona 10 mg/g Bisnaga 30 g Pomada,Panpharma / Santa Cruz - MT,288.0,0.24789999999999998,26.43,0.0,19.88,19.88,2026-09-09 19:14:49,OK,
MT,GD,22183946000173,7896004719580,Amoxicilina + Clavulanato 875+125 mg Caixa 12 Comprimidos Revestidos,Profarma - MT,122.0,0.8009000000000001,138.67,0.0,35.43,27.61,2026-09-09 19:14:53,OK,
MT,GD,22183946000173,7896004719580,Amoxicilina + Clavulanato 875+125 mg Caixa 12 Comprimidos Revestidos,Norte Sul Real - MT,169.0,0.8059000000000001,138.67,0.0,37.15,26.92,2026-09-09 19:14:53,OK,
MT,GD,22183946000173,7896004719580,Amoxicilina + Clavulanato 875+125 mg Caixa 12 Comprimidos Revestidos,Panpharma / Santa Cruz - MT,394.0,0.8008,138.67,0.0,37.73,27.62,2026-09-09 19:14:53,OK,
MT,GD,22183946000173,7896004719597,Amoxicilina + Clavulanato 875+125 mg Caixa 14 Comprimidos Revestidos,Profarma - MT,70.0,0.7190000000000001,152.42,0.0,49.3,42.83,2026-09-09 19:14:57,OK,
MT,GD,22183946000173,7896004719597,Amoxicilina + Clavulanato 875+125 mg Caixa 14 Comprimidos Revestidos,Panpharma / Santa Cruz - MT,343.0,0.7189,152.42,0.0,51.85,42.85,2026-09-09 19:14:57,OK,
MT,GD,22183946000173,7896004719597,Amoxicilina + Clavulanato 875+125 mg Caixa 14 Comprimidos Revestidos,Norte Sul Real - MT,129.0,0.7181000000000001,152.41,0.0,51.94,42.96,2026-09-09 19:14:57,OK,
MT,GD,22183946000173,7896004720241,,,0.0,0.0,0.0,0.0,0.0,0.0,2026-09-09 19:15:10,ERRO,Message: Nenhuma distribuidora pôde ser lida no card do produto.
MT,GD,22183946000173,7896004720746,Amoxicilina + Clavulanato 400+57mg/5ml Frasco 70 ml Pó P/ Susp. Oral + Seringa + Copo,Profarma - MT,212.0,0.7658,80.07,0.0,22.78,18.75,2026-09-09 19:15:14,OK,
MT,GD,22183946000173,7896004720746,Amoxicilina + Clavulanato 400+57mg/5ml Frasco 70 ml Pó P/ Susp. Oral + Seringa + Copo,Panpharma / Santa Cruz - MT,1877.0,0.7656999999999999,80.07,0.0,24.12,18.76,2026-09-09 19:15:14,OK,
MT,GD,22183946000173,7896004720746,Amoxicilina + Clavulanato 400+57mg/5ml Frasco 70 ml Pó P/ Susp. Oral + Seringa + Copo,Norte Sul Real - MT,2275.0,0.7569,80.07,0.0,24.7,19.47,2026-09-09 19:15:14,OK,
MT,GD,22183946000173,7896004720784,Dexclorfeniramina 10 mg/g Bisnaga 30 g Creme,Norte Sul Real - MT,163.0,0.5323,14.18,0.0,6.98,6.63,2026-09-09 19:15:18,OK,
MT,GD,22183946000173,7896004720784,Dexclorfeniramina 10 mg/g Bisnaga 30 g Creme,Profarma - MT,78.0,0.4545,14.18,0.0,7.66,7.66,2026-09-09 19:15:18,OK,
MT,GD,22183946000173,7896004720784,Dexclorfeniramina 10 mg/g Bisnaga 30 g Creme,Panpharma / Santa Cruz - MT,64.0,0.45439999999999997,14.18,0.0,7.89,7.74,2026-09-09 19:15:18,OK,
MT,GD,22183946000173,7896004720869,,,0.0,0.0,0.0,0.0,0.0,0.0,2026-09-09 19:15:30,ERRO,Message: Nenhuma distribuidora pôde ser lida no card do produto.
MT,GD,22183946000173,7896004721125,Sibutramina 15 mg Caixa 30 Cápsulas,Norte Sul Real - MT,243.0,0.7934,74.66,0.0,20.56,15.42,2026-09-09 19:15:33,OK,
MT,GD,22183946000173,7896004721125,Sibutramina 15 mg Caixa 30 Cápsulas,Panpharma / Santa Cruz - MT,107.0,0.7933,74.66,0.0,20.57,15.43,2026-09-09 19:15:33,OK,
MT,GD,22183946000173,7896004721255,Risperidona 1 mg/g Frasco 30 ml Solução Oral,Profarma - MT,73.0,0.4654,58.72,0.0,31.35,31.35,2026-09-09 19:15:37,OK,
MT,GD,22183946000173,7896004721323,,,0.0,0.0,0.0,0.0,0.0,0.0,2026-09-09 19:15:49,ERRO,Message: Nenhuma distribuidora pôde ser lida no card do produto.
MT,GD,22183946000173,7896004721828,Clonazepam 2 mg Caixa 30 Comprimidos,Norte Sul Real - MT,399.0,0.7959999999999999,17.34,0.0,4.79,3.54,2026-09-09 19:15:53,OK,
MT,GD,22183946000173,7896004721828,Clonazepam 2 mg Caixa 30 Comprimidos,Profarma - MT,527.0,0.772,17.34,0.0,4.84,3.95,2026-09-09 19:15:53,OK,
MT,GD,22183946000173,7896004721828,Clonazepam 2 mg Caixa 30 Comprimidos,Panpharma / Santa Cruz - MT,1110.0,0.7719,17.34,0.0,5.14,3.96,2026-09-09 19:15:53,OK,
MT,GD,22183946000173,7896004721903,Dexametasona 1 mg/g Bisnaga 10 g Creme Dermatológico,Norte Sul Real - MT,526.0,0.6747,10.7,0.0,4.03,3.48,2026-09-09 19:15:57,OK,
MT,GD,22183946000173,7896004721903,Dexametasona 1 mg/g Bisnaga 10 g Creme Dermatológico,Profarma - MT,112.0,0.6459,10.7,0.0,4.11,3.79,2026-09-09 19:15:57,OK,
MT,GD,22183946000173,7896004721903,Dexametasona 1 mg/g Bisnaga 10 g Creme Dermatológico,Panpharma / Santa Cruz - MT,1069.0,0.6457999999999999,10.7,0.0,4.29,3.79,2026-09-09 19:15:57,OK,
MT,GD,22183946000173,7896004722122,Aceclofenaco 100 mg Caixa 12 Comprimidos Revestidos,Profarma - MT,14.0,0.7456,38.88,0.0,11.71,9.89,2026-09-09 19:16:01,OK,
MT,GD,22183946000173,7896004722122,Aceclofenaco 100 mg Caixa 12 Comprimidos Revestidos,Norte Sul Real - MT,330.0,0.7578,38.88,0.0,11.97,9.42,2026-09-09 19:16:01,OK,
MT,GD,22183946000173,7896004722122,Aceclofenaco 100 mg Caixa 12 Comprimidos Revestidos,Panpharma / Santa Cruz - MT,18.0,0.7454999999999999,38.88,0.0,12.36,9.89,2026-09-09 19:16:01,OK,
MT,GD,22183946000173,7896004722160,Bisoprolol 1.25 mg Caixa 30 Comprimidos Revestidos,Profarma - MT,1.0,0.8155,65.39,0.0,15.91,12.06,2026-09-09 19:16:05,OK,
MT,GD,22183946000173,7896004722160,Bisoprolol 1.25 mg Caixa 30 Comprimidos Revestidos,Panpharma / Santa Cruz - MT,74.0,0.8154,65.39,0.0,17.01,12.07,2026-09-09 19:16:05,OK,
MT,GD,22183946000173,7896004722160,Bisoprolol 1.25 mg Caixa 30 Comprimidos Revestidos,Norte Sul Real - MT,109.0,0.8040999999999999,65.39,0.0,17.62,12.81,2026-09-09 19:16:05,OK,
MT,GD,22183946000173,7896004722177,Bisoprolol 2.5 mg Caixa 30 Comprimidos Revestidos,Profarma - MT,76.0,0.6283,40.64,0.0,16.21,15.11,2026-09-09 19:16:09,OK,
MT,GD,22183946000173,7896004722177,Bisoprolol 2.5 mg Caixa 30 Comprimidos Revestidos,Norte Sul Real - MT,172.0,0.6331,40.64,0.0,16.72,14.91,2026-09-09 19:16:09,OK,
MT,GD,22183946000173,7896004722177,Bisoprolol 2.5 mg Caixa 30 Comprimidos Revestidos,Panpharma / Santa Cruz - MT,875.0,0.6282,40.64,0.0,16.88,15.11,2026-09-09 19:16:09,OK,
MT,GD,22183946000173,7896004722337,Paracetamol + Pseudoefedrina 500+30 mg Caixa 24 Comprimidos Revestidos,Norte Sul Real - MT,298.0,0.083,11.83,0.0,10.85,10.85,2026-09-09 19:16:13,OK,
MT,GD,22183946000173,7896004722337,Paracetamol + Pseudoefedrina 500+30 mg Caixa 24 Comprimidos Revestidos,Profarma - MT,476.0,0.04,11.83,0.0,11.36,11.36,2026-09-09 19:16:13,OK,
MT,GD,22183946000173,7896004722337,Paracetamol + Pseudoefedrina 500+30 mg Caixa 24 Comprimidos Revestidos,Panpharma / Santa Cruz - MT,173.0,0.039900000000000005,11.83,0.0,11.36,11.36,2026-09-09 19:16:13,OK,
MT,GD,22183946000173,7896004722467,Lidocaína 50 mg/g Bisnaga 25 g Pomada,Profarma - MT,141.0,0.36810000000000004,14.6,0.0,8.98,8.98,2026-09-09 19:16:16,OK,
MT,GD,22183946000173,7896004722467,Lidocaína 50 mg/g Bisnaga 25 g Pomada,Panpharma / Santa Cruz - MT,171.0,0.368,14.6,0.0,9.23,9.23,2026-09-09 19:16:16,OK,
MT,GD,22183946000173,7896004722474,Lidocaína 50 mg/g Bisnaga 25 g Pomada Sabor Laranja,Profarma - MT,281.0,0.3821,13.95,0.0,8.41,8.41,2026-09-09 19:16:20,OK,
MT,GD,22183946000173,7896004722474,Lidocaína 50 mg/g Bisnaga 25 g Pomada Sabor Laranja,Norte Sul Real - MT,537.0,0.389,13.95,0.0,8.56,8.52,2026-09-09 19:16:20,OK,
MT,GD,22183946000173,7896004722474,Lidocaína 50 mg/g Bisnaga 25 g Pomada Sabor Laranja,Panpharma / Santa Cruz - MT,380.0,0.382,13.95,0.0,8.64,8.62,2026-09-09 19:16:20,OK,
MT,GD,22183946000173,7896004722528,Ciprofloxacino + Dexametasona 3.5+1 mg/ml Frasco 5 ml Solução Oftálmica,Panpharma / Santa Cruz - MT,230.0,0.3849,25.87,0.0,15.97,15.91,2026-09-09 19:16:24,OK,
MT,GD,22183946000173,7896004722870,Losartana Potássica 100 mg Caixa 30 Comprimidos Revestidos,Profarma - MT,94.0,0.3732,41.65,0.0,25.43,25.43,2026-09-09 19:16:27,OK,
MT,GD,22183946000173,7896004722870,Losartana Potássica 100 mg Caixa 30 Comprimidos Revestidos,Panpharma / Santa Cruz - MT,50.0,0.37310000000000004,41.65,0.0,26.12,26.11,2026-09-09 19:16:27,OK,
MT,GD,22183946000173,7896004723020,Ácido Tranexâmico 250 mg Caixa 12 Comprimidos,Profarma - MT,48.0,0.04,41.84,0.0,39.33,39.33,2026-09-09 19:16:31,OK,
MT,GD,22183946000173,7896004723020,Ácido Tranexâmico 250 mg Caixa 12 Comprimidos,Norte Sul Real - MT,1226.0,0.04,41.84,0.0,40.16,40.16,2026-09-09 19:16:31,OK,
MT,GD,22183946000173,7896004723020,Ácido Tranexâmico 250 mg Caixa 12 Comprimidos,Panpharma / Santa Cruz - MT,3725.0,0.039900000000000005,41.84,0.0,40.17,40.17,2026-09-09 19:16:31,OK,
MT,GD,22183946000173,7896004723365,Fenofibrato 200 mg Caixa 30 Cápsulas,Norte Sul Real - MT,312.0,0.23600000000000002,96.4,0.0,73.65,73.65,2026-09-09 19:16:35,OK,
MT,GD,22183946000173,7896004723365,Fenofibrato 200 mg Caixa 30 Cápsulas,Profarma - MT,82.0,0.1494,96.4,0.0,80.07,80.07,2026-09-09 19:16:35,OK,
MT,GD,22183946000173,7896004723365,Fenofibrato 200 mg Caixa 30 Cápsulas,Panpharma / Santa Cruz - MT,146.0,0.1493,96.4,0.0,82.01,82.01,2026-09-09 19:16:35,OK,
MT,GD,22183946000173,7896004723563,Domperidona 10 mg Caixa 30 Comprimidos,Profarma - MT,153.0,0.7712,18.7,0.0,5.19,4.28,2026-09-09 19:16:39,OK,
MT,GD,22183946000173,7896004723563,Domperidona 10 mg Caixa 30 Comprimidos,Norte Sul Real - MT,542.0,0.7861,18.7,0.0,5.26,4.0,2026-09-09 19:16:39,OK,
MT,GD,22183946000173,7896004723563,Domperidona 10 mg Caixa 30 Comprimidos,Panpharma / Santa Cruz - MT,530.0,0.7711,18.7,0.0,5.49,4.28,2026-09-09 19:16:39,OK,
MT,GD,22183946000173,7896004723570,Domperidona 10 mg Caixa 60 Comprimidos,Profarma - MT,151.0,0.7748,35.5,0.0,9.73,7.99,2026-09-09 19:16:43,OK,
MT,GD,22183946000173,7896004723570,Domperidona 10 mg Caixa 60 Comprimidos,Norte Sul Real - MT,237.0,0.7748,35.5,0.0,10.32,7.99,2026-09-09 19:16:43,OK,
MT,GD,22183946000173,7896004723570,Domperidona 10 mg Caixa 60 Comprimidos,Panpharma / Santa Cruz - MT,689.0,0.7746999999999999,35.5,0.0,10.33,8.0,2026-09-09 19:16:43,OK,
MT,GD,22183946000173,7896004724102,Isotretinoína 20 mg Caixa 30 Cápsulas Moles,Norte Sul Real - MT,130.0,0.8066,171.71,0.0,45.9,33.21,2026-09-09 19:16:47,OK,
MT,GD,22183946000173,7896004724102,Isotretinoína 20 mg Caixa 30 Cápsulas Moles,Profarma - MT,119.0,0.774,171.71,0.0,47.71,38.81,2026-09-09 19:16:47,OK,
MT,GD,22183946000173,7896004724102,Isotretinoína 20 mg Caixa 30 Cápsulas Moles,Panpharma / Santa Cruz - MT,16.0,0.7739,171.71,0.0,50.56,38.82,2026-09-09 19:16:47,OK,
MT,GD,22183946000173,7896004724508,Latanoprosta 50 mcg/ml Frasco 2.5 ml Solução Oftálmica,Profarma - MT,197.0,0.54,121.9,0.0,57.53,56.07,2026-09-09 19:16:51,OK,
MT,GD,22183946000173,7896004724508,Latanoprosta 50 mcg/ml Frasco 2.5 ml Solução Oftálmica,Panpharma / Santa Cruz - MT,41.0,0.1577,121.9,0.0,102.68,102.68,2026-09-09 19:16:51,OK,
MT,GD,22183946000173,7896004724577,Gliclazida 30 mg Caixa 60 Comprimidos de Liberação Prolongada,Norte Sul Real - MT,746.0,0.5969,34.54,0.0,15.25,13.92,2026-09-09 19:16:55,OK,
MT,GD,22183946000173,7896004724577,Gliclazida 30 mg Caixa 60 Comprimidos de Liberação Prolongada,Profarma - MT,256.0,0.4128,34.55,0.0,19.96,19.96,2026-09-09 19:16:55,OK,
MT,GD,22183946000173,7896004724577,Gliclazida 30 mg Caixa 60 Comprimidos de Liberação Prolongada,Panpharma / Santa Cruz - MT,132.0,0.4127,34.55,0.0,20.53,20.29,2026-09-09 19:16:55,OK,
MT,GD,22183946000173,7896004724683,Bimatoprosta 0.03% Frasco 5 ml Solução Oftálmica,Profarma - MT,53.0,0.5247999999999999,148.78,0.0,72.1,70.7,2026-09-09 19:16:58,OK,
MT,GD,22183946000173,7896004724683,Bimatoprosta 0.03% Frasco 5 ml Solução Oftálmica,Panpharma / Santa Cruz - MT,64.0,0.5246999999999999,148.78,0.0,74.6,70.72,2026-09-09 19:16:58,OK,
MT,GD,22183946000173,7896004724690,Bimatoprosta 0.03% Frasco 3 ml Solução Oftálmica,Norte Sul Real - MT,62.0,0.7009000000000001,99.16,0.0,35.21,29.66,2026-09-09 19:17:02,OK,
MT,GD,22183946000173,7896004724690,Bimatoprosta 0.03% Frasco 3 ml Solução Oftálmica,Panpharma / Santa Cruz - MT,93.0,0.6992,99.16,0.0,35.35,29.83,2026-09-09 19:17:02,OK,
MT,GD,22183946000173,7896004725000,Zolpidem 10 mg Caixa 20 Comprimidos Revestidos,Norte Sul Real - MT,167.0,0.9423999999999999,53.25,0.0,8.24,3.07,2026-09-09 19:17:06,OK,
MT,GD,22183946000173,7896004725000,Zolpidem 10 mg Caixa 20 Comprimidos Revestidos,Profarma - MT,39.0,0.9074,53.25,0.0,8.89,4.93,2026-09-09 19:17:06,OK,
MT,GD,22183946000173,7896004725420,Ipratrópio 0.25 mg/ml Frasco 20 ml Solução Para Inalação,Profarma - MT,1194.0,0.7648999999999999,14.93,0.0,3.71,3.51,2026-09-09 19:17:09,OK,
MT,GD,22183946000173,7896004725420,Ipratrópio 0.25 mg/ml Frasco 20 ml Solução Para Inalação,Panpharma / Santa Cruz - MT,2022.0,0.7648,14.93,0.0,3.96,3.51,2026-09-09 19:17:09,OK,
MT,GD,22183946000173,7896004725697,Dorzolamida + Timolol 20+5 mg/ml Frasco 5 ml Gotas,Profarma - MT,18.0,0.5443,88.6,0.0,41.52,40.38,2026-09-09 19:17:12,OK,
MT,GD,22183946000173,7896004726069,Dorzolamida 20 mg/ml Frasco 5 ml Solução Oftálmica,Norte Sul Real - MT,166.0,0.5311,61.02,0.0,30.27,28.61,2026-09-09 19:17:16,OK,
MT,GD,22183946000173,7896004726069,Dorzolamida 20 mg/ml Frasco 5 ml Solução Oftálmica,Profarma - MT,186.0,0.1898,61.02,0.0,48.22,48.22,2026-09-09 19:17:16,OK,
MT,GD,22183946000173,7896004726069,Dorzolamida 20 mg/ml Frasco 5 ml Solução Oftálmica,Panpharma / Santa Cruz - MT,219.0,0.18969999999999998,61.02,0.0,49.44,49.44,2026-09-09 19:17:16,OK,
MT,GD,22183946000173,7896004726229,Hidroquinona 40 mg/g Bisnaga 30 g Creme,Norte Sul Real - MT,103.0,0.1911,46.22,0.0,37.39,37.39,2026-09-09 19:17:20,OK,
MT,GD,22183946000173,7896004726229,Hidroquinona 40 mg/g Bisnaga 30 g Creme,Profarma - MT,66.0,0.12689999999999999,46.22,0.0,39.43,39.43,2026-09-09 19:17:20,OK,
MT,GD,22183946000173,7896004726229,Hidroquinona 40 mg/g Bisnaga 30 g Creme,Panpharma / Santa Cruz - MT,48.0,0.1268,46.22,0.0,40.36,40.36,2026-09-09 19:17:20,OK,
MT,GD,22183946000173,7896004726533,Hidroquinona+Tretinoína+Fluocinolona 0.1+40+0.5 mg/g Creme Bisnaga 30 g,Profarma - MT,31.0,0.27949999999999997,158.55,0.0,111.07,111.07,2026-09-09 19:17:24,OK,
MT,GD,22183946000173,7896004726533,Hidroquinona+Tretinoína+Fluocinolona 0.1+40+0.5 mg/g Creme Bisnaga 30 g,Norte Sul Real - MT,171.0,0.27940000000000004,158.55,0.0,114.23,114.23,2026-09-09 19:17:24,OK,
MT,GD,22183946000173,7896004726854,Brimonidina 2 mg/ml Frasco 5 ml Solução Oftálmica,Profarma - MT,94.0,0.743,59.96,0.0,18.2,15.41,2026-09-09 19:17:27,OK,
MT,GD,22183946000173,7896004726854,Brimonidina 2 mg/ml Frasco 5 ml Solução Oftálmica,Panpharma / Santa Cruz - MT,103.0,0.7429000000000001,59.96,0.0,19.21,15.42,2026-09-09 19:17:27,OK,
MT,GD,22183946000173,7896004726908,Ciclobenzaprina 10 mg Caixa 10 Comprimidos Revestidos,Norte Sul Real - MT,57.0,0.6520999999999999,11.37,0.0,4.47,3.96,2026-09-09 19:17:31,OK,
MT,GD,22183946000173,7896004726908,Ciclobenzaprina 10 mg Caixa 10 Comprimidos Revestidos,Profarma - MT,340.0,0.6306,11.37,0.0,4.48,4.2,2026-09-09 19:17:31,OK,
MT,GD,22183946000173,7896004726908,Ciclobenzaprina 10 mg Caixa 10 Comprimidos Revestidos,Panpharma / Santa Cruz - MT,249.0,0.6305,11.37,0.0,4.67,4.2,2026-09-09 19:17:31,OK,
MT,GD,22183946000173,7896004727028,Gabapentina 600 mg Caixa 27 Comprimidos Revestidos,Profarma - MT,11.0,0.23309999999999997,175.96,0.0,131.42,131.42,2026-09-09 19:17:35,OK,
MT,GD,22183946000173,7896004727233,Ciclopirox Olamina 10 mg/ml Frasco 15 ml Solução Tópica,Norte Sul Real - MT,576.0,0.6553,27.51,0.0,10.73,9.48,2026-09-09 19:17:38,OK,
MT,GD,22183946000173,7896004727776,Amitriptilina 25 mg Caixa 30 Comprimidos Revestidos,Norte Sul Real - MT,803.0,0.7372,17.92,0.0,5.82,4.71,2026-09-09 19:17:42,OK,
MT,GD,22183946000173,7896004727776,Amitriptilina 25 mg Caixa 30 Comprimidos Revestidos,Profarma - MT,438.0,0.688,17.92,0.0,6.25,5.59,2026-09-09 19:17:42,OK,
MT,GD,22183946000173,7896004727776,Amitriptilina 25 mg Caixa 30 Comprimidos Revestidos,Panpharma / Santa Cruz - MT,1103.0,0.6879000000000001,17.92,0.0,6.55,5.59,2026-09-09 19:17:42,OK,
MT,GD,22183946000173,7896004727882,Bromoprida 10 mg Caixa 20 Cápsulas,Norte Sul Real - MT,269.0,0.6797,25.58,0.0,9.46,8.19,2026-09-09 19:17:46,OK,
MT,GD,22183946000173,7896004727882,Bromoprida 10 mg Caixa 20 Cápsulas,Profarma - MT,34.0,0.6202000000000001,25.58,0.0,10.3,9.72,2026-09-09 19:17:46,OK,
MT,GD,22183946000173,7896004727882,Bromoprida 10 mg Caixa 20 Cápsulas,Panpharma / Santa Cruz - MT,195.0,0.6201,25.58,0.0,10.73,9.72,2026-09-09 19:17:46,OK,
MT,GD,22183946000173,7896004728261,Travoprosta 0.04 mg/ml Frasco 2.5 ml Solução Oftálmica,Profarma - MT,8.0,0.74,89.93,0.0,27.52,23.38,2026-09-09 19:17:50,OK,
MT,GD,22183946000173,7896004728261,Travoprosta 0.04 mg/ml Frasco 2.5 ml Solução Oftálmica,Norte Sul Real - MT,250.0,0.6385000000000001,89.93,0.0,36.59,32.51,2026-09-09 19:17:50,OK,
MT,GD,22183946000173,7896004728261,Travoprosta 0.04 mg/ml Frasco 2.5 ml Solução Oftálmica,Panpharma / Santa Cruz - MT,62.0,0.6384000000000001,89.93,0.0,36.6,32.52,2026-09-09 19:17:50,OK,
MT,GD,22183946000173,7896004728490,,,0.0,0.0,0.0,0.0,0.0,0.0,2026-09-09 19:18:02,ERRO,Message: Nenhuma distribuidora pôde ser lida no card do produto.
MT,GD,22183946000173,7896004728612,Venlafaxina 150 mg Caixa 30 Cápsulas de Liberação Prolongada,Norte Sul Real - MT,299.0,0.7272,161.89,0.0,53.95,44.16,2026-09-09 19:18:06,OK,
MT,GD,22183946000173,7896004728612,Venlafaxina 150 mg Caixa 30 Cápsulas de Liberação Prolongada,Panpharma / Santa Cruz - MT,265.0,0.7271,161.89,0.0,53.96,44.18,2026-09-09 19:18:06,OK,
MT,GD,22183946000173,7896004728629,,,0.0,0.0,0.0,0.0,0.0,0.0,2026-09-09 19:18:18,ERRO,Message: Nenhuma distribuidora pôde ser lida no card do produto.
MT,GD,22183946000173,7896004728667,Risedronato Sódico 35 mg Caixa 4 Comprimidos Revestidos,Profarma - MT,12.0,0.7565000000000001,134.34,0.0,39.27,32.71,2026-09-09 19:18:21,OK,
MT,GD,22183946000173,7896004728827,Indapamida 1.5 mg Caixa 30 Comprimidos Revestidos,Norte Sul Real - MT,131.0,0.7642,31.45,0.0,9.51,7.42,2026-09-09 19:18:25,OK,
MT,GD,22183946000173,7896004728827,Indapamida 1.5 mg Caixa 30 Comprimidos Revestidos,Profarma - MT,37.0,0.7086,31.45,0.0,10.44,9.16,2026-09-09 19:18:25,OK,
MT,GD,22183946000173,7896004728827,Indapamida 1.5 mg Caixa 30 Comprimidos Revestidos,Panpharma / Santa Cruz - MT,62.0,0.7084999999999999,31.45,0.0,10.97,9.17,2026-09-09 19:18:25,OK,
MT,GD,22183946000173,7896004728858,,,0.0,0.0,0.0,0.0,0.0,0.0,2026-09-09 19:18:37,ERRO,Message: Nenhuma distribuidora pôde ser lida no card do produto.
MT,GD,22183946000173,7896004729428,Atorvastatina Cálcica 10 mg Caixa 30 Comprimidos Revestidos,Norte Sul Real - MT,150.0,0.8937,68.28,0.0,13.32,7.26,2026-09-09 19:18:41,OK,
MT,GD,22183946000173,7896004729428,Atorvastatina Cálcica 10 mg Caixa 30 Comprimidos Revestidos,Panpharma / Santa Cruz - MT,143.0,0.8076000000000001,68.28,0.0,18.2,13.14,2026-09-09 19:18:41,OK,
MT,GD,22183946000173,7896004729435,,,0.0,0.0,0.0,0.0,0.0,0.0,2026-09-09 19:18:53,ERRO,Message: Nenhuma distribuidora pôde ser lida no card do produto.
MT,GD,22183946000173,7896004729442,Atorvastatina Cálcica 40 mg Caixa 30 Comprimidos Revestidos,Profarma - MT,201.0,0.8691,137.16,0.0,27.27,17.95,2026-09-09 19:18:57,OK,
MT,GD,22183946000173,7896004729442,Atorvastatina Cálcica 40 mg Caixa 30 Comprimidos Revestidos,Panpharma / Santa Cruz - MT,24.0,0.8690000000000001,137.16,0.0,29.57,17.97,2026-09-09 19:18:57,OK,
MT,GD,22183946000173,7896004729442,Atorvastatina Cálcica 40 mg Caixa 30 Comprimidos Revestidos,Norte Sul Real - MT,363.0,0.8678,137.16,0.0,29.7,18.13,2026-09-09 19:18:57,OK,
MT,GD,22183946000173,7896004729459,Atorvastatina Cálcica 80 mg Caixa 30 Comprimidos Revestidos,Profarma - MT,44.0,0.3258,280.95,0.0,183.8,183.8,2026-09-09 19:19:01,OK,
MT,GD,22183946000173,7896004729459,Atorvastatina Cálcica 80 mg Caixa 30 Comprimidos Revestidos,Norte Sul Real - MT,113.0,0.3258,280.95,0.0,189.41,189.41,2026-09-09 19:19:01,OK,
MT,GD,22183946000173,7896004729459,Atorvastatina Cálcica 80 mg Caixa 30 Comprimidos Revestidos,Panpharma / Santa Cruz - MT,45.0,0.3257,280.95,0.0,189.44,189.44,2026-09-09 19:19:01,OK,
MT,GD,22183946000173,7896004729640,Rosuvastatina Cálcica 10 mg Caixa 30 Comprimidos Revestidos,Profarma - MT,108.0,0.8996999999999999,89.6,0.0,15.55,8.99,2026-09-09 19:19:05,OK,
MT,GD,22183946000173,7896004729640,Rosuvastatina Cálcica 10 mg Caixa 30 Comprimidos Revestidos,Norte Sul Real - MT,220.0,0.9152,89.6,0.0,15.88,7.6,2026-09-09 19:19:05,OK,
MT,GD,22183946000173,7896004729640,Rosuvastatina Cálcica 10 mg Caixa 30 Comprimidos Revestidos,Panpharma / Santa Cruz - MT,28.0,0.8996,89.6,0.0,17.04,9.0,2026-09-09 19:19:05,OK,
MT,GD,22183946000173,7896004729688,Hidroxizina 25 mg Caixa 30 Comprimidos,Norte Sul Real - MT,481.0,0.0812,32.4,0.0,29.78,29.77,2026-09-09 19:19:09,OK,
MT,GD,22183946000173,7896004729688,Hidroxizina 25 mg Caixa 30 Comprimidos,Profarma - MT,68.0,0.0424,32.41,0.0,30.39,30.39,2026-09-09 19:19:09,OK,
MT,GD,22183946000173,7896004729688,Hidroxizina 25 mg Caixa 30 Comprimidos,Panpharma / Santa Cruz - MT,156.0,0.042300000000000004,32.41,0.0,31.04,31.04,2026-09-09 19:19:09,OK,
MT,GD,22183946000173,7896004730059,,,0.0,0.0,0.0,0.0,0.0,0.0,2026-09-09 19:19:21,ERRO,Message: Nenhuma distribuidora pôde ser lida no card do produto.
MT,GD,22183946000173,7896004730080,,,0.0,0.0,0.0,0.0,0.0,0.0,2026-09-09 19:19:33,ERRO,Message: Nenhuma distribuidora pôde ser lida no card do produto.
MT,GD,22183946000173,7896004730103,Sildenafila 50 mg Caixa 4 Comprimidos Revestidos,Profarma - MT,20.0,0.8014,15.92,0.0,4.02,3.16,2026-09-09 19:19:37,OK,
MT,GD,22183946000173,7896004730103,Sildenafila 50 mg Caixa 4 Comprimidos Revestidos,Norte Sul Real - MT,206.0,0.8192,15.92,0.0,4.04,2.88,2026-09-09 19:19:37,OK,
MT,GD,22183946000173,7896004730103,Sildenafila 50 mg Caixa 4 Comprimidos Revestidos,Panpharma / Santa Cruz - MT,96.0,0.8012999999999999,15.92,0.0,4.28,3.16,2026-09-09 19:19:37,OK,
MT,GD,22183946000173,7896004730189,Ciclobenzaprina 10 mg Caixa 30 Comprimidos Revestidos,Norte Sul Real - MT,583.0,0.7252,34.15,0.0,11.34,9.38,2026-09-09 19:19:41,OK,
MT,GD,22183946000173,7896004730189,Ciclobenzaprina 10 mg Caixa 30 Comprimidos Revestidos,Panpharma / Santa Cruz - MT,224.0,0.7145999999999999,34.15,0.0,11.64,9.75,2026-09-09 19:19:41,OK,
MT,GD,22183946000173,7896004730196,Ciclobenzaprina 10 mg Caixa 15 Comprimidos Revestidos,Profarma - MT,15.0,0.6745,17.08,0.0,6.11,5.56,2026-09-09 19:19:45,OK,
MT,GD,22183946000173,7896004730196,Ciclobenzaprina 10 mg Caixa 15 Comprimidos Revestidos,Norte Sul Real - MT,287.0,0.6862999999999999,17.07,0.0,6.22,5.35,2026-09-09 19:19:45,OK,
MT,GD,22183946000173,7896004730196,Ciclobenzaprina 10 mg Caixa 15 Comprimidos Revestidos,Panpharma / Santa Cruz - MT,335.0,0.6744,17.08,0.0,6.38,5.56,2026-09-09 19:19:45,OK,
MT,GD,22183946000173,7896004730370,Quetiapina 100 mg Caixa 30 Comprimidos Revestidos,Norte Sul Real - MT,105.0,0.8582,129.05,0.0,28.6,18.3,2026-09-09 19:19:49,OK,
MT,GD,22183946000173,7896004730370,Quetiapina 100 mg Caixa 30 Comprimidos Revestidos,Profarma - MT,112.0,0.7868999999999999,129.05,0.0,34.1,27.5,2026-09-09 19:19:49,OK,
MT,GD,22183946000173,7896004730370,Quetiapina 100 mg Caixa 30 Comprimidos Revestidos,Panpharma / Santa Cruz - MT,1.0,0.7868,129.05,0.0,36.25,27.51,2026-09-09 19:19:49,OK,
MT,GD,22183946000173,7896004730387,Quetiapina 200 mg Caixa 30 Comprimidos Revestidos,Panpharma / Santa Cruz - MT,26.0,0.8129000000000001,250.31,0.0,64.89,46.83,2026-09-09 19:19:53,OK,
MT,GD,22183946000173,7896004730981,Citalopram 20 mg Caixa 30 Comprimidos Revestidos,Profarma - MT,46.0,0.8058,50.27,0.0,12.63,9.76,2026-09-09 19:19:56,OK,
MT,GD,22183946000173,7896004730981,Citalopram 20 mg Caixa 30 Comprimidos Revestidos,Norte Sul Real - MT,240.0,0.8201,50.27,0.0,12.88,9.04,2026-09-09 19:19:56,OK,
MT,GD,22183946000173,7896004730981,Citalopram 20 mg Caixa 30 Comprimidos Revestidos,Panpharma / Santa Cruz - MT,165.0,0.8057,50.27,0.0,13.48,9.77,2026-09-09 19:19:56,OK,
MT,GD,22183946000173,7896004731261,,,0.0,0.0,0.0,0.0,0.0,0.0,2026-09-09 19:20:09,ERRO,Message: Nenhuma distribuidora pôde ser lida no card do produto.
MT,GD,22183946000173,7896004731285,,,0.0,0.0,0.0,0.0,0.0,0.0,2026-09-09 19:20:21,ERRO,Message: Nenhuma distribuidora pôde ser lida no card do produto.
MT,GD,22183946000173,7896004731308,,,0.0,0.0,0.0,0.0,0.0,0.0,2026-09-09 19:20:33,ERRO,Message: Nenhuma distribuidora pôde ser lida no card do produto.
MT,GD,22183946000173,7896004731322,Carvedilol 25 mg Caixa 30 Comprimidos,Norte Sul Real - MT,1.0,0.9305,91.58,0.0,15.07,6.36,2026-09-09 19:20:36,OK,
MT,GD,22183946000173,7896004731568,Escitalopram 10 mg Caixa 30 Comprimidos Revestidos,Profarma - MT,60.0,0.8916,65.16,0.0,11.74,7.06,2026-09-09 19:20:41,OK,
MT,GD,22183946000173,7896004731568,Escitalopram 10 mg Caixa 30 Comprimidos Revestidos,Norte Sul Real - MT,177.0,0.898,65.16,0.0,12.47,6.65,2026-09-09 19:20:41,OK,
MT,GD,22183946000173,7896004731568,Escitalopram 10 mg Caixa 30 Comprimidos Revestidos,Panpharma / Santa Cruz - MT,590.0,0.8915000000000001,65.16,0.0,12.83,7.07,2026-09-09 19:20:41,OK,
MT,GD,22183946000173,7896004731575,,,0.0,0.0,0.0,0.0,0.0,0.0,2026-09-09 19:20:53,ERRO,Message: Nenhuma distribuidora pôde ser lida no card do produto.
MT,GD,22183946000173,7896004731582,Escitalopram 20 mg Caixa 30 Comprimidos Revestidos,Profarma - MT,72.0,0.8939,132.69,0.0,23.67,14.08,2026-09-09 19:20:56,OK,
MT,GD,22183946000173,7896004731582,Escitalopram 20 mg Caixa 30 Comprimidos Revestidos,Norte Sul Real - MT,125.0,0.9006000000000001,132.69,0.0,25.12,13.19,2026-09-09 19:20:56,OK,
MT,GD,22183946000173,7896004731698,,,0.0,0.0,0.0,0.0,0.0,0.0,2026-09-09 19:21:09,ERRO,Message: Nenhuma distribuidora pôde ser lida no card do produto.
MT,GD,22183946000173,7896004731704,Pioglitazona 30 mg Caixa 15 Comprimidos,Profarma - MT,8.0,0.5014,62.66,0.0,31.58,31.24,2026-09-09 19:21:12,OK,
MT,GD,22183946000173,7896004731704,Pioglitazona 30 mg Caixa 15 Comprimidos,Panpharma / Santa Cruz - MT,61.0,0.5013000000000001,62.66,0.0,32.63,31.25,2026-09-09 19:21:12,OK,
MT,GD,22183946000173,7896004732626,Bupropiona 150 mg Caixa 30 Comprimidos de Liberação Lenta,Profarma - MT,82.0,0.7873,110.48,0.0,29.47,23.5,2026-09-09 19:21:16,OK,
MT,GD,22183946000173,7896004732626,Bupropiona 150 mg Caixa 30 Comprimidos de Liberação Lenta,Panpharma / Santa Cruz - MT,106.0,0.7872,110.48,0.0,31.31,23.51,2026-09-09 19:21:16,OK,
MT,GD,22183946000173,7896004732633,Bupropiona 150 mg Caixa 60 Comprimidos de Liberação Lenta,Norte Sul Real - MT,206.0,0.8299,213.23,0.0,52.89,36.27,2026-09-09 19:21:20,OK,
MT,GD,22183946000173,7896004732633,Bupropiona 150 mg Caixa 60 Comprimidos de Liberação Lenta,Profarma - MT,11.0,0.7827,213.23,0.0,57.7,46.33,2026-09-09 19:21:20,OK,
MT,GD,22183946000173,7896004732633,Bupropiona 150 mg Caixa 60 Comprimidos de Liberação Lenta,Panpharma / Santa Cruz - MT,166.0,0.7826000000000001,213.23,0.0,61.26,46.36,2026-09-09 19:21:20,OK,
MT,GD,22183946000173,7896004733234,Prednisolona 20 mg Caixa 10 Comprimidos,Norte Sul Real - MT,682.0,0.6751999999999999,17.51,0.0,6.59,5.69,2026-09-09 19:21:24,OK,
MT,GD,22183946000173,7896004733234,Prednisolona 20 mg Caixa 10 Comprimidos,Profarma - MT,540.0,0.6513,17.51,0.0,6.65,6.11,2026-09-09 19:21:24,OK,
MT,GD,22183946000173,7896004733234,Prednisolona 20 mg Caixa 10 Comprimidos,Panpharma / Santa Cruz - MT,765.0,0.6512,17.51,0.0,6.94,6.11,2026-09-09 19:21:24,OK,
MT,GD,22183946000173,7896004734354,,,0.0,0.0,0.0,0.0,0.0,0.0,2026-09-09 19:21:36,ERRO,Message: Nenhuma distribuidora pôde ser lida no card do produto.
MT,GD,22183946000173,7896004734361,Moxifloxacino 400 mg Caixa 7 Comprimidos Revestidos,Profarma - MT,42.0,0.6931,174.46,0.0,60.18,53.54,2026-09-09 19:21:40,OK,
MT,GD,22183946000173,7896004734361,Moxifloxacino 400 mg Caixa 7 Comprimidos Revestidos,Panpharma / Santa Cruz - MT,20.0,0.693,174.46,0.0,63.09,53.56,2026-09-09 19:21:40,OK,
MT,GD,22183946000173,7896004734392,Drospirenona + Etinilestradiol 3+0.03 mg Caixa 21 Comprimidos Revestidos,Profarma - MT,78.0,0.7875,51.6,0.0,13.75,10.97,2026-09-09 19:21:44,OK,
MT,GD,22183946000173,7896004734392,Drospirenona + Etinilestradiol 3+0.03 mg Caixa 21 Comprimidos Revestidos,Norte Sul Real - MT,161.0,0.7875,51.6,0.0,14.61,10.97,2026-09-09 19:21:44,OK,
MT,GD,22183946000173,7896004737058,Atorvastatina Cálcica 20 mg Caixa 60 Comprimidos Revestidos,Norte Sul Real - MT,52.0,0.8762000000000001,121.12,0.0,25.39,14.99,2026-09-09 19:21:47,OK,
MT,GD,22183946000173,7896004737119,Paroxetina 20 mg Caixa 30 Comprimidos Revestidos,Norte Sul Real - MT,96.0,0.7867000000000001,47.49,0.0,13.48,10.13,2026-09-09 19:21:51,OK,
MT,GD,22183946000173,7896004737119,Paroxetina 20 mg Caixa 30 Comprimidos Revestidos,Profarma - MT,40.0,0.7595000000000001,47.49,0.0,13.76,11.42,2026-09-09 19:21:51,OK,
MT,GD,22183946000173,7896004737119,Paroxetina 20 mg Caixa 30 Comprimidos Revestidos,Panpharma / Santa Cruz - MT,109.0,0.7594,47.49,0.0,14.56,11.43,2026-09-09 19:21:51,OK,
MT,GD,22183946000173,7896004737218,Orlistate 120 mg Caixa 42 Cápsulas,Profarma - MT,280.0,0.5674,171.66,0.0,76.64,74.26,2026-09-09 19:21:55,OK,
MT,GD,22183946000173,7896004737218,Orlistate 120 mg Caixa 42 Cápsulas,Norte Sul Real - MT,275.0,0.5674,171.66,0.0,79.48,74.26,2026-09-09 19:21:55,OK,
MT,GD,22183946000173,7896004737218,Orlistate 120 mg Caixa 42 Cápsulas,Panpharma / Santa Cruz - MT,455.0,0.5672999999999999,171.66,0.0,79.5,74.28,2026-09-09 19:21:55,OK,
MT,GD,22183946000173,7896004737225,Orlistate 120 mg Caixa 84 Cápsulas,Profarma - MT,44.0,0.662,345.23,0.0,127.02,116.69,2026-09-09 19:21:59,OK,
MT,GD,22183946000173,7896004737225,Orlistate 120 mg Caixa 84 Cápsulas,Panpharma / Santa Cruz - MT,41.0,0.6618999999999999,345.23,0.0,132.77,116.72,2026-09-09 19:21:59,OK,
MT,GD,22183946000173,7896004738406,Clopidogrel 75 mg Caixa 28 Comprimidos Revestidos,Norte Sul Real - MT,65.0,0.7768999999999999,69.23,0.0,20.22,15.45,2026-09-09 19:22:03,OK,
MT,GD,22183946000173,7896004738406,Clopidogrel 75 mg Caixa 28 Comprimidos Revestidos,Profarma - MT,57.0,0.7209,69.23,0.0,22.29,19.32,2026-09-09 19:22:03,OK,
MT,GD,22183946000173,7896004738406,Clopidogrel 75 mg Caixa 28 Comprimidos Revestidos,Panpharma / Santa Cruz - MT,116.0,0.7208,69.23,0.0,23.44,19.33,2026-09-09 19:22:03,OK,
MT,GD,22183946000173,7896004739588,Bisoprolol 5 mg Caixa 30 Comprimidos Revestidos,Profarma - MT,4.0,0.6751999999999999,49.46,0.0,17.79,16.06,2026-09-09 19:22:07,OK,
MT,GD,22183946000173,7896004739588,Bisoprolol 5 mg Caixa 30 Comprimidos Revestidos,Panpharma / Santa Cruz - MT,790.0,0.6751,49.46,0.0,18.62,16.07,2026-09-09 19:22:07,OK,
MT,GD,22183946000173,7896004739588,Bisoprolol 5 mg Caixa 30 Comprimidos Revestidos,Norte Sul Real - MT,501.0,0.6636,49.46,0.0,19.09,16.64,2026-09-09 19:22:07,OK,
MT,GD,22183946000173,7896004739595,,,0.0,0.0,0.0,0.0,0.0,0.0,2026-09-09 19:22:19,ERRO,Message: Nenhuma distribuidora pôde ser lida no card do produto.
MT,GD,22183946000173,7896004742007,Diclofenaco Sódico 50 mg Caixa 20 Comprimidos Revestidos Lib. Retardada,Norte Sul Real - MT,83.0,0.7855,24.4,0.0,6.95,5.23,2026-09-09 19:22:23,OK,
MT,GD,22183946000173,7896004742007,Diclofenaco Sódico 50 mg Caixa 20 Comprimidos Revestidos Lib. Retardada,Panpharma / Santa Cruz - MT,23.0,0.769,24.4,0.0,7.29,5.64,2026-09-09 19:22:23,OK,
MT,GD,22183946000173,7896004742069,,,0.0,0.0,0.0,0.0,0.0,0.0,2026-09-09 19:22:35,ERRO,Message: Nenhuma distribuidora pôde ser lida no card do produto.
MT,GD,22183946000173,7896004742076,Esomeprazol Magnésico 40 mg Caixa 28 Comprimidos Revestidos Lib. Retardada,Norte Sul Real - MT,416.0,0.8120999999999999,226.78,0.0,59.6,42.61,2026-09-09 19:22:39,OK,
MT,GD,22183946000173,7896004742076,Esomeprazol Magnésico 40 mg Caixa 28 Comprimidos Revestidos Lib. Retardada,Profarma - MT,253.0,0.7781999999999999,226.78,0.0,62.21,50.3,2026-09-09 19:22:39,OK,
MT,GD,22183946000173,7896004742076,Esomeprazol Magnésico 40 mg Caixa 28 Comprimidos Revestidos Lib. Retardada,Panpharma / Santa Cruz - MT,222.0,0.7781,226.78,0.0,66.0,50.32,2026-09-09 19:22:39,OK,
MT,GD,22183946000173,7896004742199,Tibolona 2.5 mg Caixa 30 Comprimidos,Norte Sul Real - MT,439.0,0.6149,63.36,0.0,27.02,24.4,2026-09-09 19:22:43,OK,
MT,GD,22183946000173,7896004742199,Tibolona 2.5 mg Caixa 30 Comprimidos,Profarma - MT,224.0,0.5822999999999999,63.36,0.0,27.69,26.47,2026-09-09 19:22:43,OK,
MT,GD,22183946000173,7896004742199,Tibolona 2.5 mg Caixa 30 Comprimidos,Panpharma / Santa Cruz - MT,535.0,0.5821999999999999,63.36,0.0,28.74,26.47,2026-09-09 19:22:43,OK,
MT,GD,22183946000173,7896004743042,Pramipexol 0.250 mg Caixa 30 Comprimidos,Profarma - MT,35.0,0.684,75.39,0.0,26.57,23.82,2026-09-09 19:22:47,OK,
MT,GD,22183946000173,7896004743042,Pramipexol 0.250 mg Caixa 30 Comprimidos,Panpharma / Santa Cruz - MT,47.0,0.6839,75.39,0.0,27.83,23.83,2026-09-09 19:22:47,OK,
MT,GD,22183946000173,7896004743042,Pramipexol 0.250 mg Caixa 30 Comprimidos,Norte Sul Real - MT,50.0,0.6837000000000001,75.39,0.0,27.85,23.85,2026-09-09 19:22:47,OK,
MT,GD,22183946000173,7896004743745,Rosuvastatina Cálcica 5 mg Caixa 30 Comprimidos Revestidos,Norte Sul Real - MT,129.0,0.8341,63.39,0.0,15.5,10.52,2026-09-09 19:22:51,OK,
MT,GD,22183946000173,7896004743745,Rosuvastatina Cálcica 5 mg Caixa 30 Comprimidos Revestidos,Profarma - MT,33.0,0.8,63.39,0.0,16.24,12.68,2026-09-09 19:22:51,OK,
MT,GD,22183946000173,7896004743745,Rosuvastatina Cálcica 5 mg Caixa 30 Comprimidos Revestidos,Panpharma / Santa Cruz - MT,19.0,0.7670999999999999,63.39,0.0,19.02,14.76,2026-09-09 19:22:51,OK,
MT,GD,22183946000173,7896004743936,,,0.0,0.0,0.0,0.0,0.0,0.0,2026-09-09 19:23:03,ERRO,Message: Nenhuma distribuidora pôde ser lida no card do produto.
MT,GD,22183946000173,7896004743943,Esomeprazol Magnésico 40 mg Caixa 14 Comprimidos Revestidos Lib. Retardada,Norte Sul Real - MT,63.0,0.8058,127.42,0.0,34.15,24.74,2026-09-09 19:23:07,OK,
MT,GD,22183946000173,7896004743943,Esomeprazol Magnésico 40 mg Caixa 14 Comprimidos Revestidos Lib. Retardada,Panpharma / Santa Cruz - MT,24.0,0.8057,127.42,0.0,34.16,24.76,2026-09-09 19:23:07,OK,
MT,GD,22183946000173,7896004744360,Fluoxetina 20 mg Caixa 30 Cápsulas,Profarma - MT,2.0,0.8887999999999999,54.73,0.0,10.0,6.09,2026-09-09 19:23:11,OK,
MT,GD,22183946000173,7896004744360,Fluoxetina 20 mg Caixa 30 Cápsulas,Norte Sul Real - MT,309.0,0.9062,54.73,0.0,10.11,5.13,2026-09-09 19:23:11,OK,
MT,GD,22183946000173,7896004744360,Fluoxetina 20 mg Caixa 30 Cápsulas,Panpharma / Santa Cruz - MT,391.0,0.8887,54.73,0.0,10.9,6.09,2026-09-09 19:23:11,OK,
MT,GD,22183946000173,7896004744957,Drospirenona + Etinilestradiol 3+0.02 mg Caixa 24 Comprimidos Revestidos,Norte Sul Real - MT,120.0,0.7661,56.27,0.0,16.93,13.16,2026-09-09 19:23:15,OK,
MT,GD,22183946000173,7896004744957,Drospirenona + Etinilestradiol 3+0.02 mg Caixa 24 Comprimidos Revestidos,Panpharma / Santa Cruz - MT,78.0,0.7612000000000001,56.27,0.0,17.17,13.44,2026-09-09 19:23:15,OK,
MT,GD,22183946000173,7896004746388,Venlafaxina 75 mg Caixa 30 Cápsulas de Liberação Prolongada,Profarma - MT,79.0,0.6479,82.99,0.0,31.74,29.22,2026-09-09 19:23:19,OK,
MT,GD,22183946000173,7896004746388,Venlafaxina 75 mg Caixa 30 Cápsulas de Liberação Prolongada,Norte Sul Real - MT,64.0,0.6479,82.99,0.0,33.11,29.22,2026-09-09 19:23:19,OK,
MT,GD,22183946000173,7896004746388,Venlafaxina 75 mg Caixa 30 Cápsulas de Liberação Prolongada,Panpharma / Santa Cruz - MT,139.0,0.6478,82.99,0.0,33.13,29.23,2026-09-09 19:23:19,OK,
MT,GD,22183946000173,7896004746920,Ezetimiba 10 mg Caixa 60 Comprimidos,Profarma - MT,20.0,0.7615000000000001,130.16,0.0,37.52,31.04,2026-09-09 19:23:23,OK,
MT,GD,22183946000173,7896004746920,Ezetimiba 10 mg Caixa 60 Comprimidos,Norte Sul Real - MT,126.0,0.7675,130.16,0.0,39.02,30.26,2026-09-09 19:23:23,OK,
MT,GD,22183946000173,7896004746920,Ezetimiba 10 mg Caixa 60 Comprimidos,Panpharma / Santa Cruz - MT,117.0,0.7614,130.16,0.0,39.68,31.06,2026-09-09 19:23:23,OK,
MT,GD,22183946000173,7896004746937,,,0.0,0.0,0.0,0.0,0.0,0.0,2026-09-09 19:23:35,ERRO,Message: Nenhuma distribuidora pôde ser lida no card do produto.
MT,GD,22183946000173,7896004747002,Escitalopram 15 mg Caixa 30 Comprimidos Revestidos,Profarma - MT,78.0,0.8887999999999999,151.39,0.0,27.62,16.83,2026-09-09 19:23:39,OK,
MT,GD,22183946000173,7896004747002,Escitalopram 15 mg Caixa 30 Comprimidos Revestidos,Norte Sul Real - MT,99.0,0.9065000000000001,151.38,0.0,27.92,14.15,2026-09-09 19:23:39,OK,
MT,GD,22183946000173,7896004747002,Escitalopram 15 mg Caixa 30 Comprimidos Revestidos,Panpharma / Santa Cruz - MT,19.0,0.8887,151.39,0.0,30.16,16.85,2026-09-09 19:23:39,OK,
MT,GD,22183946000173,7896004747040,Ezetimiba + Sinvastatina 10+10 mg Caixa 30 Comprimidos,Norte Sul Real - MT,125.0,0.7404999999999999,98.31,0.0,31.68,25.51,2026-09-09 19:23:42,OK,
MT,GD,22183946000173,7896004747040,Ezetimiba + Sinvastatina 10+10 mg Caixa 30 Comprimidos,Panpharma / Santa Cruz - MT,64.0,0.6829000000000001,98.31,0.0,36.37,31.17,2026-09-09 19:23:42,OK,
MT,GD,22183946000173,7896004747057,Ezetimiba + Sinvastatina 10+20 mg Caixa 30 Comprimidos,Profarma - MT,33.0,0.6461,88.96,0.0,34.15,31.48,2026-09-09 19:23:46,OK,
MT,GD,22183946000173,7896004747057,Ezetimiba + Sinvastatina 10+20 mg Caixa 30 Comprimidos,Norte Sul Real - MT,56.0,0.6461,88.96,0.0,35.63,31.48,2026-09-09 19:23:46,OK,
MT,GD,22183946000173,7896004747057,Ezetimiba + Sinvastatina 10+20 mg Caixa 30 Comprimidos,Panpharma / Santa Cruz - MT,113.0,0.6459999999999999,88.96,0.0,35.64,31.49,2026-09-09 19:23:46,OK,
MT,GD,22183946000173,7896004747064,,,0.0,0.0,0.0,0.0,0.0,0.0,2026-09-09 19:23:59,ERRO,Message: Nenhuma distribuidora pôde ser lida no card do produto.
MT,GD,22183946000173,7896004747620,Aripiprazol 10 mg Caixa 30 Comprimidos,Norte Sul Real - MT,101.0,0.7562000000000001,232.84,0.0,71.98,56.77,2026-09-09 19:24:02,OK,
MT,GD,22183946000173,7896004747620,Aripiprazol 10 mg Caixa 30 Comprimidos,Panpharma / Santa Cruz - MT,326.0,0.7448,232.84,0.0,74.19,59.42,2026-09-09 19:24:02,OK,
MT,GD,22183946000173,7896004747637,Aripiprazol 15 mg Caixa 30 Comprimidos,Profarma - MT,27.0,0.7818999999999999,341.29,0.0,92.58,74.44,2026-09-09 19:24:06,OK,
MT,GD,22183946000173,7896004747637,Aripiprazol 15 mg Caixa 30 Comprimidos,Norte Sul Real - MT,92.0,0.7818,341.29,0.0,98.24,74.47,2026-09-09 19:24:06,OK,
MT,GD,22183946000173,7896004747637,Aripiprazol 15 mg Caixa 30 Comprimidos,Panpharma / Santa Cruz - MT,164.0,0.7818,341.29,0.0,98.27,74.47,2026-09-09 19:24:06,OK,
MT,GD,22183946000173,7896004747774,Duloxetina 60 mg Caixa 30 Cápsulas de Liberação Retardada,Norte Sul Real - MT,512.0,0.5276,122.04,0.0,60.89,57.65,2026-09-09 19:24:10,OK,
MT,GD,22183946000173,7896004747774,Duloxetina 60 mg Caixa 30 Cápsulas de Liberação Retardada,Profarma - MT,137.0,0.4533,122.04,0.0,66.39,66.39,2026-09-09 19:24:10,OK,
MT,GD,22183946000173,7896004747774,Duloxetina 60 mg Caixa 30 Cápsulas de Liberação Retardada,Panpharma / Santa Cruz - MT,786.0,0.4532,122.04,0.0,68.43,66.73,2026-09-09 19:24:10,OK,
MT,GD,22183946000173,7896004747880,Celecoxibe 200 mg Caixa 10 Cápsulas,Profarma - MT,45.0,0.7801,39.48,0.0,10.77,8.68,2026-09-09 19:24:14,OK,
MT,GD,22183946000173,7896004747880,Celecoxibe 200 mg Caixa 10 Cápsulas,Norte Sul Real - MT,196.0,0.7903,39.47,0.0,11.09,8.28,2026-09-09 19:24:14,OK,
MT,GD,22183946000173,7896004747880,Celecoxibe 200 mg Caixa 10 Cápsulas,Panpharma / Santa Cruz - MT,162.0,0.78,39.48,0.0,11.43,8.69,2026-09-09 19:24:14,OK,
MT,GD,22183946000173,7896004747897,Celecoxibe 200 mg Caixa 30 Cápsulas,Profarma - MT,12.0,0.7894,115.42,0.0,30.59,24.31,2026-09-09 19:24:18,OK,
MT,GD,22183946000173,7896004747897,Celecoxibe 200 mg Caixa 30 Cápsulas,Panpharma / Santa Cruz - MT,40.0,0.7893000000000001,115.42,0.0,32.52,24.32,2026-09-09 19:24:18,OK,
MT,GD,22183946000173,7896004748214,,,0.0,0.0,0.0,0.0,0.0,0.0,2026-09-09 19:24:30,ERRO,Message: Nenhuma distribuidora pôde ser lida no card do produto.
MT,GD,22183946000173,7896004749303,Pantoprazol 20 mg Caixa 42 Comprimidos Revestidos Lib. Retardada,Norte Sul Real - MT,150.0,0.8199,50.14,0.0,12.85,9.03,2026-09-09 19:24:33,OK,
MT,GD,22183946000173,7896004749358,,,0.0,0.0,0.0,0.0,0.0,0.0,2026-09-09 19:24:46,ERRO,Message: Nenhuma distribuidora pôde ser lida no card do produto.
MT,GD,22183946000173,7896004749624,Tadalafila 5 mg Caixa 30 Comprimidos Revestidos,Profarma - MT,515.0,0.92,92.96,0.0,14.56,7.44,2026-09-09 19:24:50,OK,
MT,GD,22183946000173,7896004749624,Tadalafila 5 mg Caixa 30 Comprimidos Revestidos,Norte Sul Real - MT,631.0,0.9301,92.96,0.0,15.32,6.5,2026-09-09 19:24:50,OK,
MT,GD,22183946000173,7896004749624,Tadalafila 5 mg Caixa 30 Comprimidos Revestidos,Panpharma / Santa Cruz - MT,670.0,0.9198999999999999,92.96,0.0,16.11,7.45,2026-09-09 19:24:50,OK,
MT,GD,22183946000173,7896004749631,,,0.0,0.0,0.0,0.0,0.0,0.0,2026-09-09 19:25:02,ERRO,Message: Nenhuma distribuidora pôde ser lida no card do produto.
MT,GD,22183946000173,7896004749648,Tadalafila 20 mg Caixa 4 Comprimidos Revestidos,Profarma - MT,1159.0,0.8931999999999999,33.01,0.0,5.91,3.53,2026-09-09 19:25:06,OK,
MT,GD,22183946000173,7896004749648,Tadalafila 20 mg Caixa 4 Comprimidos Revestidos,Norte Sul Real - MT,1818.0,0.9035,33.01,0.0,6.17,3.19,2026-09-09 19:25:06,OK,
MT,GD,22183946000173,7896004749648,Tadalafila 20 mg Caixa 4 Comprimidos Revestidos,Panpharma / Santa Cruz - MT,1351.0,0.8931,33.01,0.0,6.46,3.53,2026-09-09 19:25:06,OK,
MT,GD,22183946000173,7896004749655,,,0.0,0.0,0.0,0.0,0.0,0.0,2026-09-09 19:25:18,ERRO,Message: Nenhuma distribuidora pôde ser lida no card do produto.
MT,GD,22183946000173,7896004750330,Olmesartana + Hidroclorotiazida 20+12.5 mg Caixa 30 Comprimidos Revestidos,Profarma - MT,293.0,0.5478000000000001,48.24,0.0,22.46,21.81,2026-09-09 19:25:22,OK,
MT,GD,22183946000173,7896004750330,Olmesartana + Hidroclorotiazida 20+12.5 mg Caixa 30 Comprimidos Revestidos,Panpharma / Santa Cruz - MT,490.0,0.5477000000000001,48.24,0.0,23.26,21.82,2026-09-09 19:25:22,OK,
MT,GD,22183946000173,7896004750347,Olmesartana + Hidroclorotiazida 40+12.5 mg Caixa 30 Comprimidos Revestidos,Norte Sul Real - MT,507.0,0.5632,54.95,0.0,25.79,24.0,2026-09-09 19:25:26,OK,
MT,GD,22183946000173,7896004750347,Olmesartana + Hidroclorotiazida 40+12.5 mg Caixa 30 Comprimidos Revestidos,Profarma - MT,60.0,0.5257000000000001,54.95,0.0,26.59,26.06,2026-09-09 19:25:26,OK,
MT,GD,22183946000173,7896004750347,Olmesartana + Hidroclorotiazida 40+12.5 mg Caixa 30 Comprimidos Revestidos,Panpharma / Santa Cruz - MT,464.0,0.5256000000000001,54.95,0.0,27.51,26.07,2026-09-09 19:25:26,OK,
MT,GD,22183946000173,7896004750354,Olmesartana Medoxomila + Hidroclorotiazida (40+25) mg Caixa 30 Comprimidos Revestidos,Profarma - MT,554.0,0.5434,54.94,0.0,25.78,25.09,2026-09-09 19:25:30,OK,
MT,GD,22183946000173,7896004750354,Olmesartana Medoxomila + Hidroclorotiazida (40+25) mg Caixa 30 Comprimidos Revestidos,Panpharma / Santa Cruz - MT,533.0,0.5433,54.94,0.0,26.69,25.09,2026-09-09 19:25:30,OK,
MT,GD,22183946000173,7896004750354,Olmesartana Medoxomila + Hidroclorotiazida (40+25) mg Caixa 30 Comprimidos Revestidos,Norte Sul Real - MT,414.0,0.5428999999999999,54.94,0.0,26.7,25.11,2026-09-09 19:25:30,OK,
MT,GD,22183946000173,7896004750620,Olmesartana + Anlodipino 40+10 mg Caixa 30 Comprimidos Revestidos,Norte Sul Real - MT,123.0,0.37579999999999997,49.39,0.0,30.87,30.83,2026-09-09 19:25:34,OK,
MT,GD,22183946000173,7896004750620,Olmesartana + Anlodipino 40+10 mg Caixa 30 Comprimidos Revestidos,Profarma - MT,8.0,0.25,49.39,0.0,36.05,36.05,2026-09-09 19:25:34,OK,
MT,GD,22183946000173,7896004750620,Olmesartana + Anlodipino 40+10 mg Caixa 30 Comprimidos Revestidos,Panpharma / Santa Cruz - MT,79.0,0.22399999999999998,49.39,0.0,38.33,38.33,2026-09-09 19:25:34,OK,
MT,GD,22183946000173,7896004750637,Olmesartana + Anlodipino 40+5 mg Caixa 30 Comprimidos Revestidos,Norte Sul Real - MT,54.0,0.39409999999999995,49.39,0.0,30.11,29.93,2026-09-09 19:25:37,OK,
MT,GD,22183946000173,7896004750644,Olmesartana + Anlodipino 20+5 mg Caixa 30 Comprimidos Revestidos,Norte Sul Real - MT,55.0,0.261,43.67,0.0,32.27,32.27,2026-09-09 19:25:40,OK,
MT,GD,22183946000173,7896004751009,,,0.0,0.0,0.0,0.0,0.0,0.0,2026-09-09 19:25:52,ERRO,Message: Nenhuma distribuidora pôde ser lida no card do produto.
MT,GD,22183946000173,7896004751016,Desvenlafaxina 100 mg Caixa 30 Comprimidos Lib. Prolongada,Norte Sul Real - MT,84.0,0.7518,137.01,0.0,42.87,34.01,2026-09-09 19:25:56,OK,
MT,GD,22183946000173,7896004751016,Desvenlafaxina 100 mg Caixa 30 Comprimidos Lib. Prolongada,Panpharma / Santa Cruz - MT,197.0,0.7051999999999999,137.01,0.0,48.16,40.39,2026-09-09 19:25:56,OK,
MT,GD,22183946000173,7896004751641,Desogestrel 75 mcg Caixa 28 Comprimidos Revestidos,Norte Sul Real - MT,179.0,0.7429000000000001,29.36,0.0,9.4,7.55,2026-09-09 19:26:00,OK,
MT,GD,22183946000173,7896004751641,Desogestrel 75 mcg Caixa 28 Comprimidos Revestidos,Profarma - MT,42.0,0.6834,29.36,0.0,10.37,9.3,2026-09-09 19:26:00,OK,
MT,GD,22183946000173,7896004751641,Desogestrel 75 mcg Caixa 28 Comprimidos Revestidos,Panpharma / Santa Cruz - MT,278.0,0.6833,29.36,0.0,10.86,9.3,2026-09-09 19:26:00,OK,
MT,GD,22183946000173,7896004752112,Tansulosina 0.4 mg Caixa 20 Comprimidos de Liberação Prolongada,Norte Sul Real - MT,174.0,0.7518,77.47,0.0,24.24,19.23,2026-09-09 19:26:04,OK,
MT,GD,22183946000173,7896004752112,Tansulosina 0.4 mg Caixa 20 Comprimidos de Liberação Prolongada,Profarma - MT,110.0,0.6368,77.47,0.0,30.35,28.14,2026-09-09 19:26:04,OK,
MT,GD,22183946000173,7896004752112,Tansulosina 0.4 mg Caixa 20 Comprimidos de Liberação Prolongada,Panpharma / Santa Cruz - MT,3.0,0.6367,77.47,0.0,31.64,28.14,2026-09-09 19:26:04,OK,
MT,GD,22183946000173,7896004752211,Trazodona 50 mg Caixa 60 Comprimidos Revestidos,Profarma - MT,221.0,0.6187,65.54,0.0,26.65,24.99,2026-09-09 19:26:08,OK,
MT,GD,22183946000173,7896004752211,Trazodona 50 mg Caixa 60 Comprimidos Revestidos,Norte Sul Real - MT,381.0,0.6187,65.54,0.0,27.74,24.99,2026-09-09 19:26:08,OK,
MT,GD,22183946000173,7896004752211,Trazodona 50 mg Caixa 60 Comprimidos Revestidos,Panpharma / Santa Cruz - MT,588.0,0.6186,65.54,0.0,27.75,25.0,2026-09-09 19:26:08,OK,
MT,GD,22183946000173,7896004752228,,,0.0,0.0,0.0,0.0,0.0,0.0,2026-09-09 19:26:20,ERRO,Message: Nenhuma distribuidora pôde ser lida no card do produto.
MT,GD,22183946000173,7896004752471,Ibandronato De Sódio 150 mg Caixa 1 Comprimido Revestido,Norte Sul Real - MT,142.0,0.7606,76.28,0.0,23.29,18.26,2026-09-09 19:26:24,OK,
MT,GD,22183946000173,7896004752471,Ibandronato De Sódio 150 mg Caixa 1 Comprimido Revestido,Panpharma / Santa Cruz - MT,67.0,0.7606,76.28,0.0,23.31,18.26,2026-09-09 19:26:24,OK,
MT,GD,22183946000173,7896004752525,,,0.0,0.0,0.0,0.0,0.0,0.0,2026-09-09 19:26:36,ERRO,Message: Nenhuma distribuidora pôde ser lida no card do produto.
MT,GD,22183946000173,7896004752730,Gliclazida 60 mg Caixa 30 Comprimidos de Liberação Prolongada,Profarma - MT,184.0,0.5,50.99,0.0,25.76,25.5,2026-09-09 19:26:40,OK,
MT,GD,22183946000173,7896004752730,Gliclazida 60 mg Caixa 30 Comprimidos de Liberação Prolongada,Norte Sul Real - MT,657.0,0.5166,50.99,0.0,25.9,24.65,2026-09-09 19:26:40,OK,
MT,GD,22183946000173,7896004752730,Gliclazida 60 mg Caixa 30 Comprimidos de Liberação Prolongada,Panpharma / Santa Cruz - MT,1285.0,0.48229999999999995,50.99,0.0,27.36,26.4,2026-09-09 19:26:40,OK,
MT,GD,22183946000173,7896004753089,Lercanidipino 10 mg Caixa 30 Comprimidos Revestidos,Profarma - MT,35.0,0.1789,92.7,0.0,74.27,74.27,2026-09-09 19:26:44,OK,
MT,GD,22183946000173,7896004754154,Metilfenidato 10 mg Caixa 30 Comprimidos,Profarma - MT,188.0,0.2364,26.14,0.0,19.44,19.44,2026-09-09 19:26:48,OK,
MT,GD,22183946000173,7896004754154,Metilfenidato 10 mg Caixa 30 Comprimidos,Panpharma / Santa Cruz - MT,440.0,0.23629999999999998,26.14,0.0,19.96,19.96,2026-09-09 19:26:48,OK,
MT,GD,22183946000173,7896004754154,Metilfenidato 10 mg Caixa 30 Comprimidos,Norte Sul Real - MT,291.0,0.2364,26.14,0.0,19.96,19.96,2026-09-09 19:26:48,OK,
MT,GD,22183946000173,7896004754161,Metilfenidato 10 mg Caixa 60 Comprimidos,Profarma - MT,78.0,0.2212,51.05,0.0,38.74,38.74,2026-09-09 19:26:52,OK,
MT,GD,22183946000173,7896004754161,Metilfenidato 10 mg Caixa 60 Comprimidos,Norte Sul Real - MT,147.0,0.2212,51.05,0.0,39.75,39.75,2026-09-09 19:26:52,OK,
MT,GD,22183946000173,7896004754161,Metilfenidato 10 mg Caixa 60 Comprimidos,Panpharma / Santa Cruz - MT,184.0,0.2211,51.05,0.0,39.76,39.76,2026-09-09 19:26:52,OK,
MT,GD,22183946000173,7896004754949,Duloxetina 30 mg Caixa 30 Cápsulas de Liberação Retardada,Norte Sul Real - MT,345.0,0.4714,64.94,0.0,35.43,34.33,2026-09-09 19:26:56,OK,
MT,GD,22183946000173,7896004754949,Duloxetina 30 mg Caixa 30 Cápsulas de Liberação Retardada,Profarma - MT,9.0,0.4244,64.94,0.0,36.89,36.89,2026-09-09 19:26:56,OK,
MT,GD,22183946000173,7896004754949,Duloxetina 30 mg Caixa 30 Cápsulas de Liberação Retardada,Panpharma / Santa Cruz - MT,841.0,0.4243,64.94,0.0,37.97,37.39,2026-09-09 19:26:56,OK,
MT,GD,22183946000173,7896004755342,Rosuvastatina Cálcica 5 mg Caixa 60 Comprimidos Revestidos,Norte Sul Real - MT,262.0,0.8388,117.39,0.0,28.25,18.92,2026-09-09 19:27:00,OK,
MT,GD,22183946000173,7896004755342,Rosuvastatina Cálcica 5 mg Caixa 60 Comprimidos Revestidos,Profarma - MT,22.0,0.7615000000000001,117.39,0.0,33.83,28.0,2026-09-09 19:27:00,OK,
MT,GD,22183946000173,7896004755878,Drospirenona + Etinilestradiol 3+0.03 mg Caixa 63 Comprimidos Revestidos,Norte Sul Real - MT,97.0,0.7151000000000001,122.22,0.0,41.95,34.82,2026-09-09 19:27:03,OK,
MT,GD,22183946000173,7896004756417,,,0.0,0.0,0.0,0.0,0.0,0.0,2026-09-09 19:27:15,ERRO,Message: Nenhuma distribuidora pôde ser lida no card do produto.
MT,GD,22183946000173,7896004756424,,,0.0,0.0,0.0,0.0,0.0,0.0,2026-09-09 19:27:27,ERRO,Message: Nenhuma distribuidora pôde ser lida no card do produto.
MT,GD,22183946000173,7896004756431,,,0.0,0.0,0.0,0.0,0.0,0.0,2026-09-09 19:27:39,ERRO,Message: Nenhuma distribuidora pôde ser lida no card do produto.
MT,GD,22183946000173,7896004756875,,,0.0,0.0,0.0,0.0,0.0,0.0,2026-09-09 19:27:52,ERRO,Message: Nenhuma distribuidora pôde ser lida no card do produto.
MT,GD,22183946000173,7896004757353,Levocetirizina 5 mg Caixa 10 Comprimidos Revestidos,Norte Sul Real - MT,200.0,0.5989,40.47,0.0,17.68,16.23,2026-09-09 19:27:56,OK,
MT,GD,22183946000173,7896004757353,Levocetirizina 5 mg Caixa 10 Comprimidos Revestidos,Profarma - MT,74.0,0.5329,40.47,0.0,19.22,18.9,2026-09-09 19:27:56,OK,
MT,GD,22183946000173,7896004757353,Levocetirizina 5 mg Caixa 10 Comprimidos Revestidos,Panpharma / Santa Cruz - MT,251.0,0.5328,40.47,0.0,19.91,18.91,2026-09-09 19:27:56,OK,
MT,GD,22183946000173,7896004758114,Mirtazapina 15 mg Caixa 30 Comprimidos Orodispersíveis,Panpharma / Santa Cruz - MT,650.0,0.4694,64.48,0.0,35.28,34.21,2026-09-09 19:27:59,OK,
MT,GD,22183946000173,7896004758121,,,0.0,0.0,0.0,0.0,0.0,0.0,2026-09-09 19:28:11,ERRO,Message: Nenhuma distribuidora pôde ser lida no card do produto.
MT,GD,22183946000173,7896004758268,Budesonida 32 mcg Frasco 120 Doses Suspensão Spray Nasal,Profarma - MT,448.0,0.27390000000000003,22.57,0.0,15.94,15.94,2026-09-09 19:28:15,OK,
MT,GD,22183946000173,7896004758268,Budesonida 32 mcg Frasco 120 Doses Suspensão Spray Nasal,Panpharma / Santa Cruz - MT,190.0,0.2738,22.57,0.0,16.39,16.39,2026-09-09 19:28:15,OK,
MT,GD,22183946000173,7896004758268,Budesonida 32 mcg Frasco 120 Doses Suspensão Spray Nasal,Norte Sul Real - MT,147.0,0.24170000000000003,22.57,0.0,17.11,17.11,2026-09-09 19:28:15,OK,
MT,GD,22183946000173,7896004758275,Budesonida 64 mcg Frasco 120 Doses Suspensão Spray Nasal,Profarma - MT,189.0,0.22,27.37,0.0,20.8,20.8,2026-09-09 19:28:19,OK,
MT,GD,22183946000173,7896004758275,Budesonida 64 mcg Frasco 120 Doses Suspensão Spray Nasal,Norte Sul Real - MT,640.0,0.21530000000000002,27.37,0.0,21.47,21.47,2026-09-09 19:28:19,OK,
MT,GD,22183946000173,7896004759593,,,0.0,0.0,0.0,0.0,0.0,0.0,2026-09-09 19:28:31,ERRO,Message: Nenhuma distribuidora pôde ser lida no card do produto.
MT,GD,22183946000173,7896004759609,Amoxicilina + Clavulanato 875+125 mg Caixa 20 Comprimidos Revestidos,Profarma - MT,48.0,0.4353,103.2,0.0,57.68,57.68,2026-09-09 19:28:35,OK,
MT,GD,22183946000173,7896004759609,Amoxicilina + Clavulanato 875+125 mg Caixa 20 Comprimidos Revestidos,Panpharma / Santa Cruz - MT,110.0,0.43520000000000003,103.2,0.0,59.4,58.29,2026-09-09 19:28:35,OK,
MT,GD,22183946000173,7896004759609,Amoxicilina + Clavulanato 875+125 mg Caixa 20 Comprimidos Revestidos,Norte Sul Real - MT,309.0,0.4276,103.2,0.0,60.05,59.07,2026-09-09 19:28:35,OK,
MT,GD,22183946000173,7896004759678,Azitromicina Di-hidratada 1500 mg Frasco 37.5 ml Pó Para Suspensão Oral + Seringa,Norte Sul Real - MT,435.0,0.3257,36.59,0.0,24.67,24.67,2026-09-09 19:28:39,OK,
MT,GD,22183946000173,7896004759678,Azitromicina Di-hidratada 1500 mg Frasco 37.5 ml Pó Para Suspensão Oral + Seringa,Profarma - MT,141.0,0.12050000000000001,36.59,0.0,31.45,31.45,2026-09-09 19:28:39,OK,
MT,GD,22183946000173,7896004759678,Azitromicina Di-hidratada 1500 mg Frasco 37.5 ml Pó Para Suspensão Oral + Seringa,Panpharma / Santa Cruz - MT,167.0,0.1204,36.59,0.0,32.18,32.18,2026-09-09 19:28:39,OK,
MT,GD,22183946000173,7896004759692,Clonazepam 2 mg Caixa 60 Comprimidos,Norte Sul Real - MT,78.0,0.7492,32.07,0.0,10.1,8.04,2026-09-09 19:28:43,OK,
MT,GD,22183946000173,7896004759692,Clonazepam 2 mg Caixa 60 Comprimidos,Panpharma / Santa Cruz - MT,150.0,0.7491,32.07,0.0,10.11,8.05,2026-09-09 19:28:43,OK,
MT,GD,22183946000173,7896004759715,Venlafaxina 37.5 mg Caixa 30 Cápsulas de Liberação Prolongada,Norte Sul Real - MT,70.0,0.6373,48.18,0.0,19.64,17.47,2026-09-09 19:28:46,OK,
MT,GD,22183946000173,7896004759715,Venlafaxina 37.5 mg Caixa 30 Cápsulas de Liberação Prolongada,Panpharma / Santa Cruz - MT,55.0,0.5753,48.18,0.0,22.13,20.46,2026-09-09 19:28:46,OK,
MT,GD,22183946000173,7896004759722,Drospirenona + Etinilestradiol 3+0.02 mg Caixa 72 Comprimidos (3x24),Profarma - MT,1.0,0.7796,141.54,0.0,38.67,31.2,2026-09-09 19:28:50,OK,
MT,GD,22183946000173,7896004759722,Drospirenona + Etinilestradiol 3+0.02 mg Caixa 72 Comprimidos (3x24),Norte Sul Real - MT,72.0,0.7920999999999999,141.54,0.0,39.54,29.43,2026-09-09 19:28:50,OK,
MT,GD,22183946000173,7896004759739,Atenolol + Clortalidona 50+12.5 mg Caixa 60 Comprimidos,Norte Sul Real - MT,4.0,0.8290000000000001,53.53,0.0,13.32,9.15,2026-09-09 19:28:54,OK,
MT,GD,22183946000173,7896004759739,Atenolol + Clortalidona 50+12.5 mg Caixa 60 Comprimidos,Panpharma / Santa Cruz - MT,48.0,0.7134999999999999,53.53,0.0,18.45,15.34,2026-09-09 19:28:54,OK,
MT,GD,22183946000173,7896004759791,Olanzapina 10 mg Caixa 30 Comprimidos Revestidos,Norte Sul Real - MT,102.0,0.8490000000000001,237.82,0.0,55.21,35.91,2026-09-09 19:28:58,OK,
MT,GD,22183946000173,7896004759791,Olanzapina 10 mg Caixa 30 Comprimidos Revestidos,Profarma - MT,11.0,0.8140999999999999,237.82,0.0,58.15,44.21,2026-09-09 19:28:58,OK,
MT,GD,22183946000173,7896004759791,Olanzapina 10 mg Caixa 30 Comprimidos Revestidos,Panpharma / Santa Cruz - MT,99.0,0.8140000000000001,237.82,0.0,62.12,44.23,2026-09-09 19:28:58,OK,
MT,GD,22183946000173,7896004759807,Olanzapina 5 mg Caixa 30 Comprimidos Revestidos,Profarma - MT,19.0,0.8123999999999999,121.3,0.0,29.83,22.76,2026-09-09 19:29:02,OK,
MT,GD,22183946000173,7896004759807,Olanzapina 5 mg Caixa 30 Comprimidos Revestidos,Norte Sul Real - MT,101.0,0.8175,121.3,0.0,31.33,22.14,2026-09-09 19:29:02,OK,
MT,GD,22183946000173,7896004759807,Olanzapina 5 mg Caixa 30 Comprimidos Revestidos,Panpharma / Santa Cruz - MT,46.0,0.8123,121.3,0.0,31.86,22.77,2026-09-09 19:29:02,OK,
MT,GD,22183946000173,7896004759814,Olanzapina 2.5 mg Caixa 30 Comprimidos Revestidos,Norte Sul Real - MT,73.0,0.8144,72.18,0.0,18.82,13.4,2026-09-09 19:29:05,OK,
MT,GD,22183946000173,7896004759814,Olanzapina 2.5 mg Caixa 30 Comprimidos Revestidos,Panpharma / Santa Cruz - MT,35.0,0.797,72.18,0.0,19.87,14.65,2026-09-09 19:29:05,OK,
MT,GD,22183946000173,7896004759845,Sertralina 50 mg Caixa 30 Comprimidos Revestidos,Profarma - MT,123.0,0.8792,77.1,0.0,14.69,9.31,2026-09-09 19:29:09,OK,
MT,GD,22183946000173,7896004759845,Sertralina 50 mg Caixa 30 Comprimidos Revestidos,Norte Sul Real - MT,313.0,0.8829,77.1,0.0,15.72,9.03,2026-09-09 19:29:09,OK,
MT,GD,22183946000173,7896004759845,Sertralina 50 mg Caixa 30 Comprimidos Revestidos,Panpharma / Santa Cruz - MT,469.0,0.8791,77.1,0.0,15.98,9.32,2026-09-09 19:29:09,OK,
MT,GD,22183946000173,7896004761275,,,0.0,0.0,0.0,0.0,0.0,0.0,2026-09-09 19:29:21,ERRO,Message: Nenhuma distribuidora pôde ser lida no card do produto.
MT,GD,22183946000173,7896004761299,Cilostazol 100 mg Caixa 30 Comprimidos,Profarma - MT,5.0,0.32049999999999995,32.48,0.0,21.42,21.42,2026-09-09 19:29:26,OK,
MT,GD,22183946000173,7896004761299,Cilostazol 100 mg Caixa 30 Comprimidos,Norte Sul Real - MT,131.0,0.3204,32.48,0.0,22.07,22.07,2026-09-09 19:29:26,OK,
MT,GD,22183946000173,7896004761299,Cilostazol 100 mg Caixa 30 Comprimidos,Panpharma / Santa Cruz - MT,22.0,0.3204,32.48,0.0,22.07,22.07,2026-09-09 19:29:26,OK,
MT,GD,22183946000173,7896004761305,Cilostazol 100 mg Caixa 60 Comprimidos,Norte Sul Real - MT,135.0,0.2865,45.65,0.0,32.57,32.57,2026-09-09 19:29:29,OK,
MT,GD,22183946000173,7896004761305,Cilostazol 100 mg Caixa 60 Comprimidos,Panpharma / Santa Cruz - MT,61.0,0.2729,45.65,0.0,33.19,33.19,2026-09-09 19:29:29,OK,
MT,GD,22183946000173,7896004761817,Tansulosina 0.4 mg Caixa 30 Comprimidos de Liberação Prolongada,Norte Sul Real - MT,509.0,0.7019,90.13,0.0,31.93,26.87,2026-09-09 19:29:33,OK,
MT,GD,22183946000173,7896004761817,Tansulosina 0.4 mg Caixa 30 Comprimidos de Liberação Prolongada,Profarma - MT,375.0,0.6079,90.13,0.0,37.47,35.34,2026-09-09 19:29:33,OK,
MT,GD,22183946000173,7896004761817,Tansulosina 0.4 mg Caixa 30 Comprimidos de Liberação Prolongada,Panpharma / Santa Cruz - MT,704.0,0.6078,90.13,0.0,38.97,35.35,2026-09-09 19:29:33,OK,
MT,GD,22183946000173,7896004761824,Tansulosina 0.4 mg Caixa 60 Comprimidos de Liberação Prolongada,Profarma - MT,7.0,0.6739,208.93,0.0,75.4,68.13,2026-09-09 19:29:37,OK,
MT,GD,22183946000173,7896004761824,Tansulosina 0.4 mg Caixa 60 Comprimidos de Liberação Prolongada,Norte Sul Real - MT,144.0,0.6869,208.93,0.0,76.62,65.42,2026-09-09 19:29:37,OK,
MT,GD,22183946000173,7896004761824,Tansulosina 0.4 mg Caixa 60 Comprimidos de Liberação Prolongada,Panpharma / Santa Cruz - MT,23.0,0.6738,208.93,0.0,78.88,68.15,2026-09-09 19:29:37,OK,
MT,GD,22183946000173,7896004762227,Azitromicina Di-hidratada 500 mg Caixa 5 Comprimidos Revestidos,Profarma - MT,176.0,0.8428,47.63,0.0,10.52,7.49,2026-09-09 19:29:41,OK,
MT,GD,22183946000173,7896004762227,Azitromicina Di-hidratada 500 mg Caixa 5 Comprimidos Revestidos,Norte Sul Real - MT,680.0,0.8478,47.63,0.0,11.1,7.25,2026-09-09 19:29:41,OK,
MT,GD,22183946000173,7896004762227,Azitromicina Di-hidratada 500 mg Caixa 5 Comprimidos Revestidos,Panpharma / Santa Cruz - MT,340.0,0.8427,47.63,0.0,11.31,7.49,2026-09-09 19:29:41,OK,
MT,GD,22183946000173,7896004762319,Gliclazida 30 mg Caixa 30 Comprimidos de Liberação Prolongada,Profarma - MT,33.0,0.5171,23.8,0.0,11.68,11.49,2026-09-09 19:29:45,OK,
MT,GD,22183946000173,7896004762319,Gliclazida 30 mg Caixa 30 Comprimidos de Liberação Prolongada,Panpharma / Santa Cruz - MT,317.0,0.517,23.8,0.0,12.08,11.5,2026-09-09 19:29:45,OK,
MT,GD,22183946000173,7896004762364,,,0.0,0.0,0.0,0.0,0.0,0.0,2026-09-09 19:29:57,ERRO,Message: Nenhuma distribuidora pôde ser lida no card do produto.
MT,GD,22183946000173,7896004763576,,,0.0,0.0,0.0,0.0,0.0,0.0,2026-09-09 19:30:09,ERRO,Message: Nenhuma distribuidora pôde ser lida no card do produto.
MT,GD,22183946000173,7896004766980,,,0.0,0.0,0.0,0.0,0.0,0.0,2026-09-09 19:30:22,ERRO,Message: Nenhuma distribuidora pôde ser lida no card do produto.
MT,GD,22183946000173,7896004766997,Rivaroxabana 10 mg Caixa 30 Comprimidos Revestidos,Profarma - MT,29.0,0.9085,204.01,0.0,33.9,18.67,2026-09-09 19:30:25,OK,
MT,GD,22183946000173,7896004767017,,,0.0,0.0,0.0,0.0,0.0,0.0,2026-09-09 19:30:37,ERRO,Message: Nenhuma distribuidora pôde ser lida no card do produto.
MT,GD,22183946000173,7896004767055,,,0.0,0.0,0.0,0.0,0.0,0.0,2026-09-09 19:30:50,ERRO,Message: Nenhuma distribuidora pôde ser lida no card do produto.
MT,GD,22183946000173,7896004767130,Zolpidem 10 mg Caixa 30 Comprimidos Revestidos,Profarma - MT,277.0,0.8976999999999999,63.16,0.0,11.07,6.46,2026-09-09 19:30:53,OK,
MT,GD,22183946000173,7896004767130,Zolpidem 10 mg Caixa 30 Comprimidos Revestidos,Norte Sul Real - MT,195.0,0.9118999999999999,63.16,0.0,11.37,5.56,2026-09-09 19:30:53,OK,
MT,GD,22183946000173,7896004768212,Donepezila 5 mg Caixa 30 Comprimidos Revestidos,Profarma - MT,59.0,0.8334999999999999,139.78,0.0,31.92,23.27,2026-09-09 19:30:57,OK,
MT,GD,22183946000173,7896004768212,Donepezila 5 mg Caixa 30 Comprimidos Revestidos,Norte Sul Real - MT,85.0,0.8375,139.78,0.0,33.78,22.71,2026-09-09 19:30:57,OK,
MT,GD,22183946000173,7896004768298,Donepezila 10 mg Caixa 30 Comprimidos Revestidos,Profarma - MT,1.0,0.7992,154.88,0.0,39.79,31.1,2026-09-09 19:31:01,OK,
MT,GD,22183946000173,7896004768298,Donepezila 10 mg Caixa 30 Comprimidos Revestidos,Norte Sul Real - MT,80.0,0.7992,154.88,0.0,42.35,31.1,2026-09-09 19:31:01,OK,
MT,GD,22183946000173,7896004768298,Donepezila 10 mg Caixa 30 Comprimidos Revestidos,Panpharma / Santa Cruz - MT,38.0,0.7990999999999999,154.88,0.0,42.38,31.12,2026-09-09 19:31:01,OK,
MT,GD,22183946000173,7896004768687,Desogestrel 75 mcg Caixa 84 Comprimidos Revestidos,Norte Sul Real - MT,83.0,0.7734000000000001,74.53,0.0,21.98,16.89,2026-09-09 19:31:05,OK,
MT,GD,22183946000173,7896004768687,Desogestrel 75 mcg Caixa 84 Comprimidos Revestidos,Profarma - MT,19.0,0.6870999999999999,74.53,0.0,26.08,23.32,2026-09-09 19:31:05,OK,
MT,GD,22183946000173,7896004768687,Desogestrel 75 mcg Caixa 84 Comprimidos Revestidos,Panpharma / Santa Cruz - MT,78.0,0.687,74.53,0.0,27.32,23.33,2026-09-09 19:31:05,OK,
MT,GD,22183946000173,7896004769622,Desloratadina 0.5 mg/ml Frasco 60 ml Xarope,Profarma - MT,9.0,0.6945,37.65,0.0,12.83,11.5,2026-09-09 19:31:09,OK,
MT,GD,22183946000173,7896004769622,Desloratadina 0.5 mg/ml Frasco 60 ml Xarope,Panpharma / Santa Cruz - MT,24.0,0.6944,37.65,0.0,13.47,11.51,2026-09-09 19:31:09,OK,
MT,GD,22183946000173,7896004769684,Desloratadina 0.5 mg/ml Frasco 100 ml Xarope,Profarma - MT,38.0,0.7757,62.15,0.0,17.0,13.94,2026-09-09 19:31:12,OK,
MT,GD,22183946000173,7896004769684,Desloratadina 0.5 mg/ml Frasco 100 ml Xarope,Panpharma / Santa Cruz - MT,12.0,0.7756000000000001,62.15,0.0,18.04,13.95,2026-09-09 19:31:12,OK,
MT,GD,22183946000173,7896004771199,Aciclovir 50 mg/g Bisnaga 10 g Creme,Norte Sul Real - MT,447.0,0.7513,25.59,0.0,7.94,6.36,2026-09-09 19:31:16,OK,
MT,GD,22183946000173,7896004771199,Aciclovir 50 mg/g Bisnaga 10 g Creme,Panpharma / Santa Cruz - MT,198.0,0.7408,25.59,0.0,8.16,6.63,2026-09-09 19:31:16,OK,
MT,GD,22183946000173,7896004771373,Nebivolol 5 mg Caixa 30 Comprimidos,Norte Sul Real - MT,340.0,0.6275,49.67,0.0,20.52,18.5,2026-09-09 19:31:20,OK,
MT,GD,22183946000173,7896004771373,Nebivolol 5 mg Caixa 30 Comprimidos,Panpharma / Santa Cruz - MT,211.0,0.6274000000000001,49.67,0.0,20.52,18.51,2026-09-09 19:31:20,OK,
MT,GD,22183946000173,7896004771403,Nebivolol 5 mg Caixa 60 Comprimidos,Profarma - MT,25.0,0.6559,98.14,0.0,36.6,33.77,2026-09-09 19:31:24,OK,
MT,GD,22183946000173,7896004771403,Nebivolol 5 mg Caixa 60 Comprimidos,Norte Sul Real - MT,299.0,0.6559,98.14,0.0,38.23,33.77,2026-09-09 19:31:24,OK,
MT,GD,22183946000173,7896004771403,Nebivolol 5 mg Caixa 60 Comprimidos,Panpharma / Santa Cruz - MT,58.0,0.6557999999999999,98.14,0.0,38.24,33.78,2026-09-09 19:31:24,OK,
MT,GD,22183946000173,7896004771762,,,0.0,0.0,0.0,0.0,0.0,0.0,2026-09-09 19:31:36,ERRO,Message: Nenhuma distribuidora pôde ser lida no card do produto.
MT,GD,22183946000173,7896004772332,Cloperastina 3.54 mg/ml Frasco 120 ml Xarope,Profarma - MT,48.0,0.14150000000000001,19.15,0.0,16.06,16.06,2026-09-09 19:31:40,OK,
MT,GD,22183946000173,7896004772332,Cloperastina 3.54 mg/ml Frasco 120 ml Xarope,Panpharma / Santa Cruz - MT,541.0,0.1414,19.15,0.0,16.44,16.44,2026-09-09 19:31:40,OK,
MT,GD,22183946000173,7896004772332,Cloperastina 3.54 mg/ml Frasco 120 ml Xarope,Norte Sul Real - MT,323.0,0.0962,19.14,0.0,17.3,17.3,2026-09-09 19:31:40,OK,
MT,GD,22183946000173,7896004772868,Pregabalina 150 mg Caixa 30 Cápsulas,Profarma - MT,83.0,0.8643000000000001,138.48,0.0,28.09,18.79,2026-09-09 19:31:44,OK,
MT,GD,22183946000173,7896004772868,Pregabalina 150 mg Caixa 30 Cápsulas,Norte Sul Real - MT,214.0,0.8837,138.47,0.0,28.16,16.1,2026-09-09 19:31:44,OK,
MT,GD,22183946000173,7896004772868,Pregabalina 150 mg Caixa 30 Cápsulas,Panpharma / Santa Cruz - MT,339.0,0.8642,138.48,0.0,30.4,18.81,2026-09-09 19:31:44,OK,
MT,GD,22183946000173,7896004773117,,,0.0,0.0,0.0,0.0,0.0,0.0,2026-09-09 19:31:56,ERRO,Message: Nenhuma distribuidora pôde ser lida no card do produto.
MT,GD,22183946000173,7896004773339,Pregabalina 75 mg Caixa 30 Cápsulas,Profarma - MT,105.0,0.8644,86.63,0.0,17.57,11.75,2026-09-09 19:32:00,OK,
MT,GD,22183946000173,7896004773339,Pregabalina 75 mg Caixa 30 Cápsulas,Norte Sul Real - MT,407.0,0.8759999999999999,86.63,0.0,18.17,10.74,2026-09-09 19:32:00,OK,
MT,GD,22183946000173,7896004773339,Pregabalina 75 mg Caixa 30 Cápsulas,Panpharma / Santa Cruz - MT,325.0,0.8643000000000001,86.63,0.0,19.01,11.76,2026-09-09 19:32:00,OK,
MT,GD,22183946000173,7896004775043,Aciclovir 400 mg Caixa 30 Comprimidos,Profarma - MT,38.0,0.7555,162.61,0.0,47.67,39.76,2026-09-09 19:32:04,OK,
MT,GD,22183946000173,7896004775043,Aciclovir 400 mg Caixa 30 Comprimidos,Panpharma / Santa Cruz - MT,42.0,0.7554000000000001,162.61,0.0,50.38,39.77,2026-09-09 19:32:04,OK,
MT,GD,22183946000173,7896004777184,Tramadol 100 mg Caixa 10 Comprimidos de Liberação Prolongada,Norte Sul Real - MT,630.0,0.41840000000000005,79.95,0.0,47.14,46.5,2026-09-09 19:32:08,OK,
MT,GD,22183946000173,7896004777184,Tramadol 100 mg Caixa 10 Comprimidos de Liberação Prolongada,Profarma - MT,80.0,0.2824,79.96,0.0,55.78,55.78,2026-09-09 19:32:08,OK,
MT,GD,22183946000173,7896004777184,Tramadol 100 mg Caixa 10 Comprimidos de Liberação Prolongada,Panpharma / Santa Cruz - MT,786.0,0.2823,79.96,0.0,57.39,57.39,2026-09-09 19:32:08,OK,
MT,GD,22183946000173,7896004777535,Fexofenadina 120 mg Caixa 10 Comprimidos Revestidos,Profarma - MT,64.0,0.825,46.04,0.0,10.72,8.06,2026-09-09 19:32:12,OK,
MT,GD,22183946000173,7896004777535,Fexofenadina 120 mg Caixa 10 Comprimidos Revestidos,Norte Sul Real - MT,391.0,0.8443,46.04,0.0,10.74,7.17,2026-09-09 19:32:12,OK,
MT,GD,22183946000173,7896004777559,Fexofenadina 180 mg Caixa 10 Comprimidos Revestidos,Profarma - MT,275.0,0.828,66.08,0.0,15.21,11.37,2026-09-09 19:32:16,OK,
MT,GD,22183946000173,7896004777559,Fexofenadina 180 mg Caixa 10 Comprimidos Revestidos,Panpharma / Santa Cruz - MT,522.0,0.8279000000000001,66.08,0.0,16.31,11.37,2026-09-09 19:32:16,OK,
MT,GD,22183946000173,7896004779713,Dienogeste 2 mg Caixa 30 Comprimidos,Profarma - MT,63.0,0.6986,64.0,0.0,21.6,19.29,2026-09-09 19:32:20,OK,
MT,GD,22183946000173,7896004779713,Dienogeste 2 mg Caixa 30 Comprimidos,Norte Sul Real - MT,161.0,0.7054,64.0,0.0,22.3,18.85,2026-09-09 19:32:20,OK,
MT,GD,22183946000173,7896004780184,Ácido Ursodesoxicólico 150 mg Caixa 30 Comprimidos,Profarma - MT,3.0,0.4543,78.0,0.0,42.36,42.36,2026-09-09 19:32:24,OK,
MT,GD,22183946000173,7896004780184,Ácido Ursodesoxicólico 150 mg Caixa 30 Comprimidos,Norte Sul Real - MT,109.0,0.4543,78.0,0.0,43.66,42.56,2026-09-09 19:32:24,OK,
MT,GD,22183946000173,7896004780184,Ácido Ursodesoxicólico 150 mg Caixa 30 Comprimidos,Panpharma / Santa Cruz - MT,8.0,0.4542,78.0,0.0,43.66,42.57,2026-09-09 19:32:24,OK,
MT,GD,22183946000173,7896004780191,Ácido Ursodesoxicólico 300 mg Caixa 30 Comprimidos,Norte Sul Real - MT,135.0,0.4155,154.19,0.0,91.27,90.12,2026-09-09 19:32:28,OK,
MT,GD,22183946000173,7896004780191,Ácido Ursodesoxicólico 300 mg Caixa 30 Comprimidos,Profarma - MT,11.0,0.3514,154.19,0.0,96.93,96.93,2026-09-09 19:32:28,OK,
MT,GD,22183946000173,7896004780191,Ácido Ursodesoxicólico 300 mg Caixa 30 Comprimidos,Panpharma / Santa Cruz - MT,82.0,0.3513,154.19,0.0,100.02,100.02,2026-09-09 19:32:28,OK,
MT,GD,22183946000173,7896004780504,Rivaroxabana 15 mg Caixa 30 Comprimidos Revestidos,Norte Sul Real - MT,97.0,0.9262999999999999,201.39,0.0,33.83,14.84,2026-09-09 19:32:31,OK,
MT,GD,22183946000173,7896004780504,Rivaroxabana 15 mg Caixa 30 Comprimidos Revestidos,Panpharma / Santa Cruz - MT,56.0,0.9124,201.39,0.0,36.16,17.64,2026-09-09 19:32:31,OK,
MT,GD,22183946000173,7896004780511,Rivaroxabana 20 mg Caixa 30 Comprimidos Revestidos,Profarma - MT,341.0,0.8935,201.39,0.0,35.97,21.45,2026-09-09 19:32:35,OK,
MT,GD,22183946000173,7896004780511,Rivaroxabana 20 mg Caixa 30 Comprimidos Revestidos,Norte Sul Real - MT,195.0,0.9015000000000001,201.39,0.0,37.97,19.84,2026-09-09 19:32:35,OK,
MT,GD,22183946000173,7896004780511,Rivaroxabana 20 mg Caixa 30 Comprimidos Revestidos,Panpharma / Santa Cruz - MT,116.0,0.8934000000000001,201.39,0.0,39.34,21.47,2026-09-09 19:32:35,OK,
MT,GD,22183946000173,7896004781280,,,0.0,0.0,0.0,0.0,0.0,0.0,2026-09-09 19:32:48,ERRO,Message: Nenhuma distribuidora pôde ser lida no card do produto.
MT,GD,22183946000173,7896004781372,,,0.0,0.0,0.0,0.0,0.0,0.0,2026-09-09 19:33:00,ERRO,Message: Nenhuma distribuidora pôde ser lida no card do produto.
MT,GD,22183946000173,7896004781389,,,0.0,0.0,0.0,0.0,0.0,0.0,2026-09-09 19:33:12,ERRO,Message: Nenhuma distribuidora pôde ser lida no card do produto.
MT,GD,22183946000173,7896004781396,Etoricoxibe 90 mg Caixa 7 Comprimidos Revestidos,Norte Sul Real - MT,535.0,0.4539,39.65,0.0,22.2,21.65,2026-09-09 19:33:15,OK,
MT,GD,22183946000173,7896004781402,Etoricoxibe 90 mg Caixa 14 Comprimidos Revestidos,Panpharma / Santa Cruz - MT,148.0,0.4689,76.94,0.0,42.13,40.86,2026-09-09 19:33:19,OK,
MT,GD,22183946000173,7896004782546,,,0.0,0.0,0.0,0.0,0.0,0.0,2026-09-09 19:33:31,ERRO,Message: Nenhuma distribuidora pôde ser lida no card do produto.
MT,GD,22183946000173,7896004782553,,,0.0,0.0,0.0,0.0,0.0,0.0,2026-09-09 19:33:43,ERRO,Message: Nenhuma distribuidora pôde ser lida no card do produto.
MT,GD,22183946000173,7896004782690,Apixabana 2.5 mg Caixa 20 Comprimidos Revestidos,Norte Sul Real - MT,192.0,0.7243,67.08,0.0,22.52,18.49,2026-09-09 19:33:47,OK,
MT,GD,22183946000173,7896004782690,Apixabana 2.5 mg Caixa 20 Comprimidos Revestidos,Profarma - MT,66.0,0.7033,67.08,0.0,22.57,19.9,2026-09-09 19:33:47,OK,
MT,GD,22183946000173,7896004782690,Apixabana 2.5 mg Caixa 20 Comprimidos Revestidos,Panpharma / Santa Cruz - MT,133.0,0.7031999999999999,67.08,0.0,23.7,19.91,2026-09-09 19:33:47,OK,
MT,GD,22183946000173,7896004782713,Apixabana 2.5 mg Caixa 60 Comprimidos Revestidos,Norte Sul Real - MT,91.0,0.7245,201.31,0.0,67.52,55.46,2026-09-09 19:33:50,OK,
MT,GD,22183946000173,7896004782744,Apixabana 5 mg Caixa 20 Comprimidos Revestidos,Norte Sul Real - MT,167.0,0.7047,67.08,0.0,23.6,19.81,2026-09-09 19:33:53,OK,
MT,GD,22183946000173,7896004782768,Apixabana 5 mg Caixa 60 Comprimidos Revestidos,Profarma - MT,7.0,0.7240000000000001,201.31,0.0,64.28,55.56,2026-09-09 19:33:57,OK,
MT,GD,22183946000173,7896004782935,,,0.0,0.0,0.0,0.0,0.0,0.0,2026-09-09 19:34:09,ERRO,Message: Nenhuma distribuidora pôde ser lida no card do produto.
MT,GD,22183946000173,7896004782980,Levetiracetam 750 mg Caixa 30 Comprimidos Revestidos,Norte Sul Real - MT,8.0,0.6426000000000001,206.11,0.0,82.56,73.66,2026-09-09 19:34:12,OK,
MT,GD,22183946000173,7896004783024,,,0.0,0.0,0.0,0.0,0.0,0.0,2026-09-09 19:34:24,ERRO,Message: Nenhuma distribuidora pôde ser lida no card do produto.
MT,GD,22183946000173,7896004784076,Bilastina 20 mg Caixa 15 Comprimidos,Norte Sul Real - MT,212.0,0.4069,36.04,0.0,21.49,21.38,2026-09-09 19:34:28,OK,
MT,GD,22183946000173,7896004784076,Bilastina 20 mg Caixa 15 Comprimidos,Profarma - MT,14.0,0.3861,36.05,0.0,21.52,21.52,2026-09-09 19:34:28,OK,
MT,GD,22183946000173,7896004784083,Bilastina 20 mg Caixa 30 Comprimidos,Norte Sul Real - MT,22.0,0.4888,71.11,0.0,37.56,36.35,2026-09-09 19:34:32,OK,
MT,GD,22183946000173,7896004784083,Bilastina 20 mg Caixa 30 Comprimidos,Panpharma / Santa Cruz - MT,80.0,0.4449,71.11,0.0,40.15,39.47,2026-09-09 19:34:32,OK,
MT,GD,22183946000173,7896004786117,Pitavastatina Cálcica 2 mg Caixa 30 Comprimidos Revestidos,Profarma - MT,32.0,0.384,84.17,0.0,50.39,50.39,2026-09-09 19:34:35,OK,
MT,GD,22183946000173,7896004787329,Tramadol + Paracetamol 37.5+325 mg Caixa 10 Comprimidos,Norte Sul Real - MT,151.0,0.6705,31.21,0.0,11.78,10.28,2026-09-09 19:34:39,OK,
MT,GD,22183946000173,7896004787329,Tramadol + Paracetamol 37.5+325 mg Caixa 10 Comprimidos,Profarma - MT,75.0,0.5243,31.21,0.0,15.05,14.85,2026-09-09 19:34:39,OK,
MT,GD,22183946000173,7896004787329,Tramadol + Paracetamol 37.5+325 mg Caixa 10 Comprimidos,Panpharma / Santa Cruz - MT,102.0,0.5242,31.21,0.0,15.58,14.85,2026-09-09 19:34:39,OK,
MT,GD,22183946000173,7896004787336,Tramadol + Paracetamol 37.5+325 mg Caixa 20 Comprimidos,Norte Sul Real - MT,5.0,0.5924,47.34,0.0,20.94,19.3,2026-09-09 19:34:43,OK,
MT,GD,22183946000173,7896004787336,Tramadol + Paracetamol 37.5+325 mg Caixa 20 Comprimidos,Panpharma / Santa Cruz - MT,25.0,0.43700000000000006,47.34,0.0,27.04,26.65,2026-09-09 19:34:43,OK,
MT,GD,22183946000173,7896004787343,Tramadol + Paracetamol 37.5+325 mg Caixa 30 Comprimidos,Norte Sul Real - MT,157.0,0.6408,61.61,0.0,24.77,22.13,2026-09-09 19:34:47,OK,
MT,GD,22183946000173,7896004787343,Tramadol + Paracetamol 37.5+325 mg Caixa 30 Comprimidos,Profarma - MT,13.0,0.4328,61.61,0.0,34.4,34.4,2026-09-09 19:34:47,OK,
MT,GD,22183946000173,7896004787343,Tramadol + Paracetamol 37.5+325 mg Caixa 30 Comprimidos,Panpharma / Santa Cruz - MT,44.0,0.43270000000000003,61.61,0.0,35.42,34.95,2026-09-09 19:34:47,OK,
MT,GD,22183946000173,7896004787725,Naratriptana 2.5 mg Caixa 4 Comprimidos Revestidos,Profarma - MT,142.0,0.3826,13.39,0.0,8.07,8.07,2026-09-09 19:34:51,OK,
MT,GD,22183946000173,7896004787725,Naratriptana 2.5 mg Caixa 4 Comprimidos Revestidos,Norte Sul Real - MT,465.0,0.39390000000000003,13.39,0.0,8.17,8.12,2026-09-09 19:34:51,OK,
MT,GD,22183946000173,7896004787725,Naratriptana 2.5 mg Caixa 4 Comprimidos Revestidos,Panpharma / Santa Cruz - MT,83.0,0.3825,13.39,0.0,8.29,8.27,2026-09-09 19:34:51,OK,
MT,GD,22183946000173,7896004789828,Desloratadina 5 mg Caixa 10 Comprimidos Revestidos,Profarma - MT,163.0,0.871,59.34,0.0,11.53,7.65,2026-09-09 19:34:54,OK,
MT,GD,22183946000173,7896004789828,Desloratadina 5 mg Caixa 10 Comprimidos Revestidos,Norte Sul Real - MT,264.0,0.8856999999999999,59.34,0.0,11.8,6.78,2026-09-09 19:34:54,OK,
MT,GD,22183946000173,7896004789828,Desloratadina 5 mg Caixa 10 Comprimidos Revestidos,Panpharma / Santa Cruz - MT,105.0,0.8709,59.34,0.0,12.53,7.66,2026-09-09 19:34:54,OK,
MT,GD,22183946000173,7896004789835,Desloratadina 5 mg Caixa 30 Comprimidos Revestidos,Norte Sul Real - MT,111.0,0.8722,142.5,0.0,29.92,18.21,2026-09-09 19:34:59,OK,
MT,GD,22183946000173,7896004789835,Desloratadina 5 mg Caixa 30 Comprimidos Revestidos,Profarma - MT,8.0,0.8452,142.5,0.0,30.76,22.06,2026-09-09 19:34:59,OK,
MT,GD,22183946000173,7896004789835,Desloratadina 5 mg Caixa 30 Comprimidos Revestidos,Panpharma / Santa Cruz - MT,48.0,0.8451000000000001,142.5,0.0,33.14,22.07,2026-09-09 19:34:59,OK,
MT,GD,22183946000173,7896004790152,Ondansetrona 4 mg Caixa 10 Comprimidos Orodispersíveis,Norte Sul Real - MT,252.0,0.7459,22.87,0.0,7.26,5.81,2026-09-09 19:35:02,OK,
MT,GD,22183946000173,7896004790152,Ondansetrona 4 mg Caixa 10 Comprimidos Orodispersíveis,Panpharma / Santa Cruz - MT,212.0,0.6756,22.87,0.0,8.6,7.42,2026-09-09 19:35:02,OK,
MT,GD,22183946000173,7896004790169,Ondansetrona 8 mg Caixa 10 Comprimidos Orodispersíveis,Norte Sul Real - MT,194.0,0.7745000000000001,43.95,0.0,12.92,9.91,2026-09-09 19:35:06,OK,
MT,GD,22183946000173,7896004790169,Ondansetrona 8 mg Caixa 10 Comprimidos Orodispersíveis,Profarma - MT,79.0,0.6896,43.95,0.0,15.29,13.64,2026-09-09 19:35:06,OK,
MT,GD,22183946000173,7896004790169,Ondansetrona 8 mg Caixa 10 Comprimidos Orodispersíveis,Panpharma / Santa Cruz - MT,285.0,0.6895,43.95,0.0,16.03,13.65,2026-09-09 19:35:06,OK,
MT,GD,22183946000173,7896004791104,Olmesartana Medoxomila 20 mg Caixa 30 Comprimidos,Profarma - MT,174.0,0.6640999999999999,41.16,0.0,15.2,13.83,2026-09-09 19:35:10,OK,
MT,GD,22183946000173,7896004791104,Olmesartana Medoxomila 20 mg Caixa 30 Comprimidos,Norte Sul Real - MT,147.0,0.664,41.16,0.0,15.87,13.83,2026-09-09 19:35:10,OK,
MT,GD,22183946000173,7896004791104,Olmesartana Medoxomila 20 mg Caixa 30 Comprimidos,Panpharma / Santa Cruz - MT,204.0,0.664,41.16,0.0,15.88,13.83,2026-09-09 19:35:10,OK,
MT,GD,22183946000173,7896004791111,Olmesartana Medoxomila 40 mg Caixa 30 Comprimidos,Profarma - MT,157.0,0.5761,43.3,0.0,19.14,18.35,2026-09-09 19:35:13,OK,
MT,GD,22183946000173,7896004791418,DAPAGLIFLOZINA 10MG X 30 COM REV - LG,Norte Sul Real - MT,11180.0,0.7021999999999999,112.63,0.0,35.75,33.54,2026-09-09 19:35:17,OK,
MT,GD,22183946000173,7896004791418,DAPAGLIFLOZINA 10MG X 30 COM REV - LG,Panpharma / Santa Cruz - MT,4221.0,0.6543000000000001,112.63,0.0,40.24,38.94,2026-09-09 19:35:17,OK,
MT,GD,22183946000173,7896004791418,DAPAGLIFLOZINA 10MG X 30 COM REV - LG,Profarma - MT,2384.0,0.6544,112.63,0.0,44.33,38.92,2026-09-09 19:35:17,OK,
MT,GD,22183946000173,7896004791456,Risedronato Sódico 150 mg Caixa 1 Comprimido,Norte Sul Real - MT,156.0,0.8255,111.8,0.0,28.13,19.51,2026-09-09 19:35:21,OK,
MT,GD,22183946000173,7896004791456,Risedronato Sódico 150 mg Caixa 1 Comprimido,Profarma - MT,24.0,0.8028,111.8,0.0,28.38,22.05,2026-09-09 19:35:21,OK,
MT,GD,22183946000173,7896004791456,Risedronato Sódico 150 mg Caixa 1 Comprimido,Panpharma / Santa Cruz - MT,57.0,0.8027,111.8,0.0,30.25,22.06,2026-09-09 19:35:21,OK,
MT,GD,22183946000173,7896004792040,Nitazoxanida 20 mg/ml Frasco 45 ml Pó Para Suspensão,Norte Sul Real - MT,97.0,0.4744,18.04,0.0,9.75,9.48,2026-09-09 19:35:25,OK,
MT,GD,22183946000173,7896004792040,Nitazoxanida 20 mg/ml Frasco 45 ml Pó Para Suspensão,Profarma - MT,39.0,0.43579999999999997,18.04,0.0,10.03,10.03,2026-09-09 19:35:25,OK,
MT,GD,22183946000173,7896004792040,Nitazoxanida 20 mg/ml Frasco 45 ml Pó Para Suspensão,Panpharma / Santa Cruz - MT,38.0,0.4357,18.04,0.0,10.33,10.18,2026-09-09 19:35:25,OK,
MT,GD,22183946000173,7896004792057,Nitazoxanida 20 mg/ml Frasco 100 ml Pó Para Suspensão,Norte Sul Real - MT,90.0,0.4951,40.61,0.0,21.24,20.5,2026-09-09 19:35:29,OK,
MT,GD,22183946000173,7896004792057,Nitazoxanida 20 mg/ml Frasco 100 ml Pó Para Suspensão,Profarma - MT,27.0,0.4473,40.61,0.0,22.18,22.18,2026-09-09 19:35:29,OK,
MT,GD,22183946000173,7896004792057,Nitazoxanida 20 mg/ml Frasco 100 ml Pó Para Suspensão,Panpharma / Santa Cruz - MT,3.0,0.4472,40.61,0.0,22.85,22.45,2026-09-09 19:35:29,OK,
MT,GD,22183946000173,7896004792286,Lisdexanfetamina 30 mg Caixa 30 Cápsulas,Profarma - MT,34.0,0.5249,236.91,0.0,114.12,112.56,2026-09-09 19:35:33,OK,
MT,GD,22183946000173,7896004792286,Lisdexanfetamina 30 mg Caixa 30 Cápsulas,Norte Sul Real - MT,46.0,0.5249,236.91,0.0,118.05,112.56,2026-09-09 19:35:33,OK,
MT,GD,22183946000173,7896004792286,Lisdexanfetamina 30 mg Caixa 30 Cápsulas,Panpharma / Santa Cruz - MT,310.0,0.5247999999999999,236.91,0.0,118.07,112.58,2026-09-09 19:35:33,OK,
MT,GD,22183946000173,7896004792293,Lisdexanfetamina 50 mg Caixa 30 Cápsulas,Profarma - MT,21.0,0.5257999999999999,287.31,0.0,138.18,136.24,2026-09-09 19:35:37,OK,
MT,GD,22183946000173,7896004792293,Lisdexanfetamina 50 mg Caixa 30 Cápsulas,Panpharma / Santa Cruz - MT,28.0,0.5257000000000001,287.31,0.0,142.97,136.27,2026-09-09 19:35:37,OK,
MT,GD,22183946000173,7896004792293,Lisdexanfetamina 50 mg Caixa 30 Cápsulas,Norte Sul Real - MT,198.0,0.5101,287.31,0.0,146.69,140.75,2026-09-09 19:35:37,OK,
MT,GD,22183946000173,7896004792309,Lisdexanfetamina 70 mg Caixa 30 Cápsulas,Profarma - MT,22.0,0.5255,287.31,0.0,138.25,136.33,2026-09-09 19:35:41,OK,
MT,GD,22183946000173,7896004792309,Lisdexanfetamina 70 mg Caixa 30 Cápsulas,Norte Sul Real - MT,229.0,0.5255,287.31,0.0,143.02,136.33,2026-09-09 19:35:41,OK,
MT,GD,22183946000173,7896004792309,Lisdexanfetamina 70 mg Caixa 30 Cápsulas,Panpharma / Santa Cruz - MT,340.0,0.5254,287.31,0.0,143.05,136.36,2026-09-09 19:35:41,OK,
MT,GD,22183946000173,7896004792316,,,0.0,0.0,0.0,0.0,0.0,0.0,2026-09-09 19:35:54,ERRO,Message: Nenhuma distribuidora pôde ser lida no card do produto.
MT,GD,22183946000173,7896004792323,Levetiracetam 100 mg/ml Frasco 150 ml Solução Oral,Norte Sul Real - MT,170.0,0.7286,83.75,0.0,27.57,22.73,2026-09-09 19:35:57,OK,
MT,GD,22183946000173,7896004793429,Cetorolaco 10 mg Caixa 10 Comprimidos Sublinguais,Norte Sul Real - MT,404.0,0.7425,26.45,0.0,8.48,6.81,2026-09-09 19:36:00,OK,
MT,GD,22183946000173,7896004793429,Cetorolaco 10 mg Caixa 10 Comprimidos Sublinguais,Profarma - MT,138.0,0.7077,26.45,0.0,8.81,7.73,2026-09-09 19:36:00,OK,
MT,GD,22183946000173,7896004793436,Cetorolaco 10 mg Caixa 20 Comprimidos Sublinguais,Profarma - MT,37.0,0.7077,50.72,0.0,16.89,14.83,2026-09-09 19:36:05,OK,
MT,GD,22183946000173,7896004793436,Cetorolaco 10 mg Caixa 20 Comprimidos Sublinguais,Norte Sul Real - MT,84.0,0.7236,50.72,0.0,17.05,14.02,2026-09-09 19:36:05,OK,
MT,GD,22183946000173,7896004793436,Cetorolaco 10 mg Caixa 20 Comprimidos Sublinguais,Panpharma / Santa Cruz - MT,63.0,0.7076,50.72,0.0,17.73,14.83,2026-09-09 19:36:05,OK,
MT,GD,22183946000173,7896004793719,Indapamida 1.5 mg Caixa 60 Comprimidos Revestidos Lib. Prolongada,Norte Sul Real - MT,4.0,0.7304,53.77,0.0,17.78,14.5,2026-09-09 19:36:08,OK,
MT,GD,22183946000173,7896004793719,Indapamida 1.5 mg Caixa 60 Comprimidos Revestidos Lib. Prolongada,Panpharma / Santa Cruz - MT,31.0,0.7206999999999999,53.77,0.0,18.21,15.02,2026-09-09 19:36:08,OK,
MT,GD,22183946000173,7896004793801,Valsartana 80 mg Caixa 30 Comprimidos,Norte Sul Real - MT,111.0,0.762,59.14,0.0,18.0,14.08,2026-09-09 19:36:12,OK,
MT,GD,22183946000173,7896004793801,Valsartana 80 mg Caixa 30 Comprimidos,Panpharma / Santa Cruz - MT,55.0,0.6134000000000001,59.14,0.0,25.29,22.86,2026-09-09 19:36:12,OK,
MT,GD,22183946000173,7896004793818,Valsartana 160 mg Caixa 30 Comprimidos,Norte Sul Real - MT,160.0,0.6764,59.18,0.0,22.22,19.15,2026-09-09 19:36:15,OK,
MT,GD,22183946000173,7896004793825,Valsartana 320 mg Caixa 30 Comprimidos,Norte Sul Real - MT,118.0,0.5623,70.02,0.0,32.92,30.65,2026-09-09 19:36:19,OK,
MT,GD,22183946000173,7896004793825,Valsartana 320 mg Caixa 30 Comprimidos,Profarma - MT,52.0,0.41,70.02,0.0,40.61,40.61,2026-09-09 19:36:19,OK,
MT,GD,22183946000173,7896004793931,Rosuvastatina Cálcica 40 mg Caixa 30 Comprimidos Revestidos,Profarma - MT,71.0,0.5625,125.9,0.0,57.07,55.08,2026-09-09 19:36:22,OK,
MT,GD,22183946000173,7896004794044,Duloxetina 30 mg Caixa 60 Cápsulas,Profarma - MT,72.0,0.4484,114.2,0.0,62.59,62.59,2026-09-09 19:36:26,OK,
MT,GD,22183946000173,7896004794044,Duloxetina 30 mg Caixa 60 Cápsulas,Panpharma / Santa Cruz - MT,1.0,0.4483,114.2,0.0,64.49,63.0,2026-09-09 19:36:26,OK,
MT,GD,22183946000173,7896004794051,Duloxetina 60 mg Caixa 60 Cápsulas,Profarma - MT,13.0,0.4201,204.71,0.0,117.0,117.0,2026-09-09 19:36:29,OK,
MT,GD,22183946000173,7896004794051,Duloxetina 60 mg Caixa 60 Cápsulas,Panpharma / Santa Cruz - MT,107.0,0.42,204.71,0.0,120.42,118.73,2026-09-09 19:36:29,OK,
MT,GD,22183946000173,7896004794068,Bupropiona 300 mg Caixa 30 Comprimidos,Profarma - MT,54.0,0.539,149.4,0.0,70.64,68.87,2026-09-09 19:36:33,OK,
MT,GD,22183946000173,7896004794068,Bupropiona 300 mg Caixa 30 Comprimidos,Panpharma / Santa Cruz - MT,101.0,0.5389,149.4,0.0,73.14,68.89,2026-09-09 19:36:33,OK,
MT,GD,22183946000173,7896004794075,Fexofenadina 6 mg/ml Frasco 150 ml,Panpharma / Santa Cruz - MT,94.0,0.49939999999999996,46.94,0.0,24.38,23.5,2026-09-09 19:36:37,OK,
MT,GD,22183946000173,7896004794075,Fexofenadina 6 mg/ml Frasco 150 ml,Profarma - MT,22.0,0.49950000000000006,56.54,0.0,29.41,28.3,2026-09-09 19:36:37,OK,
MT,GD,22183946000173,7896004794075,Fexofenadina 6 mg/ml Frasco 150 ml,Norte Sul Real - MT,228.0,0.3701,46.94,0.0,29.56,29.56,2026-09-09 19:36:37,OK,
MT,GD,22183946000173,7896004794174,,,0.0,0.0,0.0,0.0,0.0,0.0,2026-09-09 19:36:49,ERRO,Message: Nenhuma distribuidora pôde ser lida no card do produto.
MT,GD,22183946000173,7896004794198,Escitalopram 20 mg com 60 Comprimidos,Profarma - MT,88.0,0.8301999999999999,151.57,0.0,35.04,25.74,2026-09-09 19:36:53,OK,
MT,GD,22183946000173,7896004794198,Escitalopram 20 mg com 60 Comprimidos,Panpharma / Santa Cruz - MT,1.0,0.8301000000000001,151.57,0.0,37.56,25.75,2026-09-09 19:36:53,OK,
MT,GD,22183946000173,7896004795041,BROMIDRATO DE VORTIOXETINA 5MG X 30CPR,Profarma - MT,16.0,0.42479999999999996,65.15,0.0,36.79,36.79,2026-09-09 19:36:57,OK,
MT,GD,22183946000173,7896004795041,BROMIDRATO DE VORTIOXETINA 5MG X 30CPR,Panpharma / Santa Cruz - MT,48.0,0.42469999999999997,65.15,0.0,37.88,37.48,2026-09-09 19:36:57,OK,
MT,GD,22183946000173,7896004795058,BROMIDRATO DE VORTIOXETINA 10MG + 30CPR,Panpharma / Santa Cruz - MT,14.0,0.4434,107.35,0.0,60.75,59.75,2026-09-09 19:37:00,OK,
MT,GD,22183946000173,7896004795065,,,0.0,0.0,0.0,0.0,0.0,0.0,2026-09-09 19:37:12,ERRO,Message: Nenhuma distribuidora pôde ser lida no card do produto.
MT,GD,22183946000173,7896004795188,Zolpidem 5MG X 30 SL,Norte Sul Real - MT,183.0,0.7696999999999999,81.92,0.0,24.41,18.87,2026-09-09 19:37:16,OK,
MT,GD,22183946000173,7896004795188,Zolpidem 5MG X 30 SL,Profarma - MT,149.0,0.6643000000000001,81.92,0.0,30.21,27.5,2026-09-09 19:37:16,OK,
MT,GD,22183946000173,7896004795188,Zolpidem 5MG X 30 SL,Panpharma / Santa Cruz - MT,55.0,0.6642,81.92,0.0,31.58,27.51,2026-09-09 19:37:16,OK,
MT,GD,22183946000173,7896004795232,AMOXICILINA + CLAVULANATO DE POTÁSSIO 500MG X 125MG X 21COR,Profarma - MT,42.0,0.7001999999999999,148.37,0.0,52.6,44.48,2026-09-09 19:37:20,OK,
MT,GD,22183946000173,7896004795232,AMOXICILINA + CLAVULANATO DE POTÁSSIO 500MG X 125MG X 21COR,Norte Sul Real - MT,553.0,0.7004,148.37,0.0,52.75,44.45,2026-09-09 19:37:20,OK,
MT,GD,22183946000173,7896004795232,AMOXICILINA + CLAVULANATO DE POTÁSSIO 500MG X 125MG X 21COR,Panpharma / Santa Cruz - MT,82.0,0.7001000000000001,148.37,0.0,52.78,44.5,2026-09-09 19:37:20,OK,
MT,GD,22183946000173,7896004795461,"CLOR.DE NARATRIPTANA 2,5MG C/8 COM REV-LG",Profarma - MT,213.0,0.3931,26.08,0.0,15.5,15.5,2026-09-09 19:37:24,OK,
MT,GD,22183946000173,7896004795461,"CLOR.DE NARATRIPTANA 2,5MG C/8 COM REV-LG",Panpharma / Santa Cruz - MT,1737.0,0.39299999999999996,26.08,0.0,15.93,15.83,2026-09-09 19:37:24,OK,
MT,GD,22183946000173,7896004796284,DICL.TRIMETAZIDINA 35MG C/60 COM REV-LG,Norte Sul Real - MT,40.0,0.5245000000000001,96.83,0.0,48.56,46.04,2026-09-09 19:37:28,OK,
MT,GD,22183946000173,7896004796284,DICL.TRIMETAZIDINA 35MG C/60 COM REV-LG,Profarma - MT,54.0,0.55,96.83,0.0,52.94,43.57,2026-09-09 19:37:28,OK,
MT,GD,22183946000173,7896004796291,DICL.TRIMETAZIDINA 35MG C/30 COM REV-LG,Norte Sul Real - MT,1.0,0.48960000000000004,48.41,0.0,25.68,24.71,2026-09-09 19:37:31,OK,
MT,GD,22183946000173,7896004796307,BES. LEVANLODIPINO 5MG C/30COMP -LG,Norte Sul Real - MT,25.0,0.5239,75.09,0.0,37.47,35.75,2026-09-09 19:37:35,OK,
MT,GD,22183946000173,7896004796307,BES. LEVANLODIPINO 5MG C/30COMP -LG,Panpharma / Santa Cruz - MT,7.0,0.37439999999999996,75.09,0.0,46.98,46.98,2026-09-09 19:37:35,OK,
MT,GD,22183946000173,7896004796314,"BES. LEVANLODIPINO 2,5MG C/30COMP-LG",Norte Sul Real - MT,61.0,0.5397,38.65,0.0,18.79,17.79,2026-09-09 19:37:38,OK,
MT,GD,22183946000173,7896004796352,GUAIFENESINA + OXOMEMAZINA + POTASSIO IODETO + SODIO BENZOATO x 120ML,Panpharma / Santa Cruz - MT,2752.0,0.6912999999999999,39.08,0.0,12.53,12.06,2026-09-09 19:37:42,OK,
MT,GD,22183946000173,7896004796352,GUAIFENESINA + OXOMEMAZINA + POTASSIO IODETO + SODIO BENZOATO x 120ML,Norte Sul Real - MT,15440.0,0.72,39.08,0.0,13.14,10.94,2026-09-09 19:37:42,OK,
MT,GD,22183946000173,7896004796352,GUAIFENESINA + OXOMEMAZINA + POTASSIO IODETO + SODIO BENZOATO x 120ML,Profarma - MT,999.0,0.6914,39.08,0.0,13.42,12.06,2026-09-09 19:37:42,OK,
