UF,CONSULTOR_USADO,CNPJ_REFERENCIA,EAN,PRODUTO,DISTRIBUIDORA,ESTOQUE,DESCONTO,PF_DIST,PF_FABRICA,PRECO_COM_IMPOSTO,PRECO_SEM_IMPOSTO,DATA_ATUALIZACAO,STATUS,ERRO
PA,GD,36346498000781,7894916372770,,,0.0,0.0,0.0,0.0,0.0,0.0,2026-09-01 09:31:39,ERRO,Message: Nenhuma distribuidora pôde ser lida no card do produto.
PA,GD,36346498000781,7894916372787,Xarope Cloridrato de Ambroxol Infantil 15mg/5ml Frasco 120 ml,Total - PA,312.0,0.4396,18.26,0.0,10.23,10.23,2026-09-01 09:31:43,OK,
PA,GD,36346498000781,7894916372787,Xarope Cloridrato de Ambroxol Infantil 15mg/5ml Frasco 120 ml,Nazaria - PA,116.0,0.3897,18.26,0.0,11.14,11.14,2026-09-01 09:31:43,OK,
PA,GD,36346498000781,7894916372855,Anastrozol 1 mg Caixa 30 Comprimidos Revestidos,Panpharma - PA,37.0,0.865,780.89,0.0,89.8,105.42,2026-09-01 09:31:46,OK,
PA,GD,36346498000781,7894916372855,Anastrozol 1 mg Caixa 30 Comprimidos Revestidos,Nazaria - PA,91.0,0.7687,780.89,0.0,180.62,180.62,2026-09-01 09:31:46,OK,
PA,GD,36346498000781,7896004700038,Paracetamol 200 mg/ml Frasco 15 ml Gotas,Total - PA,254.0,0.5637,11.0,0.0,4.8,4.8,2026-09-01 09:31:50,OK,
PA,GD,36346498000781,7896004700038,Paracetamol 200 mg/ml Frasco 15 ml Gotas,Nazaria - PA,13008.0,0.5085000000000001,11.0,0.0,5.41,5.41,2026-09-01 09:31:50,OK,
PA,GD,36346498000781,7896004700250,Cetoconazol 200 mg Caixa 10 Comprimidos,Panpharma - PA,7.0,0.7820999999999999,39.28,0.0,8.07,8.56,2026-09-01 09:31:53,OK,
PA,GD,36346498000781,7896004700274,Tenoxicam 20 mg Caixa 10 Comprimidos Revestidos,Panpharma - PA,141.0,0.664,43.83,0.0,14.39,14.73,2026-09-01 09:31:57,OK,
PA,GD,36346498000781,7896004700274,Tenoxicam 20 mg Caixa 10 Comprimidos Revestidos,Total - PA,69.0,0.6523,43.83,0.0,15.24,15.24,2026-09-01 09:31:57,OK,
PA,GD,36346498000781,7896004700274,Tenoxicam 20 mg Caixa 10 Comprimidos Revestidos,Nazaria - PA,113.0,0.593,43.83,0.0,17.84,17.84,2026-09-01 09:31:57,OK,
PA,GD,36346498000781,7896004700403,Diltiazem 60 mg Caixa 50 Comprimidos,Nazaria - PA,45.0,0.23989999999999997,38.02,0.0,28.9,28.9,2026-09-01 09:32:01,OK,
PA,GD,36346498000781,7896004700403,Diltiazem 60 mg Caixa 50 Comprimidos,Panpharma - PA,67.0,0.2325,38.02,0.0,29.53,29.18,2026-09-01 09:32:01,OK,
PA,GD,36346498000781,7896004700403,Diltiazem 60 mg Caixa 50 Comprimidos,Total - PA,47.0,0.20579999999999998,38.02,0.0,30.2,30.2,2026-09-01 09:32:01,OK,
PA,GD,36346498000781,7896004700410,,,0.0,0.0,0.0,0.0,0.0,0.0,2026-09-01 09:32:13,ERRO,Message: Nenhuma distribuidora pôde ser lida no card do produto.
PA,GD,36346498000781,7896004700427,Amoxicilina 500 mg Caixa 21 Cápsulas,Total - PA,436.0,0.7378,34.04,0.0,8.93,8.93,2026-09-01 09:32:17,OK,
PA,GD,36346498000781,7896004700427,Amoxicilina 500 mg Caixa 21 Cápsulas,Panpharma - PA,124.0,0.6914,34.05,0.0,10.22,10.51,2026-09-01 09:32:17,OK,
PA,GD,36346498000781,7896004700427,Amoxicilina 500 mg Caixa 21 Cápsulas,Nazaria - PA,161.0,0.6415000000000001,34.05,0.0,12.21,12.21,2026-09-01 09:32:17,OK,
PA,GD,36346498000781,7896004700441,Amoxicilina 500 mg Caixa 15 Cápsulas,Total - PA,66.0,0.6029,25.09,0.0,9.96,9.96,2026-09-01 09:32:21,OK,
PA,GD,36346498000781,7896004700441,Amoxicilina 500 mg Caixa 15 Cápsulas,Nazaria - PA,603.0,0.5590999999999999,25.09,0.0,11.06,11.06,2026-09-01 09:32:21,OK,
PA,GD,36346498000781,7896004700458,Amoxicilina 250mg/5ml Frasco 150 ml Pó Para Suspensão Oral + Copo,Total - PA,3441.0,0.5847,27.59,0.0,11.46,11.46,2026-09-01 09:32:24,OK,
PA,GD,36346498000781,7896004700458,Amoxicilina 250mg/5ml Frasco 150 ml Pó Para Suspensão Oral + Copo,Nazaria - PA,853.0,0.515,27.59,0.0,13.38,13.38,2026-09-01 09:32:24,OK,
PA,GD,36346498000781,7896004700526,Enalapril 5 mg Caixa 30 Comprimidos,Total - PA,183.0,0.8239,21.14,0.0,3.72,3.72,2026-09-01 09:32:28,OK,
PA,GD,36346498000781,7896004700526,Enalapril 5 mg Caixa 30 Comprimidos,Nazaria - PA,323.0,0.7134999999999999,21.14,0.0,6.06,6.06,2026-09-01 09:32:28,OK,
PA,GD,36346498000781,7896004700533,Enalapril 10 mg Caixa 30 Comprimidos,Total - PA,371.0,0.8473,20.21,0.0,3.09,3.09,2026-09-01 09:32:32,OK,
PA,GD,36346498000781,7896004700533,Enalapril 10 mg Caixa 30 Comprimidos,Nazaria - PA,450.0,0.7461,20.21,0.0,5.13,5.13,2026-09-01 09:32:32,OK,
PA,GD,36346498000781,7896004700540,Enalapril 20 mg Caixa 30 Comprimidos,Panpharma - PA,474.0,0.8554999999999999,30.7,0.0,3.97,4.44,2026-09-01 09:32:36,OK,
PA,GD,36346498000781,7896004700540,Enalapril 20 mg Caixa 30 Comprimidos,Total - PA,634.0,0.8618000000000001,30.7,0.0,4.24,4.24,2026-09-01 09:32:36,OK,
PA,GD,36346498000781,7896004700540,Enalapril 20 mg Caixa 30 Comprimidos,Nazaria - PA,736.0,0.7452,30.7,0.0,7.82,7.82,2026-09-01 09:32:36,OK,
PA,GD,36346498000781,7896004700564,,,0.0,0.0,0.0,0.0,0.0,0.0,2026-09-01 09:32:48,ERRO,Message: Nenhuma distribuidora pôde ser lida no card do produto.
PA,GD,36346498000781,7896004700571,Carbocisteína 50 mg/ml Frasco 100 ml Xarope Adulto,Total - PA,308.0,0.5347999999999999,31.31,0.0,14.57,14.57,2026-09-01 09:32:52,OK,
PA,GD,36346498000781,7896004700571,Carbocisteína 50 mg/ml Frasco 100 ml Xarope Adulto,Panpharma - PA,101.0,0.5247999999999999,31.31,0.0,14.81,14.88,2026-09-01 09:32:52,OK,
PA,GD,36346498000781,7896004700571,Carbocisteína 50 mg/ml Frasco 100 ml Xarope Adulto,Nazaria - PA,81.0,0.46149999999999997,31.31,0.0,16.86,16.86,2026-09-01 09:32:52,OK,
PA,GD,36346498000781,7896004700656,Betametasona + Ácido Salicílico 0.5+30 mg/g Bisnaga 30 g Pomada,Panpharma - PA,121.0,0.7253000000000001,22.02,0.0,5.83,6.05,2026-09-01 09:32:56,OK,
PA,GD,36346498000781,7896004700656,Betametasona + Ácido Salicílico 0.5+30 mg/g Bisnaga 30 g Pomada,Total - PA,573.0,0.7234,22.02,0.0,6.09,6.09,2026-09-01 09:32:56,OK,
PA,GD,36346498000781,7896004700656,Betametasona + Ácido Salicílico 0.5+30 mg/g Bisnaga 30 g Pomada,Nazaria - PA,1415.0,0.6309,22.02,0.0,8.13,8.13,2026-09-01 09:32:56,OK,
PA,GD,36346498000781,7896004700953,Pentoxifilina 400 mg Caixa 20 Comprimidos Revestidos,Nazaria - PA,30.0,0.1677,50.46,0.0,42.0,42.0,2026-09-01 09:33:00,OK,
PA,GD,36346498000781,7896004700953,Pentoxifilina 400 mg Caixa 20 Comprimidos Revestidos,Total - PA,104.0,0.1472,50.46,0.0,43.03,43.03,2026-09-01 09:33:00,OK,
PA,GD,36346498000781,7896004700953,Pentoxifilina 400 mg Caixa 20 Comprimidos Revestidos,Panpharma - PA,128.0,0.1405,50.46,0.0,44.02,43.37,2026-09-01 09:33:00,OK,
PA,GD,36346498000781,7896004700984,Cetoconazol 20 mg/g Frasco 100 ml Shampoo Anticaspa,Panpharma - PA,221.0,0.6041,59.92,0.0,23.4,23.72,2026-09-01 09:33:04,OK,
PA,GD,36346498000781,7896004700984,Cetoconazol 20 mg/g Frasco 100 ml Shampoo Anticaspa,Total - PA,445.0,0.6001,59.92,0.0,23.96,23.96,2026-09-01 09:33:04,OK,
PA,GD,36346498000781,7896004700984,Cetoconazol 20 mg/g Frasco 100 ml Shampoo Anticaspa,Nazaria - PA,885.0,0.5335,59.92,0.0,27.95,27.95,2026-09-01 09:33:04,OK,
PA,GD,36346498000781,7896004700991,Claritromicina 500 mg Caixa 14 Comprimidos Revestidos,Total - PA,56.0,0.5566,212.68,0.0,94.28,94.3,2026-09-01 09:33:07,OK,
PA,GD,36346498000781,7896004700991,Claritromicina 500 mg Caixa 14 Comprimidos Revestidos,Nazaria - PA,9.0,0.5359,212.68,0.0,98.7,98.7,2026-09-01 09:33:07,OK,
PA,GD,36346498000781,7896004701035,Terbinafina 10 mg/g Bisnaga 20 g Creme,Total - PA,27.0,0.44689999999999996,34.49,0.0,19.07,19.08,2026-09-01 09:33:11,OK,
PA,GD,36346498000781,7896004701035,Terbinafina 10 mg/g Bisnaga 20 g Creme,Nazaria - PA,2122.0,0.38880000000000003,34.49,0.0,21.08,21.08,2026-09-01 09:33:11,OK,
PA,GD,36346498000781,7896004701172,Claritromicina 500 mg Caixa 10 Comprimidos Revestidos,Total - PA,84.0,0.7553,145.11,0.0,35.49,35.51,2026-09-01 09:33:15,OK,
PA,GD,36346498000781,7896004701172,Claritromicina 500 mg Caixa 10 Comprimidos Revestidos,Nazaria - PA,61.0,0.6858,145.11,0.0,45.59,45.59,2026-09-01 09:33:15,OK,
PA,GD,36346498000781,7896004701172,Claritromicina 500 mg Caixa 10 Comprimidos Revestidos,Panpharma - PA,65.0,0.6334000000000001,145.11,0.0,52.27,53.2,2026-09-01 09:33:15,OK,
PA,GD,36346498000781,7896004701233,Bromoprida 4 mg/ml Frasco 20 ml Gotas,Panpharma - PA,15.0,0.6840999999999999,18.92,0.0,5.82,5.98,2026-09-01 09:33:19,OK,
PA,GD,36346498000781,7896004701233,Bromoprida 4 mg/ml Frasco 20 ml Gotas,Total - PA,288.0,0.6806,18.92,0.0,6.04,6.04,2026-09-01 09:33:19,OK,
PA,GD,36346498000781,7896004701233,Bromoprida 4 mg/ml Frasco 20 ml Gotas,Nazaria - PA,6610.0,0.6131,18.92,0.0,7.32,7.32,2026-09-01 09:33:19,OK,
PA,GD,36346498000781,7896004701288,Hidróxido De Alumínio 61.5 mg/ml Frasco 240 ml Suspensão Oral,Nazaria - PA,2025.0,0.2368,21.12,0.0,16.12,16.12,2026-09-01 09:33:23,OK,
PA,GD,36346498000781,7896004701288,Hidróxido De Alumínio 61.5 mg/ml Frasco 240 ml Suspensão Oral,Total - PA,60.0,0.2368,21.12,0.0,16.12,16.12,2026-09-01 09:33:23,OK,
PA,GD,36346498000781,7896004701288,Hidróxido De Alumínio 61.5 mg/ml Frasco 240 ml Suspensão Oral,Panpharma - PA,653.0,0.20129999999999998,21.12,0.0,17.09,16.87,2026-09-01 09:33:23,OK,
PA,GD,36346498000781,7896004701301,,,0.0,0.0,0.0,0.0,0.0,0.0,2026-09-01 09:33:35,ERRO,Message: Nenhuma distribuidora pôde ser lida no card do produto.
PA,GD,36346498000781,7896004701462,Lorazepam 2 mg Caixa 20 Comprimidos,Total - PA,33.0,0.8234999999999999,17.37,0.0,3.07,3.07,2026-09-01 09:33:39,OK,
PA,GD,36346498000781,7896004701462,Lorazepam 2 mg Caixa 20 Comprimidos,Panpharma - PA,1.0,0.7709999999999999,17.37,0.0,3.77,3.98,2026-09-01 09:33:39,OK,
PA,GD,36346498000781,7896004701462,Lorazepam 2 mg Caixa 20 Comprimidos,Nazaria - PA,162.0,0.7463,17.37,0.0,4.41,4.41,2026-09-01 09:33:39,OK,
PA,GD,36346498000781,7896004701820,Diclofenaco Potássico 50 mg Caixa 20 Comprimidos Revestidos,Nazaria - PA,1.0,0.7166,22.16,0.0,6.28,6.28,2026-09-01 09:33:43,OK,
PA,GD,36346498000781,7896004701943,Sinvastatina 10 mg Caixa 30 Comprimidos Revestidos,Panpharma - PA,25.0,0.7772,24.74,0.0,5.22,5.51,2026-09-01 09:33:46,OK,
PA,GD,36346498000781,7896004701943,Sinvastatina 10 mg Caixa 30 Comprimidos Revestidos,Total - PA,47.0,0.7775,24.74,0.0,5.5,5.5,2026-09-01 09:33:46,OK,
PA,GD,36346498000781,7896004701967,Omeprazol Magnésico 20 mg Caixa 28 Cápsulas,Nazaria - PA,1250.0,0.7158,27.28,0.0,7.75,7.75,2026-09-01 09:33:49,OK,
PA,GD,36346498000781,7896004702032,Nistatina 100000 ui/ml Frasco 50 ml Suspensão Oral,Panpharma - PA,269.0,0.6781999999999999,30.53,0.0,9.57,9.82,2026-09-01 09:33:53,OK,
PA,GD,36346498000781,7896004702032,Nistatina 100000 ui/ml Frasco 50 ml Suspensão Oral,Total - PA,54.0,0.6751,30.53,0.0,9.92,9.92,2026-09-01 09:33:53,OK,
PA,GD,36346498000781,7896004702032,Nistatina 100000 ui/ml Frasco 50 ml Suspensão Oral,Nazaria - PA,43.0,0.584,30.53,0.0,12.7,12.7,2026-09-01 09:33:53,OK,
PA,GD,36346498000781,7896004702049,Benzoilmetronidazol 40 mg/ml Frasco 120 ml Suspensão Oral,Nazaria - PA,370.0,0.18899999999999997,13.83,0.0,11.22,11.22,2026-09-01 09:33:57,OK,
PA,GD,36346498000781,7896004702452,,,0.0,0.0,0.0,0.0,0.0,0.0,2026-09-01 09:34:09,ERRO,Message: Nenhuma distribuidora pôde ser lida no card do produto.
PA,GD,36346498000781,7896004703275,Cefadroxila 500 mg Caixa 8 Cápsulas,Total - PA,73.0,0.7204,53.65,0.0,15.0,15.0,2026-09-01 09:34:12,OK,
PA,GD,36346498000781,7896004703275,Cefadroxila 500 mg Caixa 8 Cápsulas,Nazaria - PA,2063.0,0.6539,53.65,0.0,18.57,18.57,2026-09-01 09:34:12,OK,
PA,GD,36346498000781,7896004703305,,,0.0,0.0,0.0,0.0,0.0,0.0,2026-09-01 09:34:25,ERRO,Message: Nenhuma distribuidora pôde ser lida no card do produto.
PA,GD,36346498000781,7896004703312,Anlodipino 10 mg Caixa 30 Comprimidos,Total - PA,69.0,0.8371,51.04,0.0,8.31,8.31,2026-09-01 09:34:28,OK,
PA,GD,36346498000781,7896004703336,Fluconazol 150 mg Caixa 1 Cápsula,Total - PA,40.0,0.8167,11.96,0.0,2.19,2.19,2026-09-01 09:34:31,OK,
PA,GD,36346498000781,7896004703343,Fluconazol 150 mg Caixa 2 Cápsulas,Total - PA,99.0,0.6468,20.12,0.0,7.11,7.11,2026-09-01 09:34:35,OK,
PA,GD,36346498000781,7896004703343,Fluconazol 150 mg Caixa 2 Cápsulas,Nazaria - PA,1532.0,0.5891,20.12,0.0,8.27,8.27,2026-09-01 09:34:35,OK,
PA,GD,36346498000781,7896004703381,,,0.0,0.0,0.0,0.0,0.0,0.0,2026-09-01 09:34:47,ERRO,Message: Nenhuma distribuidora pôde ser lida no card do produto.
PA,GD,36346498000781,7896004703398,Dipirona Monoidratada 500 mg Display 240 Comprimidos,Panpharma - PA,1.0,0.7047,185.65,0.0,53.11,54.82,2026-09-01 09:34:51,OK,
PA,GD,36346498000781,7896004703398,Dipirona Monoidratada 500 mg Display 240 Comprimidos,Total - PA,51.0,0.6962999999999999,185.65,0.0,56.38,56.38,2026-09-01 09:34:51,OK,
PA,GD,36346498000781,7896004703398,Dipirona Monoidratada 500 mg Display 240 Comprimidos,Nazaria - PA,782.0,0.6212,185.65,0.0,70.32,70.32,2026-09-01 09:34:51,OK,
PA,GD,36346498000781,7896004703404,Amoxicilina + Clavulanato 500+125 mg Caixa 12 Comprimidos Revestidos,Total - PA,265.0,0.6533,86.99,0.0,30.16,30.16,2026-09-01 09:34:55,OK,
PA,GD,36346498000781,7896004703404,Amoxicilina + Clavulanato 500+125 mg Caixa 12 Comprimidos Revestidos,Panpharma - PA,67.0,0.6333,86.99,0.0,31.34,31.9,2026-09-01 09:34:55,OK,
PA,GD,36346498000781,7896004703404,Amoxicilina + Clavulanato 500+125 mg Caixa 12 Comprimidos Revestidos,Nazaria - PA,149.0,0.5576,86.99,0.0,38.48,38.48,2026-09-01 09:34:55,OK,
PA,GD,36346498000781,7896004703411,Amoxicilina + Clavulanato 500+125 mg Caixa 18 Comprimidos Revestidos,Total - PA,106.0,0.6534,130.15,0.0,45.11,45.11,2026-09-01 09:34:59,OK,
PA,GD,36346498000781,7896004703411,Amoxicilina + Clavulanato 500+125 mg Caixa 18 Comprimidos Revestidos,Panpharma - PA,28.0,0.6334000000000001,130.15,0.0,46.88,47.71,2026-09-01 09:34:59,OK,
PA,GD,36346498000781,7896004703411,Amoxicilina + Clavulanato 500+125 mg Caixa 18 Comprimidos Revestidos,Nazaria - PA,231.0,0.593,130.15,0.0,52.97,52.97,2026-09-01 09:34:59,OK,
PA,GD,36346498000781,7896004703428,Amoxicilina + Clavulanato 250+62.5mg/5ml Frasco 75 ml Pó P/ Susp. Oral + Copo,Total - PA,587.0,0.5853,60.69,0.0,25.17,25.17,2026-09-01 09:35:03,OK,
PA,GD,36346498000781,7896004703428,Amoxicilina + Clavulanato 250+62.5mg/5ml Frasco 75 ml Pó P/ Susp. Oral + Copo,Panpharma - PA,8.0,0.4571,60.69,0.0,32.97,32.95,2026-09-01 09:35:03,OK,
PA,GD,36346498000781,7896004703428,Amoxicilina + Clavulanato 250+62.5mg/5ml Frasco 75 ml Pó P/ Susp. Oral + Copo,Nazaria - PA,250.0,0.4174,60.69,0.0,35.36,35.36,2026-09-01 09:35:03,OK,
PA,GD,36346498000781,7896004703466,Finasterida 5 mg Caixa 30 Comprimidos Revestidos,Panpharma - PA,28.0,0.7963,107.19,0.0,20.46,21.83,2026-09-01 09:35:06,OK,
PA,GD,36346498000781,7896004703466,Finasterida 5 mg Caixa 30 Comprimidos Revestidos,Total - PA,7.0,0.7942,107.19,0.0,22.06,22.06,2026-09-01 09:35:06,OK,
PA,GD,36346498000781,7896004703473,Metildopa 500 mg Caixa 30 Comprimidos Revestidos,Total - PA,778.0,0.07,44.51,0.0,41.39,41.39,2026-09-01 09:35:10,OK,
PA,GD,36346498000781,7896004703473,Metildopa 500 mg Caixa 30 Comprimidos Revestidos,Nazaria - PA,831.0,0.0279,44.51,0.0,43.27,43.27,2026-09-01 09:35:10,OK,
PA,GD,36346498000781,7896004703480,Metildopa 250 mg Caixa 30 Comprimidos Revestidos,Total - PA,819.0,0.07,23.9,0.0,22.23,22.23,2026-09-01 09:35:14,OK,
PA,GD,36346498000781,7896004703480,Metildopa 250 mg Caixa 30 Comprimidos Revestidos,Nazaria - PA,1027.0,0.0641,23.9,0.0,22.37,22.37,2026-09-01 09:35:14,OK,
PA,GD,36346498000781,7896004703480,Metildopa 250 mg Caixa 30 Comprimidos Revestidos,Panpharma - PA,73.0,0.04019999999999999,23.9,0.0,23.34,22.94,2026-09-01 09:35:14,OK,
PA,GD,36346498000781,7896004703497,Claritromicina 250mg/5ml Frasco 60 ml Granulado Para Suspensão Oral + Diluente + Seringa,Total - PA,193.0,0.196,125.3,0.0,100.74,100.74,2026-09-01 09:35:18,OK,
PA,GD,36346498000781,7896004703497,Claritromicina 250mg/5ml Frasco 60 ml Granulado Para Suspensão Oral + Diluente + Seringa,Nazaria - PA,176.0,0.1315,125.3,0.0,108.82,108.82,2026-09-01 09:35:18,OK,
PA,GD,36346498000781,7896004703565,Dexametasona 0.1 mg/ml Frasco 120 ml Elixir + Copo Dosador,Total - PA,3393.0,0.6384000000000001,15.75,0.0,5.7,5.7,2026-09-01 09:35:21,OK,
PA,GD,36346498000781,7896004703565,Dexametasona 0.1 mg/ml Frasco 120 ml Elixir + Copo Dosador,Nazaria - PA,1286.0,0.5697,15.75,0.0,6.78,6.78,2026-09-01 09:35:21,OK,
PA,GD,36346498000781,7896004703596,,,0.0,0.0,0.0,0.0,0.0,0.0,2026-09-01 09:35:33,ERRO,Message: Nenhuma distribuidora pôde ser lida no card do produto.
PA,GD,36346498000781,7896004703633,Lansoprazol 30 mg Caixa 28 Cápsulas de Liberação Retardada,Nazaria - PA,116.0,0.5614,110.22,0.0,48.34,48.34,2026-09-01 09:35:37,OK,
PA,GD,36346498000781,7896004703732,Sulfametoxazol+Trimetoprima 200+40mg/5ml Frasco 100 ml Susp. Oral + Copo,Total - PA,390.0,0.6079,15.17,0.0,5.95,5.95,2026-09-01 09:35:40,OK,
PA,GD,36346498000781,7896004703732,Sulfametoxazol+Trimetoprima 200+40mg/5ml Frasco 100 ml Susp. Oral + Copo,Nazaria - PA,9034.0,0.5459,15.17,0.0,6.89,6.89,2026-09-01 09:35:40,OK,
PA,GD,36346498000781,7896004703794,Terbinafina 250 mg Caixa 14 Comprimidos,Panpharma - PA,78.0,0.7597,120.33,0.0,27.55,28.92,2026-09-01 09:35:44,OK,
PA,GD,36346498000781,7896004703794,Terbinafina 250 mg Caixa 14 Comprimidos,Total - PA,256.0,0.755,120.33,0.0,29.48,29.48,2026-09-01 09:35:44,OK,
PA,GD,36346498000781,7896004703794,Terbinafina 250 mg Caixa 14 Comprimidos,Nazaria - PA,63.0,0.6788,120.33,0.0,38.65,38.65,2026-09-01 09:35:44,OK,
PA,GD,36346498000781,7896004704036,Nimesulida 100 mg Caixa 12 Comprimidos,Total - PA,145.0,0.8964,18.23,0.0,1.89,1.89,2026-09-01 09:35:48,OK,
PA,GD,36346498000781,7896004704036,Nimesulida 100 mg Caixa 12 Comprimidos,Nazaria - PA,7411.0,0.7784,18.23,0.0,4.04,4.04,2026-09-01 09:35:48,OK,
PA,GD,36346498000781,7896004704043,Nimesulida 50 mg/ml Frasco 15 ml Gotas,Total - PA,49.0,0.7581,27.09,0.0,6.55,6.55,2026-09-01 09:35:51,OK,
PA,GD,36346498000781,7896004704180,,,0.0,0.0,0.0,0.0,0.0,0.0,2026-09-01 09:36:03,ERRO,Message: Nenhuma distribuidora pôde ser lida no card do produto.
PA,GD,36346498000781,7896004704210,,,0.0,0.0,0.0,0.0,0.0,0.0,2026-09-01 09:36:16,ERRO,Message: Nenhuma distribuidora pôde ser lida no card do produto.
PA,GD,36346498000781,7896004704326,Captopril 25 mg Caixa 30 Comprimidos,Panpharma - PA,634.0,0.8295999999999999,12.84,0.0,2.01,2.19,2026-09-01 09:36:19,OK,
PA,GD,36346498000781,7896004704326,Captopril 25 mg Caixa 30 Comprimidos,Total - PA,448.0,0.8284999999999999,12.84,0.0,2.2,2.2,2026-09-01 09:36:19,OK,
PA,GD,36346498000781,7896004704364,Cefalexina 250mg/5ml Frasco 100 ml Suspensão Oral + Copo,Total - PA,583.0,0.5542,54.32,0.0,24.22,24.22,2026-09-01 09:36:23,OK,
PA,GD,36346498000781,7896004704364,Cefalexina 250mg/5ml Frasco 100 ml Suspensão Oral + Copo,Nazaria - PA,287.0,0.5204,54.32,0.0,26.05,26.05,2026-09-01 09:36:23,OK,
PA,GD,36346498000781,7896004704586,,,0.0,0.0,0.0,0.0,0.0,0.0,2026-09-01 09:36:35,ERRO,Message: Nenhuma distribuidora pôde ser lida no card do produto.
PA,GD,36346498000781,7896004704593,Amoxicilina 400mg/5ml Frasco 100 ml Pó Para Suspensão Oral + Seringa,Panpharma - PA,148.0,0.5457,42.44,0.0,19.15,19.28,2026-09-01 09:36:39,OK,
PA,GD,36346498000781,7896004704593,Amoxicilina 400mg/5ml Frasco 100 ml Pó Para Suspensão Oral + Seringa,Total - PA,237.0,0.53,42.44,0.0,19.95,19.95,2026-09-01 09:36:39,OK,
PA,GD,36346498000781,7896004704593,Amoxicilina 400mg/5ml Frasco 100 ml Pó Para Suspensão Oral + Seringa,Nazaria - PA,168.0,0.5004,42.44,0.0,21.2,21.2,2026-09-01 09:36:39,OK,
PA,GD,36346498000781,7896004704623,Dexclorfeniramina + Betametasona 0.4+0.05 mg/ml Frasco 120 ml Xarope,Panpharma - PA,400.0,0.6359,20.12,0.0,7.19,7.33,2026-09-01 09:36:43,OK,
PA,GD,36346498000781,7896004704623,Dexclorfeniramina + Betametasona 0.4+0.05 mg/ml Frasco 120 ml Xarope,Total - PA,813.0,0.6383,20.12,0.0,7.28,7.28,2026-09-01 09:36:43,OK,
PA,GD,36346498000781,7896004704623,Dexclorfeniramina + Betametasona 0.4+0.05 mg/ml Frasco 120 ml Xarope,Nazaria - PA,2923.0,0.5558,20.12,0.0,8.94,8.94,2026-09-01 09:36:43,OK,
PA,GD,36346498000781,7896004704692,Cefalexina 500 mg Caixa 10 Comprimidos Revestidos,Panpharma - PA,48.0,0.5096,26.57,0.0,12.99,13.03,2026-09-01 09:36:47,OK,
PA,GD,36346498000781,7896004704692,Cefalexina 500 mg Caixa 10 Comprimidos Revestidos,Nazaria - PA,1596.0,0.4514,26.57,0.0,14.58,14.58,2026-09-01 09:36:47,OK,
PA,GD,36346498000781,7896004704999,Dexclorfeniramina 2mg/5ml Frasco 120 ml Solução Oral,Panpharma - PA,145.0,0.6515000000000001,19.86,0.0,6.78,6.92,2026-09-01 09:36:51,OK,
PA,GD,36346498000781,7896004704999,Dexclorfeniramina 2mg/5ml Frasco 120 ml Solução Oral,Total - PA,58.0,0.6483,19.86,0.0,6.98,6.98,2026-09-01 09:36:51,OK,
PA,GD,36346498000781,7896004704999,Dexclorfeniramina 2mg/5ml Frasco 120 ml Solução Oral,Nazaria - PA,302.0,0.5787,19.86,0.0,8.37,8.37,2026-09-01 09:36:51,OK,
PA,GD,36346498000781,7896004705057,Diclofenaco Dietilamônio 11.6 mg/g Bisnaga 60 g Gel,Total - PA,13.0,0.49939999999999996,14.72,0.0,7.37,7.37,2026-09-01 09:36:54,OK,
PA,GD,36346498000781,7896004705057,Diclofenaco Dietilamônio 11.6 mg/g Bisnaga 60 g Gel,Nazaria - PA,805.0,0.44920000000000004,14.72,0.0,8.11,8.11,2026-09-01 09:36:54,OK,
PA,GD,36346498000781,7896004705071,Piroxicam 20 mg Caixa 15 Cápsulas,Total - PA,5.0,0.7020000000000001,26.02,0.0,7.75,7.75,2026-09-01 09:36:58,OK,
PA,GD,36346498000781,7896004705071,Piroxicam 20 mg Caixa 15 Cápsulas,Nazaria - PA,289.0,0.6775,26.02,0.0,8.39,8.39,2026-09-01 09:36:58,OK,
PA,GD,36346498000781,7896004705088,,,0.0,0.0,0.0,0.0,0.0,0.0,2026-09-01 09:37:10,ERRO,Message: Nenhuma distribuidora pôde ser lida no card do produto.
PA,GD,36346498000781,7896004705118,Cetoconazol + Betametasona 20+0.5 mg/g Bisnaga 30 g Pomada,Panpharma - PA,1.0,0.7469,25.52,0.0,6.18,6.46,2026-09-01 09:37:14,OK,
PA,GD,36346498000781,7896004705118,Cetoconazol + Betametasona 20+0.5 mg/g Bisnaga 30 g Pomada,Total - PA,33.0,0.7381,25.52,0.0,6.68,6.68,2026-09-01 09:37:14,OK,
PA,GD,36346498000781,7896004705118,Cetoconazol + Betametasona 20+0.5 mg/g Bisnaga 30 g Pomada,Nazaria - PA,373.0,0.6476999999999999,25.52,0.0,8.99,8.99,2026-09-01 09:37:14,OK,
PA,GD,36346498000781,7896004705125,Cetoconazol + Betametasona 20+0.5 mg/g Bisnaga 30 g Creme,Panpharma - PA,97.0,0.7384000000000001,26.04,0.0,6.54,6.81,2026-09-01 09:37:18,OK,
PA,GD,36346498000781,7896004705125,Cetoconazol + Betametasona 20+0.5 mg/g Bisnaga 30 g Creme,Total - PA,59.0,0.7293999999999999,26.04,0.0,7.05,7.05,2026-09-01 09:37:18,OK,
PA,GD,36346498000781,7896004705125,Cetoconazol + Betametasona 20+0.5 mg/g Bisnaga 30 g Creme,Nazaria - PA,365.0,0.6453,26.04,0.0,9.24,9.24,2026-09-01 09:37:18,OK,
PA,GD,36346498000781,7896004705132,Tioconazol + Tinidazol 20+30 mg/g Bisnaga 35 g Creme Vaginal + 7 Aplicadores,Nazaria - PA,253.0,0.6923999999999999,60.2,0.0,18.52,18.52,2026-09-01 09:37:22,OK,
PA,GD,36346498000781,7896004705132,Tioconazol + Tinidazol 20+30 mg/g Bisnaga 35 g Creme Vaginal + 7 Aplicadores,Total - PA,123.0,0.6616,60.2,0.0,20.37,20.37,2026-09-01 09:37:22,OK,
PA,GD,36346498000781,7896004705323,,,0.0,0.0,0.0,0.0,0.0,0.0,2026-09-01 09:37:34,ERRO,Message: Nenhuma distribuidora pôde ser lida no card do produto.
PA,GD,36346498000781,7896004705330,Simeticona 75 mg/ml Frasco 15 ml Gotas,Panpharma - PA,445.0,0.8045,22.4,0.0,4.08,4.38,2026-09-01 09:37:38,OK,
PA,GD,36346498000781,7896004705330,Simeticona 75 mg/ml Frasco 15 ml Gotas,Nazaria - PA,3203.0,0.8079999999999999,22.4,0.0,4.3,4.3,2026-09-01 09:37:38,OK,
PA,GD,36346498000781,7896004705330,Simeticona 75 mg/ml Frasco 15 ml Gotas,Total - PA,529.0,0.8079999999999999,22.4,0.0,4.3,4.3,2026-09-01 09:37:38,OK,
PA,GD,36346498000781,7896004705347,,,0.0,0.0,0.0,0.0,0.0,0.0,2026-09-01 09:37:50,ERRO,Message: Nenhuma distribuidora pôde ser lida no card do produto.
PA,GD,36346498000781,7896004705477,Amoxicilina 500mg/5ml Frasco 150 ml Pó Para Suspensão Oral + Copo,Panpharma - PA,10.0,0.5942000000000001,63.96,0.0,25.65,25.95,2026-09-01 09:37:53,OK,
PA,GD,36346498000781,7896004705477,Amoxicilina 500mg/5ml Frasco 150 ml Pó Para Suspensão Oral + Copo,Total - PA,81.0,0.5527000000000001,63.96,0.0,28.6,28.61,2026-09-01 09:37:53,OK,
PA,GD,36346498000781,7896004705583,Clortalidona 50 mg Caixa 30 Comprimidos,Nazaria - PA,57.0,0.0892,22.74,0.0,20.71,20.71,2026-09-01 09:37:57,OK,
PA,GD,36346498000781,7896004705583,Clortalidona 50 mg Caixa 30 Comprimidos,Total - PA,281.0,0.07,22.74,0.0,21.15,21.15,2026-09-01 09:37:57,OK,
PA,GD,36346498000781,7896004705583,Clortalidona 50 mg Caixa 30 Comprimidos,Panpharma - PA,29.0,0.0646,22.74,0.0,21.64,21.27,2026-09-01 09:37:57,OK,
PA,GD,36346498000781,7896004705590,Cetoconazol+Betametasona+Neomicina 20+0.5+2.5 mg/g Pomada Bisnaga 30 g,Total - PA,46.0,0.7054,29.56,0.0,8.71,8.71,2026-09-01 09:38:01,OK,
PA,GD,36346498000781,7896004705590,Cetoconazol+Betametasona+Neomicina 20+0.5+2.5 mg/g Pomada Bisnaga 30 g,Nazaria - PA,343.0,0.6286,29.56,0.0,10.98,10.98,2026-09-01 09:38:01,OK,
PA,GD,36346498000781,7896004705606,Cetoconazol+Betametasona+Neomicina 20+0.5+2.5 mg/g Creme Bisnaga 30 g,Total - PA,487.0,0.6359,26.28,0.0,9.57,9.57,2026-09-01 09:38:05,OK,
PA,GD,36346498000781,7896004705606,Cetoconazol+Betametasona+Neomicina 20+0.5+2.5 mg/g Creme Bisnaga 30 g,Panpharma - PA,657.0,0.6229,26.28,0.0,9.75,9.91,2026-09-01 09:38:05,OK,
PA,GD,36346498000781,7896004705606,Cetoconazol+Betametasona+Neomicina 20+0.5+2.5 mg/g Creme Bisnaga 30 g,Nazaria - PA,1302.0,0.5847,26.28,0.0,10.91,10.91,2026-09-01 09:38:05,OK,
PA,GD,36346498000781,7896004705736,Cetoprofeno 50 mg Caixa 24 Cápsulas,Total - PA,409.0,0.6578,31.41,0.0,10.75,10.75,2026-09-01 09:38:09,OK,
PA,GD,36346498000781,7896004705736,Cetoprofeno 50 mg Caixa 24 Cápsulas,Nazaria - PA,234.0,0.6138,31.41,0.0,12.13,12.13,2026-09-01 09:38:09,OK,
PA,GD,36346498000781,7896004705781,Atenolol 25 mg Caixa 30 Comprimidos,Panpharma - PA,370.0,0.8731,18.46,0.0,2.05,2.34,2026-09-01 09:38:13,OK,
PA,GD,36346498000781,7896004705781,Atenolol 25 mg Caixa 30 Comprimidos,Total - PA,157.0,0.882,18.46,0.0,2.18,2.18,2026-09-01 09:38:13,OK,
PA,GD,36346498000781,7896004705781,Atenolol 25 mg Caixa 30 Comprimidos,Nazaria - PA,1624.0,0.7759999999999999,18.46,0.0,4.14,4.14,2026-09-01 09:38:13,OK,
PA,GD,36346498000781,7896004705866,,,0.0,0.0,0.0,0.0,0.0,0.0,2026-09-01 09:38:25,ERRO,Message: Nenhuma distribuidora pôde ser lida no card do produto.
PA,GD,36346498000781,7896004705873,Atenolol 50 mg Caixa 30 Comprimidos,Panpharma - PA,23.0,0.8101,22.02,0.0,3.89,4.18,2026-09-01 09:38:29,OK,
PA,GD,36346498000781,7896004705873,Atenolol 50 mg Caixa 30 Comprimidos,Total - PA,182.0,0.8136,22.02,0.0,4.09,4.1,2026-09-01 09:38:29,OK,
PA,GD,36346498000781,7896004705873,Atenolol 50 mg Caixa 30 Comprimidos,Nazaria - PA,1217.0,0.7178,22.02,0.0,6.21,6.21,2026-09-01 09:38:29,OK,
PA,GD,36346498000781,7896004705880,Atenolol 25 mg Caixa 60 Comprimidos,Nazaria - PA,18.0,0.7820999999999999,35.2,0.0,7.67,7.67,2026-09-01 09:38:32,OK,
PA,GD,36346498000781,7896004705989,,,0.0,0.0,0.0,0.0,0.0,0.0,2026-09-01 09:38:44,ERRO,Message: Nenhuma distribuidora pôde ser lida no card do produto.
PA,GD,36346498000781,7896004706009,,,0.0,0.0,0.0,0.0,0.0,0.0,2026-09-01 09:38:56,ERRO,Message: Nenhuma distribuidora pôde ser lida no card do produto.
PA,GD,36346498000781,7896004706290,Xarope Cloridrato de Ambroxol Adulto 30mg/5ml Frasco 120 ml,Total - PA,232.0,0.664,29.48,0.0,9.91,9.91,2026-09-01 09:39:00,OK,
PA,GD,36346498000781,7896004706306,Prednisona 5 mg Caixa 20 Comprimidos,Total - PA,256.0,0.6773,15.26,0.0,4.92,4.92,2026-09-01 09:39:03,OK,
PA,GD,36346498000781,7896004706306,Prednisona 5 mg Caixa 20 Comprimidos,Nazaria - PA,1181.0,0.6136,15.26,0.0,5.9,5.9,2026-09-01 09:39:03,OK,
PA,GD,36346498000781,7896004706313,Prednisona 20 mg Caixa 10 Comprimidos,Total - PA,997.0,0.7814,22.22,0.0,4.86,4.86,2026-09-01 09:39:07,OK,
PA,GD,36346498000781,7896004706313,Prednisona 20 mg Caixa 10 Comprimidos,Panpharma - PA,218.0,0.7563,22.22,0.0,5.16,5.42,2026-09-01 09:39:07,OK,
PA,GD,36346498000781,7896004706313,Prednisona 20 mg Caixa 10 Comprimidos,Nazaria - PA,1219.0,0.7070000000000001,22.22,0.0,6.51,6.51,2026-09-01 09:39:07,OK,
PA,GD,36346498000781,7896004706368,Clortalidona 25 mg Caixa 60 Comprimidos,Total - PA,135.0,0.0932,29.85,0.0,27.07,27.07,2026-09-01 09:39:11,OK,
PA,GD,36346498000781,7896004706368,Clortalidona 25 mg Caixa 60 Comprimidos,Nazaria - PA,363.0,0.0925,29.85,0.0,27.09,27.09,2026-09-01 09:39:11,OK,
PA,GD,36346498000781,7896004706368,Clortalidona 25 mg Caixa 60 Comprimidos,Panpharma - PA,69.0,0.06559999999999999,29.85,0.0,28.36,27.89,2026-09-01 09:39:11,OK,
PA,GD,36346498000781,7896004706375,Clortalidona 12.5 mg Caixa 60 Comprimidos,Nazaria - PA,241.0,0.2311,16.98,0.0,13.06,13.06,2026-09-01 09:39:15,OK,
PA,GD,36346498000781,7896004706375,Clortalidona 12.5 mg Caixa 60 Comprimidos,Total - PA,275.0,0.154,16.98,0.0,14.37,14.37,2026-09-01 09:39:15,OK,
PA,GD,36346498000781,7896004706375,Clortalidona 12.5 mg Caixa 60 Comprimidos,Panpharma - PA,54.0,0.1282,16.98,0.0,15.03,14.8,2026-09-01 09:39:15,OK,
PA,GD,36346498000781,7896004706382,Amoxicilina 875 mg Caixa 14 Comprimidos Revestidos,Total - PA,77.0,0.5915,64.36,0.0,26.29,26.29,2026-09-01 09:39:19,OK,
PA,GD,36346498000781,7896004706382,Amoxicilina 875 mg Caixa 14 Comprimidos Revestidos,Nazaria - PA,62.0,0.5846,64.36,0.0,26.74,26.74,2026-09-01 09:39:19,OK,
PA,GD,36346498000781,7896004706382,Amoxicilina 875 mg Caixa 14 Comprimidos Revestidos,Panpharma - PA,30.0,0.5590999999999999,64.36,0.0,28.15,28.38,2026-09-01 09:39:19,OK,
PA,GD,36346498000781,7896004706405,Finasterida 1 mg Caixa 30 Comprimidos Revestidos,Panpharma - PA,37.0,0.7734000000000001,63.01,0.0,13.53,14.28,2026-09-01 09:39:23,OK,
PA,GD,36346498000781,7896004706405,Finasterida 1 mg Caixa 30 Comprimidos Revestidos,Total - PA,63.0,0.7655,63.01,0.0,14.78,14.78,2026-09-01 09:39:23,OK,
PA,GD,36346498000781,7896004706405,Finasterida 1 mg Caixa 30 Comprimidos Revestidos,Nazaria - PA,211.0,0.6877,63.01,0.0,19.68,19.68,2026-09-01 09:39:23,OK,
PA,GD,36346498000781,7896004706474,Glibenclamida 5 mg Caixa 30 Comprimidos,Panpharma - PA,613.0,0.8179000000000001,12.37,0.0,2.09,2.25,2026-09-01 09:39:27,OK,
PA,GD,36346498000781,7896004706474,Glibenclamida 5 mg Caixa 30 Comprimidos,Nazaria - PA,2818.0,0.7263,12.37,0.0,3.39,3.39,2026-09-01 09:39:27,OK,
PA,GD,36346498000781,7896004706665,Diclofenaco Sódico 100 mg Caixa 10 Comprimidos Revestidos Lib. Lenta,Panpharma - PA,77.0,0.7936,27.43,0.0,5.31,5.66,2026-09-01 09:39:30,OK,
PA,GD,36346498000781,7896004706665,Diclofenaco Sódico 100 mg Caixa 10 Comprimidos Revestidos Lib. Lenta,Total - PA,102.0,0.7881,27.43,0.0,5.81,5.81,2026-09-01 09:39:30,OK,
PA,GD,36346498000781,7896004706733,Diltiazem 30 mg Caixa 50 Comprimidos,Nazaria - PA,23.0,0.1938,20.74,0.0,16.72,16.72,2026-09-01 09:39:34,OK,
PA,GD,36346498000781,7896004706733,Diltiazem 30 mg Caixa 50 Comprimidos,Total - PA,16.0,0.17989999999999998,20.74,0.0,17.01,17.01,2026-09-01 09:39:34,OK,
PA,GD,36346498000781,7896004706733,Diltiazem 30 mg Caixa 50 Comprimidos,Panpharma - PA,36.0,0.17350000000000002,20.74,0.0,17.39,17.14,2026-09-01 09:39:34,OK,
PA,GD,36346498000781,7896004706795,Losartana Potássica 50 mg Caixa 30 Comprimidos Revestidos,Total - PA,1948.0,0.892,17.52,0.0,1.89,1.89,2026-09-01 09:39:38,OK,
PA,GD,36346498000781,7896004706795,Losartana Potássica 50 mg Caixa 30 Comprimidos Revestidos,Panpharma - PA,747.0,0.8551000000000001,17.52,0.0,2.28,2.54,2026-09-01 09:39:38,OK,
PA,GD,36346498000781,7896004706795,Losartana Potássica 50 mg Caixa 30 Comprimidos Revestidos,Nazaria - PA,3003.0,0.7759,17.52,0.0,3.93,3.93,2026-09-01 09:39:38,OK,
PA,GD,36346498000781,7896004706856,,,0.0,0.0,0.0,0.0,0.0,0.0,2026-09-01 09:39:50,ERRO,Message: Nenhuma distribuidora pôde ser lida no card do produto.
PA,GD,36346498000781,7896004706900,Cetorolaco 5 mg/ml Frasco 5 ml Solução Oftálmica,Nazaria - PA,22.0,0.2866,44.51,0.0,31.75,31.75,2026-09-01 09:39:54,OK,
PA,GD,36346498000781,7896004706900,Cetorolaco 5 mg/ml Frasco 5 ml Solução Oftálmica,Total - PA,75.0,0.2382,44.51,0.0,33.9,33.91,2026-09-01 09:39:54,OK,
PA,GD,36346498000781,7896004707310,Verapamil 80 mg Caixa 30 Comprimidos Revestidos,Panpharma - PA,29.0,0.5982,28.1,0.0,11.15,11.29,2026-09-01 09:39:58,OK,
PA,GD,36346498000781,7896004707310,Verapamil 80 mg Caixa 30 Comprimidos Revestidos,Total - PA,10.0,0.5843,28.1,0.0,11.68,11.68,2026-09-01 09:39:58,OK,
PA,GD,36346498000781,7896004707310,Verapamil 80 mg Caixa 30 Comprimidos Revestidos,Nazaria - PA,29.0,0.5401,28.1,0.0,12.92,12.92,2026-09-01 09:39:58,OK,
PA,GD,36346498000781,7896004708058,,,0.0,0.0,0.0,0.0,0.0,0.0,2026-09-01 09:40:10,ERRO,Message: Nenhuma distribuidora pôde ser lida no card do produto.
PA,GD,36346498000781,7896004708072,Itraconazol 100 mg Caixa 15 Cápsulas,Nazaria - PA,277.0,0.7746999999999999,146.84,0.0,33.08,33.08,2026-09-01 09:40:13,OK,
PA,GD,36346498000781,7896004708652,Simeticona 125 mg Caixa 10 Cápsulas Moles,Nazaria - PA,117.0,0.8495,27.44,0.0,4.13,4.13,2026-09-01 09:40:17,OK,
PA,GD,36346498000781,7896004708652,Simeticona 125 mg Caixa 10 Cápsulas Moles,Total - PA,61.0,0.8495,27.44,0.0,4.13,4.13,2026-09-01 09:40:17,OK,
PA,GD,36346498000781,7896004708652,Simeticona 125 mg Caixa 10 Cápsulas Moles,Panpharma - PA,86.0,0.826,27.44,0.0,4.4,4.77,2026-09-01 09:40:17,OK,
PA,GD,36346498000781,7896004708706,Acetilcisteína 200 mg Caixa 5 g Granulado,Total - PA,356.0,0.5590999999999999,36.72,0.0,16.19,16.19,2026-09-01 09:40:21,OK,
PA,GD,36346498000781,7896004708706,Acetilcisteína 200 mg Caixa 5 g Granulado,Nazaria - PA,7.0,0.4802,36.73,0.0,19.09,19.09,2026-09-01 09:40:21,OK,
PA,GD,36346498000781,7896004708706,Acetilcisteína 200 mg Caixa 5 g Granulado,Panpharma - PA,74.0,0.39380000000000004,36.73,0.0,22.37,22.27,2026-09-01 09:40:21,OK,
PA,GD,36346498000781,7896004708744,,,0.0,0.0,0.0,0.0,0.0,0.0,2026-09-01 09:40:33,ERRO,Message: Nenhuma distribuidora pôde ser lida no card do produto.
PA,GD,36346498000781,7896004708942,Espironolactona 25 mg Caixa 30 Comprimidos,Total - PA,2206.0,0.6623,22.43,0.0,7.57,7.57,2026-09-01 09:40:37,OK,
PA,GD,36346498000781,7896004708942,Espironolactona 25 mg Caixa 30 Comprimidos,Nazaria - PA,1822.0,0.5659000000000001,22.43,0.0,9.74,9.74,2026-09-01 09:40:37,OK,
PA,GD,36346498000781,7896004708973,,,0.0,0.0,0.0,0.0,0.0,0.0,2026-09-01 09:40:49,ERRO,Message: Nenhuma distribuidora pôde ser lida no card do produto.
PA,GD,36346498000781,7896004709123,,,0.0,0.0,0.0,0.0,0.0,0.0,2026-09-01 09:41:01,ERRO,Message: Nenhuma distribuidora pôde ser lida no card do produto.
PA,GD,36346498000781,7896004709130,Atenolol + Clortalidona 50+12.5 mg Caixa 30 Comprimidos,Panpharma - PA,149.0,0.8151999999999999,32.09,0.0,5.5,5.93,2026-09-01 09:41:05,OK,
PA,GD,36346498000781,7896004709130,Atenolol + Clortalidona 50+12.5 mg Caixa 30 Comprimidos,Total - PA,142.0,0.8128,32.09,0.0,6.01,6.01,2026-09-01 09:41:05,OK,
PA,GD,36346498000781,7896004709130,Atenolol + Clortalidona 50+12.5 mg Caixa 30 Comprimidos,Nazaria - PA,102.0,0.7343000000000001,32.09,0.0,8.53,8.53,2026-09-01 09:41:05,OK,
PA,GD,36346498000781,7896004709291,Deflazacorte 30 mg Caixa 10 Comprimidos,Nazaria - PA,71.0,0.14550000000000002,120.2,0.0,102.71,102.71,2026-09-01 09:41:09,OK,
PA,GD,36346498000781,7896004709291,Deflazacorte 30 mg Caixa 10 Comprimidos,Total - PA,86.0,0.1073,120.2,0.0,107.3,107.3,2026-09-01 09:41:09,OK,
PA,GD,36346498000781,7896004709291,Deflazacorte 30 mg Caixa 10 Comprimidos,Panpharma - PA,33.0,0.1003,120.2,0.0,109.89,108.14,2026-09-01 09:41:09,OK,
PA,GD,36346498000781,7896004709307,Deflazacorte 6 mg Caixa 20 Comprimidos,Total - PA,115.0,0.2002,50.31,0.0,40.24,40.24,2026-09-01 09:41:13,OK,
PA,GD,36346498000781,7896004709307,Deflazacorte 6 mg Caixa 20 Comprimidos,Nazaria - PA,175.0,0.1782,50.31,0.0,41.34,41.34,2026-09-01 09:41:13,OK,
PA,GD,36346498000781,7896004709307,Deflazacorte 6 mg Caixa 20 Comprimidos,Panpharma - PA,67.0,0.1537,50.31,0.0,43.2,42.58,2026-09-01 09:41:13,OK,
PA,GD,36346498000781,7896004709567,Amitriptilina 75 mg Caixa 30 Comprimidos Revestidos,Total - PA,470.0,0.6662,58.59,0.0,19.55,19.56,2026-09-01 09:41:16,OK,
PA,GD,36346498000781,7896004709710,,,0.0,0.0,0.0,0.0,0.0,0.0,2026-09-01 09:41:29,ERRO,Message: Nenhuma distribuidora pôde ser lida no card do produto.
PA,GD,36346498000781,7896004709956,,,0.0,0.0,0.0,0.0,0.0,0.0,2026-09-01 09:41:41,ERRO,Message: Nenhuma distribuidora pôde ser lida no card do produto.
PA,GD,36346498000781,7896004710402,Desonida 0.5 mg/g Bisnaga 30 g Creme,Nazaria - PA,12.0,0.6459,34.41,0.0,12.18,12.18,2026-09-01 09:41:44,OK,
PA,GD,36346498000781,7896004710419,Rifamicina 10 mg/ml Frasco 20 ml Solução Tópica Spray,Nazaria - PA,221.0,0.1664,22.54,0.0,18.79,18.79,2026-09-01 09:41:47,OK,
PA,GD,36346498000781,7896004710464,Acebrofilina 25mg/5ml Frasco 120 ml Xarope Pediátrico,Nazaria - PA,26.0,0.5158,23.68,0.0,11.47,11.47,2026-09-01 09:41:51,OK,
PA,GD,36346498000781,7896004710471,Acebrofilina 50mg/5ml Frasco 120 ml Xarope Adulto,Nazaria - PA,1.0,0.5153,33.44,0.0,16.21,16.21,2026-09-01 09:41:54,OK,
PA,GD,36346498000781,7896004710525,Bezafibrato 200 mg Caixa 20 Comprimidos Revestidos,Nazaria - PA,70.0,0.08470000000000001,32.42,0.0,29.67,29.67,2026-09-01 09:41:58,OK,
PA,GD,36346498000781,7896004710525,Bezafibrato 200 mg Caixa 20 Comprimidos Revestidos,Total - PA,40.0,0.0706,32.42,0.0,30.13,30.13,2026-09-01 09:41:58,OK,
PA,GD,36346498000781,7896004710525,Bezafibrato 200 mg Caixa 20 Comprimidos Revestidos,Panpharma - PA,111.0,0.0632,32.42,0.0,30.89,30.37,2026-09-01 09:41:58,OK,
PA,GD,36346498000781,7896004710679,Meloxicam 15 mg Caixa 10 Comprimidos,Panpharma - PA,182.0,0.8781,33.32,0.0,3.53,4.06,2026-09-01 09:42:01,OK,
PA,GD,36346498000781,7896004710679,Meloxicam 15 mg Caixa 10 Comprimidos,Nazaria - PA,920.0,0.7998999999999999,33.32,0.0,6.67,6.67,2026-09-01 09:42:01,OK,
PA,GD,36346498000781,7896004710761,Sinvastatina 20 mg Caixa 30 Comprimidos Revestidos,Nazaria - PA,754.0,0.7904000000000001,42.42,0.0,8.89,8.89,2026-09-01 09:42:05,OK,
PA,GD,36346498000781,7896004710860,,,0.0,0.0,0.0,0.0,0.0,0.0,2026-09-01 09:42:17,ERRO,Message: Nenhuma distribuidora pôde ser lida no card do produto.
PA,GD,36346498000781,7896004710891,Ácido Acetilsalicílico 100 mg Caixa 30 Comprimidos,Nazaria - PA,1751.0,0.33740000000000003,11.02,0.0,7.3,7.3,2026-09-01 09:42:21,OK,
PA,GD,36346498000781,7896004710891,Ácido Acetilsalicílico 100 mg Caixa 30 Comprimidos,Panpharma - PA,125.0,0.18600000000000003,11.02,0.0,9.09,8.97,2026-09-01 09:42:21,OK,
PA,GD,36346498000781,7896004710891,Ácido Acetilsalicílico 100 mg Caixa 30 Comprimidos,Total - PA,321.0,0.17370000000000002,11.02,0.0,9.11,9.11,2026-09-01 09:42:21,OK,
PA,GD,36346498000781,7896004710907,Ácido Acetilsalicílico 100 mg Display 200 Comprimidos,Total - PA,11.0,0.3998,69.79,0.0,41.88,41.89,2026-09-01 09:42:24,OK,
PA,GD,36346498000781,7896004710907,Ácido Acetilsalicílico 100 mg Display 200 Comprimidos,Nazaria - PA,174.0,0.39759999999999995,69.79,0.0,42.04,42.04,2026-09-01 09:42:24,OK,
PA,GD,36346498000781,7896004711034,Espironolactona 50 mg Caixa 30 Comprimidos,Nazaria - PA,43.0,0.5206000000000001,36.07,0.0,17.29,17.29,2026-09-01 09:42:28,OK,
PA,GD,36346498000781,7896004711188,Sinvastatina 40 mg Caixa 30 Comprimidos Revestidos,Panpharma - PA,63.0,0.8631,50.49,0.0,6.13,6.91,2026-09-01 09:42:32,OK,
PA,GD,36346498000781,7896004711188,Sinvastatina 40 mg Caixa 30 Comprimidos Revestidos,Total - PA,128.0,0.8684999999999999,50.49,0.0,6.64,6.64,2026-09-01 09:42:32,OK,
PA,GD,36346498000781,7896004711188,Sinvastatina 40 mg Caixa 30 Comprimidos Revestidos,Nazaria - PA,994.0,0.7648999999999999,50.49,0.0,11.87,11.87,2026-09-01 09:42:32,OK,
PA,GD,36346498000781,7896004711195,Nistatina + Óxido De Zinco 100.000ui+200mg/g Bisnaga 60 g Pomada,Panpharma - PA,571.0,0.6019,29.21,0.0,11.47,11.63,2026-09-01 09:42:36,OK,
PA,GD,36346498000781,7896004711195,Nistatina + Óxido De Zinco 100.000ui+200mg/g Bisnaga 60 g Pomada,Total - PA,142.0,0.5864,29.21,0.0,12.08,12.08,2026-09-01 09:42:36,OK,
PA,GD,36346498000781,7896004711195,Nistatina + Óxido De Zinco 100.000ui+200mg/g Bisnaga 60 g Pomada,Nazaria - PA,3514.0,0.4927,29.21,0.0,14.82,14.82,2026-09-01 09:42:36,OK,
PA,GD,36346498000781,7896004711218,,,0.0,0.0,0.0,0.0,0.0,0.0,2026-09-01 09:42:48,ERRO,Message: Nenhuma distribuidora pôde ser lida no card do produto.
PA,GD,36346498000781,7896004711225,,,0.0,0.0,0.0,0.0,0.0,0.0,2026-09-01 09:43:00,ERRO,Message: Nenhuma distribuidora pôde ser lida no card do produto.
PA,GD,36346498000781,7896004711232,Produto nao encontrado,,0.0,0.0,0.0,0.0,0.0,0.0,2026-09-01 09:43:26,NAO ENCONTRADO,EAN nao encontrado no Mercado Farma
PA,GD,36346498000781,7896004711287,Dexclorfeniramina 2 mg Caixa 20 Comprimidos,Nazaria - PA,103.0,0.6107,13.3,0.0,5.18,5.18,2026-09-01 09:43:33,OK,
PA,GD,36346498000781,7896004711287,Dexclorfeniramina 2 mg Caixa 20 Comprimidos,Panpharma - PA,21.0,0.5526,13.3,0.0,5.9,5.95,2026-09-01 09:43:33,OK,
PA,GD,36346498000781,7896004711287,Dexclorfeniramina 2 mg Caixa 20 Comprimidos,Total - PA,65.0,0.5372,13.3,0.0,6.16,6.16,2026-09-01 09:43:33,OK,
PA,GD,36346498000781,7896004711423,Clotrimazol 10 mg/g Bisnaga 35 g Creme Vaginal + 6 Aplicadores,Panpharma - PA,247.0,0.6018,51.52,0.0,20.24,20.52,2026-09-01 09:43:37,OK,
PA,GD,36346498000781,7896004711423,Clotrimazol 10 mg/g Bisnaga 35 g Creme Vaginal + 6 Aplicadores,Total - PA,366.0,0.5978,51.52,0.0,20.72,20.72,2026-09-01 09:43:37,OK,
PA,GD,36346498000781,7896004711423,Clotrimazol 10 mg/g Bisnaga 35 g Creme Vaginal + 6 Aplicadores,Nazaria - PA,751.0,0.5967,51.52,0.0,20.78,20.78,2026-09-01 09:43:37,OK,
PA,GD,36346498000781,7896004711454,Amilorida + Hidroclorotiazida 5+50 mg Caixa 30 Comprimidos,Nazaria - PA,81.0,0.2427,18.07,0.0,13.68,13.68,2026-09-01 09:43:41,OK,
PA,GD,36346498000781,7896004711485,Dexclorfeniramina + Betametasona 2+0.25 mg Caixa 20 Comprimidos,Nazaria - PA,647.0,0.3471,20.16,0.0,13.16,13.16,2026-09-01 09:43:44,OK,
PA,GD,36346498000781,7896004711485,Dexclorfeniramina + Betametasona 2+0.25 mg Caixa 20 Comprimidos,Panpharma - PA,134.0,0.3406,20.16,0.0,13.4,13.29,2026-09-01 09:43:44,OK,
PA,GD,36346498000781,7896004711539,Diclofenaco Colestiramina 70 mg Caixa 14 Cápsulas,Total - PA,135.0,0.7081000000000001,28.6,0.0,8.35,8.35,2026-09-01 09:43:48,OK,
PA,GD,36346498000781,7896004711690,Betametasona + Gentamicina 0.5+1 mg/g Bisnaga 30 g Creme,Total - PA,44.0,0.7275,25.6,0.0,6.98,6.98,2026-09-01 09:43:51,OK,
PA,GD,36346498000781,7896004711690,Betametasona + Gentamicina 0.5+1 mg/g Bisnaga 30 g Creme,Nazaria - PA,14.0,0.6655,25.6,0.0,8.56,8.56,2026-09-01 09:43:51,OK,
PA,GD,36346498000781,7896004711744,Tramadol 50 mg Caixa 10 Cápsulas,Total - PA,211.0,0.7653,28.57,0.0,6.71,6.71,2026-09-01 09:43:55,OK,
PA,GD,36346498000781,7896004711744,Tramadol 50 mg Caixa 10 Cápsulas,Nazaria - PA,2204.0,0.6964,28.57,0.0,8.67,8.67,2026-09-01 09:43:55,OK,
PA,GD,36346498000781,7896004711850,Betametasona 0.5 mg/g Bisnaga 30 g Creme,Total - PA,32.0,0.2754,28.54,0.0,20.68,20.68,2026-09-01 09:43:59,OK,
PA,GD,36346498000781,7896004711850,Betametasona 0.5 mg/g Bisnaga 30 g Creme,Nazaria - PA,110.0,0.21989999999999998,28.54,0.0,22.26,22.26,2026-09-01 09:43:59,OK,
PA,GD,36346498000781,7896004711850,Betametasona 0.5 mg/g Bisnaga 30 g Creme,Panpharma - PA,59.0,0.21600000000000003,28.54,0.0,22.65,22.38,2026-09-01 09:43:59,OK,
PA,GD,36346498000781,7896004712048,Triancinolona Acetonida 1 mg/g Bisnaga 10 g Pomada Bucal,Total - PA,1547.0,0.6773,13.11,0.0,4.23,4.23,2026-09-01 09:44:02,OK,
PA,GD,36346498000781,7896004712048,Triancinolona Acetonida 1 mg/g Bisnaga 10 g Pomada Bucal,Nazaria - PA,2605.0,0.5922999999999999,13.11,0.0,5.34,5.34,2026-09-01 09:44:02,OK,
PA,GD,36346498000781,7896004712147,Dexametasona 4 mg Caixa 10 Comprimidos,Panpharma - PA,67.0,0.6235,12.81,0.0,4.75,4.82,2026-09-01 09:44:06,OK,
PA,GD,36346498000781,7896004712147,Dexametasona 4 mg Caixa 10 Comprimidos,Total - PA,1786.0,0.607,12.81,0.0,5.03,5.03,2026-09-01 09:44:06,OK,
PA,GD,36346498000781,7896004712147,Dexametasona 4 mg Caixa 10 Comprimidos,Nazaria - PA,1137.0,0.5744,12.81,0.0,5.45,5.45,2026-09-01 09:44:06,OK,
PA,GD,36346498000781,7896004712413,Clobetasol 0.5 mg/g Bisnaga 30 g Creme,Total - PA,84.0,0.6547,21.8,0.0,7.53,7.53,2026-09-01 09:44:10,OK,
PA,GD,36346498000781,7896004712413,Clobetasol 0.5 mg/g Bisnaga 30 g Creme,Nazaria - PA,491.0,0.5631,21.8,0.0,9.52,9.52,2026-09-01 09:44:10,OK,
PA,GD,36346498000781,7896004712499,Doxazosina 2 mg Caixa 30 Comprimidos,Panpharma - PA,50.0,0.8545999999999999,43.77,0.0,5.71,6.36,2026-09-01 09:44:13,OK,
PA,GD,36346498000781,7896004712499,Doxazosina 2 mg Caixa 30 Comprimidos,Total - PA,38.0,0.8669,43.77,0.0,5.83,5.83,2026-09-01 09:44:13,OK,
PA,GD,36346498000781,7896004712581,Cefalexina 1 g Caixa 8 Comprimidos Revestidos,Total - PA,65.0,0.2732,79.59,0.0,57.85,57.85,2026-09-01 09:44:17,OK,
PA,GD,36346498000781,7896004712581,Cefalexina 1 g Caixa 8 Comprimidos Revestidos,Nazaria - PA,137.0,0.2705,79.6,0.0,58.07,58.07,2026-09-01 09:44:17,OK,
PA,GD,36346498000781,7896004712932,Clonazepam 2.5 mg/ml Frasco 20 ml Gotas,Panpharma - PA,643.0,0.6426000000000001,14.79,0.0,5.19,5.29,2026-09-01 09:44:21,OK,
PA,GD,36346498000781,7896004712932,Clonazepam 2.5 mg/ml Frasco 20 ml Gotas,Total - PA,767.0,0.639,14.79,0.0,5.34,5.34,2026-09-01 09:44:21,OK,
PA,GD,36346498000781,7896004712932,Clonazepam 2.5 mg/ml Frasco 20 ml Gotas,Nazaria - PA,5572.0,0.5667,14.79,0.0,6.41,6.41,2026-09-01 09:44:21,OK,
PA,GD,36346498000781,7896004712963,Mesalazina 800 mg Caixa 30 Comprimidos Revestidos,Total - PA,39.0,0.20600000000000002,99.35,0.0,78.88,78.88,2026-09-01 09:44:25,OK,
PA,GD,36346498000781,7896004712963,Mesalazina 800 mg Caixa 30 Comprimidos Revestidos,Nazaria - PA,72.0,0.1868,99.35,0.0,80.79,80.79,2026-09-01 09:44:25,OK,
PA,GD,36346498000781,7896004713007,Topiramato 100 mg Caixa 60 Comprimidos Revestidos,Total - PA,111.0,0.7859999999999999,232.53,0.0,49.76,49.76,2026-09-01 09:44:29,OK,
PA,GD,36346498000781,7896004713007,Topiramato 100 mg Caixa 60 Comprimidos Revestidos,Panpharma - PA,105.0,0.7665000000000001,232.53,0.0,51.6,54.3,2026-09-01 09:44:29,OK,
PA,GD,36346498000781,7896004713007,Topiramato 100 mg Caixa 60 Comprimidos Revestidos,Nazaria - PA,305.0,0.7141,232.53,0.0,66.48,66.48,2026-09-01 09:44:29,OK,
PA,GD,36346498000781,7896004713014,Topiramato 50 mg Caixa 60 Comprimidos Revestidos,Total - PA,100.0,0.8513,158.46,0.0,23.56,23.56,2026-09-01 09:44:32,OK,
PA,GD,36346498000781,7896004713021,Topiramato 25 mg Caixa 60 Comprimidos Revestidos,Total - PA,85.0,0.852,87.17,0.0,12.9,12.9,2026-09-01 09:44:35,OK,
PA,GD,36346498000781,7896004713021,Topiramato 25 mg Caixa 60 Comprimidos Revestidos,Nazaria - PA,45.0,0.7537,87.17,0.0,21.47,21.47,2026-09-01 09:44:35,OK,
PA,GD,36346498000781,7896004713120,,,0.0,0.0,0.0,0.0,0.0,0.0,2026-09-01 09:44:47,ERRO,Message: Nenhuma distribuidora pôde ser lida no card do produto.
PA,GD,36346498000781,7896004713137,,,0.0,0.0,0.0,0.0,0.0,0.0,2026-09-01 09:45:00,ERRO,Message: Nenhuma distribuidora pôde ser lida no card do produto.
PA,GD,36346498000781,7896004713182,Ácido Acetilsalicílico 100 mg Display 100 Comprimidos,Total - PA,23.0,0.3458,37.86,0.0,24.77,24.77,2026-09-01 09:45:04,OK,
PA,GD,36346498000781,7896004713182,Ácido Acetilsalicílico 100 mg Display 100 Comprimidos,Panpharma - PA,22.0,0.3406,37.87,0.0,25.16,24.97,2026-09-01 09:45:04,OK,
PA,GD,36346498000781,7896004713182,Ácido Acetilsalicílico 100 mg Display 100 Comprimidos,Nazaria - PA,16.0,0.3329,37.87,0.0,25.26,25.26,2026-09-01 09:45:04,OK,
PA,GD,36346498000781,7896004713250,,,0.0,0.0,0.0,0.0,0.0,0.0,2026-09-01 09:45:16,ERRO,Message: Nenhuma distribuidora pôde ser lida no card do produto.
PA,GD,36346498000781,7896004713267,Gabapentina 400 mg Caixa 30 Cápsulas,Total - PA,20.0,0.7679,152.33,0.0,35.36,35.36,2026-09-01 09:45:19,OK,
PA,GD,36346498000781,7896004713342,Acetilcisteína 600 mg Caixa 5 g Granulado,Total - PA,1322.0,0.7103,66.56,0.0,19.29,19.28,2026-09-01 09:45:23,OK,
PA,GD,36346498000781,7896004713342,Acetilcisteína 600 mg Caixa 5 g Granulado,Panpharma - PA,606.0,0.6772,66.57,0.0,20.95,21.49,2026-09-01 09:45:23,OK,
PA,GD,36346498000781,7896004713342,Acetilcisteína 600 mg Caixa 5 g Granulado,Nazaria - PA,1812.0,0.5965,66.57,0.0,26.86,26.86,2026-09-01 09:45:23,OK,
PA,GD,36346498000781,7896004713366,Acetilcisteína 40mg/ml Frasco 120 ml Xarope Adulto,Total - PA,732.0,0.7298,43.09,0.0,11.64,11.64,2026-09-01 09:45:26,OK,
PA,GD,36346498000781,7896004713366,Acetilcisteína 40mg/ml Frasco 120 ml Xarope Adulto,Nazaria - PA,4582.0,0.6527,43.09,0.0,14.97,14.97,2026-09-01 09:45:26,OK,
PA,GD,36346498000781,7896004713571,Pentoxifilina 400 mg Caixa 30 Comprimidos Revestidos,Nazaria - PA,61.0,0.138,68.16,0.0,58.75,58.75,2026-09-01 09:45:30,OK,
PA,GD,36346498000781,7896004713571,Pentoxifilina 400 mg Caixa 30 Comprimidos Revestidos,Panpharma - PA,14.0,0.1017,68.16,0.0,62.21,61.23,2026-09-01 09:45:30,OK,
PA,GD,36346498000781,7896004713618,Algestona + Estradiol 150+10mg/ml Ampola 1 ml Solução Injetável,Nazaria - PA,3227.0,0.2125,12.83,0.0,10.1,10.1,2026-09-01 09:45:34,OK,
PA,GD,36346498000781,7896004713618,Algestona + Estradiol 150+10mg/ml Ampola 1 ml Solução Injetável,Panpharma - PA,6160.0,0.1284,12.83,0.0,11.36,11.18,2026-09-01 09:45:34,OK,
PA,GD,36346498000781,7896004713618,Algestona + Estradiol 150+10mg/ml Ampola 1 ml Solução Injetável,Total - PA,716.0,0.09849999999999999,12.83,0.0,11.57,11.57,2026-09-01 09:45:34,OK,
PA,GD,36346498000781,7896004713717,,,0.0,0.0,0.0,0.0,0.0,0.0,2026-09-01 09:45:46,ERRO,Message: Nenhuma distribuidora pôde ser lida no card do produto.
PA,GD,36346498000781,7896004713724,Oximetazolina 0.5 mg/ml Frasco 30 ml Solução Nasal Adulto,Total - PA,27.0,0.3458,14.09,0.0,9.22,9.22,2026-09-01 09:45:50,OK,
PA,GD,36346498000781,7896004713724,Oximetazolina 0.5 mg/ml Frasco 30 ml Solução Nasal Adulto,Panpharma - PA,148.0,0.3406,14.09,0.0,9.36,9.29,2026-09-01 09:45:50,OK,
PA,GD,36346498000781,7896004713724,Oximetazolina 0.5 mg/ml Frasco 30 ml Solução Nasal Adulto,Nazaria - PA,97.0,0.3233,14.09,0.0,9.53,9.53,2026-09-01 09:45:50,OK,
PA,GD,36346498000781,7896004713731,,,0.0,0.0,0.0,0.0,0.0,0.0,2026-09-01 09:46:02,ERRO,Message: Nenhuma distribuidora pôde ser lida no card do produto.
PA,GD,36346498000781,7896004713762,Bromazepam 6 mg Caixa 30 Comprimidos,Total - PA,157.0,0.7548,30.85,0.0,7.56,7.56,2026-09-01 09:46:06,OK,
PA,GD,36346498000781,7896004713762,Bromazepam 6 mg Caixa 30 Comprimidos,Nazaria - PA,81.0,0.6668000000000001,30.85,0.0,10.28,10.28,2026-09-01 09:46:06,OK,
PA,GD,36346498000781,7896004713915,Losartana + Hidroclorotiazida 100+25 mg Caixa 30 Comprimidos Revestidos,Panpharma - PA,48.0,0.7641,89.7,0.0,20.13,21.16,2026-09-01 09:46:10,OK,
PA,GD,36346498000781,7896004713915,Losartana + Hidroclorotiazida 100+25 mg Caixa 30 Comprimidos Revestidos,Total - PA,173.0,0.7559,89.7,0.0,21.9,21.9,2026-09-01 09:46:10,OK,
PA,GD,36346498000781,7896004713915,Losartana + Hidroclorotiazida 100+25 mg Caixa 30 Comprimidos Revestidos,Nazaria - PA,11.0,0.6936,89.7,0.0,27.48,27.48,2026-09-01 09:46:10,OK,
PA,GD,36346498000781,7896004713922,Losartana + Hidroclorotiazida 50+12.5 mg Caixa 30 Comprimidos Revestidos,Total - PA,70.0,0.7936,55.98,0.0,11.55,11.55,2026-09-01 09:46:14,OK,
PA,GD,36346498000781,7896004713922,Losartana + Hidroclorotiazida 50+12.5 mg Caixa 30 Comprimidos Revestidos,Nazaria - PA,100.0,0.7494,55.98,0.0,14.03,14.03,2026-09-01 09:46:14,OK,
PA,GD,36346498000781,7896004713922,Losartana + Hidroclorotiazida 50+12.5 mg Caixa 30 Comprimidos Revestidos,Panpharma - PA,10.0,0.7352,55.98,0.0,14.24,14.82,2026-09-01 09:46:14,OK,
PA,GD,36346498000781,7896004715292,Acetilcisteína 20mg/ml Frasco 120 ml Xarope Pediátrico,Total - PA,429.0,0.682,32.31,0.0,10.27,10.27,2026-09-01 09:46:17,OK,
PA,GD,36346498000781,7896004715292,Acetilcisteína 20mg/ml Frasco 120 ml Xarope Pediátrico,Nazaria - PA,461.0,0.6079,32.31,0.0,12.67,12.67,2026-09-01 09:46:17,OK,
PA,GD,36346498000781,7896004715322,Alendronato De Sódio 70 mg Caixa 4 Comprimidos,Panpharma - PA,248.0,0.9409000000000001,80.81,0.0,3.28,4.78,2026-09-01 09:46:21,OK,
PA,GD,36346498000781,7896004715322,Alendronato De Sódio 70 mg Caixa 4 Comprimidos,Nazaria - PA,405.0,0.8498,80.81,0.0,12.14,12.14,2026-09-01 09:46:21,OK,
PA,GD,36346498000781,7896004715537,Mometasona 1 mg/g Bisnaga 20 g Creme,Total - PA,503.0,0.5473,34.25,0.0,15.5,15.5,2026-09-01 09:46:25,OK,
PA,GD,36346498000781,7896004715537,Mometasona 1 mg/g Bisnaga 20 g Creme,Nazaria - PA,204.0,0.5414,34.25,0.0,15.71,15.71,2026-09-01 09:46:25,OK,
PA,GD,36346498000781,7896004715674,Dipirona Monoidratada 50 mg/ml Frasco 100 ml Solução Oral,Total - PA,219.0,0.5707,17.21,0.0,7.39,7.39,2026-09-01 09:46:28,OK,
PA,GD,36346498000781,7896004715674,Dipirona Monoidratada 50 mg/ml Frasco 100 ml Solução Oral,Nazaria - PA,2151.0,0.5347,17.21,0.0,8.01,8.01,2026-09-01 09:46:28,OK,
PA,GD,36346498000781,7896004715711,Timolol 5 mg/ml Frasco 5 ml Solução Oftálmica,Total - PA,1701.0,0.6531,11.83,0.0,4.09,4.1,2026-09-01 09:46:32,OK,
PA,GD,36346498000781,7896004715711,Timolol 5 mg/ml Frasco 5 ml Solução Oftálmica,Nazaria - PA,732.0,0.5562,11.83,0.0,5.25,5.25,2026-09-01 09:46:32,OK,
PA,GD,36346498000781,7896004715803,Cefalexina 500 mg Caixa 8 Comprimidos Revestidos,Panpharma - PA,10.0,0.5931000000000001,27.67,0.0,11.13,11.26,2026-09-01 09:46:36,OK,
PA,GD,36346498000781,7896004715803,Cefalexina 500 mg Caixa 8 Comprimidos Revestidos,Nazaria - PA,156.0,0.47950000000000004,27.67,0.0,14.4,14.4,2026-09-01 09:46:36,OK,
PA,GD,36346498000781,7896004715841,Dipirona Monoidratada 500 mg/ml Frasco 10 ml Gotas,Total - PA,348.0,0.6701,7.4,0.0,2.44,2.44,2026-09-01 09:46:40,OK,
PA,GD,36346498000781,7896004715841,Dipirona Monoidratada 500 mg/ml Frasco 10 ml Gotas,Panpharma - PA,376.0,0.6501,7.4,0.0,2.54,2.59,2026-09-01 09:46:40,OK,
PA,GD,36346498000781,7896004715841,Dipirona Monoidratada 500 mg/ml Frasco 10 ml Gotas,Nazaria - PA,8325.0,0.536,7.4,0.0,3.43,3.43,2026-09-01 09:46:40,OK,
PA,GD,36346498000781,7896004715902,Neomicina + Bacitracina 5mg+250ui/g Bisnaga 15 g Pomada,Nazaria - PA,14.0,0.49329999999999996,12.11,0.0,6.14,6.14,2026-09-01 09:46:43,OK,
PA,GD,36346498000781,7896004715957,Azitromicina Di-hidratada 500 mg Caixa 3 Comprimidos Revestidos,Total - PA,227.0,0.8145,24.57,0.0,4.55,4.56,2026-09-01 09:46:46,OK,
PA,GD,36346498000781,7896004715964,Azitromicina Di-hidratada 900 mg Frasco 22.5 ml Pó Para Suspensão Oral + Seringa,Panpharma - PA,19.0,0.7652,75.99,0.0,16.96,17.84,2026-09-01 09:46:50,OK,
PA,GD,36346498000781,7896004715964,Azitromicina Di-hidratada 900 mg Frasco 22.5 ml Pó Para Suspensão Oral + Seringa,Total - PA,124.0,0.7605,75.98,0.0,18.2,18.2,2026-09-01 09:46:50,OK,
PA,GD,36346498000781,7896004715964,Azitromicina Di-hidratada 900 mg Frasco 22.5 ml Pó Para Suspensão Oral + Seringa,Nazaria - PA,99.0,0.675,75.99,0.0,24.7,24.7,2026-09-01 09:46:50,OK,
PA,GD,36346498000781,7896004715971,Azitromicina Di-hidratada 600 mg Frasco 15 ml Pó Para Suspensão Oral + Seringa,Total - PA,1.0,0.7718,61.73,0.0,14.09,14.09,2026-09-01 09:46:54,OK,
PA,GD,36346498000781,7896004715971,Azitromicina Di-hidratada 600 mg Frasco 15 ml Pó Para Suspensão Oral + Seringa,Nazaria - PA,239.0,0.6843,61.73,0.0,19.49,19.49,2026-09-01 09:46:54,OK,
PA,GD,36346498000781,7896004716138,Espironolactona 100 mg Caixa 30 Comprimidos,Total - PA,178.0,0.1025,39.47,0.0,35.43,35.42,2026-09-01 09:46:57,OK,
PA,GD,36346498000781,7896004716138,Espironolactona 100 mg Caixa 30 Comprimidos,Nazaria - PA,156.0,0.056900000000000006,39.48,0.0,37.23,37.23,2026-09-01 09:46:57,OK,
PA,GD,36346498000781,7896004716145,,,0.0,0.0,0.0,0.0,0.0,0.0,2026-09-01 09:47:09,ERRO,Message: Nenhuma distribuidora pôde ser lida no card do produto.
PA,GD,36346498000781,7896004716176,Hidroclorotiazida 25 mg Caixa 30 Comprimidos,Total - PA,1110.0,0.7433,7.73,0.0,1.98,1.98,2026-09-01 09:47:13,OK,
PA,GD,36346498000781,7896004716176,Hidroclorotiazida 25 mg Caixa 30 Comprimidos,Nazaria - PA,3770.0,0.6636,7.73,0.0,2.6,2.6,2026-09-01 09:47:13,OK,
PA,GD,36346498000781,7896004716268,Bromazepam 3 mg Caixa 30 Comprimidos,Total - PA,6.0,0.7634000000000001,19.63,0.0,4.63,4.64,2026-09-01 09:47:16,OK,
PA,GD,36346498000781,7896004716299,Paracetamol Bebê 100 mg/ml Frasco 15 ml Gotas,Nazaria - PA,167.0,0.3643,22.46,0.0,14.28,14.28,2026-09-01 09:47:20,OK,
PA,GD,36346498000781,7896004716343,Finasterida 1 mg Caixa 60 Comprimidos Revestidos,Total - PA,105.0,0.7562000000000001,131.46,0.0,32.04,32.05,2026-09-01 09:47:23,OK,
PA,GD,36346498000781,7896004716343,Finasterida 1 mg Caixa 60 Comprimidos Revestidos,Nazaria - PA,16.0,0.6922,131.46,0.0,40.46,40.46,2026-09-01 09:47:23,OK,
PA,GD,36346498000781,7896004718446,Dipirona Monoidratada 500 mg/ml Frasco 20 ml Gotas,Panpharma - PA,118.0,0.6847,13.6,0.0,4.18,4.29,2026-09-01 09:47:27,OK,
PA,GD,36346498000781,7896004718446,Dipirona Monoidratada 500 mg/ml Frasco 20 ml Gotas,Total - PA,551.0,0.6734,13.6,0.0,4.44,4.44,2026-09-01 09:47:27,OK,
PA,GD,36346498000781,7896004718446,Dipirona Monoidratada 500 mg/ml Frasco 20 ml Gotas,Nazaria - PA,522.0,0.6062,13.6,0.0,5.36,5.36,2026-09-01 09:47:27,OK,
PA,GD,36346498000781,7896004718453,Clotrimazol 10 mg/g Bisnaga 20 g Creme,Panpharma - PA,20.0,0.5162,15.43,0.0,7.44,7.47,2026-09-01 09:47:31,OK,
PA,GD,36346498000781,7896004718453,Clotrimazol 10 mg/g Bisnaga 20 g Creme,Total - PA,341.0,0.5112,15.43,0.0,7.54,7.54,2026-09-01 09:47:31,OK,
PA,GD,36346498000781,7896004718453,Clotrimazol 10 mg/g Bisnaga 20 g Creme,Nazaria - PA,1171.0,0.5081,15.43,0.0,7.59,7.59,2026-09-01 09:47:31,OK,
PA,GD,36346498000781,7896004718460,Cetoconazol 20 mg/g Bisnaga 30 g Creme,Panpharma - PA,229.0,0.7152,26.54,0.0,7.31,7.56,2026-09-01 09:47:35,OK,
PA,GD,36346498000781,7896004718460,Cetoconazol 20 mg/g Bisnaga 30 g Creme,Total - PA,442.0,0.7138,26.54,0.0,7.6,7.6,2026-09-01 09:47:35,OK,
PA,GD,36346498000781,7896004718460,Cetoconazol 20 mg/g Bisnaga 30 g Creme,Nazaria - PA,3760.0,0.6552,26.54,0.0,9.15,9.15,2026-09-01 09:47:35,OK,
PA,GD,36346498000781,7896004718804,Alprazolam 0.50 mg Caixa 30 Comprimidos,Total - PA,87.0,0.7120000000000001,12.09,0.0,3.48,3.48,2026-09-01 09:47:39,OK,
PA,GD,36346498000781,7896004718804,Alprazolam 0.50 mg Caixa 30 Comprimidos,Nazaria - PA,295.0,0.6790999999999999,12.09,0.0,3.88,3.88,2026-09-01 09:47:39,OK,
PA,GD,36346498000781,7896004718811,Alprazolam 0.25 mg Caixa 30 Comprimidos,Panpharma - PA,55.0,0.674,14.28,0.0,4.54,4.66,2026-09-01 09:47:43,OK,
PA,GD,36346498000781,7896004718811,Alprazolam 0.25 mg Caixa 30 Comprimidos,Total - PA,22.0,0.6623,14.28,0.0,4.82,4.82,2026-09-01 09:47:43,OK,
PA,GD,36346498000781,7896004718811,Alprazolam 0.25 mg Caixa 30 Comprimidos,Nazaria - PA,37.0,0.6245,14.28,0.0,5.36,5.36,2026-09-01 09:47:43,OK,
PA,GD,36346498000781,7896004718828,Alprazolam 1 mg Caixa 30 Comprimidos,Total - PA,79.0,0.8131999999999999,23.73,0.0,4.43,4.43,2026-09-01 09:47:47,OK,
PA,GD,36346498000781,7896004718828,Alprazolam 1 mg Caixa 30 Comprimidos,Panpharma - PA,14.0,0.7979999999999999,23.73,0.0,4.49,4.79,2026-09-01 09:47:47,OK,
PA,GD,36346498000781,7896004718828,Alprazolam 1 mg Caixa 30 Comprimidos,Nazaria - PA,141.0,0.7395999999999999,23.73,0.0,6.18,6.18,2026-09-01 09:47:47,OK,
PA,GD,36346498000781,7896004718842,Alprazolam 2 mg Caixa 30 Comprimidos,Total - PA,26.0,0.8775,70.94,0.0,8.69,8.69,2026-09-01 09:47:51,OK,
PA,GD,36346498000781,7896004718842,Alprazolam 2 mg Caixa 30 Comprimidos,Panpharma - PA,64.0,0.8597,70.94,0.0,8.86,9.95,2026-09-01 09:47:51,OK,
PA,GD,36346498000781,7896004718842,Alprazolam 2 mg Caixa 30 Comprimidos,Nazaria - PA,1342.0,0.7807,70.94,0.0,15.56,15.56,2026-09-01 09:47:51,OK,
PA,GD,36346498000781,7896004718996,Amoxicilina 500 mg Caixa 30 Cápsulas,Panpharma - PA,12.0,0.6738,53.89,0.0,17.15,17.58,2026-09-01 09:47:54,OK,
PA,GD,36346498000781,7896004718996,Amoxicilina 500 mg Caixa 30 Cápsulas,Nazaria - PA,106.0,0.5864,53.89,0.0,22.29,22.29,2026-09-01 09:47:54,OK,
PA,GD,36346498000781,7896004719283,Hidrocortisona 10 mg/g Bisnaga 30 g Pomada,Nazaria - PA,85.0,0.2459,27.08,0.0,20.42,20.42,2026-09-01 09:47:58,OK,
PA,GD,36346498000781,7896004719283,Hidrocortisona 10 mg/g Bisnaga 30 g Pomada,Total - PA,292.0,0.2403,27.08,0.0,20.57,20.57,2026-09-01 09:47:58,OK,
PA,GD,36346498000781,7896004719283,Hidrocortisona 10 mg/g Bisnaga 30 g Pomada,Panpharma - PA,63.0,0.248,27.08,0.0,20.6,20.36,2026-09-01 09:47:58,OK,
PA,GD,36346498000781,7896004719580,Amoxicilina + Clavulanato 875+125 mg Caixa 12 Comprimidos Revestidos,Nazaria - PA,561.0,0.7118000000000001,142.1,0.0,40.95,40.95,2026-09-01 09:48:01,OK,
PA,GD,36346498000781,7896004719597,Amoxicilina + Clavulanato 875+125 mg Caixa 14 Comprimidos Revestidos,Total - PA,390.0,0.7564,156.19,0.0,38.04,38.05,2026-09-01 09:48:06,OK,
PA,GD,36346498000781,7896004719597,Amoxicilina + Clavulanato 875+125 mg Caixa 14 Comprimidos Revestidos,Panpharma - PA,88.0,0.7190000000000001,156.19,0.0,42.37,43.89,2026-09-01 09:48:06,OK,
PA,GD,36346498000781,7896004719597,Amoxicilina + Clavulanato 875+125 mg Caixa 14 Comprimidos Revestidos,Nazaria - PA,346.0,0.6487999999999999,156.19,0.0,54.85,54.85,2026-09-01 09:48:06,OK,
PA,GD,36346498000781,7896004720241,,,0.0,0.0,0.0,0.0,0.0,0.0,2026-09-01 09:48:18,ERRO,Message: Nenhuma distribuidora pôde ser lida no card do produto.
PA,GD,36346498000781,7896004720746,Amoxicilina + Clavulanato 400+57mg/5ml Frasco 70 ml Pó P/ Susp. Oral + Seringa + Copo,Total - PA,347.0,0.7517,82.05,0.0,20.37,20.37,2026-09-01 09:48:21,OK,
PA,GD,36346498000781,7896004720746,Amoxicilina + Clavulanato 400+57mg/5ml Frasco 70 ml Pó P/ Susp. Oral + Seringa + Copo,Nazaria - PA,931.0,0.6801999999999999,82.05,0.0,26.24,26.24,2026-09-01 09:48:21,OK,
PA,GD,36346498000781,7896004720784,Dexclorfeniramina 10 mg/g Bisnaga 30 g Creme,Panpharma - PA,1.0,0.4545,14.53,0.0,7.94,7.93,2026-09-01 09:48:25,OK,
PA,GD,36346498000781,7896004720784,Dexclorfeniramina 10 mg/g Bisnaga 30 g Creme,Total - PA,107.0,0.449,14.53,0.0,8.01,8.01,2026-09-01 09:48:25,OK,
PA,GD,36346498000781,7896004720784,Dexclorfeniramina 10 mg/g Bisnaga 30 g Creme,Nazaria - PA,548.0,0.4293,14.53,0.0,8.29,8.29,2026-09-01 09:48:25,OK,
PA,GD,36346498000781,7896004720869,,,0.0,0.0,0.0,0.0,0.0,0.0,2026-09-01 09:48:38,ERRO,Message: Nenhuma distribuidora pôde ser lida no card do produto.
PA,GD,36346498000781,7896004721125,Sibutramina 15 mg Caixa 30 Cápsulas,Panpharma - PA,20.0,0.7934,76.5,0.0,14.83,15.8,2026-09-01 09:48:42,OK,
PA,GD,36346498000781,7896004721125,Sibutramina 15 mg Caixa 30 Cápsulas,Total - PA,141.0,0.7873,76.5,0.0,16.27,16.27,2026-09-01 09:48:42,OK,
PA,GD,36346498000781,7896004721125,Sibutramina 15 mg Caixa 30 Cápsulas,Nazaria - PA,123.0,0.7059000000000001,76.5,0.0,22.5,22.5,2026-09-01 09:48:42,OK,
PA,GD,36346498000781,7896004721255,Risperidona 1 mg/g Frasco 30 ml Solução Oral,Total - PA,1409.0,0.5516,60.17,0.0,26.97,26.98,2026-09-01 09:48:45,OK,
PA,GD,36346498000781,7896004721255,Risperidona 1 mg/g Frasco 30 ml Solução Oral,Nazaria - PA,455.0,0.49479999999999996,60.17,0.0,30.4,30.4,2026-09-01 09:48:45,OK,
PA,GD,36346498000781,7896004721323,,,0.0,0.0,0.0,0.0,0.0,0.0,2026-09-01 09:48:57,ERRO,Message: Nenhuma distribuidora pôde ser lida no card do produto.
PA,GD,36346498000781,7896004721828,Clonazepam 2 mg Caixa 30 Comprimidos,Total - PA,539.0,0.787,17.77,0.0,3.79,3.79,2026-09-01 09:49:01,OK,
PA,GD,36346498000781,7896004721828,Clonazepam 2 mg Caixa 30 Comprimidos,Nazaria - PA,841.0,0.7161,17.77,0.0,5.04,5.04,2026-09-01 09:49:01,OK,
PA,GD,36346498000781,7896004721903,Dexametasona 1 mg/g Bisnaga 10 g Creme Dermatológico,Nazaria - PA,1286.0,0.5769,10.96,0.0,4.64,4.64,2026-09-01 09:49:04,OK,
PA,GD,36346498000781,7896004722122,Aceclofenaco 100 mg Caixa 12 Comprimidos Revestidos,Panpharma - PA,1.0,0.7456,39.84,0.0,9.71,10.14,2026-09-01 09:49:08,OK,
PA,GD,36346498000781,7896004722122,Aceclofenaco 100 mg Caixa 12 Comprimidos Revestidos,Total - PA,45.0,0.7404999999999999,39.84,0.0,10.34,10.34,2026-09-01 09:49:08,OK,
PA,GD,36346498000781,7896004722160,Bisoprolol 1.25 mg Caixa 30 Comprimidos Revestidos,Total - PA,408.0,0.8197,67.0,0.0,12.08,12.08,2026-09-01 09:49:12,OK,
PA,GD,36346498000781,7896004722160,Bisoprolol 1.25 mg Caixa 30 Comprimidos Revestidos,Nazaria - PA,213.0,0.7359,67.0,0.0,17.69,17.69,2026-09-01 09:49:12,OK,
PA,GD,36346498000781,7896004722177,Bisoprolol 2.5 mg Caixa 30 Comprimidos Revestidos,Total - PA,136.0,0.6342,41.64,0.0,15.23,15.23,2026-09-01 09:49:15,OK,
PA,GD,36346498000781,7896004722177,Bisoprolol 2.5 mg Caixa 30 Comprimidos Revestidos,Nazaria - PA,419.0,0.5707,41.64,0.0,17.88,17.88,2026-09-01 09:49:15,OK,
PA,GD,36346498000781,7896004722337,Paracetamol + Pseudoefedrina 500+30 mg Caixa 24 Comprimidos Revestidos,Total - PA,108.0,0.07,12.12,0.0,11.27,11.27,2026-09-01 09:49:19,OK,
PA,GD,36346498000781,7896004722337,Paracetamol + Pseudoefedrina 500+30 mg Caixa 24 Comprimidos Revestidos,Nazaria - PA,223.0,0.0388,12.12,0.0,11.65,11.65,2026-09-01 09:49:19,OK,
PA,GD,36346498000781,7896004722337,Paracetamol + Pseudoefedrina 500+30 mg Caixa 24 Comprimidos Revestidos,Panpharma - PA,179.0,0.04,12.12,0.0,11.84,11.64,2026-09-01 09:49:19,OK,
PA,GD,36346498000781,7896004722467,Lidocaína 50 mg/g Bisnaga 25 g Pomada,Total - PA,88.0,0.3872,14.96,0.0,9.17,9.17,2026-09-01 09:49:23,OK,
PA,GD,36346498000781,7896004722467,Lidocaína 50 mg/g Bisnaga 25 g Pomada,Panpharma - PA,297.0,0.36810000000000004,14.96,0.0,9.51,9.45,2026-09-01 09:49:23,OK,
PA,GD,36346498000781,7896004722467,Lidocaína 50 mg/g Bisnaga 25 g Pomada,Nazaria - PA,156.0,0.35119999999999996,14.96,0.0,9.71,9.71,2026-09-01 09:49:23,OK,
PA,GD,36346498000781,7896004722474,Lidocaína 50 mg/g Bisnaga 25 g Pomada Sabor Laranja,Total - PA,116.0,0.3908,14.3,0.0,8.71,8.71,2026-09-01 09:49:27,OK,
PA,GD,36346498000781,7896004722474,Lidocaína 50 mg/g Bisnaga 25 g Pomada Sabor Laranja,Panpharma - PA,8.0,0.3821,14.3,0.0,8.89,8.84,2026-09-01 09:49:27,OK,
PA,GD,36346498000781,7896004722474,Lidocaína 50 mg/g Bisnaga 25 g Pomada Sabor Laranja,Nazaria - PA,508.0,0.3312,14.3,0.0,9.56,9.56,2026-09-01 09:49:27,OK,
PA,GD,36346498000781,7896004722528,Ciprofloxacino + Dexametasona 3.5+1 mg/ml Frasco 5 ml Solução Oftálmica,Panpharma - PA,48.0,0.385,26.51,0.0,16.39,16.3,2026-09-01 09:49:31,OK,
PA,GD,36346498000781,7896004722528,Ciprofloxacino + Dexametasona 3.5+1 mg/ml Frasco 5 ml Solução Oftálmica,Nazaria - PA,119.0,0.3593,26.51,0.0,16.98,16.98,2026-09-01 09:49:31,OK,
PA,GD,36346498000781,7896004722870,Losartana Potássica 100 mg Caixa 30 Comprimidos Revestidos,Total - PA,140.0,0.3443,42.68,0.0,27.99,27.99,2026-09-01 09:49:34,OK,
PA,GD,36346498000781,7896004723020,Ácido Tranexâmico 250 mg Caixa 12 Comprimidos,Nazaria - PA,1961.0,0.0814,42.87,0.0,39.38,39.38,2026-09-01 09:49:38,OK,
PA,GD,36346498000781,7896004723020,Ácido Tranexâmico 250 mg Caixa 12 Comprimidos,Panpharma - PA,195.0,0.04,42.87,0.0,41.88,41.16,2026-09-01 09:49:38,OK,
PA,GD,36346498000781,7896004723365,Fenofibrato 200 mg Caixa 30 Cápsulas,Nazaria - PA,153.0,0.1655,98.78,0.0,82.43,82.43,2026-09-01 09:49:41,OK,
PA,GD,36346498000781,7896004723365,Fenofibrato 200 mg Caixa 30 Cápsulas,Total - PA,99.0,0.1406,98.78,0.0,84.89,84.89,2026-09-01 09:49:41,OK,
PA,GD,36346498000781,7896004723365,Fenofibrato 200 mg Caixa 30 Cápsulas,Panpharma - PA,50.0,0.1494,98.78,0.0,85.27,84.02,2026-09-01 09:49:41,OK,
PA,GD,36346498000781,7896004723563,Domperidona 10 mg Caixa 30 Comprimidos,Nazaria - PA,1321.0,0.6962,19.16,0.0,5.82,5.82,2026-09-01 09:49:45,OK,
PA,GD,36346498000781,7896004723570,Domperidona 10 mg Caixa 60 Comprimidos,Total - PA,115.0,0.7639,36.36,0.0,8.59,8.58,2026-09-01 09:49:48,OK,
PA,GD,36346498000781,7896004723570,Domperidona 10 mg Caixa 60 Comprimidos,Nazaria - PA,960.0,0.7061,36.37,0.0,10.69,10.69,2026-09-01 09:49:48,OK,
PA,GD,36346498000781,7896004724102,Isotretinoína 20 mg Caixa 30 Cápsulas Moles,Total - PA,94.0,0.7717,175.95,0.0,40.17,40.17,2026-09-01 09:49:52,OK,
PA,GD,36346498000781,7896004724508,Latanoprosta 50 mcg/ml Frasco 2.5 ml Solução Oftálmica,Nazaria - PA,52.0,0.5711999999999999,124.91,0.0,53.56,53.56,2026-09-01 09:49:55,OK,
PA,GD,36346498000781,7896004724508,Latanoprosta 50 mcg/ml Frasco 2.5 ml Solução Oftálmica,Panpharma - PA,106.0,0.1578,124.91,0.0,106.73,105.2,2026-09-01 09:49:55,OK,
PA,GD,36346498000781,7896004724577,Gliclazida 30 mg Caixa 60 Comprimidos de Liberação Prolongada,Nazaria - PA,354.0,0.4905,35.41,0.0,18.04,18.04,2026-09-01 09:49:59,OK,
PA,GD,36346498000781,7896004724577,Gliclazida 30 mg Caixa 60 Comprimidos de Liberação Prolongada,Total - PA,163.0,0.4261,35.4,0.0,20.32,20.32,2026-09-01 09:49:59,OK,
PA,GD,36346498000781,7896004724683,Bimatoprosta 0.03% Frasco 5 ml Solução Oftálmica,Nazaria - PA,297.0,0.5436,152.46,0.0,69.58,69.58,2026-09-01 09:50:02,OK,
PA,GD,36346498000781,7896004724690,Bimatoprosta 0.03% Frasco 3 ml Solução Oftálmica,Panpharma - PA,69.0,0.6993,101.6,0.0,29.64,30.55,2026-09-01 09:50:06,OK,
PA,GD,36346498000781,7896004724690,Bimatoprosta 0.03% Frasco 3 ml Solução Oftálmica,Total - PA,59.0,0.6888,101.6,0.0,31.62,31.62,2026-09-01 09:50:06,OK,
PA,GD,36346498000781,7896004724690,Bimatoprosta 0.03% Frasco 3 ml Solução Oftálmica,Nazaria - PA,24.0,0.597,101.6,0.0,40.94,40.94,2026-09-01 09:50:06,OK,
PA,GD,36346498000781,7896004725000,Zolpidem 10 mg Caixa 20 Comprimidos Revestidos,Nazaria - PA,33.0,0.833,54.57,0.0,9.11,9.11,2026-09-01 09:50:09,OK,
PA,GD,36346498000781,7896004725420,Ipratrópio 0.25 mg/ml Frasco 20 ml Solução Para Inalação,Panpharma - PA,710.0,0.7648999999999999,15.3,0.0,3.42,3.6,2026-09-01 09:50:13,OK,
PA,GD,36346498000781,7896004725420,Ipratrópio 0.25 mg/ml Frasco 20 ml Solução Para Inalação,Total - PA,134.0,0.7567,15.3,0.0,3.72,3.72,2026-09-01 09:50:13,OK,
PA,GD,36346498000781,7896004725420,Ipratrópio 0.25 mg/ml Frasco 20 ml Solução Para Inalação,Nazaria - PA,433.0,0.6695,15.3,0.0,5.06,5.06,2026-09-01 09:50:13,OK,
PA,GD,36346498000781,7896004725697,Dorzolamida + Timolol 20+5 mg/ml Frasco 5 ml Gotas,Total - PA,175.0,0.5284,90.79,0.0,42.81,42.82,2026-09-01 09:50:17,OK,
PA,GD,36346498000781,7896004725697,Dorzolamida + Timolol 20+5 mg/ml Frasco 5 ml Gotas,Nazaria - PA,99.0,0.4597,90.79,0.0,49.05,49.05,2026-09-01 09:50:17,OK,
PA,GD,36346498000781,7896004726069,Dorzolamida 20 mg/ml Frasco 5 ml Solução Oftálmica,Nazaria - PA,149.0,0.19879999999999998,62.53,0.0,50.1,50.1,2026-09-01 09:50:20,OK,
PA,GD,36346498000781,7896004726069,Dorzolamida 20 mg/ml Frasco 5 ml Solução Oftálmica,Total - PA,81.0,0.1617,62.53,0.0,52.42,52.42,2026-09-01 09:50:20,OK,
PA,GD,36346498000781,7896004726229,Hidroquinona 40 mg/g Bisnaga 30 g Creme,Panpharma - PA,23.0,0.12689999999999999,47.36,0.0,41.98,41.35,2026-09-01 09:50:23,OK,
PA,GD,36346498000781,7896004726533,Hidroquinona+Tretinoína+Fluocinolona 0.1+40+0.5 mg/g Creme Bisnaga 30 g,Nazaria - PA,41.0,0.2789,162.46,0.0,117.15,117.15,2026-09-01 09:50:27,OK,
PA,GD,36346498000781,7896004726854,Brimonidina 2 mg/ml Frasco 5 ml Solução Oftálmica,Panpharma - PA,138.0,0.743,61.44,0.0,15.13,15.79,2026-09-01 09:50:30,OK,
PA,GD,36346498000781,7896004726854,Brimonidina 2 mg/ml Frasco 5 ml Solução Oftálmica,Nazaria - PA,226.0,0.6476999999999999,61.44,0.0,21.65,21.65,2026-09-01 09:50:30,OK,
PA,GD,36346498000781,7896004726908,Ciclobenzaprina 10 mg Caixa 10 Comprimidos Revestidos,Total - PA,111.0,0.6172,11.65,0.0,4.46,4.46,2026-09-01 09:50:34,OK,
PA,GD,36346498000781,7896004726908,Ciclobenzaprina 10 mg Caixa 10 Comprimidos Revestidos,Nazaria - PA,738.0,0.5629,11.65,0.0,5.09,5.09,2026-09-01 09:50:34,OK,
PA,GD,36346498000781,7896004727028,Gabapentina 600 mg Caixa 27 Comprimidos Revestidos,Nazaria - PA,20.0,0.2359,180.31,0.0,137.77,137.77,2026-09-01 09:50:37,OK,
PA,GD,36346498000781,7896004727028,Gabapentina 600 mg Caixa 27 Comprimidos Revestidos,Panpharma - PA,11.0,0.23309999999999997,180.31,0.0,139.95,138.28,2026-09-01 09:50:37,OK,
PA,GD,36346498000781,7896004727233,,,0.0,0.0,0.0,0.0,0.0,0.0,2026-09-01 09:50:50,ERRO,Message: Nenhuma distribuidora pôde ser lida no card do produto.
PA,GD,36346498000781,7896004727776,Amitriptilina 25 mg Caixa 30 Comprimidos Revestidos,Panpharma - PA,224.0,0.688,18.36,0.0,5.57,5.73,2026-09-01 09:50:54,OK,
PA,GD,36346498000781,7896004727776,Amitriptilina 25 mg Caixa 30 Comprimidos Revestidos,Total - PA,579.0,0.6839,18.36,0.0,5.8,5.8,2026-09-01 09:50:54,OK,
PA,GD,36346498000781,7896004727776,Amitriptilina 25 mg Caixa 30 Comprimidos Revestidos,Nazaria - PA,2073.0,0.6183,18.36,0.0,7.01,7.01,2026-09-01 09:50:54,OK,
PA,GD,36346498000781,7896004727882,Bromoprida 10 mg Caixa 20 Cápsulas,Total - PA,516.0,0.6211,26.21,0.0,9.93,9.93,2026-09-01 09:50:57,OK,
PA,GD,36346498000781,7896004727882,Bromoprida 10 mg Caixa 20 Cápsulas,Nazaria - PA,535.0,0.5577000000000001,26.21,0.0,11.59,11.59,2026-09-01 09:50:57,OK,
PA,GD,36346498000781,7896004728261,Travoprosta 0.04 mg/ml Frasco 2.5 ml Solução Oftálmica,Nazaria - PA,17.0,0.7161,92.15,0.0,26.16,26.16,2026-09-01 09:51:01,OK,
PA,GD,36346498000781,7896004728261,Travoprosta 0.04 mg/ml Frasco 2.5 ml Solução Oftálmica,Panpharma - PA,31.0,0.6385000000000001,92.15,0.0,32.7,33.31,2026-09-01 09:51:01,OK,
PA,GD,36346498000781,7896004728490,,,0.0,0.0,0.0,0.0,0.0,0.0,2026-09-01 09:51:13,ERRO,Message: Nenhuma distribuidora pôde ser lida no card do produto.
PA,GD,36346498000781,7896004728612,Venlafaxina 150 mg Caixa 30 Cápsulas de Liberação Prolongada,Total - PA,52.0,0.7526,165.89,0.0,41.04,41.04,2026-09-01 09:51:17,OK,
PA,GD,36346498000781,7896004728612,Venlafaxina 150 mg Caixa 30 Cápsulas de Liberação Prolongada,Panpharma - PA,110.0,0.7272,165.89,0.0,43.58,45.25,2026-09-01 09:51:17,OK,
PA,GD,36346498000781,7896004728612,Venlafaxina 150 mg Caixa 30 Cápsulas de Liberação Prolongada,Nazaria - PA,228.0,0.6505,165.89,0.0,57.98,57.98,2026-09-01 09:51:17,OK,
PA,GD,36346498000781,7896004728629,Diclofenaco Sódico 100 mg Caixa 20 Comprimidos Revestidos Lib. Lenta,Nazaria - PA,106.0,0.2915,54.11,0.0,38.34,38.34,2026-09-01 09:51:20,OK,
PA,GD,36346498000781,7896004728667,Risedronato Sódico 35 mg Caixa 4 Comprimidos Revestidos,Total - PA,121.0,0.748,137.65,0.0,34.69,34.69,2026-09-01 09:51:24,OK,
PA,GD,36346498000781,7896004728667,Risedronato Sódico 35 mg Caixa 4 Comprimidos Revestidos,Nazaria - PA,156.0,0.6772,137.65,0.0,44.43,44.43,2026-09-01 09:51:24,OK,
PA,GD,36346498000781,7896004728827,,,0.0,0.0,0.0,0.0,0.0,0.0,2026-09-01 09:51:36,ERRO,Message: Nenhuma distribuidora pôde ser lida no card do produto.
PA,GD,36346498000781,7896004728858,Rosuvastatina Cálcica 20 mg Caixa 30 Comprimidos Revestidos,Nazaria - PA,10432.0,0.8193,166.98,0.0,30.17,30.17,2026-09-01 09:51:39,OK,
PA,GD,36346498000781,7896004729428,Atorvastatina Cálcica 10 mg Caixa 30 Comprimidos Revestidos,Panpharma - PA,15.0,0.8077,69.96,0.0,12.52,13.45,2026-09-01 09:51:43,OK,
PA,GD,36346498000781,7896004729428,Atorvastatina Cálcica 10 mg Caixa 30 Comprimidos Revestidos,Nazaria - PA,24.0,0.7458,69.96,0.0,17.78,17.78,2026-09-01 09:51:43,OK,
PA,GD,36346498000781,7896004729435,,,0.0,0.0,0.0,0.0,0.0,0.0,2026-09-01 09:51:55,ERRO,Message: Nenhuma distribuidora pôde ser lida no card do produto.
PA,GD,36346498000781,7896004729442,Atorvastatina Cálcica 40 mg Caixa 30 Comprimidos Revestidos,Total - PA,28.0,0.8847,140.54,0.0,16.21,16.2,2026-09-01 09:51:59,OK,
PA,GD,36346498000781,7896004729442,Atorvastatina Cálcica 40 mg Caixa 30 Comprimidos Revestidos,Nazaria - PA,2256.0,0.7689,140.54,0.0,32.48,32.48,2026-09-01 09:51:59,OK,
PA,GD,36346498000781,7896004729459,Atorvastatina Cálcica 80 mg Caixa 30 Comprimidos Revestidos,Panpharma - PA,49.0,0.3258,287.89,0.0,195.72,194.1,2026-09-01 09:52:02,OK,
PA,GD,36346498000781,7896004729459,Atorvastatina Cálcica 80 mg Caixa 30 Comprimidos Revestidos,Nazaria - PA,124.0,0.31489999999999996,287.89,0.0,197.23,197.23,2026-09-01 09:52:02,OK,
PA,GD,36346498000781,7896004729640,Rosuvastatina Cálcica 10 mg Caixa 30 Comprimidos Revestidos,Total - PA,166.0,0.9188,91.81,0.0,7.45,7.45,2026-09-01 09:52:07,OK,
PA,GD,36346498000781,7896004729640,Rosuvastatina Cálcica 10 mg Caixa 30 Comprimidos Revestidos,Panpharma - PA,12763.0,0.8996999999999999,91.81,0.0,7.66,9.21,2026-09-01 09:52:07,OK,
PA,GD,36346498000781,7896004729640,Rosuvastatina Cálcica 10 mg Caixa 30 Comprimidos Revestidos,Nazaria - PA,3744.0,0.8259000000000001,91.81,0.0,15.98,15.98,2026-09-01 09:52:07,OK,
PA,GD,36346498000781,7896004729688,Hidroxizina 25 mg Caixa 30 Comprimidos,Nazaria - PA,561.0,0.09050000000000001,33.22,0.0,30.21,30.21,2026-09-01 09:52:11,OK,
PA,GD,36346498000781,7896004729688,Hidroxizina 25 mg Caixa 30 Comprimidos,Total - PA,139.0,0.051399999999999994,33.22,0.0,31.51,31.51,2026-09-01 09:52:11,OK,
PA,GD,36346498000781,7896004729688,Hidroxizina 25 mg Caixa 30 Comprimidos,Panpharma - PA,39.0,0.0424,33.22,0.0,32.37,31.81,2026-09-01 09:52:11,OK,
PA,GD,36346498000781,7896004730059,,,0.0,0.0,0.0,0.0,0.0,0.0,2026-09-01 09:52:23,ERRO,Message: Nenhuma distribuidora pôde ser lida no card do produto.
PA,GD,36346498000781,7896004730080,,,0.0,0.0,0.0,0.0,0.0,0.0,2026-09-01 09:52:35,ERRO,Message: Nenhuma distribuidora pôde ser lida no card do produto.
PA,GD,36346498000781,7896004730103,,,0.0,0.0,0.0,0.0,0.0,0.0,2026-09-01 09:52:47,ERRO,Message: Nenhuma distribuidora pôde ser lida no card do produto.
PA,GD,36346498000781,7896004730189,Ciclobenzaprina 10 mg Caixa 30 Comprimidos Revestidos,Panpharma - PA,18.0,0.7147,35.0,0.0,9.65,9.99,2026-09-01 09:52:51,OK,
PA,GD,36346498000781,7896004730189,Ciclobenzaprina 10 mg Caixa 30 Comprimidos Revestidos,Total - PA,65.0,0.7048000000000001,35.0,0.0,10.33,10.33,2026-09-01 09:52:51,OK,
PA,GD,36346498000781,7896004730189,Ciclobenzaprina 10 mg Caixa 30 Comprimidos Revestidos,Nazaria - PA,82.0,0.6247,35.0,0.0,13.14,13.14,2026-09-01 09:52:51,OK,
PA,GD,36346498000781,7896004730196,,,0.0,0.0,0.0,0.0,0.0,0.0,2026-09-01 09:53:03,ERRO,Message: Nenhuma distribuidora pôde ser lida no card do produto.
PA,GD,36346498000781,7896004730370,Quetiapina 100 mg Caixa 30 Comprimidos Revestidos,Total - PA,49.0,0.865,132.22,0.0,17.85,17.85,2026-09-01 09:53:07,OK,
PA,GD,36346498000781,7896004730370,Quetiapina 100 mg Caixa 30 Comprimidos Revestidos,Panpharma - PA,69.0,0.7868999999999999,132.23,0.0,26.53,28.18,2026-09-01 09:53:07,OK,
PA,GD,36346498000781,7896004730370,Quetiapina 100 mg Caixa 30 Comprimidos Revestidos,Nazaria - PA,1255.0,0.7754000000000001,132.23,0.0,29.7,29.7,2026-09-01 09:53:07,OK,
PA,GD,36346498000781,7896004730387,Quetiapina 200 mg Caixa 30 Comprimidos Revestidos,Total - PA,273.0,0.8140999999999999,256.49,0.0,47.68,47.68,2026-09-01 09:53:11,OK,
PA,GD,36346498000781,7896004730981,Citalopram 20 mg Caixa 30 Comprimidos Revestidos,Total - PA,112.0,0.8120999999999999,51.51,0.0,9.68,9.68,2026-09-01 09:53:14,OK,
PA,GD,36346498000781,7896004731261,,,0.0,0.0,0.0,0.0,0.0,0.0,2026-09-01 09:53:26,ERRO,Message: Nenhuma distribuidora pôde ser lida no card do produto.
PA,GD,36346498000781,7896004731285,,,0.0,0.0,0.0,0.0,0.0,0.0,2026-09-01 09:53:38,ERRO,Message: Nenhuma distribuidora pôde ser lida no card do produto.
PA,GD,36346498000781,7896004731308,,,0.0,0.0,0.0,0.0,0.0,0.0,2026-09-01 09:53:51,ERRO,Message: Nenhuma distribuidora pôde ser lida no card do produto.
PA,GD,36346498000781,7896004731322,,,0.0,0.0,0.0,0.0,0.0,0.0,2026-09-01 09:54:03,ERRO,Message: Nenhuma distribuidora pôde ser lida no card do produto.
PA,GD,36346498000781,7896004731568,Escitalopram 10 mg Caixa 30 Comprimidos Revestidos,Panpharma - PA,9.0,0.8916,66.77,0.0,6.13,7.24,2026-09-01 09:54:07,OK,
PA,GD,36346498000781,7896004731568,Escitalopram 10 mg Caixa 30 Comprimidos Revestidos,Total - PA,110.0,0.8898,66.77,0.0,7.36,7.36,2026-09-01 09:54:07,OK,
PA,GD,36346498000781,7896004731568,Escitalopram 10 mg Caixa 30 Comprimidos Revestidos,Nazaria - PA,1808.0,0.7909999999999999,66.77,0.0,13.95,13.95,2026-09-01 09:54:07,OK,
PA,GD,36346498000781,7896004731575,,,0.0,0.0,0.0,0.0,0.0,0.0,2026-09-01 09:54:19,ERRO,Message: Nenhuma distribuidora pôde ser lida no card do produto.
PA,GD,36346498000781,7896004731582,Escitalopram 20 mg Caixa 30 Comprimidos Revestidos,Nazaria - PA,769.0,0.799,135.96,0.0,27.33,27.33,2026-09-01 09:54:22,OK,
PA,GD,36346498000781,7896004731698,,,0.0,0.0,0.0,0.0,0.0,0.0,2026-09-01 09:54:34,ERRO,Message: Nenhuma distribuidora pôde ser lida no card do produto.
PA,GD,36346498000781,7896004731704,Pioglitazona 30 mg Caixa 15 Comprimidos,Nazaria - PA,58.0,0.5672999999999999,64.21,0.0,27.78,27.78,2026-09-01 09:54:38,OK,
PA,GD,36346498000781,7896004731704,Pioglitazona 30 mg Caixa 15 Comprimidos,Total - PA,68.0,0.5052,64.2,0.0,31.76,31.77,2026-09-01 09:54:38,OK,
PA,GD,36346498000781,7896004731704,Pioglitazona 30 mg Caixa 15 Comprimidos,Panpharma - PA,7.0,0.5014,64.21,0.0,31.93,32.02,2026-09-01 09:54:38,OK,
PA,GD,36346498000781,7896004732626,Bupropiona 150 mg Caixa 30 Comprimidos de Liberação Lenta,Total - PA,43.0,0.7945,113.21,0.0,23.25,23.26,2026-09-01 09:54:42,OK,
PA,GD,36346498000781,7896004732626,Bupropiona 150 mg Caixa 30 Comprimidos de Liberação Lenta,Nazaria - PA,191.0,0.7167,113.21,0.0,32.07,32.07,2026-09-01 09:54:42,OK,
PA,GD,36346498000781,7896004732633,Bupropiona 150 mg Caixa 60 Comprimidos de Liberação Lenta,Nazaria - PA,202.0,0.7190000000000001,218.49,0.0,61.4,61.4,2026-09-01 09:54:45,OK,
PA,GD,36346498000781,7896004733234,Prednisolona 20 mg Caixa 10 Comprimidos,Total - PA,604.0,0.659,17.94,0.0,6.12,6.12,2026-09-01 09:54:49,OK,
PA,GD,36346498000781,7896004733234,Prednisolona 20 mg Caixa 10 Comprimidos,Panpharma - PA,5.0,0.6513,17.94,0.0,6.13,6.26,2026-09-01 09:54:49,OK,
PA,GD,36346498000781,7896004733234,Prednisolona 20 mg Caixa 10 Comprimidos,Nazaria - PA,7363.0,0.6083,17.94,0.0,7.03,7.03,2026-09-01 09:54:49,OK,
PA,GD,36346498000781,7896004734354,Moxifloxacino 400 mg Caixa 5 Comprimidos Revestidos,Panpharma - PA,15.0,0.6812,141.3,0.0,43.88,45.05,2026-09-01 09:54:53,OK,
PA,GD,36346498000781,7896004734354,Moxifloxacino 400 mg Caixa 5 Comprimidos Revestidos,Total - PA,45.0,0.6701,141.3,0.0,46.61,46.61,2026-09-01 09:54:53,OK,
PA,GD,36346498000781,7896004734354,Moxifloxacino 400 mg Caixa 5 Comprimidos Revestidos,Nazaria - PA,141.0,0.5917,141.3,0.0,57.69,57.69,2026-09-01 09:54:53,OK,
PA,GD,36346498000781,7896004734361,Moxifloxacino 400 mg Caixa 7 Comprimidos Revestidos,Total - PA,26.0,0.6825,178.77,0.0,56.76,56.76,2026-09-01 09:54:57,OK,
PA,GD,36346498000781,7896004734361,Moxifloxacino 400 mg Caixa 7 Comprimidos Revestidos,Nazaria - PA,14.0,0.5975,178.77,0.0,71.95,71.95,2026-09-01 09:54:57,OK,
PA,GD,36346498000781,7896004734392,Drospirenona + Etinilestradiol 3+0.03 mg Caixa 21 Comprimidos Revestidos,Total - PA,18.0,0.7834,52.88,0.0,11.45,11.45,2026-09-01 09:55:01,OK,
PA,GD,36346498000781,7896004734392,Drospirenona + Etinilestradiol 3+0.03 mg Caixa 21 Comprimidos Revestidos,Nazaria - PA,260.0,0.7108,52.88,0.0,15.29,15.29,2026-09-01 09:55:01,OK,
PA,GD,36346498000781,7896004737058,,,0.0,0.0,0.0,0.0,0.0,0.0,2026-09-01 09:55:13,ERRO,Message: Nenhuma distribuidora pôde ser lida no card do produto.
PA,GD,36346498000781,7896004737119,,,0.0,0.0,0.0,0.0,0.0,0.0,2026-09-01 09:55:25,ERRO,Message: Nenhuma distribuidora pôde ser lida no card do produto.
PA,GD,36346498000781,7896004737218,Orlistate 120 mg Caixa 42 Cápsulas,Panpharma - PA,108.0,0.5674,175.9,0.0,75.43,76.09,2026-09-01 09:55:29,OK,
PA,GD,36346498000781,7896004737218,Orlistate 120 mg Caixa 42 Cápsulas,Total - PA,477.0,0.5688,175.9,0.0,75.83,75.85,2026-09-01 09:55:29,OK,
PA,GD,36346498000781,7896004737218,Orlistate 120 mg Caixa 42 Cápsulas,Nazaria - PA,357.0,0.4876,175.9,0.0,90.13,90.13,2026-09-01 09:55:29,OK,
PA,GD,36346498000781,7896004737225,Orlistate 120 mg Caixa 84 Cápsulas,Total - PA,29.0,0.6629999999999999,353.75,0.0,119.21,119.21,2026-09-01 09:55:33,OK,
PA,GD,36346498000781,7896004737225,Orlistate 120 mg Caixa 84 Cápsulas,Nazaria - PA,271.0,0.5761999999999999,353.75,0.0,149.92,149.92,2026-09-01 09:55:33,OK,
PA,GD,36346498000781,7896004738406,Clopidogrel 75 mg Caixa 28 Comprimidos Revestidos,Total - PA,299.0,0.7339,70.94,0.0,18.88,18.88,2026-09-01 09:55:37,OK,
PA,GD,36346498000781,7896004738406,Clopidogrel 75 mg Caixa 28 Comprimidos Revestidos,Panpharma - PA,3.0,0.7209,70.94,0.0,19.1,19.8,2026-09-01 09:55:37,OK,
PA,GD,36346498000781,7896004738406,Clopidogrel 75 mg Caixa 28 Comprimidos Revestidos,Nazaria - PA,963.0,0.6693000000000001,70.94,0.0,23.46,23.46,2026-09-01 09:55:37,OK,
PA,GD,36346498000781,7896004739588,Bisoprolol 5 mg Caixa 30 Comprimidos Revestidos,Total - PA,172.0,0.7284,50.68,0.0,13.77,13.76,2026-09-01 09:55:40,OK,
PA,GD,36346498000781,7896004739588,Bisoprolol 5 mg Caixa 30 Comprimidos Revestidos,Nazaria - PA,715.0,0.6384000000000001,50.68,0.0,18.33,18.33,2026-09-01 09:55:40,OK,
PA,GD,36346498000781,7896004739595,Bisoprolol 10 mg Caixa 30 Comprimidos Revestidos,Total - PA,109.0,0.8431000000000001,106.89,0.0,16.77,16.77,2026-09-01 09:55:43,OK,
PA,GD,36346498000781,7896004742007,Diclofenaco Sódico 50 mg Caixa 20 Comprimidos Revestidos Lib. Retardada,Panpharma - PA,43.0,0.7691,25.0,0.0,5.48,5.77,2026-09-01 09:55:47,OK,
PA,GD,36346498000781,7896004742007,Diclofenaco Sódico 50 mg Caixa 20 Comprimidos Revestidos Lib. Retardada,Nazaria - PA,417.0,0.67,25.0,0.0,8.25,8.25,2026-09-01 09:55:47,OK,
PA,GD,36346498000781,7896004742069,Esomeprazol Magnésico 20 mg Caixa 28 Comprimidos Revestidos Lib. Retardada,Panpharma - PA,139.0,0.6137,70.3,0.0,26.76,27.16,2026-09-01 09:55:50,OK,
PA,GD,36346498000781,7896004742076,,,0.0,0.0,0.0,0.0,0.0,0.0,2026-09-01 09:56:03,ERRO,Message: Nenhuma distribuidora pôde ser lida no card do produto.
PA,GD,36346498000781,7896004742199,Tibolona 2.5 mg Caixa 30 Comprimidos,Panpharma - PA,432.0,0.5822999999999999,64.93,0.0,26.83,27.12,2026-09-01 09:56:07,OK,
PA,GD,36346498000781,7896004742199,Tibolona 2.5 mg Caixa 30 Comprimidos,Total - PA,304.0,0.578,64.93,0.0,27.4,27.4,2026-09-01 09:56:07,OK,
PA,GD,36346498000781,7896004742199,Tibolona 2.5 mg Caixa 30 Comprimidos,Nazaria - PA,2491.0,0.5028,64.93,0.0,32.28,32.28,2026-09-01 09:56:07,OK,
PA,GD,36346498000781,7896004743042,Pramipexol 0.250 mg Caixa 30 Comprimidos,Total - PA,25.0,0.6717,77.25,0.0,25.36,25.36,2026-09-01 09:56:10,OK,
PA,GD,36346498000781,7896004743745,Rosuvastatina Cálcica 5 mg Caixa 30 Comprimidos Revestidos,Total - PA,61.0,0.8728,64.95,0.0,8.26,8.26,2026-09-01 09:56:14,OK,
PA,GD,36346498000781,7896004743745,Rosuvastatina Cálcica 5 mg Caixa 30 Comprimidos Revestidos,Nazaria - PA,447.0,0.7923,64.95,0.0,13.49,13.49,2026-09-01 09:56:14,OK,
PA,GD,36346498000781,7896004743745,Rosuvastatina Cálcica 5 mg Caixa 30 Comprimidos Revestidos,Panpharma - PA,85.0,0.7672,64.95,0.0,14.36,15.12,2026-09-01 09:56:14,OK,
PA,GD,36346498000781,7896004743936,,,0.0,0.0,0.0,0.0,0.0,0.0,2026-09-01 09:56:26,ERRO,Message: Nenhuma distribuidora pôde ser lida no card do produto.
PA,GD,36346498000781,7896004743943,Esomeprazol Magnésico 40 mg Caixa 14 Comprimidos Revestidos Lib. Retardada,Panpharma - PA,54.0,0.8058,130.57,0.0,23.64,25.36,2026-09-01 09:56:29,OK,
PA,GD,36346498000781,7896004744360,Fluoxetina 20 mg Caixa 30 Cápsulas,Total - PA,78.0,0.8962,56.09,0.0,5.82,5.82,2026-09-01 09:56:32,OK,
PA,GD,36346498000781,7896004744957,Drospirenona + Etinilestradiol 3+0.02 mg Caixa 24 Comprimidos Revestidos,Total - PA,40.0,0.7705,57.65,0.0,13.23,13.23,2026-09-01 09:56:36,OK,
PA,GD,36346498000781,7896004744957,Drospirenona + Etinilestradiol 3+0.02 mg Caixa 24 Comprimidos Revestidos,Nazaria - PA,796.0,0.7120000000000001,57.65,0.0,16.6,16.6,2026-09-01 09:56:36,OK,
PA,GD,36346498000781,7896004746388,Venlafaxina 75 mg Caixa 30 Cápsulas de Liberação Prolongada,Total - PA,23.0,0.6853,85.04,0.0,26.76,26.76,2026-09-01 09:56:40,OK,
PA,GD,36346498000781,7896004746388,Venlafaxina 75 mg Caixa 30 Cápsulas de Liberação Prolongada,Panpharma - PA,38.0,0.6479,85.04,0.0,29.35,29.94,2026-09-01 09:56:40,OK,
PA,GD,36346498000781,7896004746388,Venlafaxina 75 mg Caixa 30 Cápsulas de Liberação Prolongada,Nazaria - PA,91.0,0.5797,85.04,0.0,35.74,35.74,2026-09-01 09:56:40,OK,
PA,GD,36346498000781,7896004746920,Ezetimiba 10 mg Caixa 60 Comprimidos,Total - PA,21.0,0.7629,133.37,0.0,31.62,31.62,2026-09-01 09:56:44,OK,
PA,GD,36346498000781,7896004746920,Ezetimiba 10 mg Caixa 60 Comprimidos,Nazaria - PA,133.0,0.6675,133.37,0.0,44.35,44.35,2026-09-01 09:56:44,OK,
PA,GD,36346498000781,7896004746937,Ezetimiba 10 mg Caixa 30 Comprimidos,Panpharma - PA,483.0,0.7702,79.99,0.0,17.44,18.38,2026-09-01 09:56:48,OK,
PA,GD,36346498000781,7896004746937,Ezetimiba 10 mg Caixa 30 Comprimidos,Total - PA,44.0,0.7725,79.98,0.0,18.2,18.2,2026-09-01 09:56:48,OK,
PA,GD,36346498000781,7896004746937,Ezetimiba 10 mg Caixa 30 Comprimidos,Nazaria - PA,954.0,0.6868000000000001,79.99,0.0,25.05,25.05,2026-09-01 09:56:48,OK,
PA,GD,36346498000781,7896004747002,Escitalopram 15 mg Caixa 30 Comprimidos Revestidos,Panpharma - PA,92.0,0.8887999999999999,155.12,0.0,14.7,17.25,2026-09-01 09:56:52,OK,
PA,GD,36346498000781,7896004747002,Escitalopram 15 mg Caixa 30 Comprimidos Revestidos,Total - PA,86.0,0.8998,155.12,0.0,15.54,15.54,2026-09-01 09:56:52,OK,
PA,GD,36346498000781,7896004747002,Escitalopram 15 mg Caixa 30 Comprimidos Revestidos,Nazaria - PA,96.0,0.8158,155.12,0.0,28.57,28.57,2026-09-01 09:56:52,OK,
PA,GD,36346498000781,7896004747040,Ezetimiba + Sinvastatina 10+10 mg Caixa 30 Comprimidos,Total - PA,20.0,0.3458,100.74,0.0,65.9,65.9,2026-09-01 09:56:55,OK,
PA,GD,36346498000781,7896004747057,Ezetimiba + Sinvastatina 10+20 mg Caixa 30 Comprimidos,Panpharma - PA,36.0,0.6461,91.16,0.0,31.63,32.26,2026-09-01 09:56:59,OK,
PA,GD,36346498000781,7896004747057,Ezetimiba + Sinvastatina 10+20 mg Caixa 30 Comprimidos,Total - PA,324.0,0.6425,91.16,0.0,32.59,32.59,2026-09-01 09:56:59,OK,
PA,GD,36346498000781,7896004747057,Ezetimiba + Sinvastatina 10+20 mg Caixa 30 Comprimidos,Nazaria - PA,74.0,0.5925,91.16,0.0,37.15,37.15,2026-09-01 09:56:59,OK,
PA,GD,36346498000781,7896004747064,,,0.0,0.0,0.0,0.0,0.0,0.0,2026-09-01 09:57:11,ERRO,Message: Nenhuma distribuidora pôde ser lida no card do produto.
PA,GD,36346498000781,7896004747620,Aripiprazol 10 mg Caixa 30 Comprimidos,Panpharma - PA,22.0,0.7448999999999999,238.59,0.0,58.29,60.86,2026-09-01 09:57:15,OK,
PA,GD,36346498000781,7896004747620,Aripiprazol 10 mg Caixa 30 Comprimidos,Nazaria - PA,496.0,0.6958,238.59,0.0,72.58,72.58,2026-09-01 09:57:15,OK,
PA,GD,36346498000781,7896004747620,Aripiprazol 10 mg Caixa 30 Comprimidos,Total - PA,51.0,0.6107,238.59,0.0,92.88,92.88,2026-09-01 09:57:15,OK,
PA,GD,36346498000781,7896004747637,Aripiprazol 15 mg Caixa 30 Comprimidos,Panpharma - PA,37.0,0.7818999999999999,349.72,0.0,72.0,76.27,2026-09-01 09:57:19,OK,
PA,GD,36346498000781,7896004747637,Aripiprazol 15 mg Caixa 30 Comprimidos,Total - PA,32.0,0.723,349.72,0.0,96.87,96.87,2026-09-01 09:57:19,OK,
PA,GD,36346498000781,7896004747637,Aripiprazol 15 mg Caixa 30 Comprimidos,Nazaria - PA,115.0,0.7018000000000001,349.72,0.0,104.29,104.29,2026-09-01 09:57:19,OK,
PA,GD,36346498000781,7896004747774,Duloxetina 60 mg Caixa 30 Cápsulas de Liberação Retardada,Nazaria - PA,194.0,0.46340000000000003,125.05,0.0,67.1,67.1,2026-09-01 09:57:23,OK,
PA,GD,36346498000781,7896004747880,Celecoxibe 200 mg Caixa 10 Cápsulas,Panpharma - PA,22.0,0.7801,40.46,0.0,8.41,8.9,2026-09-01 09:57:26,OK,
PA,GD,36346498000781,7896004747880,Celecoxibe 200 mg Caixa 10 Cápsulas,Nazaria - PA,49.0,0.7045,40.46,0.0,11.96,11.96,2026-09-01 09:57:26,OK,
PA,GD,36346498000781,7896004747897,Celecoxibe 200 mg Caixa 30 Cápsulas,Panpharma - PA,34.0,0.7894,118.27,0.0,23.42,24.91,2026-09-01 09:57:30,OK,
PA,GD,36346498000781,7896004747897,Celecoxibe 200 mg Caixa 30 Cápsulas,Total - PA,44.0,0.7851,118.27,0.0,25.42,25.42,2026-09-01 09:57:30,OK,
PA,GD,36346498000781,7896004748214,Quetiapina 25 mg Caixa 30 Comprimidos Revestidos,Nazaria - PA,12122.0,0.742,49.6,0.0,12.8,12.8,2026-09-01 09:57:33,OK,
PA,GD,36346498000781,7896004749303,Pantoprazol 20 mg Caixa 42 Comprimidos Revestidos Lib. Retardada,Panpharma - PA,62.0,0.7946,51.38,0.0,9.9,10.55,2026-09-01 09:57:37,OK,
PA,GD,36346498000781,7896004749303,Pantoprazol 20 mg Caixa 42 Comprimidos Revestidos Lib. Retardada,Total - PA,37.0,0.7892,51.38,0.0,10.83,10.83,2026-09-01 09:57:37,OK,
PA,GD,36346498000781,7896004749358,,,0.0,0.0,0.0,0.0,0.0,0.0,2026-09-01 09:57:49,ERRO,Message: Nenhuma distribuidora pôde ser lida no card do produto.
PA,GD,36346498000781,7896004749624,Tadalafila 5 mg Caixa 30 Comprimidos Revestidos,Total - PA,440.0,0.9333,95.26,0.0,6.35,6.35,2026-09-01 09:57:53,OK,
PA,GD,36346498000781,7896004749624,Tadalafila 5 mg Caixa 30 Comprimidos Revestidos,Nazaria - PA,2518.0,0.8287,95.26,0.0,16.32,16.32,2026-09-01 09:57:53,OK,
PA,GD,36346498000781,7896004749631,,,0.0,0.0,0.0,0.0,0.0,0.0,2026-09-01 09:58:05,ERRO,Message: Nenhuma distribuidora pôde ser lida no card do produto.
PA,GD,36346498000781,7896004749648,Tadalafila 20 mg Caixa 4 Comprimidos Revestidos,Panpharma - PA,4517.0,0.8931999999999999,33.83,0.0,3.06,3.61,2026-09-01 09:58:09,OK,
PA,GD,36346498000781,7896004749648,Tadalafila 20 mg Caixa 4 Comprimidos Revestidos,Total - PA,456.0,0.9037999999999999,33.83,0.0,3.25,3.25,2026-09-01 09:58:09,OK,
PA,GD,36346498000781,7896004749648,Tadalafila 20 mg Caixa 4 Comprimidos Revestidos,Nazaria - PA,4476.0,0.7997,33.83,0.0,6.78,6.78,2026-09-01 09:58:09,OK,
PA,GD,36346498000781,7896004749655,,,0.0,0.0,0.0,0.0,0.0,0.0,2026-09-01 09:58:21,ERRO,Message: Nenhuma distribuidora pôde ser lida no card do produto.
PA,GD,36346498000781,7896004750330,Olmesartana + Hidroclorotiazida 20+12.5 mg Caixa 30 Comprimidos Revestidos,Total - PA,242.0,0.5427000000000001,49.43,0.0,22.6,22.6,2026-09-01 09:58:25,OK,
PA,GD,36346498000781,7896004750347,Olmesartana + Hidroclorotiazida 40+12.5 mg Caixa 30 Comprimidos Revestidos,Total - PA,83.0,0.5827,56.31,0.0,23.5,23.5,2026-09-01 09:58:29,OK,
PA,GD,36346498000781,7896004750347,Olmesartana + Hidroclorotiazida 40+12.5 mg Caixa 30 Comprimidos Revestidos,Panpharma - PA,236.0,0.5257000000000001,56.31,0.0,26.58,26.71,2026-09-01 09:58:29,OK,
PA,GD,36346498000781,7896004750347,Olmesartana + Hidroclorotiazida 40+12.5 mg Caixa 30 Comprimidos Revestidos,Nazaria - PA,215.0,0.4865,56.31,0.0,28.92,28.92,2026-09-01 09:58:29,OK,
PA,GD,36346498000781,7896004750354,Olmesartana Medoxomila + Hidroclorotiazida (40+25) mg Caixa 30 Comprimidos Revestidos,Total - PA,1396.0,0.5471,56.3,0.0,25.5,25.5,2026-09-01 09:58:32,OK,
PA,GD,36346498000781,7896004750354,Olmesartana Medoxomila + Hidroclorotiazida (40+25) mg Caixa 30 Comprimidos Revestidos,Nazaria - PA,219.0,0.47609999999999997,56.3,0.0,29.5,29.5,2026-09-01 09:58:32,OK,
PA,GD,36346498000781,7896004750620,Olmesartana + Anlodipino 40+10 mg Caixa 30 Comprimidos Revestidos,Nazaria - PA,27.0,0.4385,50.6,0.0,28.41,28.41,2026-09-01 09:58:36,OK,
PA,GD,36346498000781,7896004750620,Olmesartana + Anlodipino 40+10 mg Caixa 30 Comprimidos Revestidos,Total - PA,116.0,0.4031,50.6,0.0,30.2,30.2,2026-09-01 09:58:36,OK,
PA,GD,36346498000781,7896004750637,,,0.0,0.0,0.0,0.0,0.0,0.0,2026-09-01 09:58:48,ERRO,Message: Nenhuma distribuidora pôde ser lida no card do produto.
PA,GD,36346498000781,7896004750644,Olmesartana + Anlodipino 20+5 mg Caixa 30 Comprimidos Revestidos,Total - PA,113.0,0.4094,44.75,0.0,26.42,26.43,2026-09-01 09:58:52,OK,
PA,GD,36346498000781,7896004750644,Olmesartana + Anlodipino 20+5 mg Caixa 30 Comprimidos Revestidos,Nazaria - PA,9.0,0.3865,44.75,0.0,27.45,27.45,2026-09-01 09:58:52,OK,
PA,GD,36346498000781,7896004751009,,,0.0,0.0,0.0,0.0,0.0,0.0,2026-09-01 09:59:04,ERRO,Message: Nenhuma distribuidora pôde ser lida no card do produto.
PA,GD,36346498000781,7896004751016,Desvenlafaxina 100 mg Caixa 30 Comprimidos Lib. Prolongada,Panpharma - PA,25.0,0.7053,140.4,0.0,40.08,41.38,2026-09-01 09:59:08,OK,
PA,GD,36346498000781,7896004751016,Desvenlafaxina 100 mg Caixa 30 Comprimidos Lib. Prolongada,Nazaria - PA,4.0,0.6419,140.4,0.0,50.28,50.28,2026-09-01 09:59:08,OK,
PA,GD,36346498000781,7896004751641,Desogestrel 75 mcg Caixa 28 Comprimidos Revestidos,Total - PA,18.0,0.7453,30.09,0.0,7.66,7.66,2026-09-01 09:59:11,OK,
PA,GD,36346498000781,7896004751641,Desogestrel 75 mcg Caixa 28 Comprimidos Revestidos,Nazaria - PA,190.0,0.7048000000000001,30.09,0.0,8.88,8.88,2026-09-01 09:59:11,OK,
PA,GD,36346498000781,7896004752112,Tansulosina 0.4 mg Caixa 20 Comprimidos de Liberação Prolongada,Total - PA,337.0,0.6234000000000001,79.38,0.0,29.9,29.89,2026-09-01 09:59:15,OK,
PA,GD,36346498000781,7896004752211,Trazodona 50 mg Caixa 60 Comprimidos Revestidos,Total - PA,3.0,0.6416,67.16,0.0,24.07,24.07,2026-09-01 09:59:18,OK,
PA,GD,36346498000781,7896004752211,Trazodona 50 mg Caixa 60 Comprimidos Revestidos,Nazaria - PA,388.0,0.6025,67.16,0.0,26.7,26.7,2026-09-01 09:59:18,OK,
PA,GD,36346498000781,7896004752228,Trazodona 100 mg Caixa 30 Comprimidos Revestidos,Total - PA,41.0,0.5931000000000001,67.15,0.0,27.32,27.32,2026-09-01 09:59:22,OK,
PA,GD,36346498000781,7896004752471,Ibandronato De Sódio 150 mg Caixa 1 Comprimido Revestido,Total - PA,35.0,0.7523000000000001,78.16,0.0,19.35,19.36,2026-09-01 09:59:25,OK,
PA,GD,36346498000781,7896004752471,Ibandronato De Sódio 150 mg Caixa 1 Comprimido Revestido,Nazaria - PA,19.0,0.7134,78.16,0.0,22.4,22.4,2026-09-01 09:59:25,OK,
PA,GD,36346498000781,7896004752525,Cetoprofeno 150 mg Caixa 10 Comprimidos de Liberação Prolongada,Total - PA,1710.0,0.8331000000000001,42.63,0.0,7.11,7.11,2026-09-01 09:59:29,OK,
PA,GD,36346498000781,7896004752525,Cetoprofeno 150 mg Caixa 10 Comprimidos de Liberação Prolongada,Nazaria - PA,11026.0,0.7447,42.63,0.0,10.88,10.88,2026-09-01 09:59:29,OK,
PA,GD,36346498000781,7896004752730,Gliclazida 60 mg Caixa 30 Comprimidos de Liberação Prolongada,Total - PA,103.0,0.5023,52.25,0.0,26.0,26.0,2026-09-01 09:59:32,OK,
PA,GD,36346498000781,7896004753089,Lercanidipino 10 mg Caixa 30 Comprimidos Revestidos,Panpharma - PA,45.0,0.1789,94.99,0.0,79.08,78.0,2026-09-01 09:59:35,OK,
PA,GD,36346498000781,7896004754154,Metilfenidato 10 mg Caixa 30 Comprimidos,Total - PA,347.0,0.3236,26.79,0.0,18.12,18.12,2026-09-01 09:59:39,OK,
PA,GD,36346498000781,7896004754154,Metilfenidato 10 mg Caixa 30 Comprimidos,Nazaria - PA,416.0,0.3143,26.79,0.0,18.37,18.37,2026-09-01 09:59:39,OK,
PA,GD,36346498000781,7896004754154,Metilfenidato 10 mg Caixa 30 Comprimidos,Panpharma - PA,246.0,0.2364,26.79,0.0,20.7,20.46,2026-09-01 09:59:39,OK,
PA,GD,36346498000781,7896004754161,Metilfenidato 10 mg Caixa 60 Comprimidos,Total - PA,161.0,0.3765,52.31,0.0,32.61,32.62,2026-09-01 09:59:43,OK,
PA,GD,36346498000781,7896004754161,Metilfenidato 10 mg Caixa 60 Comprimidos,Nazaria - PA,161.0,0.35969999999999996,52.31,0.0,33.49,33.49,2026-09-01 09:59:43,OK,
PA,GD,36346498000781,7896004754161,Metilfenidato 10 mg Caixa 60 Comprimidos,Panpharma - PA,60.0,0.2212,52.31,0.0,41.25,40.74,2026-09-01 09:59:43,OK,
PA,GD,36346498000781,7896004754949,Duloxetina 30 mg Caixa 30 Cápsulas de Liberação Retardada,Panpharma - PA,199.0,0.4244,66.54,0.0,38.42,38.3,2026-09-01 09:59:47,OK,
PA,GD,36346498000781,7896004754949,Duloxetina 30 mg Caixa 30 Cápsulas de Liberação Retardada,Nazaria - PA,198.0,0.4177,66.54,0.0,38.75,38.75,2026-09-01 09:59:47,OK,
PA,GD,36346498000781,7896004755342,Rosuvastatina Cálcica 5 mg Caixa 60 Comprimidos Revestidos,Nazaria - PA,54.0,0.6808,120.28,0.0,38.39,38.39,2026-09-01 09:59:50,OK,
PA,GD,36346498000781,7896004755878,Drospirenona + Etinilestradiol 3+0.03 mg Caixa 63 Comprimidos Revestidos,Panpharma - PA,19.0,0.7151000000000001,125.23,0.0,34.47,35.68,2026-09-01 09:59:54,OK,
PA,GD,36346498000781,7896004755878,Drospirenona + Etinilestradiol 3+0.03 mg Caixa 63 Comprimidos Revestidos,Total - PA,22.0,0.7145,125.23,0.0,35.75,35.75,2026-09-01 09:59:54,OK,
PA,GD,36346498000781,7896004755878,Drospirenona + Etinilestradiol 3+0.03 mg Caixa 63 Comprimidos Revestidos,Nazaria - PA,97.0,0.6879000000000001,125.23,0.0,39.08,39.08,2026-09-01 09:59:54,OK,
PA,GD,36346498000781,7896004756417,,,0.0,0.0,0.0,0.0,0.0,0.0,2026-09-01 10:00:06,ERRO,Message: Nenhuma distribuidora pôde ser lida no card do produto.
PA,GD,36346498000781,7896004756424,,,0.0,0.0,0.0,0.0,0.0,0.0,2026-09-01 10:00:18,ERRO,Message: Nenhuma distribuidora pôde ser lida no card do produto.
PA,GD,36346498000781,7896004756431,,,0.0,0.0,0.0,0.0,0.0,0.0,2026-09-01 10:00:30,ERRO,Message: Nenhuma distribuidora pôde ser lida no card do produto.
PA,GD,36346498000781,7896004756875,Clonixinato De Lisina + Ciclobenzaprina 125+5 mg Caixa 15 Comprimidos Revestidos,Panpharma - PA,19.0,0.3406,28.98,0.0,19.26,19.11,2026-09-01 10:00:34,OK,
PA,GD,36346498000781,7896004756875,Clonixinato De Lisina + Ciclobenzaprina 125+5 mg Caixa 15 Comprimidos Revestidos,Nazaria - PA,21.0,0.3333,28.98,0.0,19.32,19.32,2026-09-01 10:00:34,OK,
PA,GD,36346498000781,7896004757353,Levocetirizina 5 mg Caixa 10 Comprimidos Revestidos,Total - PA,314.0,0.603,41.47,0.0,16.46,16.46,2026-09-01 10:00:38,OK,
PA,GD,36346498000781,7896004757353,Levocetirizina 5 mg Caixa 10 Comprimidos Revestidos,Nazaria - PA,129.0,0.5568,41.47,0.0,18.38,18.38,2026-09-01 10:00:38,OK,
PA,GD,36346498000781,7896004758114,,,0.0,0.0,0.0,0.0,0.0,0.0,2026-09-01 10:00:50,ERRO,Message: Nenhuma distribuidora pôde ser lida no card do produto.
PA,GD,36346498000781,7896004758121,,,0.0,0.0,0.0,0.0,0.0,0.0,2026-09-01 10:01:02,ERRO,Message: Nenhuma distribuidora pôde ser lida no card do produto.
PA,GD,36346498000781,7896004758268,Budesonida 32 mcg Frasco 120 Doses Suspensão Spray Nasal,Total - PA,646.0,0.3357,23.12,0.0,15.36,15.36,2026-09-01 10:01:06,OK,
PA,GD,36346498000781,7896004758268,Budesonida 32 mcg Frasco 120 Doses Suspensão Spray Nasal,Nazaria - PA,1871.0,0.3119,23.12,0.0,15.91,15.91,2026-09-01 10:01:06,OK,
PA,GD,36346498000781,7896004758275,Budesonida 64 mcg Frasco 120 Doses Suspensão Spray Nasal,Total - PA,243.0,0.24059999999999998,28.05,0.0,21.3,21.3,2026-09-01 10:01:10,OK,
PA,GD,36346498000781,7896004758275,Budesonida 64 mcg Frasco 120 Doses Suspensão Spray Nasal,Nazaria - PA,1000.0,0.2182,28.05,0.0,21.93,21.93,2026-09-01 10:01:10,OK,
PA,GD,36346498000781,7896004758275,Budesonida 64 mcg Frasco 120 Doses Suspensão Spray Nasal,Panpharma - PA,17.0,0.21539999999999998,28.05,0.0,22.29,22.01,2026-09-01 10:01:10,OK,
PA,GD,36346498000781,7896004759593,,,0.0,0.0,0.0,0.0,0.0,0.0,2026-09-01 10:01:22,ERRO,Message: Nenhuma distribuidora pôde ser lida no card do produto.
PA,GD,36346498000781,7896004759609,Amoxicilina + Clavulanato 875+125 mg Caixa 20 Comprimidos Revestidos,Total - PA,55.0,0.5281,105.75,0.0,49.91,49.9,2026-09-01 10:01:26,OK,
PA,GD,36346498000781,7896004759609,Amoxicilina + Clavulanato 875+125 mg Caixa 20 Comprimidos Revestidos,Panpharma - PA,104.0,0.4353,105.75,0.0,59.86,59.72,2026-09-01 10:01:26,OK,
PA,GD,36346498000781,7896004759609,Amoxicilina + Clavulanato 875+125 mg Caixa 20 Comprimidos Revestidos,Nazaria - PA,68.0,0.4125,105.75,0.0,62.13,62.13,2026-09-01 10:01:26,OK,
PA,GD,36346498000781,7896004759678,Azitromicina Di-hidratada 1500 mg Frasco 37.5 ml Pó Para Suspensão Oral + Seringa,Nazaria - PA,309.0,0.1754,37.49,0.0,30.91,30.91,2026-09-01 10:01:30,OK,
PA,GD,36346498000781,7896004759678,Azitromicina Di-hidratada 1500 mg Frasco 37.5 ml Pó Para Suspensão Oral + Seringa,Panpharma - PA,19.0,0.12050000000000001,37.49,0.0,33.48,32.97,2026-09-01 10:01:30,OK,
PA,GD,36346498000781,7896004759678,Azitromicina Di-hidratada 1500 mg Frasco 37.5 ml Pó Para Suspensão Oral + Seringa,Total - PA,181.0,0.08990000000000001,37.49,0.0,34.11,34.12,2026-09-01 10:01:30,OK,
PA,GD,36346498000781,7896004759692,Clonazepam 2 mg Caixa 60 Comprimidos,Panpharma - PA,24.0,0.7492,32.86,0.0,7.88,8.24,2026-09-01 10:01:33,OK,
PA,GD,36346498000781,7896004759692,Clonazepam 2 mg Caixa 60 Comprimidos,Nazaria - PA,23.0,0.6591,32.86,0.0,11.2,11.2,2026-09-01 10:01:33,OK,
PA,GD,36346498000781,7896004759715,Venlafaxina 37.5 mg Caixa 30 Cápsulas de Liberação Prolongada,Panpharma - PA,68.0,0.5754,49.37,0.0,20.76,20.96,2026-09-01 10:01:37,OK,
PA,GD,36346498000781,7896004759715,Venlafaxina 37.5 mg Caixa 30 Cápsulas de Liberação Prolongada,Nazaria - PA,3.0,0.5793,49.37,0.0,20.77,20.77,2026-09-01 10:01:37,OK,
PA,GD,36346498000781,7896004759715,Venlafaxina 37.5 mg Caixa 30 Cápsulas de Liberação Prolongada,Total - PA,40.0,0.5748,49.37,0.0,20.99,20.99,2026-09-01 10:01:37,OK,
PA,GD,36346498000781,7896004759722,Drospirenona + Etinilestradiol 3+0.02 mg Caixa 72 Comprimidos (3x24),Panpharma - PA,46.0,0.7796,145.04,0.0,30.21,31.97,2026-09-01 10:01:41,OK,
PA,GD,36346498000781,7896004759722,Drospirenona + Etinilestradiol 3+0.02 mg Caixa 72 Comprimidos (3x24),Total - PA,16.0,0.7809999999999999,145.04,0.0,31.76,31.76,2026-09-01 10:01:41,OK,
PA,GD,36346498000781,7896004759722,Drospirenona + Etinilestradiol 3+0.02 mg Caixa 72 Comprimidos (3x24),Nazaria - PA,11.0,0.7006999999999999,145.04,0.0,43.41,43.41,2026-09-01 10:01:41,OK,
PA,GD,36346498000781,7896004759739,Atenolol + Clortalidona 50+12.5 mg Caixa 60 Comprimidos,Panpharma - PA,64.0,0.7136,54.85,0.0,15.18,15.71,2026-09-01 10:01:45,OK,
PA,GD,36346498000781,7896004759739,Atenolol + Clortalidona 50+12.5 mg Caixa 60 Comprimidos,Nazaria - PA,43.0,0.6325999999999999,54.85,0.0,20.15,20.15,2026-09-01 10:01:45,OK,
PA,GD,36346498000781,7896004759791,Olanzapina 10 mg Caixa 30 Comprimidos Revestidos,Total - PA,33.0,0.8420000000000001,243.69,0.0,38.5,38.5,2026-09-01 10:01:48,OK,
PA,GD,36346498000781,7896004759791,Olanzapina 10 mg Caixa 30 Comprimidos Revestidos,Nazaria - PA,25.0,0.7517,243.69,0.0,60.51,60.51,2026-09-01 10:01:48,OK,
PA,GD,36346498000781,7896004759807,Olanzapina 5 mg Caixa 30 Comprimidos Revestidos,Panpharma - PA,15.0,0.8123999999999999,124.3,0.0,21.65,23.32,2026-09-01 10:01:52,OK,
PA,GD,36346498000781,7896004759814,Olanzapina 2.5 mg Caixa 30 Comprimidos Revestidos,Panpharma - PA,1.0,0.7970999999999999,73.96,0.0,14.06,15.01,2026-09-01 10:01:55,OK,
PA,GD,36346498000781,7896004759814,Olanzapina 2.5 mg Caixa 30 Comprimidos Revestidos,Nazaria - PA,107.0,0.7493000000000001,73.96,0.0,18.54,18.54,2026-09-01 10:01:55,OK,
PA,GD,36346498000781,7896004759845,Sertralina 50 mg Caixa 30 Comprimidos Revestidos,Panpharma - PA,137.0,0.8792,79.0,0.0,8.27,9.54,2026-09-01 10:01:59,OK,
PA,GD,36346498000781,7896004759845,Sertralina 50 mg Caixa 30 Comprimidos Revestidos,Nazaria - PA,2320.0,0.7853,79.0,0.0,16.96,16.96,2026-09-01 10:01:59,OK,
PA,GD,36346498000781,7896004761275,,,0.0,0.0,0.0,0.0,0.0,0.0,2026-09-01 10:02:11,ERRO,Message: Nenhuma distribuidora pôde ser lida no card do produto.
PA,GD,36346498000781,7896004761299,Cilostazol 100 mg Caixa 30 Comprimidos,Panpharma - PA,19.0,0.32049999999999995,33.28,0.0,22.81,22.61,2026-09-01 10:02:15,OK,
PA,GD,36346498000781,7896004761299,Cilostazol 100 mg Caixa 30 Comprimidos,Total - PA,178.0,0.2968,33.28,0.0,23.4,23.4,2026-09-01 10:02:15,OK,
PA,GD,36346498000781,7896004761299,Cilostazol 100 mg Caixa 30 Comprimidos,Nazaria - PA,18.0,0.2938,33.28,0.0,23.5,23.5,2026-09-01 10:02:15,OK,
PA,GD,36346498000781,7896004761305,Cilostazol 100 mg Caixa 60 Comprimidos,Nazaria - PA,97.0,0.3078,46.78,0.0,32.38,32.38,2026-09-01 10:02:18,OK,
PA,GD,36346498000781,7896004761817,Tansulosina 0.4 mg Caixa 30 Comprimidos de Liberação Prolongada,Panpharma - PA,341.0,0.6079,92.36,0.0,35.72,36.21,2026-09-01 10:02:22,OK,
PA,GD,36346498000781,7896004761817,Tansulosina 0.4 mg Caixa 30 Comprimidos de Liberação Prolongada,Total - PA,865.0,0.6102000000000001,92.36,0.0,36.0,36.0,2026-09-01 10:02:22,OK,
PA,GD,36346498000781,7896004761817,Tansulosina 0.4 mg Caixa 30 Comprimidos de Liberação Prolongada,Nazaria - PA,568.0,0.5761999999999999,92.36,0.0,39.14,39.14,2026-09-01 10:02:22,OK,
PA,GD,36346498000781,7896004761824,Tansulosina 0.4 mg Caixa 60 Comprimidos de Liberação Prolongada,Panpharma - PA,32.0,0.6739,214.09,0.0,68.1,69.81,2026-09-01 10:02:26,OK,
PA,GD,36346498000781,7896004761824,Tansulosina 0.4 mg Caixa 60 Comprimidos de Liberação Prolongada,Total - PA,38.0,0.6775,214.09,0.0,69.04,69.04,2026-09-01 10:02:26,OK,
PA,GD,36346498000781,7896004761824,Tansulosina 0.4 mg Caixa 60 Comprimidos de Liberação Prolongada,Nazaria - PA,51.0,0.6065999999999999,214.09,0.0,84.22,84.22,2026-09-01 10:02:26,OK,
PA,GD,36346498000781,7896004762227,Azitromicina Di-hidratada 500 mg Caixa 5 Comprimidos Revestidos,Total - PA,345.0,0.8456999999999999,48.8,0.0,7.53,7.53,2026-09-01 10:02:30,OK,
PA,GD,36346498000781,7896004762227,Azitromicina Di-hidratada 500 mg Caixa 5 Comprimidos Revestidos,Nazaria - PA,2939.0,0.7381,48.8,0.0,12.78,12.78,2026-09-01 10:02:30,OK,
PA,GD,36346498000781,7896004762319,Gliclazida 30 mg Caixa 30 Comprimidos de Liberação Prolongada,Total - PA,89.0,0.627,24.38,0.0,9.09,9.09,2026-09-01 10:02:34,OK,
PA,GD,36346498000781,7896004762319,Gliclazida 30 mg Caixa 30 Comprimidos de Liberação Prolongada,Nazaria - PA,372.0,0.5757,24.38,0.0,10.34,10.34,2026-09-01 10:02:34,OK,
PA,GD,36346498000781,7896004762364,Gliclazida 60 mg Caixa 60 Comprimidos de Liberação Prolongada,Total - PA,54.0,0.4733,95.16,0.0,50.12,50.12,2026-09-01 10:02:37,OK,
PA,GD,36346498000781,7896004763576,Hidroxicloroquina 400 mg Caixa 30 Comprimidos Revestidos,Panpharma - PA,28.0,0.1025,76.56,0.0,69.81,68.71,2026-09-01 10:02:41,OK,
PA,GD,36346498000781,7896004763576,Hidroxicloroquina 400 mg Caixa 30 Comprimidos Revestidos,Nazaria - PA,11.0,0.07919999999999999,76.56,0.0,70.5,70.5,2026-09-01 10:02:41,OK,
PA,GD,36346498000781,7896004763576,Hidroxicloroquina 400 mg Caixa 30 Comprimidos Revestidos,Total - PA,78.0,0.0663,76.56,0.0,71.48,71.48,2026-09-01 10:02:41,OK,
PA,GD,36346498000781,7896004766980,,,0.0,0.0,0.0,0.0,0.0,0.0,2026-09-01 10:02:53,ERRO,Message: Nenhuma distribuidora pôde ser lida no card do produto.
PA,GD,36346498000781,7896004766997,Rivaroxabana 10 mg Caixa 30 Comprimidos Revestidos,Panpharma - PA,39.0,0.9085,209.05,0.0,15.54,19.13,2026-09-01 10:02:57,OK,
PA,GD,36346498000781,7896004766997,Rivaroxabana 10 mg Caixa 30 Comprimidos Revestidos,Total - PA,86.0,0.9186,209.05,0.0,17.02,17.02,2026-09-01 10:02:57,OK,
PA,GD,36346498000781,7896004766997,Rivaroxabana 10 mg Caixa 30 Comprimidos Revestidos,Nazaria - PA,189.0,0.8253,209.05,0.0,36.52,36.52,2026-09-01 10:02:57,OK,
PA,GD,36346498000781,7896004767017,,,0.0,0.0,0.0,0.0,0.0,0.0,2026-09-01 10:03:10,ERRO,Message: Nenhuma distribuidora pôde ser lida no card do produto.
PA,GD,36346498000781,7896004767055,,,0.0,0.0,0.0,0.0,0.0,0.0,2026-09-01 10:03:22,ERRO,Message: Nenhuma distribuidora pôde ser lida no card do produto.
PA,GD,36346498000781,7896004767130,Zolpidem 10 mg Caixa 30 Comprimidos Revestidos,Total - PA,371.0,0.9048999999999999,64.72,0.0,6.15,6.15,2026-09-01 10:03:25,OK,
PA,GD,36346498000781,7896004767130,Zolpidem 10 mg Caixa 30 Comprimidos Revestidos,Nazaria - PA,622.0,0.7970999999999999,64.72,0.0,13.13,13.13,2026-09-01 10:03:25,OK,
PA,GD,36346498000781,7896004768212,Donepezila 5 mg Caixa 30 Comprimidos Revestidos,Nazaria - PA,296.0,0.7637,143.23,0.0,33.85,33.85,2026-09-01 10:03:29,OK,
PA,GD,36346498000781,7896004768298,Donepezila 10 mg Caixa 30 Comprimidos Revestidos,Panpharma - PA,49.0,0.7992,158.7,0.0,29.81,31.87,2026-09-01 10:03:33,OK,
PA,GD,36346498000781,7896004768298,Donepezila 10 mg Caixa 30 Comprimidos Revestidos,Total - PA,39.0,0.7944,158.69,0.0,32.63,32.63,2026-09-01 10:03:33,OK,
PA,GD,36346498000781,7896004768298,Donepezila 10 mg Caixa 30 Comprimidos Revestidos,Nazaria - PA,172.0,0.7494,158.7,0.0,39.77,39.77,2026-09-01 10:03:33,OK,
PA,GD,36346498000781,7896004768687,Desogestrel 75 mcg Caixa 84 Comprimidos Revestidos,Panpharma - PA,17.0,0.6870999999999999,76.37,0.0,23.25,23.9,2026-09-01 10:03:37,OK,
PA,GD,36346498000781,7896004768687,Desogestrel 75 mcg Caixa 84 Comprimidos Revestidos,Nazaria - PA,79.0,0.6939,76.37,0.0,23.38,23.38,2026-09-01 10:03:37,OK,
PA,GD,36346498000781,7896004768687,Desogestrel 75 mcg Caixa 84 Comprimidos Revestidos,Total - PA,10.0,0.6762,76.37,0.0,24.73,24.73,2026-09-01 10:03:37,OK,
PA,GD,36346498000781,7896004769622,Desloratadina 0.5 mg/ml Frasco 60 ml Xarope,Total - PA,47.0,0.7453,38.58,0.0,9.82,9.83,2026-09-01 10:03:41,OK,
PA,GD,36346498000781,7896004769622,Desloratadina 0.5 mg/ml Frasco 60 ml Xarope,Panpharma - PA,35.0,0.6945,38.58,0.0,11.44,11.79,2026-09-01 10:03:41,OK,
PA,GD,36346498000781,7896004769622,Desloratadina 0.5 mg/ml Frasco 60 ml Xarope,Nazaria - PA,16.0,0.6629999999999999,38.58,0.0,13.0,13.0,2026-09-01 10:03:41,OK,
PA,GD,36346498000781,7896004769684,Desloratadina 0.5 mg/ml Frasco 100 ml Xarope,Total - PA,42.0,0.7714,63.69,0.0,14.56,14.56,2026-09-01 10:03:44,OK,
PA,GD,36346498000781,7896004769684,Desloratadina 0.5 mg/ml Frasco 100 ml Xarope,Nazaria - PA,78.0,0.7479,63.69,0.0,16.06,16.06,2026-09-01 10:03:44,OK,
PA,GD,36346498000781,7896004771199,Aciclovir 50 mg/g Bisnaga 10 g Creme,Total - PA,212.0,0.7406999999999999,26.22,0.0,6.8,6.8,2026-09-01 10:03:48,OK,
PA,GD,36346498000781,7896004771199,Aciclovir 50 mg/g Bisnaga 10 g Creme,Nazaria - PA,351.0,0.6867,26.22,0.0,8.21,8.21,2026-09-01 10:03:48,OK,
PA,GD,36346498000781,7896004771373,Nebivolol 5 mg Caixa 30 Comprimidos,Total - PA,11.0,0.6509,50.9,0.0,17.77,17.77,2026-09-01 10:03:52,OK,
PA,GD,36346498000781,7896004771373,Nebivolol 5 mg Caixa 30 Comprimidos,Panpharma - PA,170.0,0.6275,50.9,0.0,18.64,18.96,2026-09-01 10:03:52,OK,
PA,GD,36346498000781,7896004771403,Nebivolol 5 mg Caixa 60 Comprimidos,Panpharma - PA,58.0,0.6559,100.57,0.0,33.87,34.61,2026-09-01 10:03:55,OK,
PA,GD,36346498000781,7896004771762,,,0.0,0.0,0.0,0.0,0.0,0.0,2026-09-01 10:04:07,ERRO,Message: Nenhuma distribuidora pôde ser lida no card do produto.
PA,GD,36346498000781,7896004772332,Cloperastina 3.54 mg/ml Frasco 120 ml Xarope,Total - PA,619.0,0.17300000000000001,19.62,0.0,16.22,16.23,2026-09-01 10:04:11,OK,
PA,GD,36346498000781,7896004772332,Cloperastina 3.54 mg/ml Frasco 120 ml Xarope,Panpharma - PA,78.0,0.1618,19.62,0.0,16.68,16.45,2026-09-01 10:04:11,OK,
PA,GD,36346498000781,7896004772332,Cloperastina 3.54 mg/ml Frasco 120 ml Xarope,Nazaria - PA,782.0,0.11789999999999999,19.62,0.0,17.31,17.31,2026-09-01 10:04:11,OK,
PA,GD,36346498000781,7896004772868,Pregabalina 150 mg Caixa 30 Cápsulas,Panpharma - PA,46.0,0.8643000000000001,141.9,0.0,17.06,19.26,2026-09-01 10:04:15,OK,
PA,GD,36346498000781,7896004772868,Pregabalina 150 mg Caixa 30 Cápsulas,Total - PA,83.0,0.8789,141.9,0.0,17.18,17.18,2026-09-01 10:04:15,OK,
PA,GD,36346498000781,7896004772868,Pregabalina 150 mg Caixa 30 Cápsulas,Nazaria - PA,106.0,0.8031,141.9,0.0,27.94,27.94,2026-09-01 10:04:15,OK,
PA,GD,36346498000781,7896004773117,,,0.0,0.0,0.0,0.0,0.0,0.0,2026-09-01 10:04:27,ERRO,Message: Nenhuma distribuidora pôde ser lida no card do produto.
PA,GD,36346498000781,7896004773339,Pregabalina 75 mg Caixa 30 Cápsulas,Total - PA,204.0,0.9016,88.77,0.0,8.73,8.73,2026-09-01 10:04:31,OK,
PA,GD,36346498000781,7896004773339,Pregabalina 75 mg Caixa 30 Cápsulas,Nazaria - PA,1517.0,0.7939,88.77,0.0,18.3,18.3,2026-09-01 10:04:31,OK,
PA,GD,36346498000781,7896004775043,Aciclovir 400 mg Caixa 30 Comprimidos,Panpharma - PA,45.0,0.7555,166.63,0.0,38.88,40.74,2026-09-01 10:04:35,OK,
PA,GD,36346498000781,7896004775043,Aciclovir 400 mg Caixa 30 Comprimidos,Total - PA,84.0,0.7358,166.63,0.0,44.03,44.02,2026-09-01 10:04:35,OK,
PA,GD,36346498000781,7896004777184,Tramadol 100 mg Caixa 10 Comprimidos de Liberação Prolongada,Total - PA,333.0,0.324,81.94,0.0,55.39,55.39,2026-09-01 10:04:39,OK,
PA,GD,36346498000781,7896004777184,Tramadol 100 mg Caixa 10 Comprimidos de Liberação Prolongada,Nazaria - PA,419.0,0.2829,81.94,0.0,58.76,58.76,2026-09-01 10:04:39,OK,
PA,GD,36346498000781,7896004777184,Tramadol 100 mg Caixa 10 Comprimidos de Liberação Prolongada,Panpharma - PA,20.0,0.2824,81.94,0.0,59.4,58.8,2026-09-01 10:04:39,OK,
PA,GD,36346498000781,7896004777535,Fexofenadina 120 mg Caixa 10 Comprimidos Revestidos,Total - PA,302.0,0.8281999999999999,47.18,0.0,8.11,8.11,2026-09-01 10:04:42,OK,
PA,GD,36346498000781,7896004777559,Fexofenadina 180 mg Caixa 10 Comprimidos Revestidos,Total - PA,154.0,0.8329000000000001,67.72,0.0,11.32,11.32,2026-09-01 10:04:46,OK,
PA,GD,36346498000781,7896004777559,Fexofenadina 180 mg Caixa 10 Comprimidos Revestidos,Nazaria - PA,1399.0,0.7476999999999999,67.72,0.0,17.09,17.09,2026-09-01 10:04:46,OK,
PA,GD,36346498000781,7896004779713,Dienogeste 2 mg Caixa 30 Comprimidos,Total - PA,139.0,0.7325,65.58,0.0,17.54,17.54,2026-09-01 10:04:50,OK,
PA,GD,36346498000781,7896004779713,Dienogeste 2 mg Caixa 30 Comprimidos,Panpharma - PA,58.0,0.6986,65.58,0.0,19.17,19.77,2026-09-01 10:04:50,OK,
PA,GD,36346498000781,7896004779713,Dienogeste 2 mg Caixa 30 Comprimidos,Nazaria - PA,642.0,0.6483,65.58,0.0,23.06,23.06,2026-09-01 10:04:50,OK,
PA,GD,36346498000781,7896004780184,Ácido Ursodesoxicólico 150 mg Caixa 30 Comprimidos,Panpharma - PA,78.0,0.4543,79.93,0.0,43.67,43.62,2026-09-01 10:04:54,OK,
PA,GD,36346498000781,7896004780184,Ácido Ursodesoxicólico 150 mg Caixa 30 Comprimidos,Total - PA,43.0,0.4487,79.93,0.0,44.07,44.07,2026-09-01 10:04:54,OK,
PA,GD,36346498000781,7896004780184,Ácido Ursodesoxicólico 150 mg Caixa 30 Comprimidos,Nazaria - PA,6.0,0.3834,79.93,0.0,49.28,49.28,2026-09-01 10:04:54,OK,
PA,GD,36346498000781,7896004780191,Ácido Ursodesoxicólico 300 mg Caixa 30 Comprimidos,Total - PA,30.0,0.34869999999999995,158.0,0.0,102.91,102.91,2026-09-01 10:04:58,OK,
PA,GD,36346498000781,7896004780191,Ácido Ursodesoxicólico 300 mg Caixa 30 Comprimidos,Panpharma - PA,49.0,0.3514,158.0,0.0,103.21,102.48,2026-09-01 10:04:58,OK,
PA,GD,36346498000781,7896004780191,Ácido Ursodesoxicólico 300 mg Caixa 30 Comprimidos,Nazaria - PA,48.0,0.3282,158.0,0.0,106.14,106.14,2026-09-01 10:04:58,OK,
PA,GD,36346498000781,7896004780504,Rivaroxabana 15 mg Caixa 30 Comprimidos Revestidos,Panpharma - PA,29.0,0.9125,206.36,0.0,14.48,18.06,2026-09-01 10:05:02,OK,
PA,GD,36346498000781,7896004780504,Rivaroxabana 15 mg Caixa 30 Comprimidos Revestidos,Total - PA,12.0,0.9275,206.36,0.0,14.96,14.96,2026-09-01 10:05:02,OK,
PA,GD,36346498000781,7896004780504,Rivaroxabana 15 mg Caixa 30 Comprimidos Revestidos,Nazaria - PA,294.0,0.8199,206.36,0.0,37.17,37.17,2026-09-01 10:05:02,OK,
PA,GD,36346498000781,7896004780511,Rivaroxabana 20 mg Caixa 30 Comprimidos Revestidos,Total - PA,47.0,0.9136,206.36,0.0,17.8,17.83,2026-09-01 10:05:06,OK,
PA,GD,36346498000781,7896004780511,Rivaroxabana 20 mg Caixa 30 Comprimidos Revestidos,Panpharma - PA,68.0,0.8935,206.36,0.0,18.55,21.98,2026-09-01 10:05:06,OK,
PA,GD,36346498000781,7896004780511,Rivaroxabana 20 mg Caixa 30 Comprimidos Revestidos,Nazaria - PA,77.0,0.8271999999999999,206.36,0.0,35.66,35.66,2026-09-01 10:05:06,OK,
PA,GD,36346498000781,7896004781280,,,0.0,0.0,0.0,0.0,0.0,0.0,2026-09-01 10:05:18,ERRO,Message: Nenhuma distribuidora pôde ser lida no card do produto.
PA,GD,36346498000781,7896004781372,,,0.0,0.0,0.0,0.0,0.0,0.0,2026-09-01 10:05:30,ERRO,Message: Nenhuma distribuidora pôde ser lida no card do produto.
PA,GD,36346498000781,7896004781389,,,0.0,0.0,0.0,0.0,0.0,0.0,2026-09-01 10:05:42,ERRO,Message: Nenhuma distribuidora pôde ser lida no card do produto.
PA,GD,36346498000781,7896004781396,,,0.0,0.0,0.0,0.0,0.0,0.0,2026-09-01 10:05:55,ERRO,Message: Nenhuma distribuidora pôde ser lida no card do produto.
PA,GD,36346498000781,7896004781402,Etoricoxibe 90 mg Caixa 14 Comprimidos Revestidos,Total - PA,2.0,0.4561,78.84,0.0,42.88,42.88,2026-09-01 10:05:58,OK,
PA,GD,36346498000781,7896004782546,,,0.0,0.0,0.0,0.0,0.0,0.0,2026-09-01 10:06:10,ERRO,Message: Nenhuma distribuidora pôde ser lida no card do produto.
PA,GD,36346498000781,7896004782553,,,0.0,0.0,0.0,0.0,0.0,0.0,2026-09-01 10:06:22,ERRO,Message: Nenhuma distribuidora pôde ser lida no card do produto.
PA,GD,36346498000781,7896004782690,Apixabana 2.5 mg Caixa 20 Comprimidos Revestidos,Total - PA,5.0,0.7132999999999999,68.73,0.0,19.71,19.7,2026-09-01 10:06:26,OK,
PA,GD,36346498000781,7896004782690,Apixabana 2.5 mg Caixa 20 Comprimidos Revestidos,Nazaria - PA,56.0,0.6252,68.74,0.0,25.76,25.76,2026-09-01 10:06:26,OK,
PA,GD,36346498000781,7896004782713,Apixabana 2.5 mg Caixa 60 Comprimidos Revestidos,Total - PA,28.0,0.7345999999999999,206.28,0.0,54.75,54.75,2026-09-01 10:06:29,OK,
PA,GD,36346498000781,7896004782744,Apixabana 5 mg Caixa 20 Comprimidos Revestidos,Total - PA,19.0,0.7147,68.73,0.0,19.61,19.61,2026-09-01 10:06:33,OK,
PA,GD,36346498000781,7896004782744,Apixabana 5 mg Caixa 20 Comprimidos Revestidos,Panpharma - PA,50.0,0.7047,68.74,0.0,19.66,20.3,2026-09-01 10:06:33,OK,
PA,GD,36346498000781,7896004782744,Apixabana 5 mg Caixa 20 Comprimidos Revestidos,Nazaria - PA,117.0,0.6258,68.74,0.0,25.72,25.72,2026-09-01 10:06:33,OK,
PA,GD,36346498000781,7896004782768,Apixabana 5 mg Caixa 60 Comprimidos Revestidos,Nazaria - PA,3.0,0.6466,206.28,0.0,72.9,72.9,2026-09-01 10:06:37,OK,
PA,GD,36346498000781,7896004782935,Levetiracetam 250 mg Caixa 30 Comprimidos Revestidos,Total - PA,37.0,0.4668,42.82,0.0,22.83,22.83,2026-09-01 10:06:40,OK,
PA,GD,36346498000781,7896004782980,Levetiracetam 750 mg Caixa 30 Comprimidos Revestidos,Nazaria - PA,131.0,0.5842,211.2,0.0,87.82,87.82,2026-09-01 10:06:43,OK,
PA,GD,36346498000781,7896004783024,,,0.0,0.0,0.0,0.0,0.0,0.0,2026-09-01 10:06:56,ERRO,Message: Nenhuma distribuidora pôde ser lida no card do produto.
PA,GD,36346498000781,7896004784076,Bilastina 20 mg Caixa 15 Comprimidos,Total - PA,3048.0,0.36229999999999996,36.94,0.0,23.56,23.56,2026-09-01 10:06:59,OK,
PA,GD,36346498000781,7896004784076,Bilastina 20 mg Caixa 15 Comprimidos,Nazaria - PA,1844.0,0.3594,36.94,0.0,23.66,23.66,2026-09-01 10:06:59,OK,
PA,GD,36346498000781,7896004784083,,,0.0,0.0,0.0,0.0,0.0,0.0,2026-09-01 10:07:11,ERRO,Message: Nenhuma distribuidora pôde ser lida no card do produto.
PA,GD,36346498000781,7896004786117,Pitavastatina Cálcica 2 mg Caixa 30 Comprimidos Revestidos,Total - PA,196.0,0.40399999999999997,86.25,0.0,51.41,51.41,2026-09-01 10:07:16,OK,
PA,GD,36346498000781,7896004786117,Pitavastatina Cálcica 2 mg Caixa 30 Comprimidos Revestidos,Panpharma - PA,57.0,0.384,86.25,0.0,53.43,53.13,2026-09-01 10:07:16,OK,
PA,GD,36346498000781,7896004786117,Pitavastatina Cálcica 2 mg Caixa 30 Comprimidos Revestidos,Nazaria - PA,208.0,0.3417,86.25,0.0,56.78,56.78,2026-09-01 10:07:16,OK,
PA,GD,36346498000781,7896004787329,Tramadol + Paracetamol 37.5+325 mg Caixa 10 Comprimidos,Nazaria - PA,31.0,0.6273,31.98,0.0,11.92,11.92,2026-09-01 10:07:20,OK,
PA,GD,36346498000781,7896004787329,Tramadol + Paracetamol 37.5+325 mg Caixa 10 Comprimidos,Total - PA,138.0,0.5296,31.98,0.0,15.04,15.04,2026-09-01 10:07:20,OK,
PA,GD,36346498000781,7896004787329,Tramadol + Paracetamol 37.5+325 mg Caixa 10 Comprimidos,Panpharma - PA,1.0,0.5243,31.98,0.0,15.14,15.21,2026-09-01 10:07:20,OK,
PA,GD,36346498000781,7896004787336,Tramadol + Paracetamol 37.5+325 mg Caixa 20 Comprimidos,Nazaria - PA,3.0,0.46009999999999995,48.51,0.0,26.19,26.19,2026-09-01 10:07:24,OK,
PA,GD,36346498000781,7896004787336,Tramadol + Paracetamol 37.5+325 mg Caixa 20 Comprimidos,Panpharma - PA,33.0,0.4371,48.51,0.0,27.37,27.31,2026-09-01 10:07:24,OK,
PA,GD,36346498000781,7896004787336,Tramadol + Paracetamol 37.5+325 mg Caixa 20 Comprimidos,Total - PA,38.0,0.4244,48.51,0.0,27.92,27.92,2026-09-01 10:07:24,OK,
PA,GD,36346498000781,7896004787343,Tramadol + Paracetamol 37.5+325 mg Caixa 30 Comprimidos,Panpharma - PA,23.0,0.4328,63.13,0.0,35.89,35.81,2026-09-01 10:07:27,OK,
PA,GD,36346498000781,7896004787343,Tramadol + Paracetamol 37.5+325 mg Caixa 30 Comprimidos,Total - PA,35.0,0.41700000000000004,63.13,0.0,36.79,36.8,2026-09-01 10:07:27,OK,
PA,GD,36346498000781,7896004787725,Naratriptana 2.5 mg Caixa 4 Comprimidos Revestidos,Total - PA,82.0,0.3829,13.72,0.0,8.47,8.47,2026-09-01 10:07:31,OK,
PA,GD,36346498000781,7896004787725,Naratriptana 2.5 mg Caixa 4 Comprimidos Revestidos,Nazaria - PA,176.0,0.3371,13.72,0.0,9.09,9.09,2026-09-01 10:07:31,OK,
PA,GD,36346498000781,7896004789828,Desloratadina 5 mg Caixa 10 Comprimidos Revestidos,Nazaria - PA,87.0,0.7801,60.8,0.0,13.37,13.37,2026-09-01 10:07:34,OK,
PA,GD,36346498000781,7896004789835,Desloratadina 5 mg Caixa 30 Comprimidos Revestidos,Total - PA,36.0,0.8613,146.02,0.0,20.25,20.25,2026-09-01 10:07:37,OK,
PA,GD,36346498000781,7896004790152,Ondansetrona 4 mg Caixa 10 Comprimidos Orodispersíveis,Total - PA,81.0,0.6919,23.43,0.0,7.22,7.22,2026-09-01 10:07:41,OK,
PA,GD,36346498000781,7896004790152,Ondansetrona 4 mg Caixa 10 Comprimidos Orodispersíveis,Panpharma - PA,75.0,0.6757,23.43,0.0,7.41,7.6,2026-09-01 10:07:41,OK,
PA,GD,36346498000781,7896004790152,Ondansetrona 4 mg Caixa 10 Comprimidos Orodispersíveis,Nazaria - PA,136.0,0.6455,23.43,0.0,8.31,8.31,2026-09-01 10:07:41,OK,
PA,GD,36346498000781,7896004790169,Ondansetrona 8 mg Caixa 10 Comprimidos Orodispersíveis,Total - PA,41.0,0.7095999999999999,45.04,0.0,13.08,13.08,2026-09-01 10:07:45,OK,
PA,GD,36346498000781,7896004790169,Ondansetrona 8 mg Caixa 10 Comprimidos Orodispersíveis,Panpharma - PA,64.0,0.6896,45.04,0.0,13.59,13.98,2026-09-01 10:07:45,OK,
PA,GD,36346498000781,7896004790169,Ondansetrona 8 mg Caixa 10 Comprimidos Orodispersíveis,Nazaria - PA,95.0,0.6653,45.04,0.0,15.07,15.07,2026-09-01 10:07:45,OK,
PA,GD,36346498000781,7896004791104,Olmesartana Medoxomila 20 mg Caixa 30 Comprimidos,Total - PA,124.0,0.6541,42.17,0.0,14.59,14.59,2026-09-01 10:07:49,OK,
PA,GD,36346498000781,7896004791104,Olmesartana Medoxomila 20 mg Caixa 30 Comprimidos,Nazaria - PA,429.0,0.5817,42.17,0.0,17.64,17.64,2026-09-01 10:07:49,OK,
PA,GD,36346498000781,7896004791111,Olmesartana Medoxomila 40 mg Caixa 30 Comprimidos,Total - PA,200.0,0.5847,44.37,0.0,18.43,18.43,2026-09-01 10:07:53,OK,
PA,GD,36346498000781,7896004791111,Olmesartana Medoxomila 40 mg Caixa 30 Comprimidos,Nazaria - PA,781.0,0.5126,44.37,0.0,21.63,21.63,2026-09-01 10:07:53,OK,
PA,GD,36346498000781,7896004791418,DAPAGLIFLOZINA 10MG X 30 COM REV - LG,Total - PA,141.0,0.6706,115.41,0.0,38.0,38.02,2026-09-01 10:07:57,OK,
PA,GD,36346498000781,7896004791418,DAPAGLIFLOZINA 10MG X 30 COM REV - LG,Panpharma - PA,256.0,0.59,115.41,0.0,49.17,47.32,2026-09-01 10:07:57,OK,
PA,GD,36346498000781,7896004791418,DAPAGLIFLOZINA 10MG X 30 COM REV - LG,Nazaria - PA,3926.0,0.47850000000000004,115.41,0.0,60.19,60.19,2026-09-01 10:07:57,OK,
PA,GD,36346498000781,7896004791456,Risedronato Sódico 150 mg Caixa 1 Comprimido,Panpharma - PA,51.0,0.8028,114.56,0.0,21.1,22.59,2026-09-01 10:08:00,OK,
PA,GD,36346498000781,7896004791456,Risedronato Sódico 150 mg Caixa 1 Comprimido,Nazaria - PA,55.0,0.7445,114.56,0.0,29.27,29.27,2026-09-01 10:08:00,OK,
PA,GD,36346498000781,7896004792040,Nitazoxanida 20 mg/ml Frasco 45 ml Pó Para Suspensão,Total - PA,295.0,0.5051,18.48,0.0,9.15,9.15,2026-09-01 10:08:04,OK,
PA,GD,36346498000781,7896004792040,Nitazoxanida 20 mg/ml Frasco 45 ml Pó Para Suspensão,Nazaria - PA,323.0,0.4711,18.49,0.0,9.78,9.78,2026-09-01 10:08:04,OK,
PA,GD,36346498000781,7896004792040,Nitazoxanida 20 mg/ml Frasco 45 ml Pó Para Suspensão,Panpharma - PA,1.0,0.43579999999999997,18.49,0.0,10.45,10.43,2026-09-01 10:08:04,OK,
PA,GD,36346498000781,7896004792057,Nitazoxanida 20 mg/ml Frasco 100 ml Pó Para Suspensão,Total - PA,84.0,0.4915,41.62,0.0,21.16,21.16,2026-09-01 10:08:08,OK,
PA,GD,36346498000781,7896004792057,Nitazoxanida 20 mg/ml Frasco 100 ml Pó Para Suspensão,Panpharma - PA,23.0,0.4473,41.62,0.0,23.04,23.0,2026-09-01 10:08:08,OK,
PA,GD,36346498000781,7896004792057,Nitazoxanida 20 mg/ml Frasco 100 ml Pó Para Suspensão,Nazaria - PA,113.0,0.441,41.62,0.0,23.27,23.27,2026-09-01 10:08:08,OK,
PA,GD,36346498000781,7896004792286,Lisdexanfetamina 30 mg Caixa 30 Cápsulas,Nazaria - PA,225.0,0.5033,242.76,0.0,120.58,120.58,2026-09-01 10:08:12,OK,
PA,GD,36346498000781,7896004792293,Lisdexanfetamina 50 mg Caixa 30 Cápsulas,Panpharma - PA,2.0,0.5257999999999999,294.4,0.0,138.96,139.6,2026-09-01 10:08:15,OK,
PA,GD,36346498000781,7896004792293,Lisdexanfetamina 50 mg Caixa 30 Cápsulas,Nazaria - PA,3.0,0.47119999999999995,294.4,0.0,155.68,155.68,2026-09-01 10:08:15,OK,
PA,GD,36346498000781,7896004792309,Lisdexanfetamina 70 mg Caixa 30 Cápsulas,Nazaria - PA,1.0,0.47159999999999996,294.4,0.0,155.56,155.56,2026-09-01 10:08:18,OK,
PA,GD,36346498000781,7896004792316,,,0.0,0.0,0.0,0.0,0.0,0.0,2026-09-01 10:08:31,ERRO,Message: Nenhuma distribuidora pôde ser lida no card do produto.
PA,GD,36346498000781,7896004792323,Levetiracetam 100 mg/ml Frasco 150 ml Solução Oral,Nazaria - PA,21.0,0.2409,85.82,0.0,65.15,65.15,2026-09-01 10:08:34,OK,
PA,GD,36346498000781,7896004793429,Cetorolaco 10 mg Caixa 10 Comprimidos Sublinguais,Total - PA,26.0,0.7076,27.1,0.0,7.92,7.92,2026-09-01 10:08:38,OK,
PA,GD,36346498000781,7896004793429,Cetorolaco 10 mg Caixa 10 Comprimidos Sublinguais,Nazaria - PA,172.0,0.6379,27.1,0.0,9.81,9.81,2026-09-01 10:08:38,OK,
PA,GD,36346498000781,7896004793436,Cetorolaco 10 mg Caixa 20 Comprimidos Sublinguais,Total - PA,17.0,0.6962999999999999,51.98,0.0,15.79,15.79,2026-09-01 10:08:41,OK,
PA,GD,36346498000781,7896004793436,Cetorolaco 10 mg Caixa 20 Comprimidos Sublinguais,Nazaria - PA,4.0,0.6572,51.98,0.0,17.82,17.82,2026-09-01 10:08:41,OK,
PA,GD,36346498000781,7896004793719,Indapamida 1.5 mg Caixa 60 Comprimidos Revestidos Lib. Prolongada,Nazaria - PA,13.0,0.6367,55.1,0.0,20.02,20.02,2026-09-01 10:08:45,OK,
PA,GD,36346498000781,7896004793801,Valsartana 80 mg Caixa 30 Comprimidos,Total - PA,7.0,0.7863,60.6,0.0,12.95,12.95,2026-09-01 10:08:48,OK,
PA,GD,36346498000781,7896004793818,Valsartana 160 mg Caixa 30 Comprimidos,Total - PA,61.0,0.6943,60.64,0.0,18.54,18.54,2026-09-01 10:08:52,OK,
PA,GD,36346498000781,7896004793818,Valsartana 160 mg Caixa 30 Comprimidos,Nazaria - PA,68.0,0.616,60.64,0.0,23.29,23.29,2026-09-01 10:08:52,OK,
PA,GD,36346498000781,7896004793825,Valsartana 320 mg Caixa 30 Comprimidos,Total - PA,70.0,0.6151,71.75,0.0,27.61,27.62,2026-09-01 10:08:56,OK,
PA,GD,36346498000781,7896004793825,Valsartana 320 mg Caixa 30 Comprimidos,Nazaria - PA,70.0,0.5345,71.75,0.0,33.4,33.4,2026-09-01 10:08:56,OK,
PA,GD,36346498000781,7896004793825,Valsartana 320 mg Caixa 30 Comprimidos,Panpharma - PA,14.0,0.44530000000000003,71.75,0.0,39.86,39.8,2026-09-01 10:08:56,OK,
PA,GD,36346498000781,7896004793931,Rosuvastatina Cálcica 40 mg Caixa 30 Comprimidos Revestidos,Total - PA,97.0,0.5975,129.01,0.0,51.93,51.93,2026-09-01 10:09:00,OK,
PA,GD,36346498000781,7896004793931,Rosuvastatina Cálcica 40 mg Caixa 30 Comprimidos Revestidos,Panpharma - PA,3.0,0.5625,129.01,0.0,55.97,56.44,2026-09-01 10:09:00,OK,
PA,GD,36346498000781,7896004793931,Rosuvastatina Cálcica 40 mg Caixa 30 Comprimidos Revestidos,Nazaria - PA,22.0,0.5437,129.01,0.0,58.87,58.87,2026-09-01 10:09:00,OK,
PA,GD,36346498000781,7896004794044,Duloxetina 30 mg Caixa 60 Cápsulas,Panpharma - PA,2.0,0.4484,117.02,0.0,64.65,64.55,2026-09-01 10:09:03,OK,
PA,GD,36346498000781,7896004794044,Duloxetina 30 mg Caixa 60 Cápsulas,Nazaria - PA,42.0,0.37079999999999996,117.02,0.0,73.63,73.63,2026-09-01 10:09:03,OK,
PA,GD,36346498000781,7896004794051,Duloxetina 60 mg Caixa 60 Cápsulas,Nazaria - PA,61.0,0.35,209.77,0.0,136.35,136.35,2026-09-01 10:09:06,OK,
PA,GD,36346498000781,7896004794068,Bupropiona 300 mg Caixa 30 Comprimidos,Panpharma - PA,57.0,0.539,153.09,0.0,70.16,70.57,2026-09-01 10:09:10,OK,
PA,GD,36346498000781,7896004794068,Bupropiona 300 mg Caixa 30 Comprimidos,Nazaria - PA,40.0,0.44659999999999994,153.09,0.0,84.72,84.72,2026-09-01 10:09:10,OK,
PA,GD,36346498000781,7896004794075,Fexofenadina 6 mg/ml Frasco 150 ml,Panpharma - PA,45.0,0.49950000000000006,48.1,0.0,24.02,24.07,2026-09-01 10:09:14,OK,
PA,GD,36346498000781,7896004794075,Fexofenadina 6 mg/ml Frasco 150 ml,Nazaria - PA,448.0,0.4036,48.1,0.0,28.69,28.69,2026-09-01 10:09:14,OK,
PA,GD,36346498000781,7896004794174,Fexofenadina 6 mg/ml Frasco 60 ml,Nazaria - PA,12.0,0.3862,21.17,0.0,12.99,12.99,2026-09-01 10:09:17,OK,
PA,GD,36346498000781,7896004794198,Escitalopram 20 mg com 60 Comprimidos,Panpharma - PA,153.0,0.8301999999999999,155.31,0.0,24.18,26.37,2026-09-01 10:09:21,OK,
PA,GD,36346498000781,7896004794198,Escitalopram 20 mg com 60 Comprimidos,Nazaria - PA,330.0,0.7451000000000001,155.31,0.0,39.59,39.59,2026-09-01 10:09:21,OK,
PA,GD,36346498000781,7896004795041,BROMIDRATO DE VORTIOXETINA 5MG X 30CPR,Nazaria - PA,39.0,0.4316,66.75,0.0,37.94,37.94,2026-09-01 10:09:24,OK,
PA,GD,36346498000781,7896004795041,BROMIDRATO DE VORTIOXETINA 5MG X 30CPR,Total - PA,52.0,0.42210000000000003,66.75,0.0,38.57,38.57,2026-09-01 10:09:24,OK,
PA,GD,36346498000781,7896004795058,BROMIDRATO DE VORTIOXETINA 10MG + 30CPR,Total - PA,16.0,0.44310000000000005,110.0,0.0,61.26,61.26,2026-09-01 10:09:28,OK,
PA,GD,36346498000781,7896004795058,BROMIDRATO DE VORTIOXETINA 10MG + 30CPR,Panpharma - PA,1.0,0.4435,110.0,0.0,61.33,61.22,2026-09-01 10:09:28,OK,
PA,GD,36346498000781,7896004795058,BROMIDRATO DE VORTIOXETINA 10MG + 30CPR,Nazaria - PA,57.0,0.4399,110.0,0.0,61.61,61.61,2026-09-01 10:09:28,OK,
PA,GD,36346498000781,7896004795065,BROMIDRATO DE VORTIOXETINA 10MG + 60CPR,Total - PA,51.0,0.3734,197.99,0.0,124.06,124.06,2026-09-01 10:09:31,OK,
PA,GD,36346498000781,7896004795188,Zolpidem 5MG X 30 SL,Panpharma - PA,26.0,0.6643000000000001,83.94,0.0,27.54,28.18,2026-09-01 10:09:35,OK,
PA,GD,36346498000781,7896004795232,AMOXICILINA + CLAVULANATO DE POTÁSSIO 500MG X 125MG X 21COR,Panpharma - PA,23.0,0.7001999999999999,152.04,0.0,44.21,45.58,2026-09-01 10:09:38,OK,
PA,GD,36346498000781,7896004795232,AMOXICILINA + CLAVULANATO DE POTÁSSIO 500MG X 125MG X 21COR,Nazaria - PA,106.0,0.6557,152.04,0.0,52.35,52.35,2026-09-01 10:09:38,OK,
PA,GD,36346498000781,7896004795461,,,0.0,0.0,0.0,0.0,0.0,0.0,2026-09-01 10:09:50,ERRO,Message: Nenhuma distribuidora pôde ser lida no card do produto.
PA,GD,36346498000781,7896004796284,DICL.TRIMETAZIDINA 35MG C/60 COM REV-LG,Total - PA,46.0,0.6123,99.22,0.0,38.47,38.47,2026-09-01 10:09:54,OK,
PA,GD,36346498000781,7896004796284,DICL.TRIMETAZIDINA 35MG C/60 COM REV-LG,Panpharma - PA,48.0,0.45280000000000004,99.22,0.0,54.36,54.29,2026-09-01 10:09:54,OK,
PA,GD,36346498000781,7896004796291,DICL.TRIMETAZIDINA 35MG C/30 COM REV-LG,Total - PA,9.0,0.5426,49.6,0.0,22.69,22.69,2026-09-01 10:09:58,OK,
PA,GD,36346498000781,7896004796291,DICL.TRIMETAZIDINA 35MG C/30 COM REV-LG,Panpharma - PA,1.0,0.493,49.6,0.0,25.11,25.15,2026-09-01 10:09:58,OK,
PA,GD,36346498000781,7896004796307,BES. LEVANLODIPINO 5MG C/30COMP -LG,Total - PA,82.0,0.478,76.95,0.0,40.17,40.17,2026-09-01 10:10:01,OK,
PA,GD,36346498000781,7896004796307,BES. LEVANLODIPINO 5MG C/30COMP -LG,Panpharma - PA,21.0,0.37450000000000006,76.95,0.0,48.42,48.13,2026-09-01 10:10:01,OK,
PA,GD,36346498000781,7896004796314,"BES. LEVANLODIPINO 2,5MG C/30COMP-LG",Total - PA,52.0,0.5097,39.61,0.0,19.43,19.42,2026-09-01 10:10:05,OK,
PA,GD,36346498000781,7896004796352,GUAIFENESINA + OXOMEMAZINA + POTASSIO IODETO + SODIO BENZOATO x 120ML,Panpharma - PA,2345.0,0.6914,40.05,0.0,12.01,12.36,2026-09-01 10:10:09,OK,
PA,GD,36346498000781,7896004796352,GUAIFENESINA + OXOMEMAZINA + POTASSIO IODETO + SODIO BENZOATO x 120ML,Total - PA,7825.0,0.6884,40.04,0.0,12.48,12.48,2026-09-01 10:10:09,OK,
PA,GD,36346498000781,7896004796352,GUAIFENESINA + OXOMEMAZINA + POTASSIO IODETO + SODIO BENZOATO x 120ML,Nazaria - PA,2872.0,0.6327,40.05,0.0,14.71,14.71,2026-09-01 10:10:09,OK,
