UF,CONSULTOR_USADO,CNPJ_REFERENCIA,EAN,PRODUTO,DISTRIBUIDORA,ESTOQUE,DESCONTO,PF_DIST,PF_FABRICA,PRECO_COM_IMPOSTO,PRECO_SEM_IMPOSTO,DATA_ATUALIZACAO,STATUS,ERRO
TO,MAURICIO BARROS DE AGUIAR,34558660000104,7894916372770,,,0.0,0.0,0.0,0.0,0.0,0.0,2026-10-04 15:03:54,ERRO,"Message: element not interactable
  (Session info: chrome=154.0.8037.57); For documentation on this error, please visit: https://www.selenium.dev/documentation/webdriver/troubleshooting/errors#elementnotinteractableexception
Stacktrace:
#0 0x557b4a408e3a <unknown>
#1 0x557b49d32c20 <unknown>
#2 0x557b49d85191 <unknown>
#3 0x557b49d82ae9 <unknown>
#4 0x557b49d7df87 <unknown>
#5 0x557b49dd37af <unknown>
#6 0x557b49d7c748 <unknown>
#7 0x557b49d7d511 <unknown>
#8 0x557b4a3cb3c5 <unknown>
#9 0x557b4a3c9bd5 <unknown>
#10 0x557b4a3b4c55 <unknown>
#11 0x557b4a3ca82a <unknown>
#12 0x557b4a39d329 <unknown>
#13 0x557b4a3f3248 <unknown>
#14 0x557b4a3f33e5 <unknown>
#15 0x557b4a407783 <unknown>
#16 0x7f692a69cb84 <unknown>
#17 0x7f692a729ecc <unknown>"
TO,MAURICIO BARROS DE AGUIAR,34558660000104,7894916372787,,,0.0,0.0,0.0,0.0,0.0,0.0,2026-10-04 15:03:55,ERRO,"Message: element not interactable
  (Session info: chrome=154.0.8037.57); For documentation on this error, please visit: https://www.selenium.dev/documentation/webdriver/troubleshooting/errors#elementnotinteractableexception
Stacktrace:
#0 0x557b4a408e3a <unknown>
#1 0x557b49d32c20 <unknown>
#2 0x557b49d85191 <unknown>
#3 0x557b49d82ae9 <unknown>
#4 0x557b49d7df87 <unknown>
#5 0x557b49dd37af <unknown>
#6 0x557b49d7c748 <unknown>
#7 0x557b49d7d511 <unknown>
#8 0x557b4a3cb3c5 <unknown>
#9 0x557b4a3c9bd5 <unknown>
#10 0x557b4a3b4c55 <unknown>
#11 0x557b4a3ca82a <unknown>
#12 0x557b4a39d329 <unknown>
#13 0x557b4a3f3248 <unknown>
#14 0x557b4a3f33e5 <unknown>
#15 0x557b4a407783 <unknown>
#16 0x7f692a69cb84 <unknown>
#17 0x7f692a729ecc <unknown>"
TO,MAURICIO BARROS DE AGUIAR,34558660000104,7894916372855,,,0.0,0.0,0.0,0.0,0.0,0.0,2026-10-04 15:03:57,ERRO,"Message: element not interactable
  (Session info: chrome=154.0.8037.57); For documentation on this error, please visit: https://www.selenium.dev/documentation/webdriver/troubleshooting/errors#elementnotinteractableexception
Stacktrace:
#0 0x557b4a408e3a <unknown>
#1 0x557b49d32c20 <unknown>
#2 0x557b49d85191 <unknown>
#3 0x557b49d82ae9 <unknown>
#4 0x557b49d7df87 <unknown>
#5 0x557b49dd37af <unknown>
#6 0x557b49d7c748 <unknown>
#7 0x557b49d7d511 <unknown>
#8 0x557b4a3cb3c5 <unknown>
#9 0x557b4a3c9bd5 <unknown>
#10 0x557b4a3b4c55 <unknown>
#11 0x557b4a3ca82a <unknown>
#12 0x557b4a39d329 <unknown>
#13 0x557b4a3f3248 <unknown>
#14 0x557b4a3f33e5 <unknown>
#15 0x557b4a407783 <unknown>
#16 0x7f692a69cb84 <unknown>
#17 0x7f692a729ecc <unknown>"
TO,MAURICIO BARROS DE AGUIAR,34558660000104,7894916997041,,,0.0,0.0,0.0,0.0,0.0,0.0,2026-10-04 15:03:58,ERRO,"Message: element not interactable
  (Session info: chrome=154.0.8037.57); For documentation on this error, please visit: https://www.selenium.dev/documentation/webdriver/troubleshooting/errors#elementnotinteractableexception
Stacktrace:
#0 0x557b4a408e3a <unknown>
#1 0x557b49d32c20 <unknown>
#2 0x557b49d85191 <unknown>
#3 0x557b49d82ae9 <unknown>
#4 0x557b49d7df87 <unknown>
#5 0x557b49dd37af <unknown>
#6 0x557b49d7c748 <unknown>
#7 0x557b49d7d511 <unknown>
#8 0x557b4a3cb3c5 <unknown>
#9 0x557b4a3c9bd5 <unknown>
#10 0x557b4a3b4c55 <unknown>
#11 0x557b4a3ca82a <unknown>
#12 0x557b4a39d329 <unknown>
#13 0x557b4a3f3248 <unknown>
#14 0x557b4a3f33e5 <unknown>
#15 0x557b4a407783 <unknown>
#16 0x7f692a69cb84 <unknown>
#17 0x7f692a729ecc <unknown>"
TO,MAURICIO BARROS DE AGUIAR,34558660000104,7894916997058,,,0.0,0.0,0.0,0.0,0.0,0.0,2026-10-04 15:03:59,ERRO,"Message: element not interactable
  (Session info: chrome=154.0.8037.57); For documentation on this error, please visit: https://www.selenium.dev/documentation/webdriver/troubleshooting/errors#elementnotinteractableexception
Stacktrace:
#0 0x557b4a408e3a <unknown>
#1 0x557b49d32c20 <unknown>
#2 0x557b49d85191 <unknown>
#3 0x557b49d82ae9 <unknown>
#4 0x557b49d7df87 <unknown>
#5 0x557b49dd37af <unknown>
#6 0x557b49d7c748 <unknown>
#7 0x557b49d7d511 <unknown>
#8 0x557b4a3cb3c5 <unknown>
#9 0x557b4a3c9bd5 <unknown>
#10 0x557b4a3b4c55 <unknown>
#11 0x557b4a3ca82a <unknown>
#12 0x557b4a39d329 <unknown>
#13 0x557b4a3f3248 <unknown>
#14 0x557b4a3f33e5 <unknown>
#15 0x557b4a407783 <unknown>
#16 0x7f692a69cb84 <unknown>
#17 0x7f692a729ecc <unknown>"
TO,MAURICIO BARROS DE AGUIAR,34558660000104,7896004700038,,,0.0,0.0,0.0,0.0,0.0,0.0,2026-10-04 15:04:00,ERRO,"Message: element not interactable
  (Session info: chrome=154.0.8037.57); For documentation on this error, please visit: https://www.selenium.dev/documentation/webdriver/troubleshooting/errors#elementnotinteractableexception
Stacktrace:
#0 0x557b4a408e3a <unknown>
#1 0x557b49d32c20 <unknown>
#2 0x557b49d85191 <unknown>
#3 0x557b49d82ae9 <unknown>
#4 0x557b49d7df87 <unknown>
#5 0x557b49dd37af <unknown>
#6 0x557b49d7c748 <unknown>
#7 0x557b49d7d511 <unknown>
#8 0x557b4a3cb3c5 <unknown>
#9 0x557b4a3c9bd5 <unknown>
#10 0x557b4a3b4c55 <unknown>
#11 0x557b4a3ca82a <unknown>
#12 0x557b4a39d329 <unknown>
#13 0x557b4a3f3248 <unknown>
#14 0x557b4a3f33e5 <unknown>
#15 0x557b4a407783 <unknown>
#16 0x7f692a69cb84 <unknown>
#17 0x7f692a729ecc <unknown>"
TO,MAURICIO BARROS DE AGUIAR,34558660000104,7896004700250,,,0.0,0.0,0.0,0.0,0.0,0.0,2026-10-04 15:04:01,ERRO,"Message: element not interactable
  (Session info: chrome=154.0.8037.57); For documentation on this error, please visit: https://www.selenium.dev/documentation/webdriver/troubleshooting/errors#elementnotinteractableexception
Stacktrace:
#0 0x557b4a408e3a <unknown>
#1 0x557b49d32c20 <unknown>
#2 0x557b49d85191 <unknown>
#3 0x557b49d82ae9 <unknown>
#4 0x557b49d7df87 <unknown>
#5 0x557b49dd37af <unknown>
#6 0x557b49d7c748 <unknown>
#7 0x557b49d7d511 <unknown>
#8 0x557b4a3cb3c5 <unknown>
#9 0x557b4a3c9bd5 <unknown>
#10 0x557b4a3b4c55 <unknown>
#11 0x557b4a3ca82a <unknown>
#12 0x557b4a39d329 <unknown>
#13 0x557b4a3f3248 <unknown>
#14 0x557b4a3f33e5 <unknown>
#15 0x557b4a407783 <unknown>
#16 0x7f692a69cb84 <unknown>
#17 0x7f692a729ecc <unknown>"
TO,MAURICIO BARROS DE AGUIAR,34558660000104,7896004700274,,,0.0,0.0,0.0,0.0,0.0,0.0,2026-10-04 15:04:02,ERRO,"Message: element not interactable
  (Session info: chrome=154.0.8037.57); For documentation on this error, please visit: https://www.selenium.dev/documentation/webdriver/troubleshooting/errors#elementnotinteractableexception
Stacktrace:
#0 0x557b4a408e3a <unknown>
#1 0x557b49d32c20 <unknown>
#2 0x557b49d85191 <unknown>
#3 0x557b49d82ae9 <unknown>
#4 0x557b49d7df87 <unknown>
#5 0x557b49dd37af <unknown>
#6 0x557b49d7c748 <unknown>
#7 0x557b49d7d511 <unknown>
#8 0x557b4a3cb3c5 <unknown>
#9 0x557b4a3c9bd5 <unknown>
#10 0x557b4a3b4c55 <unknown>
#11 0x557b4a3ca82a <unknown>
#12 0x557b4a39d329 <unknown>
#13 0x557b4a3f3248 <unknown>
#14 0x557b4a3f33e5 <unknown>
#15 0x557b4a407783 <unknown>
#16 0x7f692a69cb84 <unknown>
#17 0x7f692a729ecc <unknown>"
TO,MAURICIO BARROS DE AGUIAR,34558660000104,7896004700403,,,0.0,0.0,0.0,0.0,0.0,0.0,2026-10-04 15:04:03,ERRO,"Message: element not interactable
  (Session info: chrome=154.0.8037.57); For documentation on this error, please visit: https://www.selenium.dev/documentation/webdriver/troubleshooting/errors#elementnotinteractableexception
Stacktrace:
#0 0x557b4a408e3a <unknown>
#1 0x557b49d32c20 <unknown>
#2 0x557b49d85191 <unknown>
#3 0x557b49d82ae9 <unknown>
#4 0x557b49d7df87 <unknown>
#5 0x557b49dd37af <unknown>
#6 0x557b49d7c748 <unknown>
#7 0x557b49d7d511 <unknown>
#8 0x557b4a3cb3c5 <unknown>
#9 0x557b4a3c9bd5 <unknown>
#10 0x557b4a3b4c55 <unknown>
#11 0x557b4a3ca82a <unknown>
#12 0x557b4a39d329 <unknown>
#13 0x557b4a3f3248 <unknown>
#14 0x557b4a3f33e5 <unknown>
#15 0x557b4a407783 <unknown>
#16 0x7f692a69cb84 <unknown>
#17 0x7f692a729ecc <unknown>"
TO,MAURICIO BARROS DE AGUIAR,34558660000104,7896004700410,,,0.0,0.0,0.0,0.0,0.0,0.0,2026-10-04 15:04:04,ERRO,"Message: element not interactable
  (Session info: chrome=154.0.8037.57); For documentation on this error, please visit: https://www.selenium.dev/documentation/webdriver/troubleshooting/errors#elementnotinteractableexception
Stacktrace:
#0 0x557b4a408e3a <unknown>
#1 0x557b49d32c20 <unknown>
#2 0x557b49d85191 <unknown>
#3 0x557b49d82ae9 <unknown>
#4 0x557b49d7df87 <unknown>
#5 0x557b49dd37af <unknown>
#6 0x557b49d7c748 <unknown>
#7 0x557b49d7d511 <unknown>
#8 0x557b4a3cb3c5 <unknown>
#9 0x557b4a3c9bd5 <unknown>
#10 0x557b4a3b4c55 <unknown>
#11 0x557b4a3ca82a <unknown>
#12 0x557b4a39d329 <unknown>
#13 0x557b4a3f3248 <unknown>
#14 0x557b4a3f33e5 <unknown>
#15 0x557b4a407783 <unknown>
#16 0x7f692a69cb84 <unknown>
#17 0x7f692a729ecc <unknown>"
TO,MAURICIO BARROS DE AGUIAR,34558660000104,7896004700427,,,0.0,0.0,0.0,0.0,0.0,0.0,2026-10-04 15:04:05,ERRO,"Message: element not interactable
  (Session info: chrome=154.0.8037.57); For documentation on this error, please visit: https://www.selenium.dev/documentation/webdriver/troubleshooting/errors#elementnotinteractableexception
Stacktrace:
#0 0x557b4a408e3a <unknown>
#1 0x557b49d32c20 <unknown>
#2 0x557b49d85191 <unknown>
#3 0x557b49d82ae9 <unknown>
#4 0x557b49d7df87 <unknown>
#5 0x557b49dd37af <unknown>
#6 0x557b49d7c748 <unknown>
#7 0x557b49d7d511 <unknown>
#8 0x557b4a3cb3c5 <unknown>
#9 0x557b4a3c9bd5 <unknown>
#10 0x557b4a3b4c55 <unknown>
#11 0x557b4a3ca82a <unknown>
#12 0x557b4a39d329 <unknown>
#13 0x557b4a3f3248 <unknown>
#14 0x557b4a3f33e5 <unknown>
#15 0x557b4a407783 <unknown>
#16 0x7f692a69cb84 <unknown>
#17 0x7f692a729ecc <unknown>"
TO,MAURICIO BARROS DE AGUIAR,34558660000104,7896004700441,,,0.0,0.0,0.0,0.0,0.0,0.0,2026-10-04 15:04:06,ERRO,"Message: element not interactable
  (Session info: chrome=154.0.8037.57); For documentation on this error, please visit: https://www.selenium.dev/documentation/webdriver/troubleshooting/errors#elementnotinteractableexception
Stacktrace:
#0 0x557b4a408e3a <unknown>
#1 0x557b49d32c20 <unknown>
#2 0x557b49d85191 <unknown>
#3 0x557b49d82ae9 <unknown>
#4 0x557b49d7df87 <unknown>
#5 0x557b49dd37af <unknown>
#6 0x557b49d7c748 <unknown>
#7 0x557b49d7d511 <unknown>
#8 0x557b4a3cb3c5 <unknown>
#9 0x557b4a3c9bd5 <unknown>
#10 0x557b4a3b4c55 <unknown>
#11 0x557b4a3ca82a <unknown>
#12 0x557b4a39d329 <unknown>
#13 0x557b4a3f3248 <unknown>
#14 0x557b4a3f33e5 <unknown>
#15 0x557b4a407783 <unknown>
#16 0x7f692a69cb84 <unknown>
#17 0x7f692a729ecc <unknown>"
TO,MAURICIO BARROS DE AGUIAR,34558660000104,7896004700458,,,0.0,0.0,0.0,0.0,0.0,0.0,2026-10-04 15:04:07,ERRO,"Message: element not interactable
  (Session info: chrome=154.0.8037.57); For documentation on this error, please visit: https://www.selenium.dev/documentation/webdriver/troubleshooting/errors#elementnotinteractableexception
Stacktrace:
#0 0x557b4a408e3a <unknown>
#1 0x557b49d32c20 <unknown>
#2 0x557b49d85191 <unknown>
#3 0x557b49d82ae9 <unknown>
#4 0x557b49d7df87 <unknown>
#5 0x557b49dd37af <unknown>
#6 0x557b49d7c748 <unknown>
#7 0x557b49d7d511 <unknown>
#8 0x557b4a3cb3c5 <unknown>
#9 0x557b4a3c9bd5 <unknown>
#10 0x557b4a3b4c55 <unknown>
#11 0x557b4a3ca82a <unknown>
#12 0x557b4a39d329 <unknown>
#13 0x557b4a3f3248 <unknown>
#14 0x557b4a3f33e5 <unknown>
#15 0x557b4a407783 <unknown>
#16 0x7f692a69cb84 <unknown>
#17 0x7f692a729ecc <unknown>"
TO,MAURICIO BARROS DE AGUIAR,34558660000104,7896004700526,,,0.0,0.0,0.0,0.0,0.0,0.0,2026-10-04 15:04:09,ERRO,"Message: element not interactable
  (Session info: chrome=154.0.8037.57); For documentation on this error, please visit: https://www.selenium.dev/documentation/webdriver/troubleshooting/errors#elementnotinteractableexception
Stacktrace:
#0 0x557b4a408e3a <unknown>
#1 0x557b49d32c20 <unknown>
#2 0x557b49d85191 <unknown>
#3 0x557b49d82ae9 <unknown>
#4 0x557b49d7df87 <unknown>
#5 0x557b49dd37af <unknown>
#6 0x557b49d7c748 <unknown>
#7 0x557b49d7d511 <unknown>
#8 0x557b4a3cb3c5 <unknown>
#9 0x557b4a3c9bd5 <unknown>
#10 0x557b4a3b4c55 <unknown>
#11 0x557b4a3ca82a <unknown>
#12 0x557b4a39d329 <unknown>
#13 0x557b4a3f3248 <unknown>
#14 0x557b4a3f33e5 <unknown>
#15 0x557b4a407783 <unknown>
#16 0x7f692a69cb84 <unknown>
#17 0x7f692a729ecc <unknown>"
TO,MAURICIO BARROS DE AGUIAR,34558660000104,7896004700533,,,0.0,0.0,0.0,0.0,0.0,0.0,2026-10-04 15:04:10,ERRO,"Message: element not interactable
  (Session info: chrome=154.0.8037.57); For documentation on this error, please visit: https://www.selenium.dev/documentation/webdriver/troubleshooting/errors#elementnotinteractableexception
Stacktrace:
#0 0x557b4a408e3a <unknown>
#1 0x557b49d32c20 <unknown>
#2 0x557b49d85191 <unknown>
#3 0x557b49d82ae9 <unknown>
#4 0x557b49d7df87 <unknown>
#5 0x557b49dd37af <unknown>
#6 0x557b49d7c748 <unknown>
#7 0x557b49d7d511 <unknown>
#8 0x557b4a3cb3c5 <unknown>
#9 0x557b4a3c9bd5 <unknown>
#10 0x557b4a3b4c55 <unknown>
#11 0x557b4a3ca82a <unknown>
#12 0x557b4a39d329 <unknown>
#13 0x557b4a3f3248 <unknown>
#14 0x557b4a3f33e5 <unknown>
#15 0x557b4a407783 <unknown>
#16 0x7f692a69cb84 <unknown>
#17 0x7f692a729ecc <unknown>"
TO,MAURICIO BARROS DE AGUIAR,34558660000104,7896004700540,,,0.0,0.0,0.0,0.0,0.0,0.0,2026-10-04 15:04:11,ERRO,"Message: element not interactable
  (Session info: chrome=154.0.8037.57); For documentation on this error, please visit: https://www.selenium.dev/documentation/webdriver/troubleshooting/errors#elementnotinteractableexception
Stacktrace:
#0 0x557b4a408e3a <unknown>
#1 0x557b49d32c20 <unknown>
#2 0x557b49d85191 <unknown>
#3 0x557b49d82ae9 <unknown>
#4 0x557b49d7df87 <unknown>
#5 0x557b49dd37af <unknown>
#6 0x557b49d7c748 <unknown>
#7 0x557b49d7d511 <unknown>
#8 0x557b4a3cb3c5 <unknown>
#9 0x557b4a3c9bd5 <unknown>
#10 0x557b4a3b4c55 <unknown>
#11 0x557b4a3ca82a <unknown>
#12 0x557b4a39d329 <unknown>
#13 0x557b4a3f3248 <unknown>
#14 0x557b4a3f33e5 <unknown>
#15 0x557b4a407783 <unknown>
#16 0x7f692a69cb84 <unknown>
#17 0x7f692a729ecc <unknown>"
TO,MAURICIO BARROS DE AGUIAR,34558660000104,7896004700564,,,0.0,0.0,0.0,0.0,0.0,0.0,2026-10-04 15:04:12,ERRO,"Message: element not interactable
  (Session info: chrome=154.0.8037.57); For documentation on this error, please visit: https://www.selenium.dev/documentation/webdriver/troubleshooting/errors#elementnotinteractableexception
Stacktrace:
#0 0x557b4a408e3a <unknown>
#1 0x557b49d32c20 <unknown>
#2 0x557b49d85191 <unknown>
#3 0x557b49d82ae9 <unknown>
#4 0x557b49d7df87 <unknown>
#5 0x557b49dd37af <unknown>
#6 0x557b49d7c748 <unknown>
#7 0x557b49d7d511 <unknown>
#8 0x557b4a3cb3c5 <unknown>
#9 0x557b4a3c9bd5 <unknown>
#10 0x557b4a3b4c55 <unknown>
#11 0x557b4a3ca82a <unknown>
#12 0x557b4a39d329 <unknown>
#13 0x557b4a3f3248 <unknown>
#14 0x557b4a3f33e5 <unknown>
#15 0x557b4a407783 <unknown>
#16 0x7f692a69cb84 <unknown>
#17 0x7f692a729ecc <unknown>"
TO,MAURICIO BARROS DE AGUIAR,34558660000104,7896004700571,,,0.0,0.0,0.0,0.0,0.0,0.0,2026-10-04 15:04:13,ERRO,"Message: element not interactable
  (Session info: chrome=154.0.8037.57); For documentation on this error, please visit: https://www.selenium.dev/documentation/webdriver/troubleshooting/errors#elementnotinteractableexception
Stacktrace:
#0 0x557b4a408e3a <unknown>
#1 0x557b49d32c20 <unknown>
#2 0x557b49d85191 <unknown>
#3 0x557b49d82ae9 <unknown>
#4 0x557b49d7df87 <unknown>
#5 0x557b49dd37af <unknown>
#6 0x557b49d7c748 <unknown>
#7 0x557b49d7d511 <unknown>
#8 0x557b4a3cb3c5 <unknown>
#9 0x557b4a3c9bd5 <unknown>
#10 0x557b4a3b4c55 <unknown>
#11 0x557b4a3ca82a <unknown>
#12 0x557b4a39d329 <unknown>
#13 0x557b4a3f3248 <unknown>
#14 0x557b4a3f33e5 <unknown>
#15 0x557b4a407783 <unknown>
#16 0x7f692a69cb84 <unknown>
#17 0x7f692a729ecc <unknown>"
TO,MAURICIO BARROS DE AGUIAR,34558660000104,7896004700656,,,0.0,0.0,0.0,0.0,0.0,0.0,2026-10-04 15:04:14,ERRO,"Message: element not interactable
  (Session info: chrome=154.0.8037.57); For documentation on this error, please visit: https://www.selenium.dev/documentation/webdriver/troubleshooting/errors#elementnotinteractableexception
Stacktrace:
#0 0x557b4a408e3a <unknown>
#1 0x557b49d32c20 <unknown>
#2 0x557b49d85191 <unknown>
#3 0x557b49d82ae9 <unknown>
#4 0x557b49d7df87 <unknown>
#5 0x557b49dd37af <unknown>
#6 0x557b49d7c748 <unknown>
#7 0x557b49d7d511 <unknown>
#8 0x557b4a3cb3c5 <unknown>
#9 0x557b4a3c9bd5 <unknown>
#10 0x557b4a3b4c55 <unknown>
#11 0x557b4a3ca82a <unknown>
#12 0x557b4a39d329 <unknown>
#13 0x557b4a3f3248 <unknown>
#14 0x557b4a3f33e5 <unknown>
#15 0x557b4a407783 <unknown>
#16 0x7f692a69cb84 <unknown>
#17 0x7f692a729ecc <unknown>"
TO,MAURICIO BARROS DE AGUIAR,34558660000104,7896004700953,,,0.0,0.0,0.0,0.0,0.0,0.0,2026-10-04 15:04:15,ERRO,"Message: element not interactable
  (Session info: chrome=154.0.8037.57); For documentation on this error, please visit: https://www.selenium.dev/documentation/webdriver/troubleshooting/errors#elementnotinteractableexception
Stacktrace:
#0 0x557b4a408e3a <unknown>
#1 0x557b49d32c20 <unknown>
#2 0x557b49d85191 <unknown>
#3 0x557b49d82ae9 <unknown>
#4 0x557b49d7df87 <unknown>
#5 0x557b49dd37af <unknown>
#6 0x557b49d7c748 <unknown>
#7 0x557b49d7d511 <unknown>
#8 0x557b4a3cb3c5 <unknown>
#9 0x557b4a3c9bd5 <unknown>
#10 0x557b4a3b4c55 <unknown>
#11 0x557b4a3ca82a <unknown>
#12 0x557b4a39d329 <unknown>
#13 0x557b4a3f3248 <unknown>
#14 0x557b4a3f33e5 <unknown>
#15 0x557b4a407783 <unknown>
#16 0x7f692a69cb84 <unknown>
#17 0x7f692a729ecc <unknown>"
TO,MAURICIO BARROS DE AGUIAR,34558660000104,7896004700984,,,0.0,0.0,0.0,0.0,0.0,0.0,2026-10-04 15:04:16,ERRO,"Message: element not interactable
  (Session info: chrome=154.0.8037.57); For documentation on this error, please visit: https://www.selenium.dev/documentation/webdriver/troubleshooting/errors#elementnotinteractableexception
Stacktrace:
#0 0x557b4a408e3a <unknown>
#1 0x557b49d32c20 <unknown>
#2 0x557b49d85191 <unknown>
#3 0x557b49d82ae9 <unknown>
#4 0x557b49d7df87 <unknown>
#5 0x557b49dd37af <unknown>
#6 0x557b49d7c748 <unknown>
#7 0x557b49d7d511 <unknown>
#8 0x557b4a3cb3c5 <unknown>
#9 0x557b4a3c9bd5 <unknown>
#10 0x557b4a3b4c55 <unknown>
#11 0x557b4a3ca82a <unknown>
#12 0x557b4a39d329 <unknown>
#13 0x557b4a3f3248 <unknown>
#14 0x557b4a3f33e5 <unknown>
#15 0x557b4a407783 <unknown>
#16 0x7f692a69cb84 <unknown>
#17 0x7f692a729ecc <unknown>"
TO,MAURICIO BARROS DE AGUIAR,34558660000104,7896004700991,,,0.0,0.0,0.0,0.0,0.0,0.0,2026-10-04 15:04:17,ERRO,"Message: element not interactable
  (Session info: chrome=154.0.8037.57); For documentation on this error, please visit: https://www.selenium.dev/documentation/webdriver/troubleshooting/errors#elementnotinteractableexception
Stacktrace:
#0 0x557b4a408e3a <unknown>
#1 0x557b49d32c20 <unknown>
#2 0x557b49d85191 <unknown>
#3 0x557b49d82ae9 <unknown>
#4 0x557b49d7df87 <unknown>
#5 0x557b49dd37af <unknown>
#6 0x557b49d7c748 <unknown>
#7 0x557b49d7d511 <unknown>
#8 0x557b4a3cb3c5 <unknown>
#9 0x557b4a3c9bd5 <unknown>
#10 0x557b4a3b4c55 <unknown>
#11 0x557b4a3ca82a <unknown>
#12 0x557b4a39d329 <unknown>
#13 0x557b4a3f3248 <unknown>
#14 0x557b4a3f33e5 <unknown>
#15 0x557b4a407783 <unknown>
#16 0x7f692a69cb84 <unknown>
#17 0x7f692a729ecc <unknown>"
TO,MAURICIO BARROS DE AGUIAR,34558660000104,7896004701035,,,0.0,0.0,0.0,0.0,0.0,0.0,2026-10-04 15:04:18,ERRO,"Message: element not interactable
  (Session info: chrome=154.0.8037.57); For documentation on this error, please visit: https://www.selenium.dev/documentation/webdriver/troubleshooting/errors#elementnotinteractableexception
Stacktrace:
#0 0x557b4a408e3a <unknown>
#1 0x557b49d32c20 <unknown>
#2 0x557b49d85191 <unknown>
#3 0x557b49d82ae9 <unknown>
#4 0x557b49d7df87 <unknown>
#5 0x557b49dd37af <unknown>
#6 0x557b49d7c748 <unknown>
#7 0x557b49d7d511 <unknown>
#8 0x557b4a3cb3c5 <unknown>
#9 0x557b4a3c9bd5 <unknown>
#10 0x557b4a3b4c55 <unknown>
#11 0x557b4a3ca82a <unknown>
#12 0x557b4a39d329 <unknown>
#13 0x557b4a3f3248 <unknown>
#14 0x557b4a3f33e5 <unknown>
#15 0x557b4a407783 <unknown>
#16 0x7f692a69cb84 <unknown>
#17 0x7f692a729ecc <unknown>"
TO,MAURICIO BARROS DE AGUIAR,34558660000104,7896004701172,,,0.0,0.0,0.0,0.0,0.0,0.0,2026-10-04 15:04:20,ERRO,"Message: element not interactable
  (Session info: chrome=154.0.8037.57); For documentation on this error, please visit: https://www.selenium.dev/documentation/webdriver/troubleshooting/errors#elementnotinteractableexception
Stacktrace:
#0 0x557b4a408e3a <unknown>
#1 0x557b49d32c20 <unknown>
#2 0x557b49d85191 <unknown>
#3 0x557b49d82ae9 <unknown>
#4 0x557b49d7df87 <unknown>
#5 0x557b49dd37af <unknown>
#6 0x557b49d7c748 <unknown>
#7 0x557b49d7d511 <unknown>
#8 0x557b4a3cb3c5 <unknown>
#9 0x557b4a3c9bd5 <unknown>
#10 0x557b4a3b4c55 <unknown>
#11 0x557b4a3ca82a <unknown>
#12 0x557b4a39d329 <unknown>
#13 0x557b4a3f3248 <unknown>
#14 0x557b4a3f33e5 <unknown>
#15 0x557b4a407783 <unknown>
#16 0x7f692a69cb84 <unknown>
#17 0x7f692a729ecc <unknown>"
TO,MAURICIO BARROS DE AGUIAR,34558660000104,7896004701233,,,0.0,0.0,0.0,0.0,0.0,0.0,2026-10-04 15:04:21,ERRO,"Message: element not interactable
  (Session info: chrome=154.0.8037.57); For documentation on this error, please visit: https://www.selenium.dev/documentation/webdriver/troubleshooting/errors#elementnotinteractableexception
Stacktrace:
#0 0x557b4a408e3a <unknown>
#1 0x557b49d32c20 <unknown>
#2 0x557b49d85191 <unknown>
#3 0x557b49d82ae9 <unknown>
#4 0x557b49d7df87 <unknown>
#5 0x557b49dd37af <unknown>
#6 0x557b49d7c748 <unknown>
#7 0x557b49d7d511 <unknown>
#8 0x557b4a3cb3c5 <unknown>
#9 0x557b4a3c9bd5 <unknown>
#10 0x557b4a3b4c55 <unknown>
#11 0x557b4a3ca82a <unknown>
#12 0x557b4a39d329 <unknown>
#13 0x557b4a3f3248 <unknown>
#14 0x557b4a3f33e5 <unknown>
#15 0x557b4a407783 <unknown>
#16 0x7f692a69cb84 <unknown>
#17 0x7f692a729ecc <unknown>"
TO,MAURICIO BARROS DE AGUIAR,34558660000104,7896004701288,,,0.0,0.0,0.0,0.0,0.0,0.0,2026-10-04 15:04:22,ERRO,"Message: element not interactable
  (Session info: chrome=154.0.8037.57); For documentation on this error, please visit: https://www.selenium.dev/documentation/webdriver/troubleshooting/errors#elementnotinteractableexception
Stacktrace:
#0 0x557b4a408e3a <unknown>
#1 0x557b49d32c20 <unknown>
#2 0x557b49d85191 <unknown>
#3 0x557b49d82ae9 <unknown>
#4 0x557b49d7df87 <unknown>
#5 0x557b49dd37af <unknown>
#6 0x557b49d7c748 <unknown>
#7 0x557b49d7d511 <unknown>
#8 0x557b4a3cb3c5 <unknown>
#9 0x557b4a3c9bd5 <unknown>
#10 0x557b4a3b4c55 <unknown>
#11 0x557b4a3ca82a <unknown>
#12 0x557b4a39d329 <unknown>
#13 0x557b4a3f3248 <unknown>
#14 0x557b4a3f33e5 <unknown>
#15 0x557b4a407783 <unknown>
#16 0x7f692a69cb84 <unknown>
#17 0x7f692a729ecc <unknown>"
TO,MAURICIO BARROS DE AGUIAR,34558660000104,7896004701301,,,0.0,0.0,0.0,0.0,0.0,0.0,2026-10-04 15:04:23,ERRO,"Message: element not interactable
  (Session info: chrome=154.0.8037.57); For documentation on this error, please visit: https://www.selenium.dev/documentation/webdriver/troubleshooting/errors#elementnotinteractableexception
Stacktrace:
#0 0x557b4a408e3a <unknown>
#1 0x557b49d32c20 <unknown>
#2 0x557b49d85191 <unknown>
#3 0x557b49d82ae9 <unknown>
#4 0x557b49d7df87 <unknown>
#5 0x557b49dd37af <unknown>
#6 0x557b49d7c748 <unknown>
#7 0x557b49d7d511 <unknown>
#8 0x557b4a3cb3c5 <unknown>
#9 0x557b4a3c9bd5 <unknown>
#10 0x557b4a3b4c55 <unknown>
#11 0x557b4a3ca82a <unknown>
#12 0x557b4a39d329 <unknown>
#13 0x557b4a3f3248 <unknown>
#14 0x557b4a3f33e5 <unknown>
#15 0x557b4a407783 <unknown>
#16 0x7f692a69cb84 <unknown>
#17 0x7f692a729ecc <unknown>"
TO,MAURICIO BARROS DE AGUIAR,34558660000104,7896004701462,,,0.0,0.0,0.0,0.0,0.0,0.0,2026-10-04 15:04:24,ERRO,"Message: element not interactable
  (Session info: chrome=154.0.8037.57); For documentation on this error, please visit: https://www.selenium.dev/documentation/webdriver/troubleshooting/errors#elementnotinteractableexception
Stacktrace:
#0 0x557b4a408e3a <unknown>
#1 0x557b49d32c20 <unknown>
#2 0x557b49d85191 <unknown>
#3 0x557b49d82ae9 <unknown>
#4 0x557b49d7df87 <unknown>
#5 0x557b49dd37af <unknown>
#6 0x557b49d7c748 <unknown>
#7 0x557b49d7d511 <unknown>
#8 0x557b4a3cb3c5 <unknown>
#9 0x557b4a3c9bd5 <unknown>
#10 0x557b4a3b4c55 <unknown>
#11 0x557b4a3ca82a <unknown>
#12 0x557b4a39d329 <unknown>
#13 0x557b4a3f3248 <unknown>
#14 0x557b4a3f33e5 <unknown>
#15 0x557b4a407783 <unknown>
#16 0x7f692a69cb84 <unknown>
#17 0x7f692a729ecc <unknown>"
TO,MAURICIO BARROS DE AGUIAR,34558660000104,7896004701820,,,0.0,0.0,0.0,0.0,0.0,0.0,2026-10-04 15:04:25,ERRO,"Message: element not interactable
  (Session info: chrome=154.0.8037.57); For documentation on this error, please visit: https://www.selenium.dev/documentation/webdriver/troubleshooting/errors#elementnotinteractableexception
Stacktrace:
#0 0x557b4a408e3a <unknown>
#1 0x557b49d32c20 <unknown>
#2 0x557b49d85191 <unknown>
#3 0x557b49d82ae9 <unknown>
#4 0x557b49d7df87 <unknown>
#5 0x557b49dd37af <unknown>
#6 0x557b49d7c748 <unknown>
#7 0x557b49d7d511 <unknown>
#8 0x557b4a3cb3c5 <unknown>
#9 0x557b4a3c9bd5 <unknown>
#10 0x557b4a3b4c55 <unknown>
#11 0x557b4a3ca82a <unknown>
#12 0x557b4a39d329 <unknown>
#13 0x557b4a3f3248 <unknown>
#14 0x557b4a3f33e5 <unknown>
#15 0x557b4a407783 <unknown>
#16 0x7f692a69cb84 <unknown>
#17 0x7f692a729ecc <unknown>"
TO,MAURICIO BARROS DE AGUIAR,34558660000104,7896004701943,,,0.0,0.0,0.0,0.0,0.0,0.0,2026-10-04 15:04:26,ERRO,"Message: element not interactable
  (Session info: chrome=154.0.8037.57); For documentation on this error, please visit: https://www.selenium.dev/documentation/webdriver/troubleshooting/errors#elementnotinteractableexception
Stacktrace:
#0 0x557b4a408e3a <unknown>
#1 0x557b49d32c20 <unknown>
#2 0x557b49d85191 <unknown>
#3 0x557b49d82ae9 <unknown>
#4 0x557b49d7df87 <unknown>
#5 0x557b49dd37af <unknown>
#6 0x557b49d7c748 <unknown>
#7 0x557b49d7d511 <unknown>
#8 0x557b4a3cb3c5 <unknown>
#9 0x557b4a3c9bd5 <unknown>
#10 0x557b4a3b4c55 <unknown>
#11 0x557b4a3ca82a <unknown>
#12 0x557b4a39d329 <unknown>
#13 0x557b4a3f3248 <unknown>
#14 0x557b4a3f33e5 <unknown>
#15 0x557b4a407783 <unknown>
#16 0x7f692a69cb84 <unknown>
#17 0x7f692a729ecc <unknown>"
TO,MAURICIO BARROS DE AGUIAR,34558660000104,7896004701967,,,0.0,0.0,0.0,0.0,0.0,0.0,2026-10-04 15:04:27,ERRO,"Message: element not interactable
  (Session info: chrome=154.0.8037.57); For documentation on this error, please visit: https://www.selenium.dev/documentation/webdriver/troubleshooting/errors#elementnotinteractableexception
Stacktrace:
#0 0x557b4a408e3a <unknown>
#1 0x557b49d32c20 <unknown>
#2 0x557b49d85191 <unknown>
#3 0x557b49d82ae9 <unknown>
#4 0x557b49d7df87 <unknown>
#5 0x557b49dd37af <unknown>
#6 0x557b49d7c748 <unknown>
#7 0x557b49d7d511 <unknown>
#8 0x557b4a3cb3c5 <unknown>
#9 0x557b4a3c9bd5 <unknown>
#10 0x557b4a3b4c55 <unknown>
#11 0x557b4a3ca82a <unknown>
#12 0x557b4a39d329 <unknown>
#13 0x557b4a3f3248 <unknown>
#14 0x557b4a3f33e5 <unknown>
#15 0x557b4a407783 <unknown>
#16 0x7f692a69cb84 <unknown>
#17 0x7f692a729ecc <unknown>"
TO,MAURICIO BARROS DE AGUIAR,34558660000104,7896004702032,,,0.0,0.0,0.0,0.0,0.0,0.0,2026-10-04 15:04:28,ERRO,"Message: element not interactable
  (Session info: chrome=154.0.8037.57); For documentation on this error, please visit: https://www.selenium.dev/documentation/webdriver/troubleshooting/errors#elementnotinteractableexception
Stacktrace:
#0 0x557b4a408e3a <unknown>
#1 0x557b49d32c20 <unknown>
#2 0x557b49d85191 <unknown>
#3 0x557b49d82ae9 <unknown>
#4 0x557b49d7df87 <unknown>
#5 0x557b49dd37af <unknown>
#6 0x557b49d7c748 <unknown>
#7 0x557b49d7d511 <unknown>
#8 0x557b4a3cb3c5 <unknown>
#9 0x557b4a3c9bd5 <unknown>
#10 0x557b4a3b4c55 <unknown>
#11 0x557b4a3ca82a <unknown>
#12 0x557b4a39d329 <unknown>
#13 0x557b4a3f3248 <unknown>
#14 0x557b4a3f33e5 <unknown>
#15 0x557b4a407783 <unknown>
#16 0x7f692a69cb84 <unknown>
#17 0x7f692a729ecc <unknown>"
TO,MAURICIO BARROS DE AGUIAR,34558660000104,7896004702049,,,0.0,0.0,0.0,0.0,0.0,0.0,2026-10-04 15:04:29,ERRO,"Message: element not interactable
  (Session info: chrome=154.0.8037.57); For documentation on this error, please visit: https://www.selenium.dev/documentation/webdriver/troubleshooting/errors#elementnotinteractableexception
Stacktrace:
#0 0x557b4a408e3a <unknown>
#1 0x557b49d32c20 <unknown>
#2 0x557b49d85191 <unknown>
#3 0x557b49d82ae9 <unknown>
#4 0x557b49d7df87 <unknown>
#5 0x557b49dd37af <unknown>
#6 0x557b49d7c748 <unknown>
#7 0x557b49d7d511 <unknown>
#8 0x557b4a3cb3c5 <unknown>
#9 0x557b4a3c9bd5 <unknown>
#10 0x557b4a3b4c55 <unknown>
#11 0x557b4a3ca82a <unknown>
#12 0x557b4a39d329 <unknown>
#13 0x557b4a3f3248 <unknown>
#14 0x557b4a3f33e5 <unknown>
#15 0x557b4a407783 <unknown>
#16 0x7f692a69cb84 <unknown>
#17 0x7f692a729ecc <unknown>"
TO,MAURICIO BARROS DE AGUIAR,34558660000104,7896004702452,,,0.0,0.0,0.0,0.0,0.0,0.0,2026-10-04 15:04:31,ERRO,"Message: element not interactable
  (Session info: chrome=154.0.8037.57); For documentation on this error, please visit: https://www.selenium.dev/documentation/webdriver/troubleshooting/errors#elementnotinteractableexception
Stacktrace:
#0 0x557b4a408e3a <unknown>
#1 0x557b49d32c20 <unknown>
#2 0x557b49d85191 <unknown>
#3 0x557b49d82ae9 <unknown>
#4 0x557b49d7df87 <unknown>
#5 0x557b49dd37af <unknown>
#6 0x557b49d7c748 <unknown>
#7 0x557b49d7d511 <unknown>
#8 0x557b4a3cb3c5 <unknown>
#9 0x557b4a3c9bd5 <unknown>
#10 0x557b4a3b4c55 <unknown>
#11 0x557b4a3ca82a <unknown>
#12 0x557b4a39d329 <unknown>
#13 0x557b4a3f3248 <unknown>
#14 0x557b4a3f33e5 <unknown>
#15 0x557b4a407783 <unknown>
#16 0x7f692a69cb84 <unknown>
#17 0x7f692a729ecc <unknown>"
TO,MAURICIO BARROS DE AGUIAR,34558660000104,7896004703275,,,0.0,0.0,0.0,0.0,0.0,0.0,2026-10-04 15:04:32,ERRO,"Message: element not interactable
  (Session info: chrome=154.0.8037.57); For documentation on this error, please visit: https://www.selenium.dev/documentation/webdriver/troubleshooting/errors#elementnotinteractableexception
Stacktrace:
#0 0x557b4a408e3a <unknown>
#1 0x557b49d32c20 <unknown>
#2 0x557b49d85191 <unknown>
#3 0x557b49d82ae9 <unknown>
#4 0x557b49d7df87 <unknown>
#5 0x557b49dd37af <unknown>
#6 0x557b49d7c748 <unknown>
#7 0x557b49d7d511 <unknown>
#8 0x557b4a3cb3c5 <unknown>
#9 0x557b4a3c9bd5 <unknown>
#10 0x557b4a3b4c55 <unknown>
#11 0x557b4a3ca82a <unknown>
#12 0x557b4a39d329 <unknown>
#13 0x557b4a3f3248 <unknown>
#14 0x557b4a3f33e5 <unknown>
#15 0x557b4a407783 <unknown>
#16 0x7f692a69cb84 <unknown>
#17 0x7f692a729ecc <unknown>"
TO,MAURICIO BARROS DE AGUIAR,34558660000104,7896004703305,,,0.0,0.0,0.0,0.0,0.0,0.0,2026-10-04 15:04:33,ERRO,"Message: element not interactable
  (Session info: chrome=154.0.8037.57); For documentation on this error, please visit: https://www.selenium.dev/documentation/webdriver/troubleshooting/errors#elementnotinteractableexception
Stacktrace:
#0 0x557b4a408e3a <unknown>
#1 0x557b49d32c20 <unknown>
#2 0x557b49d85191 <unknown>
#3 0x557b49d82ae9 <unknown>
#4 0x557b49d7df87 <unknown>
#5 0x557b49dd37af <unknown>
#6 0x557b49d7c748 <unknown>
#7 0x557b49d7d511 <unknown>
#8 0x557b4a3cb3c5 <unknown>
#9 0x557b4a3c9bd5 <unknown>
#10 0x557b4a3b4c55 <unknown>
#11 0x557b4a3ca82a <unknown>
#12 0x557b4a39d329 <unknown>
#13 0x557b4a3f3248 <unknown>
#14 0x557b4a3f33e5 <unknown>
#15 0x557b4a407783 <unknown>
#16 0x7f692a69cb84 <unknown>
#17 0x7f692a729ecc <unknown>"
TO,MAURICIO BARROS DE AGUIAR,34558660000104,7896004703312,,,0.0,0.0,0.0,0.0,0.0,0.0,2026-10-04 15:04:34,ERRO,"Message: element not interactable
  (Session info: chrome=154.0.8037.57); For documentation on this error, please visit: https://www.selenium.dev/documentation/webdriver/troubleshooting/errors#elementnotinteractableexception
Stacktrace:
#0 0x557b4a408e3a <unknown>
#1 0x557b49d32c20 <unknown>
#2 0x557b49d85191 <unknown>
#3 0x557b49d82ae9 <unknown>
#4 0x557b49d7df87 <unknown>
#5 0x557b49dd37af <unknown>
#6 0x557b49d7c748 <unknown>
#7 0x557b49d7d511 <unknown>
#8 0x557b4a3cb3c5 <unknown>
#9 0x557b4a3c9bd5 <unknown>
#10 0x557b4a3b4c55 <unknown>
#11 0x557b4a3ca82a <unknown>
#12 0x557b4a39d329 <unknown>
#13 0x557b4a3f3248 <unknown>
#14 0x557b4a3f33e5 <unknown>
#15 0x557b4a407783 <unknown>
#16 0x7f692a69cb84 <unknown>
#17 0x7f692a729ecc <unknown>"
TO,MAURICIO BARROS DE AGUIAR,34558660000104,7896004703336,,,0.0,0.0,0.0,0.0,0.0,0.0,2026-10-04 15:04:35,ERRO,"Message: element not interactable
  (Session info: chrome=154.0.8037.57); For documentation on this error, please visit: https://www.selenium.dev/documentation/webdriver/troubleshooting/errors#elementnotinteractableexception
Stacktrace:
#0 0x557b4a408e3a <unknown>
#1 0x557b49d32c20 <unknown>
#2 0x557b49d85191 <unknown>
#3 0x557b49d82ae9 <unknown>
#4 0x557b49d7df87 <unknown>
#5 0x557b49dd37af <unknown>
#6 0x557b49d7c748 <unknown>
#7 0x557b49d7d511 <unknown>
#8 0x557b4a3cb3c5 <unknown>
#9 0x557b4a3c9bd5 <unknown>
#10 0x557b4a3b4c55 <unknown>
#11 0x557b4a3ca82a <unknown>
#12 0x557b4a39d329 <unknown>
#13 0x557b4a3f3248 <unknown>
#14 0x557b4a3f33e5 <unknown>
#15 0x557b4a407783 <unknown>
#16 0x7f692a69cb84 <unknown>
#17 0x7f692a729ecc <unknown>"
TO,MAURICIO BARROS DE AGUIAR,34558660000104,7896004703343,,,0.0,0.0,0.0,0.0,0.0,0.0,2026-10-04 15:04:36,ERRO,"Message: element not interactable
  (Session info: chrome=154.0.8037.57); For documentation on this error, please visit: https://www.selenium.dev/documentation/webdriver/troubleshooting/errors#elementnotinteractableexception
Stacktrace:
#0 0x557b4a408e3a <unknown>
#1 0x557b49d32c20 <unknown>
#2 0x557b49d85191 <unknown>
#3 0x557b49d82ae9 <unknown>
#4 0x557b49d7df87 <unknown>
#5 0x557b49dd37af <unknown>
#6 0x557b49d7c748 <unknown>
#7 0x557b49d7d511 <unknown>
#8 0x557b4a3cb3c5 <unknown>
#9 0x557b4a3c9bd5 <unknown>
#10 0x557b4a3b4c55 <unknown>
#11 0x557b4a3ca82a <unknown>
#12 0x557b4a39d329 <unknown>
#13 0x557b4a3f3248 <unknown>
#14 0x557b4a3f33e5 <unknown>
#15 0x557b4a407783 <unknown>
#16 0x7f692a69cb84 <unknown>
#17 0x7f692a729ecc <unknown>"
TO,MAURICIO BARROS DE AGUIAR,34558660000104,7896004703381,,,0.0,0.0,0.0,0.0,0.0,0.0,2026-10-04 15:04:37,ERRO,"Message: element not interactable
  (Session info: chrome=154.0.8037.57); For documentation on this error, please visit: https://www.selenium.dev/documentation/webdriver/troubleshooting/errors#elementnotinteractableexception
Stacktrace:
#0 0x557b4a408e3a <unknown>
#1 0x557b49d32c20 <unknown>
#2 0x557b49d85191 <unknown>
#3 0x557b49d82ae9 <unknown>
#4 0x557b49d7df87 <unknown>
#5 0x557b49dd37af <unknown>
#6 0x557b49d7c748 <unknown>
#7 0x557b49d7d511 <unknown>
#8 0x557b4a3cb3c5 <unknown>
#9 0x557b4a3c9bd5 <unknown>
#10 0x557b4a3b4c55 <unknown>
#11 0x557b4a3ca82a <unknown>
#12 0x557b4a39d329 <unknown>
#13 0x557b4a3f3248 <unknown>
#14 0x557b4a3f33e5 <unknown>
#15 0x557b4a407783 <unknown>
#16 0x7f692a69cb84 <unknown>
#17 0x7f692a729ecc <unknown>"
TO,MAURICIO BARROS DE AGUIAR,34558660000104,7896004703398,,,0.0,0.0,0.0,0.0,0.0,0.0,2026-10-04 15:04:38,ERRO,"Message: element not interactable
  (Session info: chrome=154.0.8037.57); For documentation on this error, please visit: https://www.selenium.dev/documentation/webdriver/troubleshooting/errors#elementnotinteractableexception
Stacktrace:
#0 0x557b4a408e3a <unknown>
#1 0x557b49d32c20 <unknown>
#2 0x557b49d85191 <unknown>
#3 0x557b49d82ae9 <unknown>
#4 0x557b49d7df87 <unknown>
#5 0x557b49dd37af <unknown>
#6 0x557b49d7c748 <unknown>
#7 0x557b49d7d511 <unknown>
#8 0x557b4a3cb3c5 <unknown>
#9 0x557b4a3c9bd5 <unknown>
#10 0x557b4a3b4c55 <unknown>
#11 0x557b4a3ca82a <unknown>
#12 0x557b4a39d329 <unknown>
#13 0x557b4a3f3248 <unknown>
#14 0x557b4a3f33e5 <unknown>
#15 0x557b4a407783 <unknown>
#16 0x7f692a69cb84 <unknown>
#17 0x7f692a729ecc <unknown>"
TO,MAURICIO BARROS DE AGUIAR,34558660000104,7896004703404,,,0.0,0.0,0.0,0.0,0.0,0.0,2026-10-04 15:04:39,ERRO,"Message: element not interactable
  (Session info: chrome=154.0.8037.57); For documentation on this error, please visit: https://www.selenium.dev/documentation/webdriver/troubleshooting/errors#elementnotinteractableexception
Stacktrace:
#0 0x557b4a408e3a <unknown>
#1 0x557b49d32c20 <unknown>
#2 0x557b49d85191 <unknown>
#3 0x557b49d82ae9 <unknown>
#4 0x557b49d7df87 <unknown>
#5 0x557b49dd37af <unknown>
#6 0x557b49d7c748 <unknown>
#7 0x557b49d7d511 <unknown>
#8 0x557b4a3cb3c5 <unknown>
#9 0x557b4a3c9bd5 <unknown>
#10 0x557b4a3b4c55 <unknown>
#11 0x557b4a3ca82a <unknown>
#12 0x557b4a39d329 <unknown>
#13 0x557b4a3f3248 <unknown>
#14 0x557b4a3f33e5 <unknown>
#15 0x557b4a407783 <unknown>
#16 0x7f692a69cb84 <unknown>
#17 0x7f692a729ecc <unknown>"
TO,MAURICIO BARROS DE AGUIAR,34558660000104,7896004703411,,,0.0,0.0,0.0,0.0,0.0,0.0,2026-10-04 15:04:40,ERRO,"Message: element not interactable
  (Session info: chrome=154.0.8037.57); For documentation on this error, please visit: https://www.selenium.dev/documentation/webdriver/troubleshooting/errors#elementnotinteractableexception
Stacktrace:
#0 0x557b4a408e3a <unknown>
#1 0x557b49d32c20 <unknown>
#2 0x557b49d85191 <unknown>
#3 0x557b49d82ae9 <unknown>
#4 0x557b49d7df87 <unknown>
#5 0x557b49dd37af <unknown>
#6 0x557b49d7c748 <unknown>
#7 0x557b49d7d511 <unknown>
#8 0x557b4a3cb3c5 <unknown>
#9 0x557b4a3c9bd5 <unknown>
#10 0x557b4a3b4c55 <unknown>
#11 0x557b4a3ca82a <unknown>
#12 0x557b4a39d329 <unknown>
#13 0x557b4a3f3248 <unknown>
#14 0x557b4a3f33e5 <unknown>
#15 0x557b4a407783 <unknown>
#16 0x7f692a69cb84 <unknown>
#17 0x7f692a729ecc <unknown>"
TO,MAURICIO BARROS DE AGUIAR,34558660000104,7896004703428,,,0.0,0.0,0.0,0.0,0.0,0.0,2026-10-04 15:04:42,ERRO,"Message: element not interactable
  (Session info: chrome=154.0.8037.57); For documentation on this error, please visit: https://www.selenium.dev/documentation/webdriver/troubleshooting/errors#elementnotinteractableexception
Stacktrace:
#0 0x557b4a408e3a <unknown>
#1 0x557b49d32c20 <unknown>
#2 0x557b49d85191 <unknown>
#3 0x557b49d82ae9 <unknown>
#4 0x557b49d7df87 <unknown>
#5 0x557b49dd37af <unknown>
#6 0x557b49d7c748 <unknown>
#7 0x557b49d7d511 <unknown>
#8 0x557b4a3cb3c5 <unknown>
#9 0x557b4a3c9bd5 <unknown>
#10 0x557b4a3b4c55 <unknown>
#11 0x557b4a3ca82a <unknown>
#12 0x557b4a39d329 <unknown>
#13 0x557b4a3f3248 <unknown>
#14 0x557b4a3f33e5 <unknown>
#15 0x557b4a407783 <unknown>
#16 0x7f692a69cb84 <unknown>
#17 0x7f692a729ecc <unknown>"
TO,MAURICIO BARROS DE AGUIAR,34558660000104,7896004703466,,,0.0,0.0,0.0,0.0,0.0,0.0,2026-10-04 15:04:43,ERRO,"Message: element not interactable
  (Session info: chrome=154.0.8037.57); For documentation on this error, please visit: https://www.selenium.dev/documentation/webdriver/troubleshooting/errors#elementnotinteractableexception
Stacktrace:
#0 0x557b4a408e3a <unknown>
#1 0x557b49d32c20 <unknown>
#2 0x557b49d85191 <unknown>
#3 0x557b49d82ae9 <unknown>
#4 0x557b49d7df87 <unknown>
#5 0x557b49dd37af <unknown>
#6 0x557b49d7c748 <unknown>
#7 0x557b49d7d511 <unknown>
#8 0x557b4a3cb3c5 <unknown>
#9 0x557b4a3c9bd5 <unknown>
#10 0x557b4a3b4c55 <unknown>
#11 0x557b4a3ca82a <unknown>
#12 0x557b4a39d329 <unknown>
#13 0x557b4a3f3248 <unknown>
#14 0x557b4a3f33e5 <unknown>
#15 0x557b4a407783 <unknown>
#16 0x7f692a69cb84 <unknown>
#17 0x7f692a729ecc <unknown>"
TO,MAURICIO BARROS DE AGUIAR,34558660000104,7896004703473,,,0.0,0.0,0.0,0.0,0.0,0.0,2026-10-04 15:04:44,ERRO,"Message: element not interactable
  (Session info: chrome=154.0.8037.57); For documentation on this error, please visit: https://www.selenium.dev/documentation/webdriver/troubleshooting/errors#elementnotinteractableexception
Stacktrace:
#0 0x557b4a408e3a <unknown>
#1 0x557b49d32c20 <unknown>
#2 0x557b49d85191 <unknown>
#3 0x557b49d82ae9 <unknown>
#4 0x557b49d7df87 <unknown>
#5 0x557b49dd37af <unknown>
#6 0x557b49d7c748 <unknown>
#7 0x557b49d7d511 <unknown>
#8 0x557b4a3cb3c5 <unknown>
#9 0x557b4a3c9bd5 <unknown>
#10 0x557b4a3b4c55 <unknown>
#11 0x557b4a3ca82a <unknown>
#12 0x557b4a39d329 <unknown>
#13 0x557b4a3f3248 <unknown>
#14 0x557b4a3f33e5 <unknown>
#15 0x557b4a407783 <unknown>
#16 0x7f692a69cb84 <unknown>
#17 0x7f692a729ecc <unknown>"
TO,MAURICIO BARROS DE AGUIAR,34558660000104,7896004703480,,,0.0,0.0,0.0,0.0,0.0,0.0,2026-10-04 15:04:45,ERRO,"Message: element not interactable
  (Session info: chrome=154.0.8037.57); For documentation on this error, please visit: https://www.selenium.dev/documentation/webdriver/troubleshooting/errors#elementnotinteractableexception
Stacktrace:
#0 0x557b4a408e3a <unknown>
#1 0x557b49d32c20 <unknown>
#2 0x557b49d85191 <unknown>
#3 0x557b49d82ae9 <unknown>
#4 0x557b49d7df87 <unknown>
#5 0x557b49dd37af <unknown>
#6 0x557b49d7c748 <unknown>
#7 0x557b49d7d511 <unknown>
#8 0x557b4a3cb3c5 <unknown>
#9 0x557b4a3c9bd5 <unknown>
#10 0x557b4a3b4c55 <unknown>
#11 0x557b4a3ca82a <unknown>
#12 0x557b4a39d329 <unknown>
#13 0x557b4a3f3248 <unknown>
#14 0x557b4a3f33e5 <unknown>
#15 0x557b4a407783 <unknown>
#16 0x7f692a69cb84 <unknown>
#17 0x7f692a729ecc <unknown>"
TO,MAURICIO BARROS DE AGUIAR,34558660000104,7896004703497,,,0.0,0.0,0.0,0.0,0.0,0.0,2026-10-04 15:04:46,ERRO,"Message: element not interactable
  (Session info: chrome=154.0.8037.57); For documentation on this error, please visit: https://www.selenium.dev/documentation/webdriver/troubleshooting/errors#elementnotinteractableexception
Stacktrace:
#0 0x557b4a408e3a <unknown>
#1 0x557b49d32c20 <unknown>
#2 0x557b49d85191 <unknown>
#3 0x557b49d82ae9 <unknown>
#4 0x557b49d7df87 <unknown>
#5 0x557b49dd37af <unknown>
#6 0x557b49d7c748 <unknown>
#7 0x557b49d7d511 <unknown>
#8 0x557b4a3cb3c5 <unknown>
#9 0x557b4a3c9bd5 <unknown>
#10 0x557b4a3b4c55 <unknown>
#11 0x557b4a3ca82a <unknown>
#12 0x557b4a39d329 <unknown>
#13 0x557b4a3f3248 <unknown>
#14 0x557b4a3f33e5 <unknown>
#15 0x557b4a407783 <unknown>
#16 0x7f692a69cb84 <unknown>
#17 0x7f692a729ecc <unknown>"
TO,MAURICIO BARROS DE AGUIAR,34558660000104,7896004703565,,,0.0,0.0,0.0,0.0,0.0,0.0,2026-10-04 15:04:47,ERRO,"Message: element not interactable
  (Session info: chrome=154.0.8037.57); For documentation on this error, please visit: https://www.selenium.dev/documentation/webdriver/troubleshooting/errors#elementnotinteractableexception
Stacktrace:
#0 0x557b4a408e3a <unknown>
#1 0x557b49d32c20 <unknown>
#2 0x557b49d85191 <unknown>
#3 0x557b49d82ae9 <unknown>
#4 0x557b49d7df87 <unknown>
#5 0x557b49dd37af <unknown>
#6 0x557b49d7c748 <unknown>
#7 0x557b49d7d511 <unknown>
#8 0x557b4a3cb3c5 <unknown>
#9 0x557b4a3c9bd5 <unknown>
#10 0x557b4a3b4c55 <unknown>
#11 0x557b4a3ca82a <unknown>
#12 0x557b4a39d329 <unknown>
#13 0x557b4a3f3248 <unknown>
#14 0x557b4a3f33e5 <unknown>
#15 0x557b4a407783 <unknown>
#16 0x7f692a69cb84 <unknown>
#17 0x7f692a729ecc <unknown>"
TO,MAURICIO BARROS DE AGUIAR,34558660000104,7896004703596,,,0.0,0.0,0.0,0.0,0.0,0.0,2026-10-04 15:04:48,ERRO,"Message: element not interactable
  (Session info: chrome=154.0.8037.57); For documentation on this error, please visit: https://www.selenium.dev/documentation/webdriver/troubleshooting/errors#elementnotinteractableexception
Stacktrace:
#0 0x557b4a408e3a <unknown>
#1 0x557b49d32c20 <unknown>
#2 0x557b49d85191 <unknown>
#3 0x557b49d82ae9 <unknown>
#4 0x557b49d7df87 <unknown>
#5 0x557b49dd37af <unknown>
#6 0x557b49d7c748 <unknown>
#7 0x557b49d7d511 <unknown>
#8 0x557b4a3cb3c5 <unknown>
#9 0x557b4a3c9bd5 <unknown>
#10 0x557b4a3b4c55 <unknown>
#11 0x557b4a3ca82a <unknown>
#12 0x557b4a39d329 <unknown>
#13 0x557b4a3f3248 <unknown>
#14 0x557b4a3f33e5 <unknown>
#15 0x557b4a407783 <unknown>
#16 0x7f692a69cb84 <unknown>
#17 0x7f692a729ecc <unknown>"
TO,MAURICIO BARROS DE AGUIAR,34558660000104,7896004703633,,,0.0,0.0,0.0,0.0,0.0,0.0,2026-10-04 15:04:49,ERRO,"Message: element not interactable
  (Session info: chrome=154.0.8037.57); For documentation on this error, please visit: https://www.selenium.dev/documentation/webdriver/troubleshooting/errors#elementnotinteractableexception
Stacktrace:
#0 0x557b4a408e3a <unknown>
#1 0x557b49d32c20 <unknown>
#2 0x557b49d85191 <unknown>
#3 0x557b49d82ae9 <unknown>
#4 0x557b49d7df87 <unknown>
#5 0x557b49dd37af <unknown>
#6 0x557b49d7c748 <unknown>
#7 0x557b49d7d511 <unknown>
#8 0x557b4a3cb3c5 <unknown>
#9 0x557b4a3c9bd5 <unknown>
#10 0x557b4a3b4c55 <unknown>
#11 0x557b4a3ca82a <unknown>
#12 0x557b4a39d329 <unknown>
#13 0x557b4a3f3248 <unknown>
#14 0x557b4a3f33e5 <unknown>
#15 0x557b4a407783 <unknown>
#16 0x7f692a69cb84 <unknown>
#17 0x7f692a729ecc <unknown>"
TO,MAURICIO BARROS DE AGUIAR,34558660000104,7896004703732,,,0.0,0.0,0.0,0.0,0.0,0.0,2026-10-04 15:04:50,ERRO,"Message: element not interactable
  (Session info: chrome=154.0.8037.57); For documentation on this error, please visit: https://www.selenium.dev/documentation/webdriver/troubleshooting/errors#elementnotinteractableexception
Stacktrace:
#0 0x557b4a408e3a <unknown>
#1 0x557b49d32c20 <unknown>
#2 0x557b49d85191 <unknown>
#3 0x557b49d82ae9 <unknown>
#4 0x557b49d7df87 <unknown>
#5 0x557b49dd37af <unknown>
#6 0x557b49d7c748 <unknown>
#7 0x557b49d7d511 <unknown>
#8 0x557b4a3cb3c5 <unknown>
#9 0x557b4a3c9bd5 <unknown>
#10 0x557b4a3b4c55 <unknown>
#11 0x557b4a3ca82a <unknown>
#12 0x557b4a39d329 <unknown>
#13 0x557b4a3f3248 <unknown>
#14 0x557b4a3f33e5 <unknown>
#15 0x557b4a407783 <unknown>
#16 0x7f692a69cb84 <unknown>
#17 0x7f692a729ecc <unknown>"
TO,MAURICIO BARROS DE AGUIAR,34558660000104,7896004703794,,,0.0,0.0,0.0,0.0,0.0,0.0,2026-10-04 15:04:51,ERRO,"Message: element not interactable
  (Session info: chrome=154.0.8037.57); For documentation on this error, please visit: https://www.selenium.dev/documentation/webdriver/troubleshooting/errors#elementnotinteractableexception
Stacktrace:
#0 0x557b4a408e3a <unknown>
#1 0x557b49d32c20 <unknown>
#2 0x557b49d85191 <unknown>
#3 0x557b49d82ae9 <unknown>
#4 0x557b49d7df87 <unknown>
#5 0x557b49dd37af <unknown>
#6 0x557b49d7c748 <unknown>
#7 0x557b49d7d511 <unknown>
#8 0x557b4a3cb3c5 <unknown>
#9 0x557b4a3c9bd5 <unknown>
#10 0x557b4a3b4c55 <unknown>
#11 0x557b4a3ca82a <unknown>
#12 0x557b4a39d329 <unknown>
#13 0x557b4a3f3248 <unknown>
#14 0x557b4a3f33e5 <unknown>
#15 0x557b4a407783 <unknown>
#16 0x7f692a69cb84 <unknown>
#17 0x7f692a729ecc <unknown>"
TO,MAURICIO BARROS DE AGUIAR,34558660000104,7896004704036,,,0.0,0.0,0.0,0.0,0.0,0.0,2026-10-04 15:04:52,ERRO,"Message: element not interactable
  (Session info: chrome=154.0.8037.57); For documentation on this error, please visit: https://www.selenium.dev/documentation/webdriver/troubleshooting/errors#elementnotinteractableexception
Stacktrace:
#0 0x557b4a408e3a <unknown>
#1 0x557b49d32c20 <unknown>
#2 0x557b49d85191 <unknown>
#3 0x557b49d82ae9 <unknown>
#4 0x557b49d7df87 <unknown>
#5 0x557b49dd37af <unknown>
#6 0x557b49d7c748 <unknown>
#7 0x557b49d7d511 <unknown>
#8 0x557b4a3cb3c5 <unknown>
#9 0x557b4a3c9bd5 <unknown>
#10 0x557b4a3b4c55 <unknown>
#11 0x557b4a3ca82a <unknown>
#12 0x557b4a39d329 <unknown>
#13 0x557b4a3f3248 <unknown>
#14 0x557b4a3f33e5 <unknown>
#15 0x557b4a407783 <unknown>
#16 0x7f692a69cb84 <unknown>
#17 0x7f692a729ecc <unknown>"
TO,MAURICIO BARROS DE AGUIAR,34558660000104,7896004704043,,,0.0,0.0,0.0,0.0,0.0,0.0,2026-10-04 15:04:54,ERRO,"Message: element not interactable
  (Session info: chrome=154.0.8037.57); For documentation on this error, please visit: https://www.selenium.dev/documentation/webdriver/troubleshooting/errors#elementnotinteractableexception
Stacktrace:
#0 0x557b4a408e3a <unknown>
#1 0x557b49d32c20 <unknown>
#2 0x557b49d85191 <unknown>
#3 0x557b49d82ae9 <unknown>
#4 0x557b49d7df87 <unknown>
#5 0x557b49dd37af <unknown>
#6 0x557b49d7c748 <unknown>
#7 0x557b49d7d511 <unknown>
#8 0x557b4a3cb3c5 <unknown>
#9 0x557b4a3c9bd5 <unknown>
#10 0x557b4a3b4c55 <unknown>
#11 0x557b4a3ca82a <unknown>
#12 0x557b4a39d329 <unknown>
#13 0x557b4a3f3248 <unknown>
#14 0x557b4a3f33e5 <unknown>
#15 0x557b4a407783 <unknown>
#16 0x7f692a69cb84 <unknown>
#17 0x7f692a729ecc <unknown>"
TO,MAURICIO BARROS DE AGUIAR,34558660000104,7896004704180,,,0.0,0.0,0.0,0.0,0.0,0.0,2026-10-04 15:04:55,ERRO,"Message: element not interactable
  (Session info: chrome=154.0.8037.57); For documentation on this error, please visit: https://www.selenium.dev/documentation/webdriver/troubleshooting/errors#elementnotinteractableexception
Stacktrace:
#0 0x557b4a408e3a <unknown>
#1 0x557b49d32c20 <unknown>
#2 0x557b49d85191 <unknown>
#3 0x557b49d82ae9 <unknown>
#4 0x557b49d7df87 <unknown>
#5 0x557b49dd37af <unknown>
#6 0x557b49d7c748 <unknown>
#7 0x557b49d7d511 <unknown>
#8 0x557b4a3cb3c5 <unknown>
#9 0x557b4a3c9bd5 <unknown>
#10 0x557b4a3b4c55 <unknown>
#11 0x557b4a3ca82a <unknown>
#12 0x557b4a39d329 <unknown>
#13 0x557b4a3f3248 <unknown>
#14 0x557b4a3f33e5 <unknown>
#15 0x557b4a407783 <unknown>
#16 0x7f692a69cb84 <unknown>
#17 0x7f692a729ecc <unknown>"
TO,MAURICIO BARROS DE AGUIAR,34558660000104,7896004704210,,,0.0,0.0,0.0,0.0,0.0,0.0,2026-10-04 15:04:56,ERRO,"Message: element not interactable
  (Session info: chrome=154.0.8037.57); For documentation on this error, please visit: https://www.selenium.dev/documentation/webdriver/troubleshooting/errors#elementnotinteractableexception
Stacktrace:
#0 0x557b4a408e3a <unknown>
#1 0x557b49d32c20 <unknown>
#2 0x557b49d85191 <unknown>
#3 0x557b49d82ae9 <unknown>
#4 0x557b49d7df87 <unknown>
#5 0x557b49dd37af <unknown>
#6 0x557b49d7c748 <unknown>
#7 0x557b49d7d511 <unknown>
#8 0x557b4a3cb3c5 <unknown>
#9 0x557b4a3c9bd5 <unknown>
#10 0x557b4a3b4c55 <unknown>
#11 0x557b4a3ca82a <unknown>
#12 0x557b4a39d329 <unknown>
#13 0x557b4a3f3248 <unknown>
#14 0x557b4a3f33e5 <unknown>
#15 0x557b4a407783 <unknown>
#16 0x7f692a69cb84 <unknown>
#17 0x7f692a729ecc <unknown>"
TO,MAURICIO BARROS DE AGUIAR,34558660000104,7896004704326,,,0.0,0.0,0.0,0.0,0.0,0.0,2026-10-04 15:04:57,ERRO,"Message: element not interactable
  (Session info: chrome=154.0.8037.57); For documentation on this error, please visit: https://www.selenium.dev/documentation/webdriver/troubleshooting/errors#elementnotinteractableexception
Stacktrace:
#0 0x557b4a408e3a <unknown>
#1 0x557b49d32c20 <unknown>
#2 0x557b49d85191 <unknown>
#3 0x557b49d82ae9 <unknown>
#4 0x557b49d7df87 <unknown>
#5 0x557b49dd37af <unknown>
#6 0x557b49d7c748 <unknown>
#7 0x557b49d7d511 <unknown>
#8 0x557b4a3cb3c5 <unknown>
#9 0x557b4a3c9bd5 <unknown>
#10 0x557b4a3b4c55 <unknown>
#11 0x557b4a3ca82a <unknown>
#12 0x557b4a39d329 <unknown>
#13 0x557b4a3f3248 <unknown>
#14 0x557b4a3f33e5 <unknown>
#15 0x557b4a407783 <unknown>
#16 0x7f692a69cb84 <unknown>
#17 0x7f692a729ecc <unknown>"
TO,MAURICIO BARROS DE AGUIAR,34558660000104,7896004704364,,,0.0,0.0,0.0,0.0,0.0,0.0,2026-10-04 15:04:58,ERRO,"Message: element not interactable
  (Session info: chrome=154.0.8037.57); For documentation on this error, please visit: https://www.selenium.dev/documentation/webdriver/troubleshooting/errors#elementnotinteractableexception
Stacktrace:
#0 0x557b4a408e3a <unknown>
#1 0x557b49d32c20 <unknown>
#2 0x557b49d85191 <unknown>
#3 0x557b49d82ae9 <unknown>
#4 0x557b49d7df87 <unknown>
#5 0x557b49dd37af <unknown>
#6 0x557b49d7c748 <unknown>
#7 0x557b49d7d511 <unknown>
#8 0x557b4a3cb3c5 <unknown>
#9 0x557b4a3c9bd5 <unknown>
#10 0x557b4a3b4c55 <unknown>
#11 0x557b4a3ca82a <unknown>
#12 0x557b4a39d329 <unknown>
#13 0x557b4a3f3248 <unknown>
#14 0x557b4a3f33e5 <unknown>
#15 0x557b4a407783 <unknown>
#16 0x7f692a69cb84 <unknown>
#17 0x7f692a729ecc <unknown>"
TO,MAURICIO BARROS DE AGUIAR,34558660000104,7896004704586,,,0.0,0.0,0.0,0.0,0.0,0.0,2026-10-04 15:04:59,ERRO,"Message: element not interactable
  (Session info: chrome=154.0.8037.57); For documentation on this error, please visit: https://www.selenium.dev/documentation/webdriver/troubleshooting/errors#elementnotinteractableexception
Stacktrace:
#0 0x557b4a408e3a <unknown>
#1 0x557b49d32c20 <unknown>
#2 0x557b49d85191 <unknown>
#3 0x557b49d82ae9 <unknown>
#4 0x557b49d7df87 <unknown>
#5 0x557b49dd37af <unknown>
#6 0x557b49d7c748 <unknown>
#7 0x557b49d7d511 <unknown>
#8 0x557b4a3cb3c5 <unknown>
#9 0x557b4a3c9bd5 <unknown>
#10 0x557b4a3b4c55 <unknown>
#11 0x557b4a3ca82a <unknown>
#12 0x557b4a39d329 <unknown>
#13 0x557b4a3f3248 <unknown>
#14 0x557b4a3f33e5 <unknown>
#15 0x557b4a407783 <unknown>
#16 0x7f692a69cb84 <unknown>
#17 0x7f692a729ecc <unknown>"
TO,MAURICIO BARROS DE AGUIAR,34558660000104,7896004704593,,,0.0,0.0,0.0,0.0,0.0,0.0,2026-10-04 15:05:00,ERRO,"Message: element not interactable
  (Session info: chrome=154.0.8037.57); For documentation on this error, please visit: https://www.selenium.dev/documentation/webdriver/troubleshooting/errors#elementnotinteractableexception
Stacktrace:
#0 0x557b4a408e3a <unknown>
#1 0x557b49d32c20 <unknown>
#2 0x557b49d85191 <unknown>
#3 0x557b49d82ae9 <unknown>
#4 0x557b49d7df87 <unknown>
#5 0x557b49dd37af <unknown>
#6 0x557b49d7c748 <unknown>
#7 0x557b49d7d511 <unknown>
#8 0x557b4a3cb3c5 <unknown>
#9 0x557b4a3c9bd5 <unknown>
#10 0x557b4a3b4c55 <unknown>
#11 0x557b4a3ca82a <unknown>
#12 0x557b4a39d329 <unknown>
#13 0x557b4a3f3248 <unknown>
#14 0x557b4a3f33e5 <unknown>
#15 0x557b4a407783 <unknown>
#16 0x7f692a69cb84 <unknown>
#17 0x7f692a729ecc <unknown>"
TO,MAURICIO BARROS DE AGUIAR,34558660000104,7896004704623,,,0.0,0.0,0.0,0.0,0.0,0.0,2026-10-04 15:05:01,ERRO,"Message: element not interactable
  (Session info: chrome=154.0.8037.57); For documentation on this error, please visit: https://www.selenium.dev/documentation/webdriver/troubleshooting/errors#elementnotinteractableexception
Stacktrace:
#0 0x557b4a408e3a <unknown>
#1 0x557b49d32c20 <unknown>
#2 0x557b49d85191 <unknown>
#3 0x557b49d82ae9 <unknown>
#4 0x557b49d7df87 <unknown>
#5 0x557b49dd37af <unknown>
#6 0x557b49d7c748 <unknown>
#7 0x557b49d7d511 <unknown>
#8 0x557b4a3cb3c5 <unknown>
#9 0x557b4a3c9bd5 <unknown>
#10 0x557b4a3b4c55 <unknown>
#11 0x557b4a3ca82a <unknown>
#12 0x557b4a39d329 <unknown>
#13 0x557b4a3f3248 <unknown>
#14 0x557b4a3f33e5 <unknown>
#15 0x557b4a407783 <unknown>
#16 0x7f692a69cb84 <unknown>
#17 0x7f692a729ecc <unknown>"
TO,MAURICIO BARROS DE AGUIAR,34558660000104,7896004704692,,,0.0,0.0,0.0,0.0,0.0,0.0,2026-10-04 15:05:02,ERRO,"Message: element not interactable
  (Session info: chrome=154.0.8037.57); For documentation on this error, please visit: https://www.selenium.dev/documentation/webdriver/troubleshooting/errors#elementnotinteractableexception
Stacktrace:
#0 0x557b4a408e3a <unknown>
#1 0x557b49d32c20 <unknown>
#2 0x557b49d85191 <unknown>
#3 0x557b49d82ae9 <unknown>
#4 0x557b49d7df87 <unknown>
#5 0x557b49dd37af <unknown>
#6 0x557b49d7c748 <unknown>
#7 0x557b49d7d511 <unknown>
#8 0x557b4a3cb3c5 <unknown>
#9 0x557b4a3c9bd5 <unknown>
#10 0x557b4a3b4c55 <unknown>
#11 0x557b4a3ca82a <unknown>
#12 0x557b4a39d329 <unknown>
#13 0x557b4a3f3248 <unknown>
#14 0x557b4a3f33e5 <unknown>
#15 0x557b4a407783 <unknown>
#16 0x7f692a69cb84 <unknown>
#17 0x7f692a729ecc <unknown>"
TO,MAURICIO BARROS DE AGUIAR,34558660000104,7896004704999,,,0.0,0.0,0.0,0.0,0.0,0.0,2026-10-04 15:05:03,ERRO,"Message: element not interactable
  (Session info: chrome=154.0.8037.57); For documentation on this error, please visit: https://www.selenium.dev/documentation/webdriver/troubleshooting/errors#elementnotinteractableexception
Stacktrace:
#0 0x557b4a408e3a <unknown>
#1 0x557b49d32c20 <unknown>
#2 0x557b49d85191 <unknown>
#3 0x557b49d82ae9 <unknown>
#4 0x557b49d7df87 <unknown>
#5 0x557b49dd37af <unknown>
#6 0x557b49d7c748 <unknown>
#7 0x557b49d7d511 <unknown>
#8 0x557b4a3cb3c5 <unknown>
#9 0x557b4a3c9bd5 <unknown>
#10 0x557b4a3b4c55 <unknown>
#11 0x557b4a3ca82a <unknown>
#12 0x557b4a39d329 <unknown>
#13 0x557b4a3f3248 <unknown>
#14 0x557b4a3f33e5 <unknown>
#15 0x557b4a407783 <unknown>
#16 0x7f692a69cb84 <unknown>
#17 0x7f692a729ecc <unknown>"
TO,MAURICIO BARROS DE AGUIAR,34558660000104,7896004705057,,,0.0,0.0,0.0,0.0,0.0,0.0,2026-10-04 15:05:05,ERRO,"Message: element not interactable
  (Session info: chrome=154.0.8037.57); For documentation on this error, please visit: https://www.selenium.dev/documentation/webdriver/troubleshooting/errors#elementnotinteractableexception
Stacktrace:
#0 0x557b4a408e3a <unknown>
#1 0x557b49d32c20 <unknown>
#2 0x557b49d85191 <unknown>
#3 0x557b49d82ae9 <unknown>
#4 0x557b49d7df87 <unknown>
#5 0x557b49dd37af <unknown>
#6 0x557b49d7c748 <unknown>
#7 0x557b49d7d511 <unknown>
#8 0x557b4a3cb3c5 <unknown>
#9 0x557b4a3c9bd5 <unknown>
#10 0x557b4a3b4c55 <unknown>
#11 0x557b4a3ca82a <unknown>
#12 0x557b4a39d329 <unknown>
#13 0x557b4a3f3248 <unknown>
#14 0x557b4a3f33e5 <unknown>
#15 0x557b4a407783 <unknown>
#16 0x7f692a69cb84 <unknown>
#17 0x7f692a729ecc <unknown>"
TO,MAURICIO BARROS DE AGUIAR,34558660000104,7896004705071,,,0.0,0.0,0.0,0.0,0.0,0.0,2026-10-04 15:05:06,ERRO,"Message: element not interactable
  (Session info: chrome=154.0.8037.57); For documentation on this error, please visit: https://www.selenium.dev/documentation/webdriver/troubleshooting/errors#elementnotinteractableexception
Stacktrace:
#0 0x557b4a408e3a <unknown>
#1 0x557b49d32c20 <unknown>
#2 0x557b49d85191 <unknown>
#3 0x557b49d82ae9 <unknown>
#4 0x557b49d7df87 <unknown>
#5 0x557b49dd37af <unknown>
#6 0x557b49d7c748 <unknown>
#7 0x557b49d7d511 <unknown>
#8 0x557b4a3cb3c5 <unknown>
#9 0x557b4a3c9bd5 <unknown>
#10 0x557b4a3b4c55 <unknown>
#11 0x557b4a3ca82a <unknown>
#12 0x557b4a39d329 <unknown>
#13 0x557b4a3f3248 <unknown>
#14 0x557b4a3f33e5 <unknown>
#15 0x557b4a407783 <unknown>
#16 0x7f692a69cb84 <unknown>
#17 0x7f692a729ecc <unknown>"
TO,MAURICIO BARROS DE AGUIAR,34558660000104,7896004705088,,,0.0,0.0,0.0,0.0,0.0,0.0,2026-10-04 15:05:07,ERRO,"Message: element not interactable
  (Session info: chrome=154.0.8037.57); For documentation on this error, please visit: https://www.selenium.dev/documentation/webdriver/troubleshooting/errors#elementnotinteractableexception
Stacktrace:
#0 0x557b4a408e3a <unknown>
#1 0x557b49d32c20 <unknown>
#2 0x557b49d85191 <unknown>
#3 0x557b49d82ae9 <unknown>
#4 0x557b49d7df87 <unknown>
#5 0x557b49dd37af <unknown>
#6 0x557b49d7c748 <unknown>
#7 0x557b49d7d511 <unknown>
#8 0x557b4a3cb3c5 <unknown>
#9 0x557b4a3c9bd5 <unknown>
#10 0x557b4a3b4c55 <unknown>
#11 0x557b4a3ca82a <unknown>
#12 0x557b4a39d329 <unknown>
#13 0x557b4a3f3248 <unknown>
#14 0x557b4a3f33e5 <unknown>
#15 0x557b4a407783 <unknown>
#16 0x7f692a69cb84 <unknown>
#17 0x7f692a729ecc <unknown>"
TO,MAURICIO BARROS DE AGUIAR,34558660000104,7896004705118,,,0.0,0.0,0.0,0.0,0.0,0.0,2026-10-04 15:05:08,ERRO,"Message: element not interactable
  (Session info: chrome=154.0.8037.57); For documentation on this error, please visit: https://www.selenium.dev/documentation/webdriver/troubleshooting/errors#elementnotinteractableexception
Stacktrace:
#0 0x557b4a408e3a <unknown>
#1 0x557b49d32c20 <unknown>
#2 0x557b49d85191 <unknown>
#3 0x557b49d82ae9 <unknown>
#4 0x557b49d7df87 <unknown>
#5 0x557b49dd37af <unknown>
#6 0x557b49d7c748 <unknown>
#7 0x557b49d7d511 <unknown>
#8 0x557b4a3cb3c5 <unknown>
#9 0x557b4a3c9bd5 <unknown>
#10 0x557b4a3b4c55 <unknown>
#11 0x557b4a3ca82a <unknown>
#12 0x557b4a39d329 <unknown>
#13 0x557b4a3f3248 <unknown>
#14 0x557b4a3f33e5 <unknown>
#15 0x557b4a407783 <unknown>
#16 0x7f692a69cb84 <unknown>
#17 0x7f692a729ecc <unknown>"
TO,MAURICIO BARROS DE AGUIAR,34558660000104,7896004705125,,,0.0,0.0,0.0,0.0,0.0,0.0,2026-10-04 15:05:09,ERRO,"Message: element not interactable
  (Session info: chrome=154.0.8037.57); For documentation on this error, please visit: https://www.selenium.dev/documentation/webdriver/troubleshooting/errors#elementnotinteractableexception
Stacktrace:
#0 0x557b4a408e3a <unknown>
#1 0x557b49d32c20 <unknown>
#2 0x557b49d85191 <unknown>
#3 0x557b49d82ae9 <unknown>
#4 0x557b49d7df87 <unknown>
#5 0x557b49dd37af <unknown>
#6 0x557b49d7c748 <unknown>
#7 0x557b49d7d511 <unknown>
#8 0x557b4a3cb3c5 <unknown>
#9 0x557b4a3c9bd5 <unknown>
#10 0x557b4a3b4c55 <unknown>
#11 0x557b4a3ca82a <unknown>
#12 0x557b4a39d329 <unknown>
#13 0x557b4a3f3248 <unknown>
#14 0x557b4a3f33e5 <unknown>
#15 0x557b4a407783 <unknown>
#16 0x7f692a69cb84 <unknown>
#17 0x7f692a729ecc <unknown>"
TO,MAURICIO BARROS DE AGUIAR,34558660000104,7896004705132,,,0.0,0.0,0.0,0.0,0.0,0.0,2026-10-04 15:05:10,ERRO,"Message: element not interactable
  (Session info: chrome=154.0.8037.57); For documentation on this error, please visit: https://www.selenium.dev/documentation/webdriver/troubleshooting/errors#elementnotinteractableexception
Stacktrace:
#0 0x557b4a408e3a <unknown>
#1 0x557b49d32c20 <unknown>
#2 0x557b49d85191 <unknown>
#3 0x557b49d82ae9 <unknown>
#4 0x557b49d7df87 <unknown>
#5 0x557b49dd37af <unknown>
#6 0x557b49d7c748 <unknown>
#7 0x557b49d7d511 <unknown>
#8 0x557b4a3cb3c5 <unknown>
#9 0x557b4a3c9bd5 <unknown>
#10 0x557b4a3b4c55 <unknown>
#11 0x557b4a3ca82a <unknown>
#12 0x557b4a39d329 <unknown>
#13 0x557b4a3f3248 <unknown>
#14 0x557b4a3f33e5 <unknown>
#15 0x557b4a407783 <unknown>
#16 0x7f692a69cb84 <unknown>
#17 0x7f692a729ecc <unknown>"
TO,MAURICIO BARROS DE AGUIAR,34558660000104,7896004705323,,,0.0,0.0,0.0,0.0,0.0,0.0,2026-10-04 15:05:11,ERRO,"Message: element not interactable
  (Session info: chrome=154.0.8037.57); For documentation on this error, please visit: https://www.selenium.dev/documentation/webdriver/troubleshooting/errors#elementnotinteractableexception
Stacktrace:
#0 0x557b4a408e3a <unknown>
#1 0x557b49d32c20 <unknown>
#2 0x557b49d85191 <unknown>
#3 0x557b49d82ae9 <unknown>
#4 0x557b49d7df87 <unknown>
#5 0x557b49dd37af <unknown>
#6 0x557b49d7c748 <unknown>
#7 0x557b49d7d511 <unknown>
#8 0x557b4a3cb3c5 <unknown>
#9 0x557b4a3c9bd5 <unknown>
#10 0x557b4a3b4c55 <unknown>
#11 0x557b4a3ca82a <unknown>
#12 0x557b4a39d329 <unknown>
#13 0x557b4a3f3248 <unknown>
#14 0x557b4a3f33e5 <unknown>
#15 0x557b4a407783 <unknown>
#16 0x7f692a69cb84 <unknown>
#17 0x7f692a729ecc <unknown>"
TO,MAURICIO BARROS DE AGUIAR,34558660000104,7896004705330,,,0.0,0.0,0.0,0.0,0.0,0.0,2026-10-04 15:05:12,ERRO,"Message: element not interactable
  (Session info: chrome=154.0.8037.57); For documentation on this error, please visit: https://www.selenium.dev/documentation/webdriver/troubleshooting/errors#elementnotinteractableexception
Stacktrace:
#0 0x557b4a408e3a <unknown>
#1 0x557b49d32c20 <unknown>
#2 0x557b49d85191 <unknown>
#3 0x557b49d82ae9 <unknown>
#4 0x557b49d7df87 <unknown>
#5 0x557b49dd37af <unknown>
#6 0x557b49d7c748 <unknown>
#7 0x557b49d7d511 <unknown>
#8 0x557b4a3cb3c5 <unknown>
#9 0x557b4a3c9bd5 <unknown>
#10 0x557b4a3b4c55 <unknown>
#11 0x557b4a3ca82a <unknown>
#12 0x557b4a39d329 <unknown>
#13 0x557b4a3f3248 <unknown>
#14 0x557b4a3f33e5 <unknown>
#15 0x557b4a407783 <unknown>
#16 0x7f692a69cb84 <unknown>
#17 0x7f692a729ecc <unknown>"
TO,MAURICIO BARROS DE AGUIAR,34558660000104,7896004705347,,,0.0,0.0,0.0,0.0,0.0,0.0,2026-10-04 15:05:13,ERRO,"Message: element not interactable
  (Session info: chrome=154.0.8037.57); For documentation on this error, please visit: https://www.selenium.dev/documentation/webdriver/troubleshooting/errors#elementnotinteractableexception
Stacktrace:
#0 0x557b4a408e3a <unknown>
#1 0x557b49d32c20 <unknown>
#2 0x557b49d85191 <unknown>
#3 0x557b49d82ae9 <unknown>
#4 0x557b49d7df87 <unknown>
#5 0x557b49dd37af <unknown>
#6 0x557b49d7c748 <unknown>
#7 0x557b49d7d511 <unknown>
#8 0x557b4a3cb3c5 <unknown>
#9 0x557b4a3c9bd5 <unknown>
#10 0x557b4a3b4c55 <unknown>
#11 0x557b4a3ca82a <unknown>
#12 0x557b4a39d329 <unknown>
#13 0x557b4a3f3248 <unknown>
#14 0x557b4a3f33e5 <unknown>
#15 0x557b4a407783 <unknown>
#16 0x7f692a69cb84 <unknown>
#17 0x7f692a729ecc <unknown>"
TO,MAURICIO BARROS DE AGUIAR,34558660000104,7896004705477,,,0.0,0.0,0.0,0.0,0.0,0.0,2026-10-04 15:05:14,ERRO,"Message: element not interactable
  (Session info: chrome=154.0.8037.57); For documentation on this error, please visit: https://www.selenium.dev/documentation/webdriver/troubleshooting/errors#elementnotinteractableexception
Stacktrace:
#0 0x557b4a408e3a <unknown>
#1 0x557b49d32c20 <unknown>
#2 0x557b49d85191 <unknown>
#3 0x557b49d82ae9 <unknown>
#4 0x557b49d7df87 <unknown>
#5 0x557b49dd37af <unknown>
#6 0x557b49d7c748 <unknown>
#7 0x557b49d7d511 <unknown>
#8 0x557b4a3cb3c5 <unknown>
#9 0x557b4a3c9bd5 <unknown>
#10 0x557b4a3b4c55 <unknown>
#11 0x557b4a3ca82a <unknown>
#12 0x557b4a39d329 <unknown>
#13 0x557b4a3f3248 <unknown>
#14 0x557b4a3f33e5 <unknown>
#15 0x557b4a407783 <unknown>
#16 0x7f692a69cb84 <unknown>
#17 0x7f692a729ecc <unknown>"
TO,MAURICIO BARROS DE AGUIAR,34558660000104,7896004705583,,,0.0,0.0,0.0,0.0,0.0,0.0,2026-10-04 15:05:16,ERRO,"Message: element not interactable
  (Session info: chrome=154.0.8037.57); For documentation on this error, please visit: https://www.selenium.dev/documentation/webdriver/troubleshooting/errors#elementnotinteractableexception
Stacktrace:
#0 0x557b4a408e3a <unknown>
#1 0x557b49d32c20 <unknown>
#2 0x557b49d85191 <unknown>
#3 0x557b49d82ae9 <unknown>
#4 0x557b49d7df87 <unknown>
#5 0x557b49dd37af <unknown>
#6 0x557b49d7c748 <unknown>
#7 0x557b49d7d511 <unknown>
#8 0x557b4a3cb3c5 <unknown>
#9 0x557b4a3c9bd5 <unknown>
#10 0x557b4a3b4c55 <unknown>
#11 0x557b4a3ca82a <unknown>
#12 0x557b4a39d329 <unknown>
#13 0x557b4a3f3248 <unknown>
#14 0x557b4a3f33e5 <unknown>
#15 0x557b4a407783 <unknown>
#16 0x7f692a69cb84 <unknown>
#17 0x7f692a729ecc <unknown>"
TO,MAURICIO BARROS DE AGUIAR,34558660000104,7896004705590,,,0.0,0.0,0.0,0.0,0.0,0.0,2026-10-04 15:05:17,ERRO,"Message: element not interactable
  (Session info: chrome=154.0.8037.57); For documentation on this error, please visit: https://www.selenium.dev/documentation/webdriver/troubleshooting/errors#elementnotinteractableexception
Stacktrace:
#0 0x557b4a408e3a <unknown>
#1 0x557b49d32c20 <unknown>
#2 0x557b49d85191 <unknown>
#3 0x557b49d82ae9 <unknown>
#4 0x557b49d7df87 <unknown>
#5 0x557b49dd37af <unknown>
#6 0x557b49d7c748 <unknown>
#7 0x557b49d7d511 <unknown>
#8 0x557b4a3cb3c5 <unknown>
#9 0x557b4a3c9bd5 <unknown>
#10 0x557b4a3b4c55 <unknown>
#11 0x557b4a3ca82a <unknown>
#12 0x557b4a39d329 <unknown>
#13 0x557b4a3f3248 <unknown>
#14 0x557b4a3f33e5 <unknown>
#15 0x557b4a407783 <unknown>
#16 0x7f692a69cb84 <unknown>
#17 0x7f692a729ecc <unknown>"
TO,MAURICIO BARROS DE AGUIAR,34558660000104,7896004705606,,,0.0,0.0,0.0,0.0,0.0,0.0,2026-10-04 15:05:18,ERRO,"Message: element not interactable
  (Session info: chrome=154.0.8037.57); For documentation on this error, please visit: https://www.selenium.dev/documentation/webdriver/troubleshooting/errors#elementnotinteractableexception
Stacktrace:
#0 0x557b4a408e3a <unknown>
#1 0x557b49d32c20 <unknown>
#2 0x557b49d85191 <unknown>
#3 0x557b49d82ae9 <unknown>
#4 0x557b49d7df87 <unknown>
#5 0x557b49dd37af <unknown>
#6 0x557b49d7c748 <unknown>
#7 0x557b49d7d511 <unknown>
#8 0x557b4a3cb3c5 <unknown>
#9 0x557b4a3c9bd5 <unknown>
#10 0x557b4a3b4c55 <unknown>
#11 0x557b4a3ca82a <unknown>
#12 0x557b4a39d329 <unknown>
#13 0x557b4a3f3248 <unknown>
#14 0x557b4a3f33e5 <unknown>
#15 0x557b4a407783 <unknown>
#16 0x7f692a69cb84 <unknown>
#17 0x7f692a729ecc <unknown>"
TO,MAURICIO BARROS DE AGUIAR,34558660000104,7896004705736,,,0.0,0.0,0.0,0.0,0.0,0.0,2026-10-04 15:05:19,ERRO,"Message: element not interactable
  (Session info: chrome=154.0.8037.57); For documentation on this error, please visit: https://www.selenium.dev/documentation/webdriver/troubleshooting/errors#elementnotinteractableexception
Stacktrace:
#0 0x557b4a408e3a <unknown>
#1 0x557b49d32c20 <unknown>
#2 0x557b49d85191 <unknown>
#3 0x557b49d82ae9 <unknown>
#4 0x557b49d7df87 <unknown>
#5 0x557b49dd37af <unknown>
#6 0x557b49d7c748 <unknown>
#7 0x557b49d7d511 <unknown>
#8 0x557b4a3cb3c5 <unknown>
#9 0x557b4a3c9bd5 <unknown>
#10 0x557b4a3b4c55 <unknown>
#11 0x557b4a3ca82a <unknown>
#12 0x557b4a39d329 <unknown>
#13 0x557b4a3f3248 <unknown>
#14 0x557b4a3f33e5 <unknown>
#15 0x557b4a407783 <unknown>
#16 0x7f692a69cb84 <unknown>
#17 0x7f692a729ecc <unknown>"
TO,MAURICIO BARROS DE AGUIAR,34558660000104,7896004705781,,,0.0,0.0,0.0,0.0,0.0,0.0,2026-10-04 15:05:20,ERRO,"Message: element not interactable
  (Session info: chrome=154.0.8037.57); For documentation on this error, please visit: https://www.selenium.dev/documentation/webdriver/troubleshooting/errors#elementnotinteractableexception
Stacktrace:
#0 0x557b4a408e3a <unknown>
#1 0x557b49d32c20 <unknown>
#2 0x557b49d85191 <unknown>
#3 0x557b49d82ae9 <unknown>
#4 0x557b49d7df87 <unknown>
#5 0x557b49dd37af <unknown>
#6 0x557b49d7c748 <unknown>
#7 0x557b49d7d511 <unknown>
#8 0x557b4a3cb3c5 <unknown>
#9 0x557b4a3c9bd5 <unknown>
#10 0x557b4a3b4c55 <unknown>
#11 0x557b4a3ca82a <unknown>
#12 0x557b4a39d329 <unknown>
#13 0x557b4a3f3248 <unknown>
#14 0x557b4a3f33e5 <unknown>
#15 0x557b4a407783 <unknown>
#16 0x7f692a69cb84 <unknown>
#17 0x7f692a729ecc <unknown>"
TO,MAURICIO BARROS DE AGUIAR,34558660000104,7896004705866,,,0.0,0.0,0.0,0.0,0.0,0.0,2026-10-04 15:05:21,ERRO,"Message: element not interactable
  (Session info: chrome=154.0.8037.57); For documentation on this error, please visit: https://www.selenium.dev/documentation/webdriver/troubleshooting/errors#elementnotinteractableexception
Stacktrace:
#0 0x557b4a408e3a <unknown>
#1 0x557b49d32c20 <unknown>
#2 0x557b49d85191 <unknown>
#3 0x557b49d82ae9 <unknown>
#4 0x557b49d7df87 <unknown>
#5 0x557b49dd37af <unknown>
#6 0x557b49d7c748 <unknown>
#7 0x557b49d7d511 <unknown>
#8 0x557b4a3cb3c5 <unknown>
#9 0x557b4a3c9bd5 <unknown>
#10 0x557b4a3b4c55 <unknown>
#11 0x557b4a3ca82a <unknown>
#12 0x557b4a39d329 <unknown>
#13 0x557b4a3f3248 <unknown>
#14 0x557b4a3f33e5 <unknown>
#15 0x557b4a407783 <unknown>
#16 0x7f692a69cb84 <unknown>
#17 0x7f692a729ecc <unknown>"
TO,MAURICIO BARROS DE AGUIAR,34558660000104,7896004705873,,,0.0,0.0,0.0,0.0,0.0,0.0,2026-10-04 15:05:22,ERRO,"Message: element not interactable
  (Session info: chrome=154.0.8037.57); For documentation on this error, please visit: https://www.selenium.dev/documentation/webdriver/troubleshooting/errors#elementnotinteractableexception
Stacktrace:
#0 0x557b4a408e3a <unknown>
#1 0x557b49d32c20 <unknown>
#2 0x557b49d85191 <unknown>
#3 0x557b49d82ae9 <unknown>
#4 0x557b49d7df87 <unknown>
#5 0x557b49dd37af <unknown>
#6 0x557b49d7c748 <unknown>
#7 0x557b49d7d511 <unknown>
#8 0x557b4a3cb3c5 <unknown>
#9 0x557b4a3c9bd5 <unknown>
#10 0x557b4a3b4c55 <unknown>
#11 0x557b4a3ca82a <unknown>
#12 0x557b4a39d329 <unknown>
#13 0x557b4a3f3248 <unknown>
#14 0x557b4a3f33e5 <unknown>
#15 0x557b4a407783 <unknown>
#16 0x7f692a69cb84 <unknown>
#17 0x7f692a729ecc <unknown>"
TO,MAURICIO BARROS DE AGUIAR,34558660000104,7896004705880,,,0.0,0.0,0.0,0.0,0.0,0.0,2026-10-04 15:05:23,ERRO,"Message: element not interactable
  (Session info: chrome=154.0.8037.57); For documentation on this error, please visit: https://www.selenium.dev/documentation/webdriver/troubleshooting/errors#elementnotinteractableexception
Stacktrace:
#0 0x557b4a408e3a <unknown>
#1 0x557b49d32c20 <unknown>
#2 0x557b49d85191 <unknown>
#3 0x557b49d82ae9 <unknown>
#4 0x557b49d7df87 <unknown>
#5 0x557b49dd37af <unknown>
#6 0x557b49d7c748 <unknown>
#7 0x557b49d7d511 <unknown>
#8 0x557b4a3cb3c5 <unknown>
#9 0x557b4a3c9bd5 <unknown>
#10 0x557b4a3b4c55 <unknown>
#11 0x557b4a3ca82a <unknown>
#12 0x557b4a39d329 <unknown>
#13 0x557b4a3f3248 <unknown>
#14 0x557b4a3f33e5 <unknown>
#15 0x557b4a407783 <unknown>
#16 0x7f692a69cb84 <unknown>
#17 0x7f692a729ecc <unknown>"
TO,MAURICIO BARROS DE AGUIAR,34558660000104,7896004705989,,,0.0,0.0,0.0,0.0,0.0,0.0,2026-10-04 15:05:24,ERRO,"Message: element not interactable
  (Session info: chrome=154.0.8037.57); For documentation on this error, please visit: https://www.selenium.dev/documentation/webdriver/troubleshooting/errors#elementnotinteractableexception
Stacktrace:
#0 0x557b4a408e3a <unknown>
#1 0x557b49d32c20 <unknown>
#2 0x557b49d85191 <unknown>
#3 0x557b49d82ae9 <unknown>
#4 0x557b49d7df87 <unknown>
#5 0x557b49dd37af <unknown>
#6 0x557b49d7c748 <unknown>
#7 0x557b49d7d511 <unknown>
#8 0x557b4a3cb3c5 <unknown>
#9 0x557b4a3c9bd5 <unknown>
#10 0x557b4a3b4c55 <unknown>
#11 0x557b4a3ca82a <unknown>
#12 0x557b4a39d329 <unknown>
#13 0x557b4a3f3248 <unknown>
#14 0x557b4a3f33e5 <unknown>
#15 0x557b4a407783 <unknown>
#16 0x7f692a69cb84 <unknown>
#17 0x7f692a729ecc <unknown>"
TO,MAURICIO BARROS DE AGUIAR,34558660000104,7896004706009,,,0.0,0.0,0.0,0.0,0.0,0.0,2026-10-04 15:05:25,ERRO,"Message: element not interactable
  (Session info: chrome=154.0.8037.57); For documentation on this error, please visit: https://www.selenium.dev/documentation/webdriver/troubleshooting/errors#elementnotinteractableexception
Stacktrace:
#0 0x557b4a408e3a <unknown>
#1 0x557b49d32c20 <unknown>
#2 0x557b49d85191 <unknown>
#3 0x557b49d82ae9 <unknown>
#4 0x557b49d7df87 <unknown>
#5 0x557b49dd37af <unknown>
#6 0x557b49d7c748 <unknown>
#7 0x557b49d7d511 <unknown>
#8 0x557b4a3cb3c5 <unknown>
#9 0x557b4a3c9bd5 <unknown>
#10 0x557b4a3b4c55 <unknown>
#11 0x557b4a3ca82a <unknown>
#12 0x557b4a39d329 <unknown>
#13 0x557b4a3f3248 <unknown>
#14 0x557b4a3f33e5 <unknown>
#15 0x557b4a407783 <unknown>
#16 0x7f692a69cb84 <unknown>
#17 0x7f692a729ecc <unknown>"
TO,MAURICIO BARROS DE AGUIAR,34558660000104,7896004706290,,,0.0,0.0,0.0,0.0,0.0,0.0,2026-10-04 15:05:26,ERRO,"Message: element not interactable
  (Session info: chrome=154.0.8037.57); For documentation on this error, please visit: https://www.selenium.dev/documentation/webdriver/troubleshooting/errors#elementnotinteractableexception
Stacktrace:
#0 0x557b4a408e3a <unknown>
#1 0x557b49d32c20 <unknown>
#2 0x557b49d85191 <unknown>
#3 0x557b49d82ae9 <unknown>
#4 0x557b49d7df87 <unknown>
#5 0x557b49dd37af <unknown>
#6 0x557b49d7c748 <unknown>
#7 0x557b49d7d511 <unknown>
#8 0x557b4a3cb3c5 <unknown>
#9 0x557b4a3c9bd5 <unknown>
#10 0x557b4a3b4c55 <unknown>
#11 0x557b4a3ca82a <unknown>
#12 0x557b4a39d329 <unknown>
#13 0x557b4a3f3248 <unknown>
#14 0x557b4a3f33e5 <unknown>
#15 0x557b4a407783 <unknown>
#16 0x7f692a69cb84 <unknown>
#17 0x7f692a729ecc <unknown>"
TO,MAURICIO BARROS DE AGUIAR,34558660000104,7896004706306,,,0.0,0.0,0.0,0.0,0.0,0.0,2026-10-04 15:05:28,ERRO,"Message: element not interactable
  (Session info: chrome=154.0.8037.57); For documentation on this error, please visit: https://www.selenium.dev/documentation/webdriver/troubleshooting/errors#elementnotinteractableexception
Stacktrace:
#0 0x557b4a408e3a <unknown>
#1 0x557b49d32c20 <unknown>
#2 0x557b49d85191 <unknown>
#3 0x557b49d82ae9 <unknown>
#4 0x557b49d7df87 <unknown>
#5 0x557b49dd37af <unknown>
#6 0x557b49d7c748 <unknown>
#7 0x557b49d7d511 <unknown>
#8 0x557b4a3cb3c5 <unknown>
#9 0x557b4a3c9bd5 <unknown>
#10 0x557b4a3b4c55 <unknown>
#11 0x557b4a3ca82a <unknown>
#12 0x557b4a39d329 <unknown>
#13 0x557b4a3f3248 <unknown>
#14 0x557b4a3f33e5 <unknown>
#15 0x557b4a407783 <unknown>
#16 0x7f692a69cb84 <unknown>
#17 0x7f692a729ecc <unknown>"
TO,MAURICIO BARROS DE AGUIAR,34558660000104,7896004706313,,,0.0,0.0,0.0,0.0,0.0,0.0,2026-10-04 15:05:29,ERRO,"Message: element not interactable
  (Session info: chrome=154.0.8037.57); For documentation on this error, please visit: https://www.selenium.dev/documentation/webdriver/troubleshooting/errors#elementnotinteractableexception
Stacktrace:
#0 0x557b4a408e3a <unknown>
#1 0x557b49d32c20 <unknown>
#2 0x557b49d85191 <unknown>
#3 0x557b49d82ae9 <unknown>
#4 0x557b49d7df87 <unknown>
#5 0x557b49dd37af <unknown>
#6 0x557b49d7c748 <unknown>
#7 0x557b49d7d511 <unknown>
#8 0x557b4a3cb3c5 <unknown>
#9 0x557b4a3c9bd5 <unknown>
#10 0x557b4a3b4c55 <unknown>
#11 0x557b4a3ca82a <unknown>
#12 0x557b4a39d329 <unknown>
#13 0x557b4a3f3248 <unknown>
#14 0x557b4a3f33e5 <unknown>
#15 0x557b4a407783 <unknown>
#16 0x7f692a69cb84 <unknown>
#17 0x7f692a729ecc <unknown>"
TO,MAURICIO BARROS DE AGUIAR,34558660000104,7896004706368,,,0.0,0.0,0.0,0.0,0.0,0.0,2026-10-04 15:05:30,ERRO,"Message: element not interactable
  (Session info: chrome=154.0.8037.57); For documentation on this error, please visit: https://www.selenium.dev/documentation/webdriver/troubleshooting/errors#elementnotinteractableexception
Stacktrace:
#0 0x557b4a408e3a <unknown>
#1 0x557b49d32c20 <unknown>
#2 0x557b49d85191 <unknown>
#3 0x557b49d82ae9 <unknown>
#4 0x557b49d7df87 <unknown>
#5 0x557b49dd37af <unknown>
#6 0x557b49d7c748 <unknown>
#7 0x557b49d7d511 <unknown>
#8 0x557b4a3cb3c5 <unknown>
#9 0x557b4a3c9bd5 <unknown>
#10 0x557b4a3b4c55 <unknown>
#11 0x557b4a3ca82a <unknown>
#12 0x557b4a39d329 <unknown>
#13 0x557b4a3f3248 <unknown>
#14 0x557b4a3f33e5 <unknown>
#15 0x557b4a407783 <unknown>
#16 0x7f692a69cb84 <unknown>
#17 0x7f692a729ecc <unknown>"
TO,MAURICIO BARROS DE AGUIAR,34558660000104,7896004706375,,,0.0,0.0,0.0,0.0,0.0,0.0,2026-10-04 15:05:31,ERRO,"Message: element not interactable
  (Session info: chrome=154.0.8037.57); For documentation on this error, please visit: https://www.selenium.dev/documentation/webdriver/troubleshooting/errors#elementnotinteractableexception
Stacktrace:
#0 0x557b4a408e3a <unknown>
#1 0x557b49d32c20 <unknown>
#2 0x557b49d85191 <unknown>
#3 0x557b49d82ae9 <unknown>
#4 0x557b49d7df87 <unknown>
#5 0x557b49dd37af <unknown>
#6 0x557b49d7c748 <unknown>
#7 0x557b49d7d511 <unknown>
#8 0x557b4a3cb3c5 <unknown>
#9 0x557b4a3c9bd5 <unknown>
#10 0x557b4a3b4c55 <unknown>
#11 0x557b4a3ca82a <unknown>
#12 0x557b4a39d329 <unknown>
#13 0x557b4a3f3248 <unknown>
#14 0x557b4a3f33e5 <unknown>
#15 0x557b4a407783 <unknown>
#16 0x7f692a69cb84 <unknown>
#17 0x7f692a729ecc <unknown>"
TO,MAURICIO BARROS DE AGUIAR,34558660000104,7896004706382,,,0.0,0.0,0.0,0.0,0.0,0.0,2026-10-04 15:05:32,ERRO,"Message: element not interactable
  (Session info: chrome=154.0.8037.57); For documentation on this error, please visit: https://www.selenium.dev/documentation/webdriver/troubleshooting/errors#elementnotinteractableexception
Stacktrace:
#0 0x557b4a408e3a <unknown>
#1 0x557b49d32c20 <unknown>
#2 0x557b49d85191 <unknown>
#3 0x557b49d82ae9 <unknown>
#4 0x557b49d7df87 <unknown>
#5 0x557b49dd37af <unknown>
#6 0x557b49d7c748 <unknown>
#7 0x557b49d7d511 <unknown>
#8 0x557b4a3cb3c5 <unknown>
#9 0x557b4a3c9bd5 <unknown>
#10 0x557b4a3b4c55 <unknown>
#11 0x557b4a3ca82a <unknown>
#12 0x557b4a39d329 <unknown>
#13 0x557b4a3f3248 <unknown>
#14 0x557b4a3f33e5 <unknown>
#15 0x557b4a407783 <unknown>
#16 0x7f692a69cb84 <unknown>
#17 0x7f692a729ecc <unknown>"
TO,MAURICIO BARROS DE AGUIAR,34558660000104,7896004706405,,,0.0,0.0,0.0,0.0,0.0,0.0,2026-10-04 15:05:33,ERRO,"Message: element not interactable
  (Session info: chrome=154.0.8037.57); For documentation on this error, please visit: https://www.selenium.dev/documentation/webdriver/troubleshooting/errors#elementnotinteractableexception
Stacktrace:
#0 0x557b4a408e3a <unknown>
#1 0x557b49d32c20 <unknown>
#2 0x557b49d85191 <unknown>
#3 0x557b49d82ae9 <unknown>
#4 0x557b49d7df87 <unknown>
#5 0x557b49dd37af <unknown>
#6 0x557b49d7c748 <unknown>
#7 0x557b49d7d511 <unknown>
#8 0x557b4a3cb3c5 <unknown>
#9 0x557b4a3c9bd5 <unknown>
#10 0x557b4a3b4c55 <unknown>
#11 0x557b4a3ca82a <unknown>
#12 0x557b4a39d329 <unknown>
#13 0x557b4a3f3248 <unknown>
#14 0x557b4a3f33e5 <unknown>
#15 0x557b4a407783 <unknown>
#16 0x7f692a69cb84 <unknown>
#17 0x7f692a729ecc <unknown>"
TO,MAURICIO BARROS DE AGUIAR,34558660000104,7896004706474,,,0.0,0.0,0.0,0.0,0.0,0.0,2026-10-04 15:05:34,ERRO,"Message: element not interactable
  (Session info: chrome=154.0.8037.57); For documentation on this error, please visit: https://www.selenium.dev/documentation/webdriver/troubleshooting/errors#elementnotinteractableexception
Stacktrace:
#0 0x557b4a408e3a <unknown>
#1 0x557b49d32c20 <unknown>
#2 0x557b49d85191 <unknown>
#3 0x557b49d82ae9 <unknown>
#4 0x557b49d7df87 <unknown>
#5 0x557b49dd37af <unknown>
#6 0x557b49d7c748 <unknown>
#7 0x557b49d7d511 <unknown>
#8 0x557b4a3cb3c5 <unknown>
#9 0x557b4a3c9bd5 <unknown>
#10 0x557b4a3b4c55 <unknown>
#11 0x557b4a3ca82a <unknown>
#12 0x557b4a39d329 <unknown>
#13 0x557b4a3f3248 <unknown>
#14 0x557b4a3f33e5 <unknown>
#15 0x557b4a407783 <unknown>
#16 0x7f692a69cb84 <unknown>
#17 0x7f692a729ecc <unknown>"
TO,MAURICIO BARROS DE AGUIAR,34558660000104,7896004706665,,,0.0,0.0,0.0,0.0,0.0,0.0,2026-10-04 15:05:35,ERRO,"Message: element not interactable
  (Session info: chrome=154.0.8037.57); For documentation on this error, please visit: https://www.selenium.dev/documentation/webdriver/troubleshooting/errors#elementnotinteractableexception
Stacktrace:
#0 0x557b4a408e3a <unknown>
#1 0x557b49d32c20 <unknown>
#2 0x557b49d85191 <unknown>
#3 0x557b49d82ae9 <unknown>
#4 0x557b49d7df87 <unknown>
#5 0x557b49dd37af <unknown>
#6 0x557b49d7c748 <unknown>
#7 0x557b49d7d511 <unknown>
#8 0x557b4a3cb3c5 <unknown>
#9 0x557b4a3c9bd5 <unknown>
#10 0x557b4a3b4c55 <unknown>
#11 0x557b4a3ca82a <unknown>
#12 0x557b4a39d329 <unknown>
#13 0x557b4a3f3248 <unknown>
#14 0x557b4a3f33e5 <unknown>
#15 0x557b4a407783 <unknown>
#16 0x7f692a69cb84 <unknown>
#17 0x7f692a729ecc <unknown>"
TO,MAURICIO BARROS DE AGUIAR,34558660000104,7896004706733,,,0.0,0.0,0.0,0.0,0.0,0.0,2026-10-04 15:05:36,ERRO,"Message: element not interactable
  (Session info: chrome=154.0.8037.57); For documentation on this error, please visit: https://www.selenium.dev/documentation/webdriver/troubleshooting/errors#elementnotinteractableexception
Stacktrace:
#0 0x557b4a408e3a <unknown>
#1 0x557b49d32c20 <unknown>
#2 0x557b49d85191 <unknown>
#3 0x557b49d82ae9 <unknown>
#4 0x557b49d7df87 <unknown>
#5 0x557b49dd37af <unknown>
#6 0x557b49d7c748 <unknown>
#7 0x557b49d7d511 <unknown>
#8 0x557b4a3cb3c5 <unknown>
#9 0x557b4a3c9bd5 <unknown>
#10 0x557b4a3b4c55 <unknown>
#11 0x557b4a3ca82a <unknown>
#12 0x557b4a39d329 <unknown>
#13 0x557b4a3f3248 <unknown>
#14 0x557b4a3f33e5 <unknown>
#15 0x557b4a407783 <unknown>
#16 0x7f692a69cb84 <unknown>
#17 0x7f692a729ecc <unknown>"
TO,MAURICIO BARROS DE AGUIAR,34558660000104,7896004706795,,,0.0,0.0,0.0,0.0,0.0,0.0,2026-10-04 15:05:37,ERRO,"Message: element not interactable
  (Session info: chrome=154.0.8037.57); For documentation on this error, please visit: https://www.selenium.dev/documentation/webdriver/troubleshooting/errors#elementnotinteractableexception
Stacktrace:
#0 0x557b4a408e3a <unknown>
#1 0x557b49d32c20 <unknown>
#2 0x557b49d85191 <unknown>
#3 0x557b49d82ae9 <unknown>
#4 0x557b49d7df87 <unknown>
#5 0x557b49dd37af <unknown>
#6 0x557b49d7c748 <unknown>
#7 0x557b49d7d511 <unknown>
#8 0x557b4a3cb3c5 <unknown>
#9 0x557b4a3c9bd5 <unknown>
#10 0x557b4a3b4c55 <unknown>
#11 0x557b4a3ca82a <unknown>
#12 0x557b4a39d329 <unknown>
#13 0x557b4a3f3248 <unknown>
#14 0x557b4a3f33e5 <unknown>
#15 0x557b4a407783 <unknown>
#16 0x7f692a69cb84 <unknown>
#17 0x7f692a729ecc <unknown>"
TO,MAURICIO BARROS DE AGUIAR,34558660000104,7896004706856,,,0.0,0.0,0.0,0.0,0.0,0.0,2026-10-04 15:05:38,ERRO,"Message: element not interactable
  (Session info: chrome=154.0.8037.57); For documentation on this error, please visit: https://www.selenium.dev/documentation/webdriver/troubleshooting/errors#elementnotinteractableexception
Stacktrace:
#0 0x557b4a408e3a <unknown>
#1 0x557b49d32c20 <unknown>
#2 0x557b49d85191 <unknown>
#3 0x557b49d82ae9 <unknown>
#4 0x557b49d7df87 <unknown>
#5 0x557b49dd37af <unknown>
#6 0x557b49d7c748 <unknown>
#7 0x557b49d7d511 <unknown>
#8 0x557b4a3cb3c5 <unknown>
#9 0x557b4a3c9bd5 <unknown>
#10 0x557b4a3b4c55 <unknown>
#11 0x557b4a3ca82a <unknown>
#12 0x557b4a39d329 <unknown>
#13 0x557b4a3f3248 <unknown>
#14 0x557b4a3f33e5 <unknown>
#15 0x557b4a407783 <unknown>
#16 0x7f692a69cb84 <unknown>
#17 0x7f692a729ecc <unknown>"
TO,MAURICIO BARROS DE AGUIAR,34558660000104,7896004706900,,,0.0,0.0,0.0,0.0,0.0,0.0,2026-10-04 15:05:40,ERRO,"Message: element not interactable
  (Session info: chrome=154.0.8037.57); For documentation on this error, please visit: https://www.selenium.dev/documentation/webdriver/troubleshooting/errors#elementnotinteractableexception
Stacktrace:
#0 0x557b4a408e3a <unknown>
#1 0x557b49d32c20 <unknown>
#2 0x557b49d85191 <unknown>
#3 0x557b49d82ae9 <unknown>
#4 0x557b49d7df87 <unknown>
#5 0x557b49dd37af <unknown>
#6 0x557b49d7c748 <unknown>
#7 0x557b49d7d511 <unknown>
#8 0x557b4a3cb3c5 <unknown>
#9 0x557b4a3c9bd5 <unknown>
#10 0x557b4a3b4c55 <unknown>
#11 0x557b4a3ca82a <unknown>
#12 0x557b4a39d329 <unknown>
#13 0x557b4a3f3248 <unknown>
#14 0x557b4a3f33e5 <unknown>
#15 0x557b4a407783 <unknown>
#16 0x7f692a69cb84 <unknown>
#17 0x7f692a729ecc <unknown>"
TO,MAURICIO BARROS DE AGUIAR,34558660000104,7896004707310,,,0.0,0.0,0.0,0.0,0.0,0.0,2026-10-04 15:05:41,ERRO,"Message: element not interactable
  (Session info: chrome=154.0.8037.57); For documentation on this error, please visit: https://www.selenium.dev/documentation/webdriver/troubleshooting/errors#elementnotinteractableexception
Stacktrace:
#0 0x557b4a408e3a <unknown>
#1 0x557b49d32c20 <unknown>
#2 0x557b49d85191 <unknown>
#3 0x557b49d82ae9 <unknown>
#4 0x557b49d7df87 <unknown>
#5 0x557b49dd37af <unknown>
#6 0x557b49d7c748 <unknown>
#7 0x557b49d7d511 <unknown>
#8 0x557b4a3cb3c5 <unknown>
#9 0x557b4a3c9bd5 <unknown>
#10 0x557b4a3b4c55 <unknown>
#11 0x557b4a3ca82a <unknown>
#12 0x557b4a39d329 <unknown>
#13 0x557b4a3f3248 <unknown>
#14 0x557b4a3f33e5 <unknown>
#15 0x557b4a407783 <unknown>
#16 0x7f692a69cb84 <unknown>
#17 0x7f692a729ecc <unknown>"
TO,MAURICIO BARROS DE AGUIAR,34558660000104,7896004708058,,,0.0,0.0,0.0,0.0,0.0,0.0,2026-10-04 15:05:42,ERRO,"Message: element not interactable
  (Session info: chrome=154.0.8037.57); For documentation on this error, please visit: https://www.selenium.dev/documentation/webdriver/troubleshooting/errors#elementnotinteractableexception
Stacktrace:
#0 0x557b4a408e3a <unknown>
#1 0x557b49d32c20 <unknown>
#2 0x557b49d85191 <unknown>
#3 0x557b49d82ae9 <unknown>
#4 0x557b49d7df87 <unknown>
#5 0x557b49dd37af <unknown>
#6 0x557b49d7c748 <unknown>
#7 0x557b49d7d511 <unknown>
#8 0x557b4a3cb3c5 <unknown>
#9 0x557b4a3c9bd5 <unknown>
#10 0x557b4a3b4c55 <unknown>
#11 0x557b4a3ca82a <unknown>
#12 0x557b4a39d329 <unknown>
#13 0x557b4a3f3248 <unknown>
#14 0x557b4a3f33e5 <unknown>
#15 0x557b4a407783 <unknown>
#16 0x7f692a69cb84 <unknown>
#17 0x7f692a729ecc <unknown>"
TO,MAURICIO BARROS DE AGUIAR,34558660000104,7896004708072,,,0.0,0.0,0.0,0.0,0.0,0.0,2026-10-04 15:05:43,ERRO,"Message: element not interactable
  (Session info: chrome=154.0.8037.57); For documentation on this error, please visit: https://www.selenium.dev/documentation/webdriver/troubleshooting/errors#elementnotinteractableexception
Stacktrace:
#0 0x557b4a408e3a <unknown>
#1 0x557b49d32c20 <unknown>
#2 0x557b49d85191 <unknown>
#3 0x557b49d82ae9 <unknown>
#4 0x557b49d7df87 <unknown>
#5 0x557b49dd37af <unknown>
#6 0x557b49d7c748 <unknown>
#7 0x557b49d7d511 <unknown>
#8 0x557b4a3cb3c5 <unknown>
#9 0x557b4a3c9bd5 <unknown>
#10 0x557b4a3b4c55 <unknown>
#11 0x557b4a3ca82a <unknown>
#12 0x557b4a39d329 <unknown>
#13 0x557b4a3f3248 <unknown>
#14 0x557b4a3f33e5 <unknown>
#15 0x557b4a407783 <unknown>
#16 0x7f692a69cb84 <unknown>
#17 0x7f692a729ecc <unknown>"
TO,MAURICIO BARROS DE AGUIAR,34558660000104,7896004708652,,,0.0,0.0,0.0,0.0,0.0,0.0,2026-10-04 15:05:44,ERRO,"Message: element not interactable
  (Session info: chrome=154.0.8037.57); For documentation on this error, please visit: https://www.selenium.dev/documentation/webdriver/troubleshooting/errors#elementnotinteractableexception
Stacktrace:
#0 0x557b4a408e3a <unknown>
#1 0x557b49d32c20 <unknown>
#2 0x557b49d85191 <unknown>
#3 0x557b49d82ae9 <unknown>
#4 0x557b49d7df87 <unknown>
#5 0x557b49dd37af <unknown>
#6 0x557b49d7c748 <unknown>
#7 0x557b49d7d511 <unknown>
#8 0x557b4a3cb3c5 <unknown>
#9 0x557b4a3c9bd5 <unknown>
#10 0x557b4a3b4c55 <unknown>
#11 0x557b4a3ca82a <unknown>
#12 0x557b4a39d329 <unknown>
#13 0x557b4a3f3248 <unknown>
#14 0x557b4a3f33e5 <unknown>
#15 0x557b4a407783 <unknown>
#16 0x7f692a69cb84 <unknown>
#17 0x7f692a729ecc <unknown>"
TO,MAURICIO BARROS DE AGUIAR,34558660000104,7896004708706,,,0.0,0.0,0.0,0.0,0.0,0.0,2026-10-04 15:05:45,ERRO,"Message: element not interactable
  (Session info: chrome=154.0.8037.57); For documentation on this error, please visit: https://www.selenium.dev/documentation/webdriver/troubleshooting/errors#elementnotinteractableexception
Stacktrace:
#0 0x557b4a408e3a <unknown>
#1 0x557b49d32c20 <unknown>
#2 0x557b49d85191 <unknown>
#3 0x557b49d82ae9 <unknown>
#4 0x557b49d7df87 <unknown>
#5 0x557b49dd37af <unknown>
#6 0x557b49d7c748 <unknown>
#7 0x557b49d7d511 <unknown>
#8 0x557b4a3cb3c5 <unknown>
#9 0x557b4a3c9bd5 <unknown>
#10 0x557b4a3b4c55 <unknown>
#11 0x557b4a3ca82a <unknown>
#12 0x557b4a39d329 <unknown>
#13 0x557b4a3f3248 <unknown>
#14 0x557b4a3f33e5 <unknown>
#15 0x557b4a407783 <unknown>
#16 0x7f692a69cb84 <unknown>
#17 0x7f692a729ecc <unknown>"
TO,MAURICIO BARROS DE AGUIAR,34558660000104,7896004708744,,,0.0,0.0,0.0,0.0,0.0,0.0,2026-10-04 15:05:46,ERRO,"Message: element not interactable
  (Session info: chrome=154.0.8037.57); For documentation on this error, please visit: https://www.selenium.dev/documentation/webdriver/troubleshooting/errors#elementnotinteractableexception
Stacktrace:
#0 0x557b4a408e3a <unknown>
#1 0x557b49d32c20 <unknown>
#2 0x557b49d85191 <unknown>
#3 0x557b49d82ae9 <unknown>
#4 0x557b49d7df87 <unknown>
#5 0x557b49dd37af <unknown>
#6 0x557b49d7c748 <unknown>
#7 0x557b49d7d511 <unknown>
#8 0x557b4a3cb3c5 <unknown>
#9 0x557b4a3c9bd5 <unknown>
#10 0x557b4a3b4c55 <unknown>
#11 0x557b4a3ca82a <unknown>
#12 0x557b4a39d329 <unknown>
#13 0x557b4a3f3248 <unknown>
#14 0x557b4a3f33e5 <unknown>
#15 0x557b4a407783 <unknown>
#16 0x7f692a69cb84 <unknown>
#17 0x7f692a729ecc <unknown>"
TO,MAURICIO BARROS DE AGUIAR,34558660000104,7896004708942,,,0.0,0.0,0.0,0.0,0.0,0.0,2026-10-04 15:05:47,ERRO,"Message: element not interactable
  (Session info: chrome=154.0.8037.57); For documentation on this error, please visit: https://www.selenium.dev/documentation/webdriver/troubleshooting/errors#elementnotinteractableexception
Stacktrace:
#0 0x557b4a408e3a <unknown>
#1 0x557b49d32c20 <unknown>
#2 0x557b49d85191 <unknown>
#3 0x557b49d82ae9 <unknown>
#4 0x557b49d7df87 <unknown>
#5 0x557b49dd37af <unknown>
#6 0x557b49d7c748 <unknown>
#7 0x557b49d7d511 <unknown>
#8 0x557b4a3cb3c5 <unknown>
#9 0x557b4a3c9bd5 <unknown>
#10 0x557b4a3b4c55 <unknown>
#11 0x557b4a3ca82a <unknown>
#12 0x557b4a39d329 <unknown>
#13 0x557b4a3f3248 <unknown>
#14 0x557b4a3f33e5 <unknown>
#15 0x557b4a407783 <unknown>
#16 0x7f692a69cb84 <unknown>
#17 0x7f692a729ecc <unknown>"
TO,MAURICIO BARROS DE AGUIAR,34558660000104,7896004708973,,,0.0,0.0,0.0,0.0,0.0,0.0,2026-10-04 15:05:48,ERRO,"Message: element not interactable
  (Session info: chrome=154.0.8037.57); For documentation on this error, please visit: https://www.selenium.dev/documentation/webdriver/troubleshooting/errors#elementnotinteractableexception
Stacktrace:
#0 0x557b4a408e3a <unknown>
#1 0x557b49d32c20 <unknown>
#2 0x557b49d85191 <unknown>
#3 0x557b49d82ae9 <unknown>
#4 0x557b49d7df87 <unknown>
#5 0x557b49dd37af <unknown>
#6 0x557b49d7c748 <unknown>
#7 0x557b49d7d511 <unknown>
#8 0x557b4a3cb3c5 <unknown>
#9 0x557b4a3c9bd5 <unknown>
#10 0x557b4a3b4c55 <unknown>
#11 0x557b4a3ca82a <unknown>
#12 0x557b4a39d329 <unknown>
#13 0x557b4a3f3248 <unknown>
#14 0x557b4a3f33e5 <unknown>
#15 0x557b4a407783 <unknown>
#16 0x7f692a69cb84 <unknown>
#17 0x7f692a729ecc <unknown>"
TO,MAURICIO BARROS DE AGUIAR,34558660000104,7896004709123,,,0.0,0.0,0.0,0.0,0.0,0.0,2026-10-04 15:05:49,ERRO,"Message: element not interactable
  (Session info: chrome=154.0.8037.57); For documentation on this error, please visit: https://www.selenium.dev/documentation/webdriver/troubleshooting/errors#elementnotinteractableexception
Stacktrace:
#0 0x557b4a408e3a <unknown>
#1 0x557b49d32c20 <unknown>
#2 0x557b49d85191 <unknown>
#3 0x557b49d82ae9 <unknown>
#4 0x557b49d7df87 <unknown>
#5 0x557b49dd37af <unknown>
#6 0x557b49d7c748 <unknown>
#7 0x557b49d7d511 <unknown>
#8 0x557b4a3cb3c5 <unknown>
#9 0x557b4a3c9bd5 <unknown>
#10 0x557b4a3b4c55 <unknown>
#11 0x557b4a3ca82a <unknown>
#12 0x557b4a39d329 <unknown>
#13 0x557b4a3f3248 <unknown>
#14 0x557b4a3f33e5 <unknown>
#15 0x557b4a407783 <unknown>
#16 0x7f692a69cb84 <unknown>
#17 0x7f692a729ecc <unknown>"
TO,MAURICIO BARROS DE AGUIAR,34558660000104,7896004709130,,,0.0,0.0,0.0,0.0,0.0,0.0,2026-10-04 15:05:51,ERRO,"Message: element not interactable
  (Session info: chrome=154.0.8037.57); For documentation on this error, please visit: https://www.selenium.dev/documentation/webdriver/troubleshooting/errors#elementnotinteractableexception
Stacktrace:
#0 0x557b4a408e3a <unknown>
#1 0x557b49d32c20 <unknown>
#2 0x557b49d85191 <unknown>
#3 0x557b49d82ae9 <unknown>
#4 0x557b49d7df87 <unknown>
#5 0x557b49dd37af <unknown>
#6 0x557b49d7c748 <unknown>
#7 0x557b49d7d511 <unknown>
#8 0x557b4a3cb3c5 <unknown>
#9 0x557b4a3c9bd5 <unknown>
#10 0x557b4a3b4c55 <unknown>
#11 0x557b4a3ca82a <unknown>
#12 0x557b4a39d329 <unknown>
#13 0x557b4a3f3248 <unknown>
#14 0x557b4a3f33e5 <unknown>
#15 0x557b4a407783 <unknown>
#16 0x7f692a69cb84 <unknown>
#17 0x7f692a729ecc <unknown>"
TO,MAURICIO BARROS DE AGUIAR,34558660000104,7896004709291,,,0.0,0.0,0.0,0.0,0.0,0.0,2026-10-04 15:05:52,ERRO,"Message: element not interactable
  (Session info: chrome=154.0.8037.57); For documentation on this error, please visit: https://www.selenium.dev/documentation/webdriver/troubleshooting/errors#elementnotinteractableexception
Stacktrace:
#0 0x557b4a408e3a <unknown>
#1 0x557b49d32c20 <unknown>
#2 0x557b49d85191 <unknown>
#3 0x557b49d82ae9 <unknown>
#4 0x557b49d7df87 <unknown>
#5 0x557b49dd37af <unknown>
#6 0x557b49d7c748 <unknown>
#7 0x557b49d7d511 <unknown>
#8 0x557b4a3cb3c5 <unknown>
#9 0x557b4a3c9bd5 <unknown>
#10 0x557b4a3b4c55 <unknown>
#11 0x557b4a3ca82a <unknown>
#12 0x557b4a39d329 <unknown>
#13 0x557b4a3f3248 <unknown>
#14 0x557b4a3f33e5 <unknown>
#15 0x557b4a407783 <unknown>
#16 0x7f692a69cb84 <unknown>
#17 0x7f692a729ecc <unknown>"
TO,MAURICIO BARROS DE AGUIAR,34558660000104,7896004709307,,,0.0,0.0,0.0,0.0,0.0,0.0,2026-10-04 15:05:53,ERRO,"Message: element not interactable
  (Session info: chrome=154.0.8037.57); For documentation on this error, please visit: https://www.selenium.dev/documentation/webdriver/troubleshooting/errors#elementnotinteractableexception
Stacktrace:
#0 0x557b4a408e3a <unknown>
#1 0x557b49d32c20 <unknown>
#2 0x557b49d85191 <unknown>
#3 0x557b49d82ae9 <unknown>
#4 0x557b49d7df87 <unknown>
#5 0x557b49dd37af <unknown>
#6 0x557b49d7c748 <unknown>
#7 0x557b49d7d511 <unknown>
#8 0x557b4a3cb3c5 <unknown>
#9 0x557b4a3c9bd5 <unknown>
#10 0x557b4a3b4c55 <unknown>
#11 0x557b4a3ca82a <unknown>
#12 0x557b4a39d329 <unknown>
#13 0x557b4a3f3248 <unknown>
#14 0x557b4a3f33e5 <unknown>
#15 0x557b4a407783 <unknown>
#16 0x7f692a69cb84 <unknown>
#17 0x7f692a729ecc <unknown>"
TO,MAURICIO BARROS DE AGUIAR,34558660000104,7896004709567,,,0.0,0.0,0.0,0.0,0.0,0.0,2026-10-04 15:05:54,ERRO,"Message: element not interactable
  (Session info: chrome=154.0.8037.57); For documentation on this error, please visit: https://www.selenium.dev/documentation/webdriver/troubleshooting/errors#elementnotinteractableexception
Stacktrace:
#0 0x557b4a408e3a <unknown>
#1 0x557b49d32c20 <unknown>
#2 0x557b49d85191 <unknown>
#3 0x557b49d82ae9 <unknown>
#4 0x557b49d7df87 <unknown>
#5 0x557b49dd37af <unknown>
#6 0x557b49d7c748 <unknown>
#7 0x557b49d7d511 <unknown>
#8 0x557b4a3cb3c5 <unknown>
#9 0x557b4a3c9bd5 <unknown>
#10 0x557b4a3b4c55 <unknown>
#11 0x557b4a3ca82a <unknown>
#12 0x557b4a39d329 <unknown>
#13 0x557b4a3f3248 <unknown>
#14 0x557b4a3f33e5 <unknown>
#15 0x557b4a407783 <unknown>
#16 0x7f692a69cb84 <unknown>
#17 0x7f692a729ecc <unknown>"
TO,MAURICIO BARROS DE AGUIAR,34558660000104,7896004709710,,,0.0,0.0,0.0,0.0,0.0,0.0,2026-10-04 15:05:55,ERRO,"Message: element not interactable
  (Session info: chrome=154.0.8037.57); For documentation on this error, please visit: https://www.selenium.dev/documentation/webdriver/troubleshooting/errors#elementnotinteractableexception
Stacktrace:
#0 0x557b4a408e3a <unknown>
#1 0x557b49d32c20 <unknown>
#2 0x557b49d85191 <unknown>
#3 0x557b49d82ae9 <unknown>
#4 0x557b49d7df87 <unknown>
#5 0x557b49dd37af <unknown>
#6 0x557b49d7c748 <unknown>
#7 0x557b49d7d511 <unknown>
#8 0x557b4a3cb3c5 <unknown>
#9 0x557b4a3c9bd5 <unknown>
#10 0x557b4a3b4c55 <unknown>
#11 0x557b4a3ca82a <unknown>
#12 0x557b4a39d329 <unknown>
#13 0x557b4a3f3248 <unknown>
#14 0x557b4a3f33e5 <unknown>
#15 0x557b4a407783 <unknown>
#16 0x7f692a69cb84 <unknown>
#17 0x7f692a729ecc <unknown>"
TO,MAURICIO BARROS DE AGUIAR,34558660000104,7896004709956,,,0.0,0.0,0.0,0.0,0.0,0.0,2026-10-04 15:05:56,ERRO,"Message: element not interactable
  (Session info: chrome=154.0.8037.57); For documentation on this error, please visit: https://www.selenium.dev/documentation/webdriver/troubleshooting/errors#elementnotinteractableexception
Stacktrace:
#0 0x557b4a408e3a <unknown>
#1 0x557b49d32c20 <unknown>
#2 0x557b49d85191 <unknown>
#3 0x557b49d82ae9 <unknown>
#4 0x557b49d7df87 <unknown>
#5 0x557b49dd37af <unknown>
#6 0x557b49d7c748 <unknown>
#7 0x557b49d7d511 <unknown>
#8 0x557b4a3cb3c5 <unknown>
#9 0x557b4a3c9bd5 <unknown>
#10 0x557b4a3b4c55 <unknown>
#11 0x557b4a3ca82a <unknown>
#12 0x557b4a39d329 <unknown>
#13 0x557b4a3f3248 <unknown>
#14 0x557b4a3f33e5 <unknown>
#15 0x557b4a407783 <unknown>
#16 0x7f692a69cb84 <unknown>
#17 0x7f692a729ecc <unknown>"
TO,MAURICIO BARROS DE AGUIAR,34558660000104,7896004710402,,,0.0,0.0,0.0,0.0,0.0,0.0,2026-10-04 15:05:57,ERRO,"Message: element not interactable
  (Session info: chrome=154.0.8037.57); For documentation on this error, please visit: https://www.selenium.dev/documentation/webdriver/troubleshooting/errors#elementnotinteractableexception
Stacktrace:
#0 0x557b4a408e3a <unknown>
#1 0x557b49d32c20 <unknown>
#2 0x557b49d85191 <unknown>
#3 0x557b49d82ae9 <unknown>
#4 0x557b49d7df87 <unknown>
#5 0x557b49dd37af <unknown>
#6 0x557b49d7c748 <unknown>
#7 0x557b49d7d511 <unknown>
#8 0x557b4a3cb3c5 <unknown>
#9 0x557b4a3c9bd5 <unknown>
#10 0x557b4a3b4c55 <unknown>
#11 0x557b4a3ca82a <unknown>
#12 0x557b4a39d329 <unknown>
#13 0x557b4a3f3248 <unknown>
#14 0x557b4a3f33e5 <unknown>
#15 0x557b4a407783 <unknown>
#16 0x7f692a69cb84 <unknown>
#17 0x7f692a729ecc <unknown>"
TO,MAURICIO BARROS DE AGUIAR,34558660000104,7896004710419,,,0.0,0.0,0.0,0.0,0.0,0.0,2026-10-04 15:05:58,ERRO,"Message: element not interactable
  (Session info: chrome=154.0.8037.57); For documentation on this error, please visit: https://www.selenium.dev/documentation/webdriver/troubleshooting/errors#elementnotinteractableexception
Stacktrace:
#0 0x557b4a408e3a <unknown>
#1 0x557b49d32c20 <unknown>
#2 0x557b49d85191 <unknown>
#3 0x557b49d82ae9 <unknown>
#4 0x557b49d7df87 <unknown>
#5 0x557b49dd37af <unknown>
#6 0x557b49d7c748 <unknown>
#7 0x557b49d7d511 <unknown>
#8 0x557b4a3cb3c5 <unknown>
#9 0x557b4a3c9bd5 <unknown>
#10 0x557b4a3b4c55 <unknown>
#11 0x557b4a3ca82a <unknown>
#12 0x557b4a39d329 <unknown>
#13 0x557b4a3f3248 <unknown>
#14 0x557b4a3f33e5 <unknown>
#15 0x557b4a407783 <unknown>
#16 0x7f692a69cb84 <unknown>
#17 0x7f692a729ecc <unknown>"
TO,MAURICIO BARROS DE AGUIAR,34558660000104,7896004710464,,,0.0,0.0,0.0,0.0,0.0,0.0,2026-10-04 15:05:59,ERRO,"Message: element not interactable
  (Session info: chrome=154.0.8037.57); For documentation on this error, please visit: https://www.selenium.dev/documentation/webdriver/troubleshooting/errors#elementnotinteractableexception
Stacktrace:
#0 0x557b4a408e3a <unknown>
#1 0x557b49d32c20 <unknown>
#2 0x557b49d85191 <unknown>
#3 0x557b49d82ae9 <unknown>
#4 0x557b49d7df87 <unknown>
#5 0x557b49dd37af <unknown>
#6 0x557b49d7c748 <unknown>
#7 0x557b49d7d511 <unknown>
#8 0x557b4a3cb3c5 <unknown>
#9 0x557b4a3c9bd5 <unknown>
#10 0x557b4a3b4c55 <unknown>
#11 0x557b4a3ca82a <unknown>
#12 0x557b4a39d329 <unknown>
#13 0x557b4a3f3248 <unknown>
#14 0x557b4a3f33e5 <unknown>
#15 0x557b4a407783 <unknown>
#16 0x7f692a69cb84 <unknown>
#17 0x7f692a729ecc <unknown>"
TO,MAURICIO BARROS DE AGUIAR,34558660000104,7896004710471,,,0.0,0.0,0.0,0.0,0.0,0.0,2026-10-04 15:06:00,ERRO,"Message: element not interactable
  (Session info: chrome=154.0.8037.57); For documentation on this error, please visit: https://www.selenium.dev/documentation/webdriver/troubleshooting/errors#elementnotinteractableexception
Stacktrace:
#0 0x557b4a408e3a <unknown>
#1 0x557b49d32c20 <unknown>
#2 0x557b49d85191 <unknown>
#3 0x557b49d82ae9 <unknown>
#4 0x557b49d7df87 <unknown>
#5 0x557b49dd37af <unknown>
#6 0x557b49d7c748 <unknown>
#7 0x557b49d7d511 <unknown>
#8 0x557b4a3cb3c5 <unknown>
#9 0x557b4a3c9bd5 <unknown>
#10 0x557b4a3b4c55 <unknown>
#11 0x557b4a3ca82a <unknown>
#12 0x557b4a39d329 <unknown>
#13 0x557b4a3f3248 <unknown>
#14 0x557b4a3f33e5 <unknown>
#15 0x557b4a407783 <unknown>
#16 0x7f692a69cb84 <unknown>
#17 0x7f692a729ecc <unknown>"
TO,MAURICIO BARROS DE AGUIAR,34558660000104,7896004710525,,,0.0,0.0,0.0,0.0,0.0,0.0,2026-10-04 15:06:02,ERRO,"Message: element not interactable
  (Session info: chrome=154.0.8037.57); For documentation on this error, please visit: https://www.selenium.dev/documentation/webdriver/troubleshooting/errors#elementnotinteractableexception
Stacktrace:
#0 0x557b4a408e3a <unknown>
#1 0x557b49d32c20 <unknown>
#2 0x557b49d85191 <unknown>
#3 0x557b49d82ae9 <unknown>
#4 0x557b49d7df87 <unknown>
#5 0x557b49dd37af <unknown>
#6 0x557b49d7c748 <unknown>
#7 0x557b49d7d511 <unknown>
#8 0x557b4a3cb3c5 <unknown>
#9 0x557b4a3c9bd5 <unknown>
#10 0x557b4a3b4c55 <unknown>
#11 0x557b4a3ca82a <unknown>
#12 0x557b4a39d329 <unknown>
#13 0x557b4a3f3248 <unknown>
#14 0x557b4a3f33e5 <unknown>
#15 0x557b4a407783 <unknown>
#16 0x7f692a69cb84 <unknown>
#17 0x7f692a729ecc <unknown>"
TO,MAURICIO BARROS DE AGUIAR,34558660000104,7896004710679,,,0.0,0.0,0.0,0.0,0.0,0.0,2026-10-04 15:06:03,ERRO,"Message: element not interactable
  (Session info: chrome=154.0.8037.57); For documentation on this error, please visit: https://www.selenium.dev/documentation/webdriver/troubleshooting/errors#elementnotinteractableexception
Stacktrace:
#0 0x557b4a408e3a <unknown>
#1 0x557b49d32c20 <unknown>
#2 0x557b49d85191 <unknown>
#3 0x557b49d82ae9 <unknown>
#4 0x557b49d7df87 <unknown>
#5 0x557b49dd37af <unknown>
#6 0x557b49d7c748 <unknown>
#7 0x557b49d7d511 <unknown>
#8 0x557b4a3cb3c5 <unknown>
#9 0x557b4a3c9bd5 <unknown>
#10 0x557b4a3b4c55 <unknown>
#11 0x557b4a3ca82a <unknown>
#12 0x557b4a39d329 <unknown>
#13 0x557b4a3f3248 <unknown>
#14 0x557b4a3f33e5 <unknown>
#15 0x557b4a407783 <unknown>
#16 0x7f692a69cb84 <unknown>
#17 0x7f692a729ecc <unknown>"
TO,MAURICIO BARROS DE AGUIAR,34558660000104,7896004710761,,,0.0,0.0,0.0,0.0,0.0,0.0,2026-10-04 15:06:04,ERRO,"Message: element not interactable
  (Session info: chrome=154.0.8037.57); For documentation on this error, please visit: https://www.selenium.dev/documentation/webdriver/troubleshooting/errors#elementnotinteractableexception
Stacktrace:
#0 0x557b4a408e3a <unknown>
#1 0x557b49d32c20 <unknown>
#2 0x557b49d85191 <unknown>
#3 0x557b49d82ae9 <unknown>
#4 0x557b49d7df87 <unknown>
#5 0x557b49dd37af <unknown>
#6 0x557b49d7c748 <unknown>
#7 0x557b49d7d511 <unknown>
#8 0x557b4a3cb3c5 <unknown>
#9 0x557b4a3c9bd5 <unknown>
#10 0x557b4a3b4c55 <unknown>
#11 0x557b4a3ca82a <unknown>
#12 0x557b4a39d329 <unknown>
#13 0x557b4a3f3248 <unknown>
#14 0x557b4a3f33e5 <unknown>
#15 0x557b4a407783 <unknown>
#16 0x7f692a69cb84 <unknown>
#17 0x7f692a729ecc <unknown>"
TO,MAURICIO BARROS DE AGUIAR,34558660000104,7896004710860,,,0.0,0.0,0.0,0.0,0.0,0.0,2026-10-04 15:06:05,ERRO,"Message: element not interactable
  (Session info: chrome=154.0.8037.57); For documentation on this error, please visit: https://www.selenium.dev/documentation/webdriver/troubleshooting/errors#elementnotinteractableexception
Stacktrace:
#0 0x557b4a408e3a <unknown>
#1 0x557b49d32c20 <unknown>
#2 0x557b49d85191 <unknown>
#3 0x557b49d82ae9 <unknown>
#4 0x557b49d7df87 <unknown>
#5 0x557b49dd37af <unknown>
#6 0x557b49d7c748 <unknown>
#7 0x557b49d7d511 <unknown>
#8 0x557b4a3cb3c5 <unknown>
#9 0x557b4a3c9bd5 <unknown>
#10 0x557b4a3b4c55 <unknown>
#11 0x557b4a3ca82a <unknown>
#12 0x557b4a39d329 <unknown>
#13 0x557b4a3f3248 <unknown>
#14 0x557b4a3f33e5 <unknown>
#15 0x557b4a407783 <unknown>
#16 0x7f692a69cb84 <unknown>
#17 0x7f692a729ecc <unknown>"
TO,MAURICIO BARROS DE AGUIAR,34558660000104,7896004710891,,,0.0,0.0,0.0,0.0,0.0,0.0,2026-10-04 15:06:06,ERRO,"Message: element not interactable
  (Session info: chrome=154.0.8037.57); For documentation on this error, please visit: https://www.selenium.dev/documentation/webdriver/troubleshooting/errors#elementnotinteractableexception
Stacktrace:
#0 0x557b4a408e3a <unknown>
#1 0x557b49d32c20 <unknown>
#2 0x557b49d85191 <unknown>
#3 0x557b49d82ae9 <unknown>
#4 0x557b49d7df87 <unknown>
#5 0x557b49dd37af <unknown>
#6 0x557b49d7c748 <unknown>
#7 0x557b49d7d511 <unknown>
#8 0x557b4a3cb3c5 <unknown>
#9 0x557b4a3c9bd5 <unknown>
#10 0x557b4a3b4c55 <unknown>
#11 0x557b4a3ca82a <unknown>
#12 0x557b4a39d329 <unknown>
#13 0x557b4a3f3248 <unknown>
#14 0x557b4a3f33e5 <unknown>
#15 0x557b4a407783 <unknown>
#16 0x7f692a69cb84 <unknown>
#17 0x7f692a729ecc <unknown>"
TO,MAURICIO BARROS DE AGUIAR,34558660000104,7896004710907,,,0.0,0.0,0.0,0.0,0.0,0.0,2026-10-04 15:06:07,ERRO,"Message: element not interactable
  (Session info: chrome=154.0.8037.57); For documentation on this error, please visit: https://www.selenium.dev/documentation/webdriver/troubleshooting/errors#elementnotinteractableexception
Stacktrace:
#0 0x557b4a408e3a <unknown>
#1 0x557b49d32c20 <unknown>
#2 0x557b49d85191 <unknown>
#3 0x557b49d82ae9 <unknown>
#4 0x557b49d7df87 <unknown>
#5 0x557b49dd37af <unknown>
#6 0x557b49d7c748 <unknown>
#7 0x557b49d7d511 <unknown>
#8 0x557b4a3cb3c5 <unknown>
#9 0x557b4a3c9bd5 <unknown>
#10 0x557b4a3b4c55 <unknown>
#11 0x557b4a3ca82a <unknown>
#12 0x557b4a39d329 <unknown>
#13 0x557b4a3f3248 <unknown>
#14 0x557b4a3f33e5 <unknown>
#15 0x557b4a407783 <unknown>
#16 0x7f692a69cb84 <unknown>
#17 0x7f692a729ecc <unknown>"
TO,MAURICIO BARROS DE AGUIAR,34558660000104,7896004711034,,,0.0,0.0,0.0,0.0,0.0,0.0,2026-10-04 15:06:08,ERRO,"Message: element not interactable
  (Session info: chrome=154.0.8037.57); For documentation on this error, please visit: https://www.selenium.dev/documentation/webdriver/troubleshooting/errors#elementnotinteractableexception
Stacktrace:
#0 0x557b4a408e3a <unknown>
#1 0x557b49d32c20 <unknown>
#2 0x557b49d85191 <unknown>
#3 0x557b49d82ae9 <unknown>
#4 0x557b49d7df87 <unknown>
#5 0x557b49dd37af <unknown>
#6 0x557b49d7c748 <unknown>
#7 0x557b49d7d511 <unknown>
#8 0x557b4a3cb3c5 <unknown>
#9 0x557b4a3c9bd5 <unknown>
#10 0x557b4a3b4c55 <unknown>
#11 0x557b4a3ca82a <unknown>
#12 0x557b4a39d329 <unknown>
#13 0x557b4a3f3248 <unknown>
#14 0x557b4a3f33e5 <unknown>
#15 0x557b4a407783 <unknown>
#16 0x7f692a69cb84 <unknown>
#17 0x7f692a729ecc <unknown>"
TO,MAURICIO BARROS DE AGUIAR,34558660000104,7896004711188,,,0.0,0.0,0.0,0.0,0.0,0.0,2026-10-04 15:06:09,ERRO,"Message: element not interactable
  (Session info: chrome=154.0.8037.57); For documentation on this error, please visit: https://www.selenium.dev/documentation/webdriver/troubleshooting/errors#elementnotinteractableexception
Stacktrace:
#0 0x557b4a408e3a <unknown>
#1 0x557b49d32c20 <unknown>
#2 0x557b49d85191 <unknown>
#3 0x557b49d82ae9 <unknown>
#4 0x557b49d7df87 <unknown>
#5 0x557b49dd37af <unknown>
#6 0x557b49d7c748 <unknown>
#7 0x557b49d7d511 <unknown>
#8 0x557b4a3cb3c5 <unknown>
#9 0x557b4a3c9bd5 <unknown>
#10 0x557b4a3b4c55 <unknown>
#11 0x557b4a3ca82a <unknown>
#12 0x557b4a39d329 <unknown>
#13 0x557b4a3f3248 <unknown>
#14 0x557b4a3f33e5 <unknown>
#15 0x557b4a407783 <unknown>
#16 0x7f692a69cb84 <unknown>
#17 0x7f692a729ecc <unknown>"
TO,MAURICIO BARROS DE AGUIAR,34558660000104,7896004711195,,,0.0,0.0,0.0,0.0,0.0,0.0,2026-10-04 15:06:10,ERRO,"Message: element not interactable
  (Session info: chrome=154.0.8037.57); For documentation on this error, please visit: https://www.selenium.dev/documentation/webdriver/troubleshooting/errors#elementnotinteractableexception
Stacktrace:
#0 0x557b4a408e3a <unknown>
#1 0x557b49d32c20 <unknown>
#2 0x557b49d85191 <unknown>
#3 0x557b49d82ae9 <unknown>
#4 0x557b49d7df87 <unknown>
#5 0x557b49dd37af <unknown>
#6 0x557b49d7c748 <unknown>
#7 0x557b49d7d511 <unknown>
#8 0x557b4a3cb3c5 <unknown>
#9 0x557b4a3c9bd5 <unknown>
#10 0x557b4a3b4c55 <unknown>
#11 0x557b4a3ca82a <unknown>
#12 0x557b4a39d329 <unknown>
#13 0x557b4a3f3248 <unknown>
#14 0x557b4a3f33e5 <unknown>
#15 0x557b4a407783 <unknown>
#16 0x7f692a69cb84 <unknown>
#17 0x7f692a729ecc <unknown>"
TO,MAURICIO BARROS DE AGUIAR,34558660000104,7896004711218,,,0.0,0.0,0.0,0.0,0.0,0.0,2026-10-04 15:06:11,ERRO,"Message: element not interactable
  (Session info: chrome=154.0.8037.57); For documentation on this error, please visit: https://www.selenium.dev/documentation/webdriver/troubleshooting/errors#elementnotinteractableexception
Stacktrace:
#0 0x557b4a408e3a <unknown>
#1 0x557b49d32c20 <unknown>
#2 0x557b49d85191 <unknown>
#3 0x557b49d82ae9 <unknown>
#4 0x557b49d7df87 <unknown>
#5 0x557b49dd37af <unknown>
#6 0x557b49d7c748 <unknown>
#7 0x557b49d7d511 <unknown>
#8 0x557b4a3cb3c5 <unknown>
#9 0x557b4a3c9bd5 <unknown>
#10 0x557b4a3b4c55 <unknown>
#11 0x557b4a3ca82a <unknown>
#12 0x557b4a39d329 <unknown>
#13 0x557b4a3f3248 <unknown>
#14 0x557b4a3f33e5 <unknown>
#15 0x557b4a407783 <unknown>
#16 0x7f692a69cb84 <unknown>
#17 0x7f692a729ecc <unknown>"
TO,MAURICIO BARROS DE AGUIAR,34558660000104,7896004711225,,,0.0,0.0,0.0,0.0,0.0,0.0,2026-10-04 15:06:12,ERRO,"Message: element not interactable
  (Session info: chrome=154.0.8037.57); For documentation on this error, please visit: https://www.selenium.dev/documentation/webdriver/troubleshooting/errors#elementnotinteractableexception
Stacktrace:
#0 0x557b4a408e3a <unknown>
#1 0x557b49d32c20 <unknown>
#2 0x557b49d85191 <unknown>
#3 0x557b49d82ae9 <unknown>
#4 0x557b49d7df87 <unknown>
#5 0x557b49dd37af <unknown>
#6 0x557b49d7c748 <unknown>
#7 0x557b49d7d511 <unknown>
#8 0x557b4a3cb3c5 <unknown>
#9 0x557b4a3c9bd5 <unknown>
#10 0x557b4a3b4c55 <unknown>
#11 0x557b4a3ca82a <unknown>
#12 0x557b4a39d329 <unknown>
#13 0x557b4a3f3248 <unknown>
#14 0x557b4a3f33e5 <unknown>
#15 0x557b4a407783 <unknown>
#16 0x7f692a69cb84 <unknown>
#17 0x7f692a729ecc <unknown>"
TO,MAURICIO BARROS DE AGUIAR,34558660000104,7896004711232,,,0.0,0.0,0.0,0.0,0.0,0.0,2026-10-04 15:06:14,ERRO,"Message: element not interactable
  (Session info: chrome=154.0.8037.57); For documentation on this error, please visit: https://www.selenium.dev/documentation/webdriver/troubleshooting/errors#elementnotinteractableexception
Stacktrace:
#0 0x557b4a408e3a <unknown>
#1 0x557b49d32c20 <unknown>
#2 0x557b49d85191 <unknown>
#3 0x557b49d82ae9 <unknown>
#4 0x557b49d7df87 <unknown>
#5 0x557b49dd37af <unknown>
#6 0x557b49d7c748 <unknown>
#7 0x557b49d7d511 <unknown>
#8 0x557b4a3cb3c5 <unknown>
#9 0x557b4a3c9bd5 <unknown>
#10 0x557b4a3b4c55 <unknown>
#11 0x557b4a3ca82a <unknown>
#12 0x557b4a39d329 <unknown>
#13 0x557b4a3f3248 <unknown>
#14 0x557b4a3f33e5 <unknown>
#15 0x557b4a407783 <unknown>
#16 0x7f692a69cb84 <unknown>
#17 0x7f692a729ecc <unknown>"
TO,MAURICIO BARROS DE AGUIAR,34558660000104,7896004711287,,,0.0,0.0,0.0,0.0,0.0,0.0,2026-10-04 15:06:15,ERRO,"Message: element not interactable
  (Session info: chrome=154.0.8037.57); For documentation on this error, please visit: https://www.selenium.dev/documentation/webdriver/troubleshooting/errors#elementnotinteractableexception
Stacktrace:
#0 0x557b4a408e3a <unknown>
#1 0x557b49d32c20 <unknown>
#2 0x557b49d85191 <unknown>
#3 0x557b49d82ae9 <unknown>
#4 0x557b49d7df87 <unknown>
#5 0x557b49dd37af <unknown>
#6 0x557b49d7c748 <unknown>
#7 0x557b49d7d511 <unknown>
#8 0x557b4a3cb3c5 <unknown>
#9 0x557b4a3c9bd5 <unknown>
#10 0x557b4a3b4c55 <unknown>
#11 0x557b4a3ca82a <unknown>
#12 0x557b4a39d329 <unknown>
#13 0x557b4a3f3248 <unknown>
#14 0x557b4a3f33e5 <unknown>
#15 0x557b4a407783 <unknown>
#16 0x7f692a69cb84 <unknown>
#17 0x7f692a729ecc <unknown>"
TO,MAURICIO BARROS DE AGUIAR,34558660000104,7896004711423,,,0.0,0.0,0.0,0.0,0.0,0.0,2026-10-04 15:06:16,ERRO,"Message: element not interactable
  (Session info: chrome=154.0.8037.57); For documentation on this error, please visit: https://www.selenium.dev/documentation/webdriver/troubleshooting/errors#elementnotinteractableexception
Stacktrace:
#0 0x557b4a408e3a <unknown>
#1 0x557b49d32c20 <unknown>
#2 0x557b49d85191 <unknown>
#3 0x557b49d82ae9 <unknown>
#4 0x557b49d7df87 <unknown>
#5 0x557b49dd37af <unknown>
#6 0x557b49d7c748 <unknown>
#7 0x557b49d7d511 <unknown>
#8 0x557b4a3cb3c5 <unknown>
#9 0x557b4a3c9bd5 <unknown>
#10 0x557b4a3b4c55 <unknown>
#11 0x557b4a3ca82a <unknown>
#12 0x557b4a39d329 <unknown>
#13 0x557b4a3f3248 <unknown>
#14 0x557b4a3f33e5 <unknown>
#15 0x557b4a407783 <unknown>
#16 0x7f692a69cb84 <unknown>
#17 0x7f692a729ecc <unknown>"
TO,MAURICIO BARROS DE AGUIAR,34558660000104,7896004711454,,,0.0,0.0,0.0,0.0,0.0,0.0,2026-10-04 15:06:17,ERRO,"Message: element not interactable
  (Session info: chrome=154.0.8037.57); For documentation on this error, please visit: https://www.selenium.dev/documentation/webdriver/troubleshooting/errors#elementnotinteractableexception
Stacktrace:
#0 0x557b4a408e3a <unknown>
#1 0x557b49d32c20 <unknown>
#2 0x557b49d85191 <unknown>
#3 0x557b49d82ae9 <unknown>
#4 0x557b49d7df87 <unknown>
#5 0x557b49dd37af <unknown>
#6 0x557b49d7c748 <unknown>
#7 0x557b49d7d511 <unknown>
#8 0x557b4a3cb3c5 <unknown>
#9 0x557b4a3c9bd5 <unknown>
#10 0x557b4a3b4c55 <unknown>
#11 0x557b4a3ca82a <unknown>
#12 0x557b4a39d329 <unknown>
#13 0x557b4a3f3248 <unknown>
#14 0x557b4a3f33e5 <unknown>
#15 0x557b4a407783 <unknown>
#16 0x7f692a69cb84 <unknown>
#17 0x7f692a729ecc <unknown>"
TO,MAURICIO BARROS DE AGUIAR,34558660000104,7896004711485,,,0.0,0.0,0.0,0.0,0.0,0.0,2026-10-04 15:06:18,ERRO,"Message: element not interactable
  (Session info: chrome=154.0.8037.57); For documentation on this error, please visit: https://www.selenium.dev/documentation/webdriver/troubleshooting/errors#elementnotinteractableexception
Stacktrace:
#0 0x557b4a408e3a <unknown>
#1 0x557b49d32c20 <unknown>
#2 0x557b49d85191 <unknown>
#3 0x557b49d82ae9 <unknown>
#4 0x557b49d7df87 <unknown>
#5 0x557b49dd37af <unknown>
#6 0x557b49d7c748 <unknown>
#7 0x557b49d7d511 <unknown>
#8 0x557b4a3cb3c5 <unknown>
#9 0x557b4a3c9bd5 <unknown>
#10 0x557b4a3b4c55 <unknown>
#11 0x557b4a3ca82a <unknown>
#12 0x557b4a39d329 <unknown>
#13 0x557b4a3f3248 <unknown>
#14 0x557b4a3f33e5 <unknown>
#15 0x557b4a407783 <unknown>
#16 0x7f692a69cb84 <unknown>
#17 0x7f692a729ecc <unknown>"
TO,MAURICIO BARROS DE AGUIAR,34558660000104,7896004711539,,,0.0,0.0,0.0,0.0,0.0,0.0,2026-10-04 15:06:19,ERRO,"Message: element not interactable
  (Session info: chrome=154.0.8037.57); For documentation on this error, please visit: https://www.selenium.dev/documentation/webdriver/troubleshooting/errors#elementnotinteractableexception
Stacktrace:
#0 0x557b4a408e3a <unknown>
#1 0x557b49d32c20 <unknown>
#2 0x557b49d85191 <unknown>
#3 0x557b49d82ae9 <unknown>
#4 0x557b49d7df87 <unknown>
#5 0x557b49dd37af <unknown>
#6 0x557b49d7c748 <unknown>
#7 0x557b49d7d511 <unknown>
#8 0x557b4a3cb3c5 <unknown>
#9 0x557b4a3c9bd5 <unknown>
#10 0x557b4a3b4c55 <unknown>
#11 0x557b4a3ca82a <unknown>
#12 0x557b4a39d329 <unknown>
#13 0x557b4a3f3248 <unknown>
#14 0x557b4a3f33e5 <unknown>
#15 0x557b4a407783 <unknown>
#16 0x7f692a69cb84 <unknown>
#17 0x7f692a729ecc <unknown>"
TO,MAURICIO BARROS DE AGUIAR,34558660000104,7896004711690,,,0.0,0.0,0.0,0.0,0.0,0.0,2026-10-04 15:06:20,ERRO,"Message: element not interactable
  (Session info: chrome=154.0.8037.57); For documentation on this error, please visit: https://www.selenium.dev/documentation/webdriver/troubleshooting/errors#elementnotinteractableexception
Stacktrace:
#0 0x557b4a408e3a <unknown>
#1 0x557b49d32c20 <unknown>
#2 0x557b49d85191 <unknown>
#3 0x557b49d82ae9 <unknown>
#4 0x557b49d7df87 <unknown>
#5 0x557b49dd37af <unknown>
#6 0x557b49d7c748 <unknown>
#7 0x557b49d7d511 <unknown>
#8 0x557b4a3cb3c5 <unknown>
#9 0x557b4a3c9bd5 <unknown>
#10 0x557b4a3b4c55 <unknown>
#11 0x557b4a3ca82a <unknown>
#12 0x557b4a39d329 <unknown>
#13 0x557b4a3f3248 <unknown>
#14 0x557b4a3f33e5 <unknown>
#15 0x557b4a407783 <unknown>
#16 0x7f692a69cb84 <unknown>
#17 0x7f692a729ecc <unknown>"
TO,MAURICIO BARROS DE AGUIAR,34558660000104,7896004711744,,,0.0,0.0,0.0,0.0,0.0,0.0,2026-10-04 15:06:21,ERRO,"Message: element not interactable
  (Session info: chrome=154.0.8037.57); For documentation on this error, please visit: https://www.selenium.dev/documentation/webdriver/troubleshooting/errors#elementnotinteractableexception
Stacktrace:
#0 0x557b4a408e3a <unknown>
#1 0x557b49d32c20 <unknown>
#2 0x557b49d85191 <unknown>
#3 0x557b49d82ae9 <unknown>
#4 0x557b49d7df87 <unknown>
#5 0x557b49dd37af <unknown>
#6 0x557b49d7c748 <unknown>
#7 0x557b49d7d511 <unknown>
#8 0x557b4a3cb3c5 <unknown>
#9 0x557b4a3c9bd5 <unknown>
#10 0x557b4a3b4c55 <unknown>
#11 0x557b4a3ca82a <unknown>
#12 0x557b4a39d329 <unknown>
#13 0x557b4a3f3248 <unknown>
#14 0x557b4a3f33e5 <unknown>
#15 0x557b4a407783 <unknown>
#16 0x7f692a69cb84 <unknown>
#17 0x7f692a729ecc <unknown>"
TO,MAURICIO BARROS DE AGUIAR,34558660000104,7896004711850,,,0.0,0.0,0.0,0.0,0.0,0.0,2026-10-04 15:06:22,ERRO,"Message: element not interactable
  (Session info: chrome=154.0.8037.57); For documentation on this error, please visit: https://www.selenium.dev/documentation/webdriver/troubleshooting/errors#elementnotinteractableexception
Stacktrace:
#0 0x557b4a408e3a <unknown>
#1 0x557b49d32c20 <unknown>
#2 0x557b49d85191 <unknown>
#3 0x557b49d82ae9 <unknown>
#4 0x557b49d7df87 <unknown>
#5 0x557b49dd37af <unknown>
#6 0x557b49d7c748 <unknown>
#7 0x557b49d7d511 <unknown>
#8 0x557b4a3cb3c5 <unknown>
#9 0x557b4a3c9bd5 <unknown>
#10 0x557b4a3b4c55 <unknown>
#11 0x557b4a3ca82a <unknown>
#12 0x557b4a39d329 <unknown>
#13 0x557b4a3f3248 <unknown>
#14 0x557b4a3f33e5 <unknown>
#15 0x557b4a407783 <unknown>
#16 0x7f692a69cb84 <unknown>
#17 0x7f692a729ecc <unknown>"
TO,MAURICIO BARROS DE AGUIAR,34558660000104,7896004712048,,,0.0,0.0,0.0,0.0,0.0,0.0,2026-10-04 15:06:23,ERRO,"Message: element not interactable
  (Session info: chrome=154.0.8037.57); For documentation on this error, please visit: https://www.selenium.dev/documentation/webdriver/troubleshooting/errors#elementnotinteractableexception
Stacktrace:
#0 0x557b4a408e3a <unknown>
#1 0x557b49d32c20 <unknown>
#2 0x557b49d85191 <unknown>
#3 0x557b49d82ae9 <unknown>
#4 0x557b49d7df87 <unknown>
#5 0x557b49dd37af <unknown>
#6 0x557b49d7c748 <unknown>
#7 0x557b49d7d511 <unknown>
#8 0x557b4a3cb3c5 <unknown>
#9 0x557b4a3c9bd5 <unknown>
#10 0x557b4a3b4c55 <unknown>
#11 0x557b4a3ca82a <unknown>
#12 0x557b4a39d329 <unknown>
#13 0x557b4a3f3248 <unknown>
#14 0x557b4a3f33e5 <unknown>
#15 0x557b4a407783 <unknown>
#16 0x7f692a69cb84 <unknown>
#17 0x7f692a729ecc <unknown>"
TO,MAURICIO BARROS DE AGUIAR,34558660000104,7896004712147,,,0.0,0.0,0.0,0.0,0.0,0.0,2026-10-04 15:06:25,ERRO,"Message: element not interactable
  (Session info: chrome=154.0.8037.57); For documentation on this error, please visit: https://www.selenium.dev/documentation/webdriver/troubleshooting/errors#elementnotinteractableexception
Stacktrace:
#0 0x557b4a408e3a <unknown>
#1 0x557b49d32c20 <unknown>
#2 0x557b49d85191 <unknown>
#3 0x557b49d82ae9 <unknown>
#4 0x557b49d7df87 <unknown>
#5 0x557b49dd37af <unknown>
#6 0x557b49d7c748 <unknown>
#7 0x557b49d7d511 <unknown>
#8 0x557b4a3cb3c5 <unknown>
#9 0x557b4a3c9bd5 <unknown>
#10 0x557b4a3b4c55 <unknown>
#11 0x557b4a3ca82a <unknown>
#12 0x557b4a39d329 <unknown>
#13 0x557b4a3f3248 <unknown>
#14 0x557b4a3f33e5 <unknown>
#15 0x557b4a407783 <unknown>
#16 0x7f692a69cb84 <unknown>
#17 0x7f692a729ecc <unknown>"
TO,MAURICIO BARROS DE AGUIAR,34558660000104,7896004712413,,,0.0,0.0,0.0,0.0,0.0,0.0,2026-10-04 15:06:26,ERRO,"Message: element not interactable
  (Session info: chrome=154.0.8037.57); For documentation on this error, please visit: https://www.selenium.dev/documentation/webdriver/troubleshooting/errors#elementnotinteractableexception
Stacktrace:
#0 0x557b4a408e3a <unknown>
#1 0x557b49d32c20 <unknown>
#2 0x557b49d85191 <unknown>
#3 0x557b49d82ae9 <unknown>
#4 0x557b49d7df87 <unknown>
#5 0x557b49dd37af <unknown>
#6 0x557b49d7c748 <unknown>
#7 0x557b49d7d511 <unknown>
#8 0x557b4a3cb3c5 <unknown>
#9 0x557b4a3c9bd5 <unknown>
#10 0x557b4a3b4c55 <unknown>
#11 0x557b4a3ca82a <unknown>
#12 0x557b4a39d329 <unknown>
#13 0x557b4a3f3248 <unknown>
#14 0x557b4a3f33e5 <unknown>
#15 0x557b4a407783 <unknown>
#16 0x7f692a69cb84 <unknown>
#17 0x7f692a729ecc <unknown>"
TO,MAURICIO BARROS DE AGUIAR,34558660000104,7896004712499,,,0.0,0.0,0.0,0.0,0.0,0.0,2026-10-04 15:06:27,ERRO,"Message: element not interactable
  (Session info: chrome=154.0.8037.57); For documentation on this error, please visit: https://www.selenium.dev/documentation/webdriver/troubleshooting/errors#elementnotinteractableexception
Stacktrace:
#0 0x557b4a408e3a <unknown>
#1 0x557b49d32c20 <unknown>
#2 0x557b49d85191 <unknown>
#3 0x557b49d82ae9 <unknown>
#4 0x557b49d7df87 <unknown>
#5 0x557b49dd37af <unknown>
#6 0x557b49d7c748 <unknown>
#7 0x557b49d7d511 <unknown>
#8 0x557b4a3cb3c5 <unknown>
#9 0x557b4a3c9bd5 <unknown>
#10 0x557b4a3b4c55 <unknown>
#11 0x557b4a3ca82a <unknown>
#12 0x557b4a39d329 <unknown>
#13 0x557b4a3f3248 <unknown>
#14 0x557b4a3f33e5 <unknown>
#15 0x557b4a407783 <unknown>
#16 0x7f692a69cb84 <unknown>
#17 0x7f692a729ecc <unknown>"
TO,MAURICIO BARROS DE AGUIAR,34558660000104,7896004712581,,,0.0,0.0,0.0,0.0,0.0,0.0,2026-10-04 15:06:28,ERRO,"Message: element not interactable
  (Session info: chrome=154.0.8037.57); For documentation on this error, please visit: https://www.selenium.dev/documentation/webdriver/troubleshooting/errors#elementnotinteractableexception
Stacktrace:
#0 0x557b4a408e3a <unknown>
#1 0x557b49d32c20 <unknown>
#2 0x557b49d85191 <unknown>
#3 0x557b49d82ae9 <unknown>
#4 0x557b49d7df87 <unknown>
#5 0x557b49dd37af <unknown>
#6 0x557b49d7c748 <unknown>
#7 0x557b49d7d511 <unknown>
#8 0x557b4a3cb3c5 <unknown>
#9 0x557b4a3c9bd5 <unknown>
#10 0x557b4a3b4c55 <unknown>
#11 0x557b4a3ca82a <unknown>
#12 0x557b4a39d329 <unknown>
#13 0x557b4a3f3248 <unknown>
#14 0x557b4a3f33e5 <unknown>
#15 0x557b4a407783 <unknown>
#16 0x7f692a69cb84 <unknown>
#17 0x7f692a729ecc <unknown>"
TO,MAURICIO BARROS DE AGUIAR,34558660000104,7896004712932,,,0.0,0.0,0.0,0.0,0.0,0.0,2026-10-04 15:06:29,ERRO,"Message: element not interactable
  (Session info: chrome=154.0.8037.57); For documentation on this error, please visit: https://www.selenium.dev/documentation/webdriver/troubleshooting/errors#elementnotinteractableexception
Stacktrace:
#0 0x557b4a408e3a <unknown>
#1 0x557b49d32c20 <unknown>
#2 0x557b49d85191 <unknown>
#3 0x557b49d82ae9 <unknown>
#4 0x557b49d7df87 <unknown>
#5 0x557b49dd37af <unknown>
#6 0x557b49d7c748 <unknown>
#7 0x557b49d7d511 <unknown>
#8 0x557b4a3cb3c5 <unknown>
#9 0x557b4a3c9bd5 <unknown>
#10 0x557b4a3b4c55 <unknown>
#11 0x557b4a3ca82a <unknown>
#12 0x557b4a39d329 <unknown>
#13 0x557b4a3f3248 <unknown>
#14 0x557b4a3f33e5 <unknown>
#15 0x557b4a407783 <unknown>
#16 0x7f692a69cb84 <unknown>
#17 0x7f692a729ecc <unknown>"
TO,MAURICIO BARROS DE AGUIAR,34558660000104,7896004712963,,,0.0,0.0,0.0,0.0,0.0,0.0,2026-10-04 15:06:30,ERRO,"Message: element not interactable
  (Session info: chrome=154.0.8037.57); For documentation on this error, please visit: https://www.selenium.dev/documentation/webdriver/troubleshooting/errors#elementnotinteractableexception
Stacktrace:
#0 0x557b4a408e3a <unknown>
#1 0x557b49d32c20 <unknown>
#2 0x557b49d85191 <unknown>
#3 0x557b49d82ae9 <unknown>
#4 0x557b49d7df87 <unknown>
#5 0x557b49dd37af <unknown>
#6 0x557b49d7c748 <unknown>
#7 0x557b49d7d511 <unknown>
#8 0x557b4a3cb3c5 <unknown>
#9 0x557b4a3c9bd5 <unknown>
#10 0x557b4a3b4c55 <unknown>
#11 0x557b4a3ca82a <unknown>
#12 0x557b4a39d329 <unknown>
#13 0x557b4a3f3248 <unknown>
#14 0x557b4a3f33e5 <unknown>
#15 0x557b4a407783 <unknown>
#16 0x7f692a69cb84 <unknown>
#17 0x7f692a729ecc <unknown>"
TO,MAURICIO BARROS DE AGUIAR,34558660000104,7896004713007,,,0.0,0.0,0.0,0.0,0.0,0.0,2026-10-04 15:06:31,ERRO,"Message: element not interactable
  (Session info: chrome=154.0.8037.57); For documentation on this error, please visit: https://www.selenium.dev/documentation/webdriver/troubleshooting/errors#elementnotinteractableexception
Stacktrace:
#0 0x557b4a408e3a <unknown>
#1 0x557b49d32c20 <unknown>
#2 0x557b49d85191 <unknown>
#3 0x557b49d82ae9 <unknown>
#4 0x557b49d7df87 <unknown>
#5 0x557b49dd37af <unknown>
#6 0x557b49d7c748 <unknown>
#7 0x557b49d7d511 <unknown>
#8 0x557b4a3cb3c5 <unknown>
#9 0x557b4a3c9bd5 <unknown>
#10 0x557b4a3b4c55 <unknown>
#11 0x557b4a3ca82a <unknown>
#12 0x557b4a39d329 <unknown>
#13 0x557b4a3f3248 <unknown>
#14 0x557b4a3f33e5 <unknown>
#15 0x557b4a407783 <unknown>
#16 0x7f692a69cb84 <unknown>
#17 0x7f692a729ecc <unknown>"
TO,MAURICIO BARROS DE AGUIAR,34558660000104,7896004713014,,,0.0,0.0,0.0,0.0,0.0,0.0,2026-10-04 15:06:32,ERRO,"Message: element not interactable
  (Session info: chrome=154.0.8037.57); For documentation on this error, please visit: https://www.selenium.dev/documentation/webdriver/troubleshooting/errors#elementnotinteractableexception
Stacktrace:
#0 0x557b4a408e3a <unknown>
#1 0x557b49d32c20 <unknown>
#2 0x557b49d85191 <unknown>
#3 0x557b49d82ae9 <unknown>
#4 0x557b49d7df87 <unknown>
#5 0x557b49dd37af <unknown>
#6 0x557b49d7c748 <unknown>
#7 0x557b49d7d511 <unknown>
#8 0x557b4a3cb3c5 <unknown>
#9 0x557b4a3c9bd5 <unknown>
#10 0x557b4a3b4c55 <unknown>
#11 0x557b4a3ca82a <unknown>
#12 0x557b4a39d329 <unknown>
#13 0x557b4a3f3248 <unknown>
#14 0x557b4a3f33e5 <unknown>
#15 0x557b4a407783 <unknown>
#16 0x7f692a69cb84 <unknown>
#17 0x7f692a729ecc <unknown>"
TO,MAURICIO BARROS DE AGUIAR,34558660000104,7896004713021,,,0.0,0.0,0.0,0.0,0.0,0.0,2026-10-04 15:06:33,ERRO,"Message: element not interactable
  (Session info: chrome=154.0.8037.57); For documentation on this error, please visit: https://www.selenium.dev/documentation/webdriver/troubleshooting/errors#elementnotinteractableexception
Stacktrace:
#0 0x557b4a408e3a <unknown>
#1 0x557b49d32c20 <unknown>
#2 0x557b49d85191 <unknown>
#3 0x557b49d82ae9 <unknown>
#4 0x557b49d7df87 <unknown>
#5 0x557b49dd37af <unknown>
#6 0x557b49d7c748 <unknown>
#7 0x557b49d7d511 <unknown>
#8 0x557b4a3cb3c5 <unknown>
#9 0x557b4a3c9bd5 <unknown>
#10 0x557b4a3b4c55 <unknown>
#11 0x557b4a3ca82a <unknown>
#12 0x557b4a39d329 <unknown>
#13 0x557b4a3f3248 <unknown>
#14 0x557b4a3f33e5 <unknown>
#15 0x557b4a407783 <unknown>
#16 0x7f692a69cb84 <unknown>
#17 0x7f692a729ecc <unknown>"
TO,MAURICIO BARROS DE AGUIAR,34558660000104,7896004713120,,,0.0,0.0,0.0,0.0,0.0,0.0,2026-10-04 15:06:34,ERRO,"Message: element not interactable
  (Session info: chrome=154.0.8037.57); For documentation on this error, please visit: https://www.selenium.dev/documentation/webdriver/troubleshooting/errors#elementnotinteractableexception
Stacktrace:
#0 0x557b4a408e3a <unknown>
#1 0x557b49d32c20 <unknown>
#2 0x557b49d85191 <unknown>
#3 0x557b49d82ae9 <unknown>
#4 0x557b49d7df87 <unknown>
#5 0x557b49dd37af <unknown>
#6 0x557b49d7c748 <unknown>
#7 0x557b49d7d511 <unknown>
#8 0x557b4a3cb3c5 <unknown>
#9 0x557b4a3c9bd5 <unknown>
#10 0x557b4a3b4c55 <unknown>
#11 0x557b4a3ca82a <unknown>
#12 0x557b4a39d329 <unknown>
#13 0x557b4a3f3248 <unknown>
#14 0x557b4a3f33e5 <unknown>
#15 0x557b4a407783 <unknown>
#16 0x7f692a69cb84 <unknown>
#17 0x7f692a729ecc <unknown>"
TO,MAURICIO BARROS DE AGUIAR,34558660000104,7896004713137,,,0.0,0.0,0.0,0.0,0.0,0.0,2026-10-04 15:06:36,ERRO,"Message: element not interactable
  (Session info: chrome=154.0.8037.57); For documentation on this error, please visit: https://www.selenium.dev/documentation/webdriver/troubleshooting/errors#elementnotinteractableexception
Stacktrace:
#0 0x557b4a408e3a <unknown>
#1 0x557b49d32c20 <unknown>
#2 0x557b49d85191 <unknown>
#3 0x557b49d82ae9 <unknown>
#4 0x557b49d7df87 <unknown>
#5 0x557b49dd37af <unknown>
#6 0x557b49d7c748 <unknown>
#7 0x557b49d7d511 <unknown>
#8 0x557b4a3cb3c5 <unknown>
#9 0x557b4a3c9bd5 <unknown>
#10 0x557b4a3b4c55 <unknown>
#11 0x557b4a3ca82a <unknown>
#12 0x557b4a39d329 <unknown>
#13 0x557b4a3f3248 <unknown>
#14 0x557b4a3f33e5 <unknown>
#15 0x557b4a407783 <unknown>
#16 0x7f692a69cb84 <unknown>
#17 0x7f692a729ecc <unknown>"
TO,MAURICIO BARROS DE AGUIAR,34558660000104,7896004713182,,,0.0,0.0,0.0,0.0,0.0,0.0,2026-10-04 15:06:37,ERRO,"Message: element not interactable
  (Session info: chrome=154.0.8037.57); For documentation on this error, please visit: https://www.selenium.dev/documentation/webdriver/troubleshooting/errors#elementnotinteractableexception
Stacktrace:
#0 0x557b4a408e3a <unknown>
#1 0x557b49d32c20 <unknown>
#2 0x557b49d85191 <unknown>
#3 0x557b49d82ae9 <unknown>
#4 0x557b49d7df87 <unknown>
#5 0x557b49dd37af <unknown>
#6 0x557b49d7c748 <unknown>
#7 0x557b49d7d511 <unknown>
#8 0x557b4a3cb3c5 <unknown>
#9 0x557b4a3c9bd5 <unknown>
#10 0x557b4a3b4c55 <unknown>
#11 0x557b4a3ca82a <unknown>
#12 0x557b4a39d329 <unknown>
#13 0x557b4a3f3248 <unknown>
#14 0x557b4a3f33e5 <unknown>
#15 0x557b4a407783 <unknown>
#16 0x7f692a69cb84 <unknown>
#17 0x7f692a729ecc <unknown>"
TO,MAURICIO BARROS DE AGUIAR,34558660000104,7896004713250,,,0.0,0.0,0.0,0.0,0.0,0.0,2026-10-04 15:06:38,ERRO,"Message: element not interactable
  (Session info: chrome=154.0.8037.57); For documentation on this error, please visit: https://www.selenium.dev/documentation/webdriver/troubleshooting/errors#elementnotinteractableexception
Stacktrace:
#0 0x557b4a408e3a <unknown>
#1 0x557b49d32c20 <unknown>
#2 0x557b49d85191 <unknown>
#3 0x557b49d82ae9 <unknown>
#4 0x557b49d7df87 <unknown>
#5 0x557b49dd37af <unknown>
#6 0x557b49d7c748 <unknown>
#7 0x557b49d7d511 <unknown>
#8 0x557b4a3cb3c5 <unknown>
#9 0x557b4a3c9bd5 <unknown>
#10 0x557b4a3b4c55 <unknown>
#11 0x557b4a3ca82a <unknown>
#12 0x557b4a39d329 <unknown>
#13 0x557b4a3f3248 <unknown>
#14 0x557b4a3f33e5 <unknown>
#15 0x557b4a407783 <unknown>
#16 0x7f692a69cb84 <unknown>
#17 0x7f692a729ecc <unknown>"
TO,MAURICIO BARROS DE AGUIAR,34558660000104,7896004713267,,,0.0,0.0,0.0,0.0,0.0,0.0,2026-10-04 15:06:39,ERRO,"Message: element not interactable
  (Session info: chrome=154.0.8037.57); For documentation on this error, please visit: https://www.selenium.dev/documentation/webdriver/troubleshooting/errors#elementnotinteractableexception
Stacktrace:
#0 0x557b4a408e3a <unknown>
#1 0x557b49d32c20 <unknown>
#2 0x557b49d85191 <unknown>
#3 0x557b49d82ae9 <unknown>
#4 0x557b49d7df87 <unknown>
#5 0x557b49dd37af <unknown>
#6 0x557b49d7c748 <unknown>
#7 0x557b49d7d511 <unknown>
#8 0x557b4a3cb3c5 <unknown>
#9 0x557b4a3c9bd5 <unknown>
#10 0x557b4a3b4c55 <unknown>
#11 0x557b4a3ca82a <unknown>
#12 0x557b4a39d329 <unknown>
#13 0x557b4a3f3248 <unknown>
#14 0x557b4a3f33e5 <unknown>
#15 0x557b4a407783 <unknown>
#16 0x7f692a69cb84 <unknown>
#17 0x7f692a729ecc <unknown>"
TO,MAURICIO BARROS DE AGUIAR,34558660000104,7896004713342,,,0.0,0.0,0.0,0.0,0.0,0.0,2026-10-04 15:06:40,ERRO,"Message: element not interactable
  (Session info: chrome=154.0.8037.57); For documentation on this error, please visit: https://www.selenium.dev/documentation/webdriver/troubleshooting/errors#elementnotinteractableexception
Stacktrace:
#0 0x557b4a408e3a <unknown>
#1 0x557b49d32c20 <unknown>
#2 0x557b49d85191 <unknown>
#3 0x557b49d82ae9 <unknown>
#4 0x557b49d7df87 <unknown>
#5 0x557b49dd37af <unknown>
#6 0x557b49d7c748 <unknown>
#7 0x557b49d7d511 <unknown>
#8 0x557b4a3cb3c5 <unknown>
#9 0x557b4a3c9bd5 <unknown>
#10 0x557b4a3b4c55 <unknown>
#11 0x557b4a3ca82a <unknown>
#12 0x557b4a39d329 <unknown>
#13 0x557b4a3f3248 <unknown>
#14 0x557b4a3f33e5 <unknown>
#15 0x557b4a407783 <unknown>
#16 0x7f692a69cb84 <unknown>
#17 0x7f692a729ecc <unknown>"
TO,MAURICIO BARROS DE AGUIAR,34558660000104,7896004713366,,,0.0,0.0,0.0,0.0,0.0,0.0,2026-10-04 15:06:41,ERRO,"Message: element not interactable
  (Session info: chrome=154.0.8037.57); For documentation on this error, please visit: https://www.selenium.dev/documentation/webdriver/troubleshooting/errors#elementnotinteractableexception
Stacktrace:
#0 0x557b4a408e3a <unknown>
#1 0x557b49d32c20 <unknown>
#2 0x557b49d85191 <unknown>
#3 0x557b49d82ae9 <unknown>
#4 0x557b49d7df87 <unknown>
#5 0x557b49dd37af <unknown>
#6 0x557b49d7c748 <unknown>
#7 0x557b49d7d511 <unknown>
#8 0x557b4a3cb3c5 <unknown>
#9 0x557b4a3c9bd5 <unknown>
#10 0x557b4a3b4c55 <unknown>
#11 0x557b4a3ca82a <unknown>
#12 0x557b4a39d329 <unknown>
#13 0x557b4a3f3248 <unknown>
#14 0x557b4a3f33e5 <unknown>
#15 0x557b4a407783 <unknown>
#16 0x7f692a69cb84 <unknown>
#17 0x7f692a729ecc <unknown>"
TO,MAURICIO BARROS DE AGUIAR,34558660000104,7896004713571,,,0.0,0.0,0.0,0.0,0.0,0.0,2026-10-04 15:06:42,ERRO,"Message: element not interactable
  (Session info: chrome=154.0.8037.57); For documentation on this error, please visit: https://www.selenium.dev/documentation/webdriver/troubleshooting/errors#elementnotinteractableexception
Stacktrace:
#0 0x557b4a408e3a <unknown>
#1 0x557b49d32c20 <unknown>
#2 0x557b49d85191 <unknown>
#3 0x557b49d82ae9 <unknown>
#4 0x557b49d7df87 <unknown>
#5 0x557b49dd37af <unknown>
#6 0x557b49d7c748 <unknown>
#7 0x557b49d7d511 <unknown>
#8 0x557b4a3cb3c5 <unknown>
#9 0x557b4a3c9bd5 <unknown>
#10 0x557b4a3b4c55 <unknown>
#11 0x557b4a3ca82a <unknown>
#12 0x557b4a39d329 <unknown>
#13 0x557b4a3f3248 <unknown>
#14 0x557b4a3f33e5 <unknown>
#15 0x557b4a407783 <unknown>
#16 0x7f692a69cb84 <unknown>
#17 0x7f692a729ecc <unknown>"
TO,MAURICIO BARROS DE AGUIAR,34558660000104,7896004713618,,,0.0,0.0,0.0,0.0,0.0,0.0,2026-10-04 15:06:43,ERRO,"Message: element not interactable
  (Session info: chrome=154.0.8037.57); For documentation on this error, please visit: https://www.selenium.dev/documentation/webdriver/troubleshooting/errors#elementnotinteractableexception
Stacktrace:
#0 0x557b4a408e3a <unknown>
#1 0x557b49d32c20 <unknown>
#2 0x557b49d85191 <unknown>
#3 0x557b49d82ae9 <unknown>
#4 0x557b49d7df87 <unknown>
#5 0x557b49dd37af <unknown>
#6 0x557b49d7c748 <unknown>
#7 0x557b49d7d511 <unknown>
#8 0x557b4a3cb3c5 <unknown>
#9 0x557b4a3c9bd5 <unknown>
#10 0x557b4a3b4c55 <unknown>
#11 0x557b4a3ca82a <unknown>
#12 0x557b4a39d329 <unknown>
#13 0x557b4a3f3248 <unknown>
#14 0x557b4a3f33e5 <unknown>
#15 0x557b4a407783 <unknown>
#16 0x7f692a69cb84 <unknown>
#17 0x7f692a729ecc <unknown>"
TO,MAURICIO BARROS DE AGUIAR,34558660000104,7896004713717,,,0.0,0.0,0.0,0.0,0.0,0.0,2026-10-04 15:06:44,ERRO,"Message: element not interactable
  (Session info: chrome=154.0.8037.57); For documentation on this error, please visit: https://www.selenium.dev/documentation/webdriver/troubleshooting/errors#elementnotinteractableexception
Stacktrace:
#0 0x557b4a408e3a <unknown>
#1 0x557b49d32c20 <unknown>
#2 0x557b49d85191 <unknown>
#3 0x557b49d82ae9 <unknown>
#4 0x557b49d7df87 <unknown>
#5 0x557b49dd37af <unknown>
#6 0x557b49d7c748 <unknown>
#7 0x557b49d7d511 <unknown>
#8 0x557b4a3cb3c5 <unknown>
#9 0x557b4a3c9bd5 <unknown>
#10 0x557b4a3b4c55 <unknown>
#11 0x557b4a3ca82a <unknown>
#12 0x557b4a39d329 <unknown>
#13 0x557b4a3f3248 <unknown>
#14 0x557b4a3f33e5 <unknown>
#15 0x557b4a407783 <unknown>
#16 0x7f692a69cb84 <unknown>
#17 0x7f692a729ecc <unknown>"
TO,MAURICIO BARROS DE AGUIAR,34558660000104,7896004713724,,,0.0,0.0,0.0,0.0,0.0,0.0,2026-10-04 15:06:45,ERRO,"Message: element not interactable
  (Session info: chrome=154.0.8037.57); For documentation on this error, please visit: https://www.selenium.dev/documentation/webdriver/troubleshooting/errors#elementnotinteractableexception
Stacktrace:
#0 0x557b4a408e3a <unknown>
#1 0x557b49d32c20 <unknown>
#2 0x557b49d85191 <unknown>
#3 0x557b49d82ae9 <unknown>
#4 0x557b49d7df87 <unknown>
#5 0x557b49dd37af <unknown>
#6 0x557b49d7c748 <unknown>
#7 0x557b49d7d511 <unknown>
#8 0x557b4a3cb3c5 <unknown>
#9 0x557b4a3c9bd5 <unknown>
#10 0x557b4a3b4c55 <unknown>
#11 0x557b4a3ca82a <unknown>
#12 0x557b4a39d329 <unknown>
#13 0x557b4a3f3248 <unknown>
#14 0x557b4a3f33e5 <unknown>
#15 0x557b4a407783 <unknown>
#16 0x7f692a69cb84 <unknown>
#17 0x7f692a729ecc <unknown>"
TO,MAURICIO BARROS DE AGUIAR,34558660000104,7896004713731,,,0.0,0.0,0.0,0.0,0.0,0.0,2026-10-04 15:06:46,ERRO,"Message: element not interactable
  (Session info: chrome=154.0.8037.57); For documentation on this error, please visit: https://www.selenium.dev/documentation/webdriver/troubleshooting/errors#elementnotinteractableexception
Stacktrace:
#0 0x557b4a408e3a <unknown>
#1 0x557b49d32c20 <unknown>
#2 0x557b49d85191 <unknown>
#3 0x557b49d82ae9 <unknown>
#4 0x557b49d7df87 <unknown>
#5 0x557b49dd37af <unknown>
#6 0x557b49d7c748 <unknown>
#7 0x557b49d7d511 <unknown>
#8 0x557b4a3cb3c5 <unknown>
#9 0x557b4a3c9bd5 <unknown>
#10 0x557b4a3b4c55 <unknown>
#11 0x557b4a3ca82a <unknown>
#12 0x557b4a39d329 <unknown>
#13 0x557b4a3f3248 <unknown>
#14 0x557b4a3f33e5 <unknown>
#15 0x557b4a407783 <unknown>
#16 0x7f692a69cb84 <unknown>
#17 0x7f692a729ecc <unknown>"
TO,MAURICIO BARROS DE AGUIAR,34558660000104,7896004713762,,,0.0,0.0,0.0,0.0,0.0,0.0,2026-10-04 15:06:48,ERRO,"Message: element not interactable
  (Session info: chrome=154.0.8037.57); For documentation on this error, please visit: https://www.selenium.dev/documentation/webdriver/troubleshooting/errors#elementnotinteractableexception
Stacktrace:
#0 0x557b4a408e3a <unknown>
#1 0x557b49d32c20 <unknown>
#2 0x557b49d85191 <unknown>
#3 0x557b49d82ae9 <unknown>
#4 0x557b49d7df87 <unknown>
#5 0x557b49dd37af <unknown>
#6 0x557b49d7c748 <unknown>
#7 0x557b49d7d511 <unknown>
#8 0x557b4a3cb3c5 <unknown>
#9 0x557b4a3c9bd5 <unknown>
#10 0x557b4a3b4c55 <unknown>
#11 0x557b4a3ca82a <unknown>
#12 0x557b4a39d329 <unknown>
#13 0x557b4a3f3248 <unknown>
#14 0x557b4a3f33e5 <unknown>
#15 0x557b4a407783 <unknown>
#16 0x7f692a69cb84 <unknown>
#17 0x7f692a729ecc <unknown>"
TO,MAURICIO BARROS DE AGUIAR,34558660000104,7896004713915,,,0.0,0.0,0.0,0.0,0.0,0.0,2026-10-04 15:06:49,ERRO,"Message: element not interactable
  (Session info: chrome=154.0.8037.57); For documentation on this error, please visit: https://www.selenium.dev/documentation/webdriver/troubleshooting/errors#elementnotinteractableexception
Stacktrace:
#0 0x557b4a408e3a <unknown>
#1 0x557b49d32c20 <unknown>
#2 0x557b49d85191 <unknown>
#3 0x557b49d82ae9 <unknown>
#4 0x557b49d7df87 <unknown>
#5 0x557b49dd37af <unknown>
#6 0x557b49d7c748 <unknown>
#7 0x557b49d7d511 <unknown>
#8 0x557b4a3cb3c5 <unknown>
#9 0x557b4a3c9bd5 <unknown>
#10 0x557b4a3b4c55 <unknown>
#11 0x557b4a3ca82a <unknown>
#12 0x557b4a39d329 <unknown>
#13 0x557b4a3f3248 <unknown>
#14 0x557b4a3f33e5 <unknown>
#15 0x557b4a407783 <unknown>
#16 0x7f692a69cb84 <unknown>
#17 0x7f692a729ecc <unknown>"
TO,MAURICIO BARROS DE AGUIAR,34558660000104,7896004713922,,,0.0,0.0,0.0,0.0,0.0,0.0,2026-10-04 15:06:50,ERRO,"Message: element not interactable
  (Session info: chrome=154.0.8037.57); For documentation on this error, please visit: https://www.selenium.dev/documentation/webdriver/troubleshooting/errors#elementnotinteractableexception
Stacktrace:
#0 0x557b4a408e3a <unknown>
#1 0x557b49d32c20 <unknown>
#2 0x557b49d85191 <unknown>
#3 0x557b49d82ae9 <unknown>
#4 0x557b49d7df87 <unknown>
#5 0x557b49dd37af <unknown>
#6 0x557b49d7c748 <unknown>
#7 0x557b49d7d511 <unknown>
#8 0x557b4a3cb3c5 <unknown>
#9 0x557b4a3c9bd5 <unknown>
#10 0x557b4a3b4c55 <unknown>
#11 0x557b4a3ca82a <unknown>
#12 0x557b4a39d329 <unknown>
#13 0x557b4a3f3248 <unknown>
#14 0x557b4a3f33e5 <unknown>
#15 0x557b4a407783 <unknown>
#16 0x7f692a69cb84 <unknown>
#17 0x7f692a729ecc <unknown>"
TO,MAURICIO BARROS DE AGUIAR,34558660000104,7896004715292,,,0.0,0.0,0.0,0.0,0.0,0.0,2026-10-04 15:06:51,ERRO,"Message: element not interactable
  (Session info: chrome=154.0.8037.57); For documentation on this error, please visit: https://www.selenium.dev/documentation/webdriver/troubleshooting/errors#elementnotinteractableexception
Stacktrace:
#0 0x557b4a408e3a <unknown>
#1 0x557b49d32c20 <unknown>
#2 0x557b49d85191 <unknown>
#3 0x557b49d82ae9 <unknown>
#4 0x557b49d7df87 <unknown>
#5 0x557b49dd37af <unknown>
#6 0x557b49d7c748 <unknown>
#7 0x557b49d7d511 <unknown>
#8 0x557b4a3cb3c5 <unknown>
#9 0x557b4a3c9bd5 <unknown>
#10 0x557b4a3b4c55 <unknown>
#11 0x557b4a3ca82a <unknown>
#12 0x557b4a39d329 <unknown>
#13 0x557b4a3f3248 <unknown>
#14 0x557b4a3f33e5 <unknown>
#15 0x557b4a407783 <unknown>
#16 0x7f692a69cb84 <unknown>
#17 0x7f692a729ecc <unknown>"
TO,MAURICIO BARROS DE AGUIAR,34558660000104,7896004715322,,,0.0,0.0,0.0,0.0,0.0,0.0,2026-10-04 15:06:52,ERRO,"Message: element not interactable
  (Session info: chrome=154.0.8037.57); For documentation on this error, please visit: https://www.selenium.dev/documentation/webdriver/troubleshooting/errors#elementnotinteractableexception
Stacktrace:
#0 0x557b4a408e3a <unknown>
#1 0x557b49d32c20 <unknown>
#2 0x557b49d85191 <unknown>
#3 0x557b49d82ae9 <unknown>
#4 0x557b49d7df87 <unknown>
#5 0x557b49dd37af <unknown>
#6 0x557b49d7c748 <unknown>
#7 0x557b49d7d511 <unknown>
#8 0x557b4a3cb3c5 <unknown>
#9 0x557b4a3c9bd5 <unknown>
#10 0x557b4a3b4c55 <unknown>
#11 0x557b4a3ca82a <unknown>
#12 0x557b4a39d329 <unknown>
#13 0x557b4a3f3248 <unknown>
#14 0x557b4a3f33e5 <unknown>
#15 0x557b4a407783 <unknown>
#16 0x7f692a69cb84 <unknown>
#17 0x7f692a729ecc <unknown>"
TO,MAURICIO BARROS DE AGUIAR,34558660000104,7896004715537,,,0.0,0.0,0.0,0.0,0.0,0.0,2026-10-04 15:06:53,ERRO,"Message: element not interactable
  (Session info: chrome=154.0.8037.57); For documentation on this error, please visit: https://www.selenium.dev/documentation/webdriver/troubleshooting/errors#elementnotinteractableexception
Stacktrace:
#0 0x557b4a408e3a <unknown>
#1 0x557b49d32c20 <unknown>
#2 0x557b49d85191 <unknown>
#3 0x557b49d82ae9 <unknown>
#4 0x557b49d7df87 <unknown>
#5 0x557b49dd37af <unknown>
#6 0x557b49d7c748 <unknown>
#7 0x557b49d7d511 <unknown>
#8 0x557b4a3cb3c5 <unknown>
#9 0x557b4a3c9bd5 <unknown>
#10 0x557b4a3b4c55 <unknown>
#11 0x557b4a3ca82a <unknown>
#12 0x557b4a39d329 <unknown>
#13 0x557b4a3f3248 <unknown>
#14 0x557b4a3f33e5 <unknown>
#15 0x557b4a407783 <unknown>
#16 0x7f692a69cb84 <unknown>
#17 0x7f692a729ecc <unknown>"
TO,MAURICIO BARROS DE AGUIAR,34558660000104,7896004715674,,,0.0,0.0,0.0,0.0,0.0,0.0,2026-10-04 15:06:54,ERRO,"Message: element not interactable
  (Session info: chrome=154.0.8037.57); For documentation on this error, please visit: https://www.selenium.dev/documentation/webdriver/troubleshooting/errors#elementnotinteractableexception
Stacktrace:
#0 0x557b4a408e3a <unknown>
#1 0x557b49d32c20 <unknown>
#2 0x557b49d85191 <unknown>
#3 0x557b49d82ae9 <unknown>
#4 0x557b49d7df87 <unknown>
#5 0x557b49dd37af <unknown>
#6 0x557b49d7c748 <unknown>
#7 0x557b49d7d511 <unknown>
#8 0x557b4a3cb3c5 <unknown>
#9 0x557b4a3c9bd5 <unknown>
#10 0x557b4a3b4c55 <unknown>
#11 0x557b4a3ca82a <unknown>
#12 0x557b4a39d329 <unknown>
#13 0x557b4a3f3248 <unknown>
#14 0x557b4a3f33e5 <unknown>
#15 0x557b4a407783 <unknown>
#16 0x7f692a69cb84 <unknown>
#17 0x7f692a729ecc <unknown>"
TO,MAURICIO BARROS DE AGUIAR,34558660000104,7896004715711,,,0.0,0.0,0.0,0.0,0.0,0.0,2026-10-04 15:06:55,ERRO,"Message: element not interactable
  (Session info: chrome=154.0.8037.57); For documentation on this error, please visit: https://www.selenium.dev/documentation/webdriver/troubleshooting/errors#elementnotinteractableexception
Stacktrace:
#0 0x557b4a408e3a <unknown>
#1 0x557b49d32c20 <unknown>
#2 0x557b49d85191 <unknown>
#3 0x557b49d82ae9 <unknown>
#4 0x557b49d7df87 <unknown>
#5 0x557b49dd37af <unknown>
#6 0x557b49d7c748 <unknown>
#7 0x557b49d7d511 <unknown>
#8 0x557b4a3cb3c5 <unknown>
#9 0x557b4a3c9bd5 <unknown>
#10 0x557b4a3b4c55 <unknown>
#11 0x557b4a3ca82a <unknown>
#12 0x557b4a39d329 <unknown>
#13 0x557b4a3f3248 <unknown>
#14 0x557b4a3f33e5 <unknown>
#15 0x557b4a407783 <unknown>
#16 0x7f692a69cb84 <unknown>
#17 0x7f692a729ecc <unknown>"
TO,MAURICIO BARROS DE AGUIAR,34558660000104,7896004715803,,,0.0,0.0,0.0,0.0,0.0,0.0,2026-10-04 15:06:56,ERRO,"Message: element not interactable
  (Session info: chrome=154.0.8037.57); For documentation on this error, please visit: https://www.selenium.dev/documentation/webdriver/troubleshooting/errors#elementnotinteractableexception
Stacktrace:
#0 0x557b4a408e3a <unknown>
#1 0x557b49d32c20 <unknown>
#2 0x557b49d85191 <unknown>
#3 0x557b49d82ae9 <unknown>
#4 0x557b49d7df87 <unknown>
#5 0x557b49dd37af <unknown>
#6 0x557b49d7c748 <unknown>
#7 0x557b49d7d511 <unknown>
#8 0x557b4a3cb3c5 <unknown>
#9 0x557b4a3c9bd5 <unknown>
#10 0x557b4a3b4c55 <unknown>
#11 0x557b4a3ca82a <unknown>
#12 0x557b4a39d329 <unknown>
#13 0x557b4a3f3248 <unknown>
#14 0x557b4a3f33e5 <unknown>
#15 0x557b4a407783 <unknown>
#16 0x7f692a69cb84 <unknown>
#17 0x7f692a729ecc <unknown>"
TO,MAURICIO BARROS DE AGUIAR,34558660000104,7896004715841,,,0.0,0.0,0.0,0.0,0.0,0.0,2026-10-04 15:06:57,ERRO,"Message: element not interactable
  (Session info: chrome=154.0.8037.57); For documentation on this error, please visit: https://www.selenium.dev/documentation/webdriver/troubleshooting/errors#elementnotinteractableexception
Stacktrace:
#0 0x557b4a408e3a <unknown>
#1 0x557b49d32c20 <unknown>
#2 0x557b49d85191 <unknown>
#3 0x557b49d82ae9 <unknown>
#4 0x557b49d7df87 <unknown>
#5 0x557b49dd37af <unknown>
#6 0x557b49d7c748 <unknown>
#7 0x557b49d7d511 <unknown>
#8 0x557b4a3cb3c5 <unknown>
#9 0x557b4a3c9bd5 <unknown>
#10 0x557b4a3b4c55 <unknown>
#11 0x557b4a3ca82a <unknown>
#12 0x557b4a39d329 <unknown>
#13 0x557b4a3f3248 <unknown>
#14 0x557b4a3f33e5 <unknown>
#15 0x557b4a407783 <unknown>
#16 0x7f692a69cb84 <unknown>
#17 0x7f692a729ecc <unknown>"
TO,MAURICIO BARROS DE AGUIAR,34558660000104,7896004715902,,,0.0,0.0,0.0,0.0,0.0,0.0,2026-10-04 15:06:59,ERRO,"Message: element not interactable
  (Session info: chrome=154.0.8037.57); For documentation on this error, please visit: https://www.selenium.dev/documentation/webdriver/troubleshooting/errors#elementnotinteractableexception
Stacktrace:
#0 0x557b4a408e3a <unknown>
#1 0x557b49d32c20 <unknown>
#2 0x557b49d85191 <unknown>
#3 0x557b49d82ae9 <unknown>
#4 0x557b49d7df87 <unknown>
#5 0x557b49dd37af <unknown>
#6 0x557b49d7c748 <unknown>
#7 0x557b49d7d511 <unknown>
#8 0x557b4a3cb3c5 <unknown>
#9 0x557b4a3c9bd5 <unknown>
#10 0x557b4a3b4c55 <unknown>
#11 0x557b4a3ca82a <unknown>
#12 0x557b4a39d329 <unknown>
#13 0x557b4a3f3248 <unknown>
#14 0x557b4a3f33e5 <unknown>
#15 0x557b4a407783 <unknown>
#16 0x7f692a69cb84 <unknown>
#17 0x7f692a729ecc <unknown>"
TO,MAURICIO BARROS DE AGUIAR,34558660000104,7896004715957,,,0.0,0.0,0.0,0.0,0.0,0.0,2026-10-04 15:07:00,ERRO,"Message: element not interactable
  (Session info: chrome=154.0.8037.57); For documentation on this error, please visit: https://www.selenium.dev/documentation/webdriver/troubleshooting/errors#elementnotinteractableexception
Stacktrace:
#0 0x557b4a408e3a <unknown>
#1 0x557b49d32c20 <unknown>
#2 0x557b49d85191 <unknown>
#3 0x557b49d82ae9 <unknown>
#4 0x557b49d7df87 <unknown>
#5 0x557b49dd37af <unknown>
#6 0x557b49d7c748 <unknown>
#7 0x557b49d7d511 <unknown>
#8 0x557b4a3cb3c5 <unknown>
#9 0x557b4a3c9bd5 <unknown>
#10 0x557b4a3b4c55 <unknown>
#11 0x557b4a3ca82a <unknown>
#12 0x557b4a39d329 <unknown>
#13 0x557b4a3f3248 <unknown>
#14 0x557b4a3f33e5 <unknown>
#15 0x557b4a407783 <unknown>
#16 0x7f692a69cb84 <unknown>
#17 0x7f692a729ecc <unknown>"
TO,MAURICIO BARROS DE AGUIAR,34558660000104,7896004715964,,,0.0,0.0,0.0,0.0,0.0,0.0,2026-10-04 15:07:01,ERRO,"Message: element not interactable
  (Session info: chrome=154.0.8037.57); For documentation on this error, please visit: https://www.selenium.dev/documentation/webdriver/troubleshooting/errors#elementnotinteractableexception
Stacktrace:
#0 0x557b4a408e3a <unknown>
#1 0x557b49d32c20 <unknown>
#2 0x557b49d85191 <unknown>
#3 0x557b49d82ae9 <unknown>
#4 0x557b49d7df87 <unknown>
#5 0x557b49dd37af <unknown>
#6 0x557b49d7c748 <unknown>
#7 0x557b49d7d511 <unknown>
#8 0x557b4a3cb3c5 <unknown>
#9 0x557b4a3c9bd5 <unknown>
#10 0x557b4a3b4c55 <unknown>
#11 0x557b4a3ca82a <unknown>
#12 0x557b4a39d329 <unknown>
#13 0x557b4a3f3248 <unknown>
#14 0x557b4a3f33e5 <unknown>
#15 0x557b4a407783 <unknown>
#16 0x7f692a69cb84 <unknown>
#17 0x7f692a729ecc <unknown>"
TO,MAURICIO BARROS DE AGUIAR,34558660000104,7896004715971,,,0.0,0.0,0.0,0.0,0.0,0.0,2026-10-04 15:07:02,ERRO,"Message: element not interactable
  (Session info: chrome=154.0.8037.57); For documentation on this error, please visit: https://www.selenium.dev/documentation/webdriver/troubleshooting/errors#elementnotinteractableexception
Stacktrace:
#0 0x557b4a408e3a <unknown>
#1 0x557b49d32c20 <unknown>
#2 0x557b49d85191 <unknown>
#3 0x557b49d82ae9 <unknown>
#4 0x557b49d7df87 <unknown>
#5 0x557b49dd37af <unknown>
#6 0x557b49d7c748 <unknown>
#7 0x557b49d7d511 <unknown>
#8 0x557b4a3cb3c5 <unknown>
#9 0x557b4a3c9bd5 <unknown>
#10 0x557b4a3b4c55 <unknown>
#11 0x557b4a3ca82a <unknown>
#12 0x557b4a39d329 <unknown>
#13 0x557b4a3f3248 <unknown>
#14 0x557b4a3f33e5 <unknown>
#15 0x557b4a407783 <unknown>
#16 0x7f692a69cb84 <unknown>
#17 0x7f692a729ecc <unknown>"
TO,MAURICIO BARROS DE AGUIAR,34558660000104,7896004716138,,,0.0,0.0,0.0,0.0,0.0,0.0,2026-10-04 15:07:03,ERRO,"Message: element not interactable
  (Session info: chrome=154.0.8037.57); For documentation on this error, please visit: https://www.selenium.dev/documentation/webdriver/troubleshooting/errors#elementnotinteractableexception
Stacktrace:
#0 0x557b4a408e3a <unknown>
#1 0x557b49d32c20 <unknown>
#2 0x557b49d85191 <unknown>
#3 0x557b49d82ae9 <unknown>
#4 0x557b49d7df87 <unknown>
#5 0x557b49dd37af <unknown>
#6 0x557b49d7c748 <unknown>
#7 0x557b49d7d511 <unknown>
#8 0x557b4a3cb3c5 <unknown>
#9 0x557b4a3c9bd5 <unknown>
#10 0x557b4a3b4c55 <unknown>
#11 0x557b4a3ca82a <unknown>
#12 0x557b4a39d329 <unknown>
#13 0x557b4a3f3248 <unknown>
#14 0x557b4a3f33e5 <unknown>
#15 0x557b4a407783 <unknown>
#16 0x7f692a69cb84 <unknown>
#17 0x7f692a729ecc <unknown>"
TO,MAURICIO BARROS DE AGUIAR,34558660000104,7896004716145,,,0.0,0.0,0.0,0.0,0.0,0.0,2026-10-04 15:07:04,ERRO,"Message: element not interactable
  (Session info: chrome=154.0.8037.57); For documentation on this error, please visit: https://www.selenium.dev/documentation/webdriver/troubleshooting/errors#elementnotinteractableexception
Stacktrace:
#0 0x557b4a408e3a <unknown>
#1 0x557b49d32c20 <unknown>
#2 0x557b49d85191 <unknown>
#3 0x557b49d82ae9 <unknown>
#4 0x557b49d7df87 <unknown>
#5 0x557b49dd37af <unknown>
#6 0x557b49d7c748 <unknown>
#7 0x557b49d7d511 <unknown>
#8 0x557b4a3cb3c5 <unknown>
#9 0x557b4a3c9bd5 <unknown>
#10 0x557b4a3b4c55 <unknown>
#11 0x557b4a3ca82a <unknown>
#12 0x557b4a39d329 <unknown>
#13 0x557b4a3f3248 <unknown>
#14 0x557b4a3f33e5 <unknown>
#15 0x557b4a407783 <unknown>
#16 0x7f692a69cb84 <unknown>
#17 0x7f692a729ecc <unknown>"
TO,MAURICIO BARROS DE AGUIAR,34558660000104,7896004716176,,,0.0,0.0,0.0,0.0,0.0,0.0,2026-10-04 15:07:05,ERRO,"Message: element not interactable
  (Session info: chrome=154.0.8037.57); For documentation on this error, please visit: https://www.selenium.dev/documentation/webdriver/troubleshooting/errors#elementnotinteractableexception
Stacktrace:
#0 0x557b4a408e3a <unknown>
#1 0x557b49d32c20 <unknown>
#2 0x557b49d85191 <unknown>
#3 0x557b49d82ae9 <unknown>
#4 0x557b49d7df87 <unknown>
#5 0x557b49dd37af <unknown>
#6 0x557b49d7c748 <unknown>
#7 0x557b49d7d511 <unknown>
#8 0x557b4a3cb3c5 <unknown>
#9 0x557b4a3c9bd5 <unknown>
#10 0x557b4a3b4c55 <unknown>
#11 0x557b4a3ca82a <unknown>
#12 0x557b4a39d329 <unknown>
#13 0x557b4a3f3248 <unknown>
#14 0x557b4a3f33e5 <unknown>
#15 0x557b4a407783 <unknown>
#16 0x7f692a69cb84 <unknown>
#17 0x7f692a729ecc <unknown>"
TO,MAURICIO BARROS DE AGUIAR,34558660000104,7896004716268,,,0.0,0.0,0.0,0.0,0.0,0.0,2026-10-04 15:07:06,ERRO,"Message: element not interactable
  (Session info: chrome=154.0.8037.57); For documentation on this error, please visit: https://www.selenium.dev/documentation/webdriver/troubleshooting/errors#elementnotinteractableexception
Stacktrace:
#0 0x557b4a408e3a <unknown>
#1 0x557b49d32c20 <unknown>
#2 0x557b49d85191 <unknown>
#3 0x557b49d82ae9 <unknown>
#4 0x557b49d7df87 <unknown>
#5 0x557b49dd37af <unknown>
#6 0x557b49d7c748 <unknown>
#7 0x557b49d7d511 <unknown>
#8 0x557b4a3cb3c5 <unknown>
#9 0x557b4a3c9bd5 <unknown>
#10 0x557b4a3b4c55 <unknown>
#11 0x557b4a3ca82a <unknown>
#12 0x557b4a39d329 <unknown>
#13 0x557b4a3f3248 <unknown>
#14 0x557b4a3f33e5 <unknown>
#15 0x557b4a407783 <unknown>
#16 0x7f692a69cb84 <unknown>
#17 0x7f692a729ecc <unknown>"
TO,MAURICIO BARROS DE AGUIAR,34558660000104,7896004716299,,,0.0,0.0,0.0,0.0,0.0,0.0,2026-10-04 15:07:07,ERRO,"Message: element not interactable
  (Session info: chrome=154.0.8037.57); For documentation on this error, please visit: https://www.selenium.dev/documentation/webdriver/troubleshooting/errors#elementnotinteractableexception
Stacktrace:
#0 0x557b4a408e3a <unknown>
#1 0x557b49d32c20 <unknown>
#2 0x557b49d85191 <unknown>
#3 0x557b49d82ae9 <unknown>
#4 0x557b49d7df87 <unknown>
#5 0x557b49dd37af <unknown>
#6 0x557b49d7c748 <unknown>
#7 0x557b49d7d511 <unknown>
#8 0x557b4a3cb3c5 <unknown>
#9 0x557b4a3c9bd5 <unknown>
#10 0x557b4a3b4c55 <unknown>
#11 0x557b4a3ca82a <unknown>
#12 0x557b4a39d329 <unknown>
#13 0x557b4a3f3248 <unknown>
#14 0x557b4a3f33e5 <unknown>
#15 0x557b4a407783 <unknown>
#16 0x7f692a69cb84 <unknown>
#17 0x7f692a729ecc <unknown>"
TO,MAURICIO BARROS DE AGUIAR,34558660000104,7896004716343,,,0.0,0.0,0.0,0.0,0.0,0.0,2026-10-04 15:07:08,ERRO,"Message: element not interactable
  (Session info: chrome=154.0.8037.57); For documentation on this error, please visit: https://www.selenium.dev/documentation/webdriver/troubleshooting/errors#elementnotinteractableexception
Stacktrace:
#0 0x557b4a408e3a <unknown>
#1 0x557b49d32c20 <unknown>
#2 0x557b49d85191 <unknown>
#3 0x557b49d82ae9 <unknown>
#4 0x557b49d7df87 <unknown>
#5 0x557b49dd37af <unknown>
#6 0x557b49d7c748 <unknown>
#7 0x557b49d7d511 <unknown>
#8 0x557b4a3cb3c5 <unknown>
#9 0x557b4a3c9bd5 <unknown>
#10 0x557b4a3b4c55 <unknown>
#11 0x557b4a3ca82a <unknown>
#12 0x557b4a39d329 <unknown>
#13 0x557b4a3f3248 <unknown>
#14 0x557b4a3f33e5 <unknown>
#15 0x557b4a407783 <unknown>
#16 0x7f692a69cb84 <unknown>
#17 0x7f692a729ecc <unknown>"
TO,MAURICIO BARROS DE AGUIAR,34558660000104,7896004718446,,,0.0,0.0,0.0,0.0,0.0,0.0,2026-10-04 15:07:09,ERRO,"Message: element not interactable
  (Session info: chrome=154.0.8037.57); For documentation on this error, please visit: https://www.selenium.dev/documentation/webdriver/troubleshooting/errors#elementnotinteractableexception
Stacktrace:
#0 0x557b4a408e3a <unknown>
#1 0x557b49d32c20 <unknown>
#2 0x557b49d85191 <unknown>
#3 0x557b49d82ae9 <unknown>
#4 0x557b49d7df87 <unknown>
#5 0x557b49dd37af <unknown>
#6 0x557b49d7c748 <unknown>
#7 0x557b49d7d511 <unknown>
#8 0x557b4a3cb3c5 <unknown>
#9 0x557b4a3c9bd5 <unknown>
#10 0x557b4a3b4c55 <unknown>
#11 0x557b4a3ca82a <unknown>
#12 0x557b4a39d329 <unknown>
#13 0x557b4a3f3248 <unknown>
#14 0x557b4a3f33e5 <unknown>
#15 0x557b4a407783 <unknown>
#16 0x7f692a69cb84 <unknown>
#17 0x7f692a729ecc <unknown>"
TO,MAURICIO BARROS DE AGUIAR,34558660000104,7896004718453,,,0.0,0.0,0.0,0.0,0.0,0.0,2026-10-04 15:07:11,ERRO,"Message: element not interactable
  (Session info: chrome=154.0.8037.57); For documentation on this error, please visit: https://www.selenium.dev/documentation/webdriver/troubleshooting/errors#elementnotinteractableexception
Stacktrace:
#0 0x557b4a408e3a <unknown>
#1 0x557b49d32c20 <unknown>
#2 0x557b49d85191 <unknown>
#3 0x557b49d82ae9 <unknown>
#4 0x557b49d7df87 <unknown>
#5 0x557b49dd37af <unknown>
#6 0x557b49d7c748 <unknown>
#7 0x557b49d7d511 <unknown>
#8 0x557b4a3cb3c5 <unknown>
#9 0x557b4a3c9bd5 <unknown>
#10 0x557b4a3b4c55 <unknown>
#11 0x557b4a3ca82a <unknown>
#12 0x557b4a39d329 <unknown>
#13 0x557b4a3f3248 <unknown>
#14 0x557b4a3f33e5 <unknown>
#15 0x557b4a407783 <unknown>
#16 0x7f692a69cb84 <unknown>
#17 0x7f692a729ecc <unknown>"
TO,MAURICIO BARROS DE AGUIAR,34558660000104,7896004718460,,,0.0,0.0,0.0,0.0,0.0,0.0,2026-10-04 15:07:12,ERRO,"Message: element not interactable
  (Session info: chrome=154.0.8037.57); For documentation on this error, please visit: https://www.selenium.dev/documentation/webdriver/troubleshooting/errors#elementnotinteractableexception
Stacktrace:
#0 0x557b4a408e3a <unknown>
#1 0x557b49d32c20 <unknown>
#2 0x557b49d85191 <unknown>
#3 0x557b49d82ae9 <unknown>
#4 0x557b49d7df87 <unknown>
#5 0x557b49dd37af <unknown>
#6 0x557b49d7c748 <unknown>
#7 0x557b49d7d511 <unknown>
#8 0x557b4a3cb3c5 <unknown>
#9 0x557b4a3c9bd5 <unknown>
#10 0x557b4a3b4c55 <unknown>
#11 0x557b4a3ca82a <unknown>
#12 0x557b4a39d329 <unknown>
#13 0x557b4a3f3248 <unknown>
#14 0x557b4a3f33e5 <unknown>
#15 0x557b4a407783 <unknown>
#16 0x7f692a69cb84 <unknown>
#17 0x7f692a729ecc <unknown>"
TO,MAURICIO BARROS DE AGUIAR,34558660000104,7896004718804,,,0.0,0.0,0.0,0.0,0.0,0.0,2026-10-04 15:07:13,ERRO,"Message: element not interactable
  (Session info: chrome=154.0.8037.57); For documentation on this error, please visit: https://www.selenium.dev/documentation/webdriver/troubleshooting/errors#elementnotinteractableexception
Stacktrace:
#0 0x557b4a408e3a <unknown>
#1 0x557b49d32c20 <unknown>
#2 0x557b49d85191 <unknown>
#3 0x557b49d82ae9 <unknown>
#4 0x557b49d7df87 <unknown>
#5 0x557b49dd37af <unknown>
#6 0x557b49d7c748 <unknown>
#7 0x557b49d7d511 <unknown>
#8 0x557b4a3cb3c5 <unknown>
#9 0x557b4a3c9bd5 <unknown>
#10 0x557b4a3b4c55 <unknown>
#11 0x557b4a3ca82a <unknown>
#12 0x557b4a39d329 <unknown>
#13 0x557b4a3f3248 <unknown>
#14 0x557b4a3f33e5 <unknown>
#15 0x557b4a407783 <unknown>
#16 0x7f692a69cb84 <unknown>
#17 0x7f692a729ecc <unknown>"
TO,MAURICIO BARROS DE AGUIAR,34558660000104,7896004718811,,,0.0,0.0,0.0,0.0,0.0,0.0,2026-10-04 15:07:14,ERRO,"Message: element not interactable
  (Session info: chrome=154.0.8037.57); For documentation on this error, please visit: https://www.selenium.dev/documentation/webdriver/troubleshooting/errors#elementnotinteractableexception
Stacktrace:
#0 0x557b4a408e3a <unknown>
#1 0x557b49d32c20 <unknown>
#2 0x557b49d85191 <unknown>
#3 0x557b49d82ae9 <unknown>
#4 0x557b49d7df87 <unknown>
#5 0x557b49dd37af <unknown>
#6 0x557b49d7c748 <unknown>
#7 0x557b49d7d511 <unknown>
#8 0x557b4a3cb3c5 <unknown>
#9 0x557b4a3c9bd5 <unknown>
#10 0x557b4a3b4c55 <unknown>
#11 0x557b4a3ca82a <unknown>
#12 0x557b4a39d329 <unknown>
#13 0x557b4a3f3248 <unknown>
#14 0x557b4a3f33e5 <unknown>
#15 0x557b4a407783 <unknown>
#16 0x7f692a69cb84 <unknown>
#17 0x7f692a729ecc <unknown>"
TO,MAURICIO BARROS DE AGUIAR,34558660000104,7896004718828,,,0.0,0.0,0.0,0.0,0.0,0.0,2026-10-04 15:07:15,ERRO,"Message: element not interactable
  (Session info: chrome=154.0.8037.57); For documentation on this error, please visit: https://www.selenium.dev/documentation/webdriver/troubleshooting/errors#elementnotinteractableexception
Stacktrace:
#0 0x557b4a408e3a <unknown>
#1 0x557b49d32c20 <unknown>
#2 0x557b49d85191 <unknown>
#3 0x557b49d82ae9 <unknown>
#4 0x557b49d7df87 <unknown>
#5 0x557b49dd37af <unknown>
#6 0x557b49d7c748 <unknown>
#7 0x557b49d7d511 <unknown>
#8 0x557b4a3cb3c5 <unknown>
#9 0x557b4a3c9bd5 <unknown>
#10 0x557b4a3b4c55 <unknown>
#11 0x557b4a3ca82a <unknown>
#12 0x557b4a39d329 <unknown>
#13 0x557b4a3f3248 <unknown>
#14 0x557b4a3f33e5 <unknown>
#15 0x557b4a407783 <unknown>
#16 0x7f692a69cb84 <unknown>
#17 0x7f692a729ecc <unknown>"
TO,MAURICIO BARROS DE AGUIAR,34558660000104,7896004718842,,,0.0,0.0,0.0,0.0,0.0,0.0,2026-10-04 15:07:16,ERRO,"Message: element not interactable
  (Session info: chrome=154.0.8037.57); For documentation on this error, please visit: https://www.selenium.dev/documentation/webdriver/troubleshooting/errors#elementnotinteractableexception
Stacktrace:
#0 0x557b4a408e3a <unknown>
#1 0x557b49d32c20 <unknown>
#2 0x557b49d85191 <unknown>
#3 0x557b49d82ae9 <unknown>
#4 0x557b49d7df87 <unknown>
#5 0x557b49dd37af <unknown>
#6 0x557b49d7c748 <unknown>
#7 0x557b49d7d511 <unknown>
#8 0x557b4a3cb3c5 <unknown>
#9 0x557b4a3c9bd5 <unknown>
#10 0x557b4a3b4c55 <unknown>
#11 0x557b4a3ca82a <unknown>
#12 0x557b4a39d329 <unknown>
#13 0x557b4a3f3248 <unknown>
#14 0x557b4a3f33e5 <unknown>
#15 0x557b4a407783 <unknown>
#16 0x7f692a69cb84 <unknown>
#17 0x7f692a729ecc <unknown>"
TO,MAURICIO BARROS DE AGUIAR,34558660000104,7896004718996,,,0.0,0.0,0.0,0.0,0.0,0.0,2026-10-04 15:07:17,ERRO,"Message: element not interactable
  (Session info: chrome=154.0.8037.57); For documentation on this error, please visit: https://www.selenium.dev/documentation/webdriver/troubleshooting/errors#elementnotinteractableexception
Stacktrace:
#0 0x557b4a408e3a <unknown>
#1 0x557b49d32c20 <unknown>
#2 0x557b49d85191 <unknown>
#3 0x557b49d82ae9 <unknown>
#4 0x557b49d7df87 <unknown>
#5 0x557b49dd37af <unknown>
#6 0x557b49d7c748 <unknown>
#7 0x557b49d7d511 <unknown>
#8 0x557b4a3cb3c5 <unknown>
#9 0x557b4a3c9bd5 <unknown>
#10 0x557b4a3b4c55 <unknown>
#11 0x557b4a3ca82a <unknown>
#12 0x557b4a39d329 <unknown>
#13 0x557b4a3f3248 <unknown>
#14 0x557b4a3f33e5 <unknown>
#15 0x557b4a407783 <unknown>
#16 0x7f692a69cb84 <unknown>
#17 0x7f692a729ecc <unknown>"
TO,MAURICIO BARROS DE AGUIAR,34558660000104,7896004719283,,,0.0,0.0,0.0,0.0,0.0,0.0,2026-10-04 15:07:18,ERRO,"Message: element not interactable
  (Session info: chrome=154.0.8037.57); For documentation on this error, please visit: https://www.selenium.dev/documentation/webdriver/troubleshooting/errors#elementnotinteractableexception
Stacktrace:
#0 0x557b4a408e3a <unknown>
#1 0x557b49d32c20 <unknown>
#2 0x557b49d85191 <unknown>
#3 0x557b49d82ae9 <unknown>
#4 0x557b49d7df87 <unknown>
#5 0x557b49dd37af <unknown>
#6 0x557b49d7c748 <unknown>
#7 0x557b49d7d511 <unknown>
#8 0x557b4a3cb3c5 <unknown>
#9 0x557b4a3c9bd5 <unknown>
#10 0x557b4a3b4c55 <unknown>
#11 0x557b4a3ca82a <unknown>
#12 0x557b4a39d329 <unknown>
#13 0x557b4a3f3248 <unknown>
#14 0x557b4a3f33e5 <unknown>
#15 0x557b4a407783 <unknown>
#16 0x7f692a69cb84 <unknown>
#17 0x7f692a729ecc <unknown>"
TO,MAURICIO BARROS DE AGUIAR,34558660000104,7896004719580,,,0.0,0.0,0.0,0.0,0.0,0.0,2026-10-04 15:07:19,ERRO,"Message: element not interactable
  (Session info: chrome=154.0.8037.57); For documentation on this error, please visit: https://www.selenium.dev/documentation/webdriver/troubleshooting/errors#elementnotinteractableexception
Stacktrace:
#0 0x557b4a408e3a <unknown>
#1 0x557b49d32c20 <unknown>
#2 0x557b49d85191 <unknown>
#3 0x557b49d82ae9 <unknown>
#4 0x557b49d7df87 <unknown>
#5 0x557b49dd37af <unknown>
#6 0x557b49d7c748 <unknown>
#7 0x557b49d7d511 <unknown>
#8 0x557b4a3cb3c5 <unknown>
#9 0x557b4a3c9bd5 <unknown>
#10 0x557b4a3b4c55 <unknown>
#11 0x557b4a3ca82a <unknown>
#12 0x557b4a39d329 <unknown>
#13 0x557b4a3f3248 <unknown>
#14 0x557b4a3f33e5 <unknown>
#15 0x557b4a407783 <unknown>
#16 0x7f692a69cb84 <unknown>
#17 0x7f692a729ecc <unknown>"
TO,MAURICIO BARROS DE AGUIAR,34558660000104,7896004719597,,,0.0,0.0,0.0,0.0,0.0,0.0,2026-10-04 15:07:20,ERRO,"Message: element not interactable
  (Session info: chrome=154.0.8037.57); For documentation on this error, please visit: https://www.selenium.dev/documentation/webdriver/troubleshooting/errors#elementnotinteractableexception
Stacktrace:
#0 0x557b4a408e3a <unknown>
#1 0x557b49d32c20 <unknown>
#2 0x557b49d85191 <unknown>
#3 0x557b49d82ae9 <unknown>
#4 0x557b49d7df87 <unknown>
#5 0x557b49dd37af <unknown>
#6 0x557b49d7c748 <unknown>
#7 0x557b49d7d511 <unknown>
#8 0x557b4a3cb3c5 <unknown>
#9 0x557b4a3c9bd5 <unknown>
#10 0x557b4a3b4c55 <unknown>
#11 0x557b4a3ca82a <unknown>
#12 0x557b4a39d329 <unknown>
#13 0x557b4a3f3248 <unknown>
#14 0x557b4a3f33e5 <unknown>
#15 0x557b4a407783 <unknown>
#16 0x7f692a69cb84 <unknown>
#17 0x7f692a729ecc <unknown>"
TO,MAURICIO BARROS DE AGUIAR,34558660000104,7896004720241,,,0.0,0.0,0.0,0.0,0.0,0.0,2026-10-04 15:07:22,ERRO,"Message: element not interactable
  (Session info: chrome=154.0.8037.57); For documentation on this error, please visit: https://www.selenium.dev/documentation/webdriver/troubleshooting/errors#elementnotinteractableexception
Stacktrace:
#0 0x557b4a408e3a <unknown>
#1 0x557b49d32c20 <unknown>
#2 0x557b49d85191 <unknown>
#3 0x557b49d82ae9 <unknown>
#4 0x557b49d7df87 <unknown>
#5 0x557b49dd37af <unknown>
#6 0x557b49d7c748 <unknown>
#7 0x557b49d7d511 <unknown>
#8 0x557b4a3cb3c5 <unknown>
#9 0x557b4a3c9bd5 <unknown>
#10 0x557b4a3b4c55 <unknown>
#11 0x557b4a3ca82a <unknown>
#12 0x557b4a39d329 <unknown>
#13 0x557b4a3f3248 <unknown>
#14 0x557b4a3f33e5 <unknown>
#15 0x557b4a407783 <unknown>
#16 0x7f692a69cb84 <unknown>
#17 0x7f692a729ecc <unknown>"
TO,MAURICIO BARROS DE AGUIAR,34558660000104,7896004720746,,,0.0,0.0,0.0,0.0,0.0,0.0,2026-10-04 15:07:23,ERRO,"Message: element not interactable
  (Session info: chrome=154.0.8037.57); For documentation on this error, please visit: https://www.selenium.dev/documentation/webdriver/troubleshooting/errors#elementnotinteractableexception
Stacktrace:
#0 0x557b4a408e3a <unknown>
#1 0x557b49d32c20 <unknown>
#2 0x557b49d85191 <unknown>
#3 0x557b49d82ae9 <unknown>
#4 0x557b49d7df87 <unknown>
#5 0x557b49dd37af <unknown>
#6 0x557b49d7c748 <unknown>
#7 0x557b49d7d511 <unknown>
#8 0x557b4a3cb3c5 <unknown>
#9 0x557b4a3c9bd5 <unknown>
#10 0x557b4a3b4c55 <unknown>
#11 0x557b4a3ca82a <unknown>
#12 0x557b4a39d329 <unknown>
#13 0x557b4a3f3248 <unknown>
#14 0x557b4a3f33e5 <unknown>
#15 0x557b4a407783 <unknown>
#16 0x7f692a69cb84 <unknown>
#17 0x7f692a729ecc <unknown>"
TO,MAURICIO BARROS DE AGUIAR,34558660000104,7896004720784,,,0.0,0.0,0.0,0.0,0.0,0.0,2026-10-04 15:07:24,ERRO,"Message: element not interactable
  (Session info: chrome=154.0.8037.57); For documentation on this error, please visit: https://www.selenium.dev/documentation/webdriver/troubleshooting/errors#elementnotinteractableexception
Stacktrace:
#0 0x557b4a408e3a <unknown>
#1 0x557b49d32c20 <unknown>
#2 0x557b49d85191 <unknown>
#3 0x557b49d82ae9 <unknown>
#4 0x557b49d7df87 <unknown>
#5 0x557b49dd37af <unknown>
#6 0x557b49d7c748 <unknown>
#7 0x557b49d7d511 <unknown>
#8 0x557b4a3cb3c5 <unknown>
#9 0x557b4a3c9bd5 <unknown>
#10 0x557b4a3b4c55 <unknown>
#11 0x557b4a3ca82a <unknown>
#12 0x557b4a39d329 <unknown>
#13 0x557b4a3f3248 <unknown>
#14 0x557b4a3f33e5 <unknown>
#15 0x557b4a407783 <unknown>
#16 0x7f692a69cb84 <unknown>
#17 0x7f692a729ecc <unknown>"
TO,MAURICIO BARROS DE AGUIAR,34558660000104,7896004720869,,,0.0,0.0,0.0,0.0,0.0,0.0,2026-10-04 15:07:25,ERRO,"Message: element not interactable
  (Session info: chrome=154.0.8037.57); For documentation on this error, please visit: https://www.selenium.dev/documentation/webdriver/troubleshooting/errors#elementnotinteractableexception
Stacktrace:
#0 0x557b4a408e3a <unknown>
#1 0x557b49d32c20 <unknown>
#2 0x557b49d85191 <unknown>
#3 0x557b49d82ae9 <unknown>
#4 0x557b49d7df87 <unknown>
#5 0x557b49dd37af <unknown>
#6 0x557b49d7c748 <unknown>
#7 0x557b49d7d511 <unknown>
#8 0x557b4a3cb3c5 <unknown>
#9 0x557b4a3c9bd5 <unknown>
#10 0x557b4a3b4c55 <unknown>
#11 0x557b4a3ca82a <unknown>
#12 0x557b4a39d329 <unknown>
#13 0x557b4a3f3248 <unknown>
#14 0x557b4a3f33e5 <unknown>
#15 0x557b4a407783 <unknown>
#16 0x7f692a69cb84 <unknown>
#17 0x7f692a729ecc <unknown>"
TO,MAURICIO BARROS DE AGUIAR,34558660000104,7896004721125,,,0.0,0.0,0.0,0.0,0.0,0.0,2026-10-04 15:07:26,ERRO,"Message: element not interactable
  (Session info: chrome=154.0.8037.57); For documentation on this error, please visit: https://www.selenium.dev/documentation/webdriver/troubleshooting/errors#elementnotinteractableexception
Stacktrace:
#0 0x557b4a408e3a <unknown>
#1 0x557b49d32c20 <unknown>
#2 0x557b49d85191 <unknown>
#3 0x557b49d82ae9 <unknown>
#4 0x557b49d7df87 <unknown>
#5 0x557b49dd37af <unknown>
#6 0x557b49d7c748 <unknown>
#7 0x557b49d7d511 <unknown>
#8 0x557b4a3cb3c5 <unknown>
#9 0x557b4a3c9bd5 <unknown>
#10 0x557b4a3b4c55 <unknown>
#11 0x557b4a3ca82a <unknown>
#12 0x557b4a39d329 <unknown>
#13 0x557b4a3f3248 <unknown>
#14 0x557b4a3f33e5 <unknown>
#15 0x557b4a407783 <unknown>
#16 0x7f692a69cb84 <unknown>
#17 0x7f692a729ecc <unknown>"
TO,MAURICIO BARROS DE AGUIAR,34558660000104,7896004721255,,,0.0,0.0,0.0,0.0,0.0,0.0,2026-10-04 15:07:27,ERRO,"Message: element not interactable
  (Session info: chrome=154.0.8037.57); For documentation on this error, please visit: https://www.selenium.dev/documentation/webdriver/troubleshooting/errors#elementnotinteractableexception
Stacktrace:
#0 0x557b4a408e3a <unknown>
#1 0x557b49d32c20 <unknown>
#2 0x557b49d85191 <unknown>
#3 0x557b49d82ae9 <unknown>
#4 0x557b49d7df87 <unknown>
#5 0x557b49dd37af <unknown>
#6 0x557b49d7c748 <unknown>
#7 0x557b49d7d511 <unknown>
#8 0x557b4a3cb3c5 <unknown>
#9 0x557b4a3c9bd5 <unknown>
#10 0x557b4a3b4c55 <unknown>
#11 0x557b4a3ca82a <unknown>
#12 0x557b4a39d329 <unknown>
#13 0x557b4a3f3248 <unknown>
#14 0x557b4a3f33e5 <unknown>
#15 0x557b4a407783 <unknown>
#16 0x7f692a69cb84 <unknown>
#17 0x7f692a729ecc <unknown>"
TO,MAURICIO BARROS DE AGUIAR,34558660000104,7896004721323,,,0.0,0.0,0.0,0.0,0.0,0.0,2026-10-04 15:07:28,ERRO,"Message: element not interactable
  (Session info: chrome=154.0.8037.57); For documentation on this error, please visit: https://www.selenium.dev/documentation/webdriver/troubleshooting/errors#elementnotinteractableexception
Stacktrace:
#0 0x557b4a408e3a <unknown>
#1 0x557b49d32c20 <unknown>
#2 0x557b49d85191 <unknown>
#3 0x557b49d82ae9 <unknown>
#4 0x557b49d7df87 <unknown>
#5 0x557b49dd37af <unknown>
#6 0x557b49d7c748 <unknown>
#7 0x557b49d7d511 <unknown>
#8 0x557b4a3cb3c5 <unknown>
#9 0x557b4a3c9bd5 <unknown>
#10 0x557b4a3b4c55 <unknown>
#11 0x557b4a3ca82a <unknown>
#12 0x557b4a39d329 <unknown>
#13 0x557b4a3f3248 <unknown>
#14 0x557b4a3f33e5 <unknown>
#15 0x557b4a407783 <unknown>
#16 0x7f692a69cb84 <unknown>
#17 0x7f692a729ecc <unknown>"
TO,MAURICIO BARROS DE AGUIAR,34558660000104,7896004721828,,,0.0,0.0,0.0,0.0,0.0,0.0,2026-10-04 15:07:29,ERRO,"Message: element not interactable
  (Session info: chrome=154.0.8037.57); For documentation on this error, please visit: https://www.selenium.dev/documentation/webdriver/troubleshooting/errors#elementnotinteractableexception
Stacktrace:
#0 0x557b4a408e3a <unknown>
#1 0x557b49d32c20 <unknown>
#2 0x557b49d85191 <unknown>
#3 0x557b49d82ae9 <unknown>
#4 0x557b49d7df87 <unknown>
#5 0x557b49dd37af <unknown>
#6 0x557b49d7c748 <unknown>
#7 0x557b49d7d511 <unknown>
#8 0x557b4a3cb3c5 <unknown>
#9 0x557b4a3c9bd5 <unknown>
#10 0x557b4a3b4c55 <unknown>
#11 0x557b4a3ca82a <unknown>
#12 0x557b4a39d329 <unknown>
#13 0x557b4a3f3248 <unknown>
#14 0x557b4a3f33e5 <unknown>
#15 0x557b4a407783 <unknown>
#16 0x7f692a69cb84 <unknown>
#17 0x7f692a729ecc <unknown>"
TO,MAURICIO BARROS DE AGUIAR,34558660000104,7896004721903,,,0.0,0.0,0.0,0.0,0.0,0.0,2026-10-04 15:07:30,ERRO,"Message: element not interactable
  (Session info: chrome=154.0.8037.57); For documentation on this error, please visit: https://www.selenium.dev/documentation/webdriver/troubleshooting/errors#elementnotinteractableexception
Stacktrace:
#0 0x557b4a408e3a <unknown>
#1 0x557b49d32c20 <unknown>
#2 0x557b49d85191 <unknown>
#3 0x557b49d82ae9 <unknown>
#4 0x557b49d7df87 <unknown>
#5 0x557b49dd37af <unknown>
#6 0x557b49d7c748 <unknown>
#7 0x557b49d7d511 <unknown>
#8 0x557b4a3cb3c5 <unknown>
#9 0x557b4a3c9bd5 <unknown>
#10 0x557b4a3b4c55 <unknown>
#11 0x557b4a3ca82a <unknown>
#12 0x557b4a39d329 <unknown>
#13 0x557b4a3f3248 <unknown>
#14 0x557b4a3f33e5 <unknown>
#15 0x557b4a407783 <unknown>
#16 0x7f692a69cb84 <unknown>
#17 0x7f692a729ecc <unknown>"
TO,MAURICIO BARROS DE AGUIAR,34558660000104,7896004722122,,,0.0,0.0,0.0,0.0,0.0,0.0,2026-10-04 15:07:31,ERRO,"Message: element not interactable
  (Session info: chrome=154.0.8037.57); For documentation on this error, please visit: https://www.selenium.dev/documentation/webdriver/troubleshooting/errors#elementnotinteractableexception
Stacktrace:
#0 0x557b4a408e3a <unknown>
#1 0x557b49d32c20 <unknown>
#2 0x557b49d85191 <unknown>
#3 0x557b49d82ae9 <unknown>
#4 0x557b49d7df87 <unknown>
#5 0x557b49dd37af <unknown>
#6 0x557b49d7c748 <unknown>
#7 0x557b49d7d511 <unknown>
#8 0x557b4a3cb3c5 <unknown>
#9 0x557b4a3c9bd5 <unknown>
#10 0x557b4a3b4c55 <unknown>
#11 0x557b4a3ca82a <unknown>
#12 0x557b4a39d329 <unknown>
#13 0x557b4a3f3248 <unknown>
#14 0x557b4a3f33e5 <unknown>
#15 0x557b4a407783 <unknown>
#16 0x7f692a69cb84 <unknown>
#17 0x7f692a729ecc <unknown>"
TO,MAURICIO BARROS DE AGUIAR,34558660000104,7896004722160,,,0.0,0.0,0.0,0.0,0.0,0.0,2026-10-04 15:07:32,ERRO,"Message: element not interactable
  (Session info: chrome=154.0.8037.57); For documentation on this error, please visit: https://www.selenium.dev/documentation/webdriver/troubleshooting/errors#elementnotinteractableexception
Stacktrace:
#0 0x557b4a408e3a <unknown>
#1 0x557b49d32c20 <unknown>
#2 0x557b49d85191 <unknown>
#3 0x557b49d82ae9 <unknown>
#4 0x557b49d7df87 <unknown>
#5 0x557b49dd37af <unknown>
#6 0x557b49d7c748 <unknown>
#7 0x557b49d7d511 <unknown>
#8 0x557b4a3cb3c5 <unknown>
#9 0x557b4a3c9bd5 <unknown>
#10 0x557b4a3b4c55 <unknown>
#11 0x557b4a3ca82a <unknown>
#12 0x557b4a39d329 <unknown>
#13 0x557b4a3f3248 <unknown>
#14 0x557b4a3f33e5 <unknown>
#15 0x557b4a407783 <unknown>
#16 0x7f692a69cb84 <unknown>
#17 0x7f692a729ecc <unknown>"
TO,MAURICIO BARROS DE AGUIAR,34558660000104,7896004722177,,,0.0,0.0,0.0,0.0,0.0,0.0,2026-10-04 15:07:34,ERRO,"Message: element not interactable
  (Session info: chrome=154.0.8037.57); For documentation on this error, please visit: https://www.selenium.dev/documentation/webdriver/troubleshooting/errors#elementnotinteractableexception
Stacktrace:
#0 0x557b4a408e3a <unknown>
#1 0x557b49d32c20 <unknown>
#2 0x557b49d85191 <unknown>
#3 0x557b49d82ae9 <unknown>
#4 0x557b49d7df87 <unknown>
#5 0x557b49dd37af <unknown>
#6 0x557b49d7c748 <unknown>
#7 0x557b49d7d511 <unknown>
#8 0x557b4a3cb3c5 <unknown>
#9 0x557b4a3c9bd5 <unknown>
#10 0x557b4a3b4c55 <unknown>
#11 0x557b4a3ca82a <unknown>
#12 0x557b4a39d329 <unknown>
#13 0x557b4a3f3248 <unknown>
#14 0x557b4a3f33e5 <unknown>
#15 0x557b4a407783 <unknown>
#16 0x7f692a69cb84 <unknown>
#17 0x7f692a729ecc <unknown>"
TO,MAURICIO BARROS DE AGUIAR,34558660000104,7896004722337,,,0.0,0.0,0.0,0.0,0.0,0.0,2026-10-04 15:07:35,ERRO,"Message: element not interactable
  (Session info: chrome=154.0.8037.57); For documentation on this error, please visit: https://www.selenium.dev/documentation/webdriver/troubleshooting/errors#elementnotinteractableexception
Stacktrace:
#0 0x557b4a408e3a <unknown>
#1 0x557b49d32c20 <unknown>
#2 0x557b49d85191 <unknown>
#3 0x557b49d82ae9 <unknown>
#4 0x557b49d7df87 <unknown>
#5 0x557b49dd37af <unknown>
#6 0x557b49d7c748 <unknown>
#7 0x557b49d7d511 <unknown>
#8 0x557b4a3cb3c5 <unknown>
#9 0x557b4a3c9bd5 <unknown>
#10 0x557b4a3b4c55 <unknown>
#11 0x557b4a3ca82a <unknown>
#12 0x557b4a39d329 <unknown>
#13 0x557b4a3f3248 <unknown>
#14 0x557b4a3f33e5 <unknown>
#15 0x557b4a407783 <unknown>
#16 0x7f692a69cb84 <unknown>
#17 0x7f692a729ecc <unknown>"
TO,MAURICIO BARROS DE AGUIAR,34558660000104,7896004722467,,,0.0,0.0,0.0,0.0,0.0,0.0,2026-10-04 15:07:36,ERRO,"Message: element not interactable
  (Session info: chrome=154.0.8037.57); For documentation on this error, please visit: https://www.selenium.dev/documentation/webdriver/troubleshooting/errors#elementnotinteractableexception
Stacktrace:
#0 0x557b4a408e3a <unknown>
#1 0x557b49d32c20 <unknown>
#2 0x557b49d85191 <unknown>
#3 0x557b49d82ae9 <unknown>
#4 0x557b49d7df87 <unknown>
#5 0x557b49dd37af <unknown>
#6 0x557b49d7c748 <unknown>
#7 0x557b49d7d511 <unknown>
#8 0x557b4a3cb3c5 <unknown>
#9 0x557b4a3c9bd5 <unknown>
#10 0x557b4a3b4c55 <unknown>
#11 0x557b4a3ca82a <unknown>
#12 0x557b4a39d329 <unknown>
#13 0x557b4a3f3248 <unknown>
#14 0x557b4a3f33e5 <unknown>
#15 0x557b4a407783 <unknown>
#16 0x7f692a69cb84 <unknown>
#17 0x7f692a729ecc <unknown>"
TO,MAURICIO BARROS DE AGUIAR,34558660000104,7896004722474,,,0.0,0.0,0.0,0.0,0.0,0.0,2026-10-04 15:07:37,ERRO,"Message: element not interactable
  (Session info: chrome=154.0.8037.57); For documentation on this error, please visit: https://www.selenium.dev/documentation/webdriver/troubleshooting/errors#elementnotinteractableexception
Stacktrace:
#0 0x557b4a408e3a <unknown>
#1 0x557b49d32c20 <unknown>
#2 0x557b49d85191 <unknown>
#3 0x557b49d82ae9 <unknown>
#4 0x557b49d7df87 <unknown>
#5 0x557b49dd37af <unknown>
#6 0x557b49d7c748 <unknown>
#7 0x557b49d7d511 <unknown>
#8 0x557b4a3cb3c5 <unknown>
#9 0x557b4a3c9bd5 <unknown>
#10 0x557b4a3b4c55 <unknown>
#11 0x557b4a3ca82a <unknown>
#12 0x557b4a39d329 <unknown>
#13 0x557b4a3f3248 <unknown>
#14 0x557b4a3f33e5 <unknown>
#15 0x557b4a407783 <unknown>
#16 0x7f692a69cb84 <unknown>
#17 0x7f692a729ecc <unknown>"
TO,MAURICIO BARROS DE AGUIAR,34558660000104,7896004722528,,,0.0,0.0,0.0,0.0,0.0,0.0,2026-10-04 15:07:38,ERRO,"Message: element not interactable
  (Session info: chrome=154.0.8037.57); For documentation on this error, please visit: https://www.selenium.dev/documentation/webdriver/troubleshooting/errors#elementnotinteractableexception
Stacktrace:
#0 0x557b4a408e3a <unknown>
#1 0x557b49d32c20 <unknown>
#2 0x557b49d85191 <unknown>
#3 0x557b49d82ae9 <unknown>
#4 0x557b49d7df87 <unknown>
#5 0x557b49dd37af <unknown>
#6 0x557b49d7c748 <unknown>
#7 0x557b49d7d511 <unknown>
#8 0x557b4a3cb3c5 <unknown>
#9 0x557b4a3c9bd5 <unknown>
#10 0x557b4a3b4c55 <unknown>
#11 0x557b4a3ca82a <unknown>
#12 0x557b4a39d329 <unknown>
#13 0x557b4a3f3248 <unknown>
#14 0x557b4a3f33e5 <unknown>
#15 0x557b4a407783 <unknown>
#16 0x7f692a69cb84 <unknown>
#17 0x7f692a729ecc <unknown>"
TO,MAURICIO BARROS DE AGUIAR,34558660000104,7896004722870,,,0.0,0.0,0.0,0.0,0.0,0.0,2026-10-04 15:07:39,ERRO,"Message: element not interactable
  (Session info: chrome=154.0.8037.57); For documentation on this error, please visit: https://www.selenium.dev/documentation/webdriver/troubleshooting/errors#elementnotinteractableexception
Stacktrace:
#0 0x557b4a408e3a <unknown>
#1 0x557b49d32c20 <unknown>
#2 0x557b49d85191 <unknown>
#3 0x557b49d82ae9 <unknown>
#4 0x557b49d7df87 <unknown>
#5 0x557b49dd37af <unknown>
#6 0x557b49d7c748 <unknown>
#7 0x557b49d7d511 <unknown>
#8 0x557b4a3cb3c5 <unknown>
#9 0x557b4a3c9bd5 <unknown>
#10 0x557b4a3b4c55 <unknown>
#11 0x557b4a3ca82a <unknown>
#12 0x557b4a39d329 <unknown>
#13 0x557b4a3f3248 <unknown>
#14 0x557b4a3f33e5 <unknown>
#15 0x557b4a407783 <unknown>
#16 0x7f692a69cb84 <unknown>
#17 0x7f692a729ecc <unknown>"
TO,MAURICIO BARROS DE AGUIAR,34558660000104,7896004723020,,,0.0,0.0,0.0,0.0,0.0,0.0,2026-10-04 15:07:40,ERRO,"Message: element not interactable
  (Session info: chrome=154.0.8037.57); For documentation on this error, please visit: https://www.selenium.dev/documentation/webdriver/troubleshooting/errors#elementnotinteractableexception
Stacktrace:
#0 0x557b4a408e3a <unknown>
#1 0x557b49d32c20 <unknown>
#2 0x557b49d85191 <unknown>
#3 0x557b49d82ae9 <unknown>
#4 0x557b49d7df87 <unknown>
#5 0x557b49dd37af <unknown>
#6 0x557b49d7c748 <unknown>
#7 0x557b49d7d511 <unknown>
#8 0x557b4a3cb3c5 <unknown>
#9 0x557b4a3c9bd5 <unknown>
#10 0x557b4a3b4c55 <unknown>
#11 0x557b4a3ca82a <unknown>
#12 0x557b4a39d329 <unknown>
#13 0x557b4a3f3248 <unknown>
#14 0x557b4a3f33e5 <unknown>
#15 0x557b4a407783 <unknown>
#16 0x7f692a69cb84 <unknown>
#17 0x7f692a729ecc <unknown>"
TO,MAURICIO BARROS DE AGUIAR,34558660000104,7896004723365,,,0.0,0.0,0.0,0.0,0.0,0.0,2026-10-04 15:07:41,ERRO,"Message: element not interactable
  (Session info: chrome=154.0.8037.57); For documentation on this error, please visit: https://www.selenium.dev/documentation/webdriver/troubleshooting/errors#elementnotinteractableexception
Stacktrace:
#0 0x557b4a408e3a <unknown>
#1 0x557b49d32c20 <unknown>
#2 0x557b49d85191 <unknown>
#3 0x557b49d82ae9 <unknown>
#4 0x557b49d7df87 <unknown>
#5 0x557b49dd37af <unknown>
#6 0x557b49d7c748 <unknown>
#7 0x557b49d7d511 <unknown>
#8 0x557b4a3cb3c5 <unknown>
#9 0x557b4a3c9bd5 <unknown>
#10 0x557b4a3b4c55 <unknown>
#11 0x557b4a3ca82a <unknown>
#12 0x557b4a39d329 <unknown>
#13 0x557b4a3f3248 <unknown>
#14 0x557b4a3f33e5 <unknown>
#15 0x557b4a407783 <unknown>
#16 0x7f692a69cb84 <unknown>
#17 0x7f692a729ecc <unknown>"
TO,MAURICIO BARROS DE AGUIAR,34558660000104,7896004723563,,,0.0,0.0,0.0,0.0,0.0,0.0,2026-10-04 15:07:42,ERRO,"Message: element not interactable
  (Session info: chrome=154.0.8037.57); For documentation on this error, please visit: https://www.selenium.dev/documentation/webdriver/troubleshooting/errors#elementnotinteractableexception
Stacktrace:
#0 0x557b4a408e3a <unknown>
#1 0x557b49d32c20 <unknown>
#2 0x557b49d85191 <unknown>
#3 0x557b49d82ae9 <unknown>
#4 0x557b49d7df87 <unknown>
#5 0x557b49dd37af <unknown>
#6 0x557b49d7c748 <unknown>
#7 0x557b49d7d511 <unknown>
#8 0x557b4a3cb3c5 <unknown>
#9 0x557b4a3c9bd5 <unknown>
#10 0x557b4a3b4c55 <unknown>
#11 0x557b4a3ca82a <unknown>
#12 0x557b4a39d329 <unknown>
#13 0x557b4a3f3248 <unknown>
#14 0x557b4a3f33e5 <unknown>
#15 0x557b4a407783 <unknown>
#16 0x7f692a69cb84 <unknown>
#17 0x7f692a729ecc <unknown>"
TO,MAURICIO BARROS DE AGUIAR,34558660000104,7896004723570,,,0.0,0.0,0.0,0.0,0.0,0.0,2026-10-04 15:07:43,ERRO,"Message: element not interactable
  (Session info: chrome=154.0.8037.57); For documentation on this error, please visit: https://www.selenium.dev/documentation/webdriver/troubleshooting/errors#elementnotinteractableexception
Stacktrace:
#0 0x557b4a408e3a <unknown>
#1 0x557b49d32c20 <unknown>
#2 0x557b49d85191 <unknown>
#3 0x557b49d82ae9 <unknown>
#4 0x557b49d7df87 <unknown>
#5 0x557b49dd37af <unknown>
#6 0x557b49d7c748 <unknown>
#7 0x557b49d7d511 <unknown>
#8 0x557b4a3cb3c5 <unknown>
#9 0x557b4a3c9bd5 <unknown>
#10 0x557b4a3b4c55 <unknown>
#11 0x557b4a3ca82a <unknown>
#12 0x557b4a39d329 <unknown>
#13 0x557b4a3f3248 <unknown>
#14 0x557b4a3f33e5 <unknown>
#15 0x557b4a407783 <unknown>
#16 0x7f692a69cb84 <unknown>
#17 0x7f692a729ecc <unknown>"
TO,MAURICIO BARROS DE AGUIAR,34558660000104,7896004724102,,,0.0,0.0,0.0,0.0,0.0,0.0,2026-10-04 15:07:44,ERRO,"Message: element not interactable
  (Session info: chrome=154.0.8037.57); For documentation on this error, please visit: https://www.selenium.dev/documentation/webdriver/troubleshooting/errors#elementnotinteractableexception
Stacktrace:
#0 0x557b4a408e3a <unknown>
#1 0x557b49d32c20 <unknown>
#2 0x557b49d85191 <unknown>
#3 0x557b49d82ae9 <unknown>
#4 0x557b49d7df87 <unknown>
#5 0x557b49dd37af <unknown>
#6 0x557b49d7c748 <unknown>
#7 0x557b49d7d511 <unknown>
#8 0x557b4a3cb3c5 <unknown>
#9 0x557b4a3c9bd5 <unknown>
#10 0x557b4a3b4c55 <unknown>
#11 0x557b4a3ca82a <unknown>
#12 0x557b4a39d329 <unknown>
#13 0x557b4a3f3248 <unknown>
#14 0x557b4a3f33e5 <unknown>
#15 0x557b4a407783 <unknown>
#16 0x7f692a69cb84 <unknown>
#17 0x7f692a729ecc <unknown>"
TO,MAURICIO BARROS DE AGUIAR,34558660000104,7896004724508,,,0.0,0.0,0.0,0.0,0.0,0.0,2026-10-04 15:07:46,ERRO,"Message: element not interactable
  (Session info: chrome=154.0.8037.57); For documentation on this error, please visit: https://www.selenium.dev/documentation/webdriver/troubleshooting/errors#elementnotinteractableexception
Stacktrace:
#0 0x557b4a408e3a <unknown>
#1 0x557b49d32c20 <unknown>
#2 0x557b49d85191 <unknown>
#3 0x557b49d82ae9 <unknown>
#4 0x557b49d7df87 <unknown>
#5 0x557b49dd37af <unknown>
#6 0x557b49d7c748 <unknown>
#7 0x557b49d7d511 <unknown>
#8 0x557b4a3cb3c5 <unknown>
#9 0x557b4a3c9bd5 <unknown>
#10 0x557b4a3b4c55 <unknown>
#11 0x557b4a3ca82a <unknown>
#12 0x557b4a39d329 <unknown>
#13 0x557b4a3f3248 <unknown>
#14 0x557b4a3f33e5 <unknown>
#15 0x557b4a407783 <unknown>
#16 0x7f692a69cb84 <unknown>
#17 0x7f692a729ecc <unknown>"
TO,MAURICIO BARROS DE AGUIAR,34558660000104,7896004724577,,,0.0,0.0,0.0,0.0,0.0,0.0,2026-10-04 15:07:47,ERRO,"Message: element not interactable
  (Session info: chrome=154.0.8037.57); For documentation on this error, please visit: https://www.selenium.dev/documentation/webdriver/troubleshooting/errors#elementnotinteractableexception
Stacktrace:
#0 0x557b4a408e3a <unknown>
#1 0x557b49d32c20 <unknown>
#2 0x557b49d85191 <unknown>
#3 0x557b49d82ae9 <unknown>
#4 0x557b49d7df87 <unknown>
#5 0x557b49dd37af <unknown>
#6 0x557b49d7c748 <unknown>
#7 0x557b49d7d511 <unknown>
#8 0x557b4a3cb3c5 <unknown>
#9 0x557b4a3c9bd5 <unknown>
#10 0x557b4a3b4c55 <unknown>
#11 0x557b4a3ca82a <unknown>
#12 0x557b4a39d329 <unknown>
#13 0x557b4a3f3248 <unknown>
#14 0x557b4a3f33e5 <unknown>
#15 0x557b4a407783 <unknown>
#16 0x7f692a69cb84 <unknown>
#17 0x7f692a729ecc <unknown>"
TO,MAURICIO BARROS DE AGUIAR,34558660000104,7896004724683,,,0.0,0.0,0.0,0.0,0.0,0.0,2026-10-04 15:07:48,ERRO,"Message: element not interactable
  (Session info: chrome=154.0.8037.57); For documentation on this error, please visit: https://www.selenium.dev/documentation/webdriver/troubleshooting/errors#elementnotinteractableexception
Stacktrace:
#0 0x557b4a408e3a <unknown>
#1 0x557b49d32c20 <unknown>
#2 0x557b49d85191 <unknown>
#3 0x557b49d82ae9 <unknown>
#4 0x557b49d7df87 <unknown>
#5 0x557b49dd37af <unknown>
#6 0x557b49d7c748 <unknown>
#7 0x557b49d7d511 <unknown>
#8 0x557b4a3cb3c5 <unknown>
#9 0x557b4a3c9bd5 <unknown>
#10 0x557b4a3b4c55 <unknown>
#11 0x557b4a3ca82a <unknown>
#12 0x557b4a39d329 <unknown>
#13 0x557b4a3f3248 <unknown>
#14 0x557b4a3f33e5 <unknown>
#15 0x557b4a407783 <unknown>
#16 0x7f692a69cb84 <unknown>
#17 0x7f692a729ecc <unknown>"
TO,MAURICIO BARROS DE AGUIAR,34558660000104,7896004724690,,,0.0,0.0,0.0,0.0,0.0,0.0,2026-10-04 15:07:49,ERRO,"Message: element not interactable
  (Session info: chrome=154.0.8037.57); For documentation on this error, please visit: https://www.selenium.dev/documentation/webdriver/troubleshooting/errors#elementnotinteractableexception
Stacktrace:
#0 0x557b4a408e3a <unknown>
#1 0x557b49d32c20 <unknown>
#2 0x557b49d85191 <unknown>
#3 0x557b49d82ae9 <unknown>
#4 0x557b49d7df87 <unknown>
#5 0x557b49dd37af <unknown>
#6 0x557b49d7c748 <unknown>
#7 0x557b49d7d511 <unknown>
#8 0x557b4a3cb3c5 <unknown>
#9 0x557b4a3c9bd5 <unknown>
#10 0x557b4a3b4c55 <unknown>
#11 0x557b4a3ca82a <unknown>
#12 0x557b4a39d329 <unknown>
#13 0x557b4a3f3248 <unknown>
#14 0x557b4a3f33e5 <unknown>
#15 0x557b4a407783 <unknown>
#16 0x7f692a69cb84 <unknown>
#17 0x7f692a729ecc <unknown>"
TO,MAURICIO BARROS DE AGUIAR,34558660000104,7896004725000,,,0.0,0.0,0.0,0.0,0.0,0.0,2026-10-04 15:07:50,ERRO,"Message: element not interactable
  (Session info: chrome=154.0.8037.57); For documentation on this error, please visit: https://www.selenium.dev/documentation/webdriver/troubleshooting/errors#elementnotinteractableexception
Stacktrace:
#0 0x557b4a408e3a <unknown>
#1 0x557b49d32c20 <unknown>
#2 0x557b49d85191 <unknown>
#3 0x557b49d82ae9 <unknown>
#4 0x557b49d7df87 <unknown>
#5 0x557b49dd37af <unknown>
#6 0x557b49d7c748 <unknown>
#7 0x557b49d7d511 <unknown>
#8 0x557b4a3cb3c5 <unknown>
#9 0x557b4a3c9bd5 <unknown>
#10 0x557b4a3b4c55 <unknown>
#11 0x557b4a3ca82a <unknown>
#12 0x557b4a39d329 <unknown>
#13 0x557b4a3f3248 <unknown>
#14 0x557b4a3f33e5 <unknown>
#15 0x557b4a407783 <unknown>
#16 0x7f692a69cb84 <unknown>
#17 0x7f692a729ecc <unknown>"
TO,MAURICIO BARROS DE AGUIAR,34558660000104,7896004725420,,,0.0,0.0,0.0,0.0,0.0,0.0,2026-10-04 15:07:51,ERRO,"Message: element not interactable
  (Session info: chrome=154.0.8037.57); For documentation on this error, please visit: https://www.selenium.dev/documentation/webdriver/troubleshooting/errors#elementnotinteractableexception
Stacktrace:
#0 0x557b4a408e3a <unknown>
#1 0x557b49d32c20 <unknown>
#2 0x557b49d85191 <unknown>
#3 0x557b49d82ae9 <unknown>
#4 0x557b49d7df87 <unknown>
#5 0x557b49dd37af <unknown>
#6 0x557b49d7c748 <unknown>
#7 0x557b49d7d511 <unknown>
#8 0x557b4a3cb3c5 <unknown>
#9 0x557b4a3c9bd5 <unknown>
#10 0x557b4a3b4c55 <unknown>
#11 0x557b4a3ca82a <unknown>
#12 0x557b4a39d329 <unknown>
#13 0x557b4a3f3248 <unknown>
#14 0x557b4a3f33e5 <unknown>
#15 0x557b4a407783 <unknown>
#16 0x7f692a69cb84 <unknown>
#17 0x7f692a729ecc <unknown>"
TO,MAURICIO BARROS DE AGUIAR,34558660000104,7896004725697,,,0.0,0.0,0.0,0.0,0.0,0.0,2026-10-04 15:07:52,ERRO,"Message: element not interactable
  (Session info: chrome=154.0.8037.57); For documentation on this error, please visit: https://www.selenium.dev/documentation/webdriver/troubleshooting/errors#elementnotinteractableexception
Stacktrace:
#0 0x557b4a408e3a <unknown>
#1 0x557b49d32c20 <unknown>
#2 0x557b49d85191 <unknown>
#3 0x557b49d82ae9 <unknown>
#4 0x557b49d7df87 <unknown>
#5 0x557b49dd37af <unknown>
#6 0x557b49d7c748 <unknown>
#7 0x557b49d7d511 <unknown>
#8 0x557b4a3cb3c5 <unknown>
#9 0x557b4a3c9bd5 <unknown>
#10 0x557b4a3b4c55 <unknown>
#11 0x557b4a3ca82a <unknown>
#12 0x557b4a39d329 <unknown>
#13 0x557b4a3f3248 <unknown>
#14 0x557b4a3f33e5 <unknown>
#15 0x557b4a407783 <unknown>
#16 0x7f692a69cb84 <unknown>
#17 0x7f692a729ecc <unknown>"
TO,MAURICIO BARROS DE AGUIAR,34558660000104,7896004726069,,,0.0,0.0,0.0,0.0,0.0,0.0,2026-10-04 15:07:53,ERRO,"Message: element not interactable
  (Session info: chrome=154.0.8037.57); For documentation on this error, please visit: https://www.selenium.dev/documentation/webdriver/troubleshooting/errors#elementnotinteractableexception
Stacktrace:
#0 0x557b4a408e3a <unknown>
#1 0x557b49d32c20 <unknown>
#2 0x557b49d85191 <unknown>
#3 0x557b49d82ae9 <unknown>
#4 0x557b49d7df87 <unknown>
#5 0x557b49dd37af <unknown>
#6 0x557b49d7c748 <unknown>
#7 0x557b49d7d511 <unknown>
#8 0x557b4a3cb3c5 <unknown>
#9 0x557b4a3c9bd5 <unknown>
#10 0x557b4a3b4c55 <unknown>
#11 0x557b4a3ca82a <unknown>
#12 0x557b4a39d329 <unknown>
#13 0x557b4a3f3248 <unknown>
#14 0x557b4a3f33e5 <unknown>
#15 0x557b4a407783 <unknown>
#16 0x7f692a69cb84 <unknown>
#17 0x7f692a729ecc <unknown>"
TO,MAURICIO BARROS DE AGUIAR,34558660000104,7896004726229,,,0.0,0.0,0.0,0.0,0.0,0.0,2026-10-04 15:07:54,ERRO,"Message: element not interactable
  (Session info: chrome=154.0.8037.57); For documentation on this error, please visit: https://www.selenium.dev/documentation/webdriver/troubleshooting/errors#elementnotinteractableexception
Stacktrace:
#0 0x557b4a408e3a <unknown>
#1 0x557b49d32c20 <unknown>
#2 0x557b49d85191 <unknown>
#3 0x557b49d82ae9 <unknown>
#4 0x557b49d7df87 <unknown>
#5 0x557b49dd37af <unknown>
#6 0x557b49d7c748 <unknown>
#7 0x557b49d7d511 <unknown>
#8 0x557b4a3cb3c5 <unknown>
#9 0x557b4a3c9bd5 <unknown>
#10 0x557b4a3b4c55 <unknown>
#11 0x557b4a3ca82a <unknown>
#12 0x557b4a39d329 <unknown>
#13 0x557b4a3f3248 <unknown>
#14 0x557b4a3f33e5 <unknown>
#15 0x557b4a407783 <unknown>
#16 0x7f692a69cb84 <unknown>
#17 0x7f692a729ecc <unknown>"
TO,MAURICIO BARROS DE AGUIAR,34558660000104,7896004726533,,,0.0,0.0,0.0,0.0,0.0,0.0,2026-10-04 15:07:55,ERRO,"Message: element not interactable
  (Session info: chrome=154.0.8037.57); For documentation on this error, please visit: https://www.selenium.dev/documentation/webdriver/troubleshooting/errors#elementnotinteractableexception
Stacktrace:
#0 0x557b4a408e3a <unknown>
#1 0x557b49d32c20 <unknown>
#2 0x557b49d85191 <unknown>
#3 0x557b49d82ae9 <unknown>
#4 0x557b49d7df87 <unknown>
#5 0x557b49dd37af <unknown>
#6 0x557b49d7c748 <unknown>
#7 0x557b49d7d511 <unknown>
#8 0x557b4a3cb3c5 <unknown>
#9 0x557b4a3c9bd5 <unknown>
#10 0x557b4a3b4c55 <unknown>
#11 0x557b4a3ca82a <unknown>
#12 0x557b4a39d329 <unknown>
#13 0x557b4a3f3248 <unknown>
#14 0x557b4a3f33e5 <unknown>
#15 0x557b4a407783 <unknown>
#16 0x7f692a69cb84 <unknown>
#17 0x7f692a729ecc <unknown>"
TO,MAURICIO BARROS DE AGUIAR,34558660000104,7896004726854,,,0.0,0.0,0.0,0.0,0.0,0.0,2026-10-04 15:07:57,ERRO,"Message: element not interactable
  (Session info: chrome=154.0.8037.57); For documentation on this error, please visit: https://www.selenium.dev/documentation/webdriver/troubleshooting/errors#elementnotinteractableexception
Stacktrace:
#0 0x557b4a408e3a <unknown>
#1 0x557b49d32c20 <unknown>
#2 0x557b49d85191 <unknown>
#3 0x557b49d82ae9 <unknown>
#4 0x557b49d7df87 <unknown>
#5 0x557b49dd37af <unknown>
#6 0x557b49d7c748 <unknown>
#7 0x557b49d7d511 <unknown>
#8 0x557b4a3cb3c5 <unknown>
#9 0x557b4a3c9bd5 <unknown>
#10 0x557b4a3b4c55 <unknown>
#11 0x557b4a3ca82a <unknown>
#12 0x557b4a39d329 <unknown>
#13 0x557b4a3f3248 <unknown>
#14 0x557b4a3f33e5 <unknown>
#15 0x557b4a407783 <unknown>
#16 0x7f692a69cb84 <unknown>
#17 0x7f692a729ecc <unknown>"
TO,MAURICIO BARROS DE AGUIAR,34558660000104,7896004726908,,,0.0,0.0,0.0,0.0,0.0,0.0,2026-10-04 15:07:58,ERRO,"Message: element not interactable
  (Session info: chrome=154.0.8037.57); For documentation on this error, please visit: https://www.selenium.dev/documentation/webdriver/troubleshooting/errors#elementnotinteractableexception
Stacktrace:
#0 0x557b4a408e3a <unknown>
#1 0x557b49d32c20 <unknown>
#2 0x557b49d85191 <unknown>
#3 0x557b49d82ae9 <unknown>
#4 0x557b49d7df87 <unknown>
#5 0x557b49dd37af <unknown>
#6 0x557b49d7c748 <unknown>
#7 0x557b49d7d511 <unknown>
#8 0x557b4a3cb3c5 <unknown>
#9 0x557b4a3c9bd5 <unknown>
#10 0x557b4a3b4c55 <unknown>
#11 0x557b4a3ca82a <unknown>
#12 0x557b4a39d329 <unknown>
#13 0x557b4a3f3248 <unknown>
#14 0x557b4a3f33e5 <unknown>
#15 0x557b4a407783 <unknown>
#16 0x7f692a69cb84 <unknown>
#17 0x7f692a729ecc <unknown>"
TO,MAURICIO BARROS DE AGUIAR,34558660000104,7896004727028,,,0.0,0.0,0.0,0.0,0.0,0.0,2026-10-04 15:07:59,ERRO,"Message: element not interactable
  (Session info: chrome=154.0.8037.57); For documentation on this error, please visit: https://www.selenium.dev/documentation/webdriver/troubleshooting/errors#elementnotinteractableexception
Stacktrace:
#0 0x557b4a408e3a <unknown>
#1 0x557b49d32c20 <unknown>
#2 0x557b49d85191 <unknown>
#3 0x557b49d82ae9 <unknown>
#4 0x557b49d7df87 <unknown>
#5 0x557b49dd37af <unknown>
#6 0x557b49d7c748 <unknown>
#7 0x557b49d7d511 <unknown>
#8 0x557b4a3cb3c5 <unknown>
#9 0x557b4a3c9bd5 <unknown>
#10 0x557b4a3b4c55 <unknown>
#11 0x557b4a3ca82a <unknown>
#12 0x557b4a39d329 <unknown>
#13 0x557b4a3f3248 <unknown>
#14 0x557b4a3f33e5 <unknown>
#15 0x557b4a407783 <unknown>
#16 0x7f692a69cb84 <unknown>
#17 0x7f692a729ecc <unknown>"
TO,MAURICIO BARROS DE AGUIAR,34558660000104,7896004727233,,,0.0,0.0,0.0,0.0,0.0,0.0,2026-10-04 15:08:00,ERRO,"Message: element not interactable
  (Session info: chrome=154.0.8037.57); For documentation on this error, please visit: https://www.selenium.dev/documentation/webdriver/troubleshooting/errors#elementnotinteractableexception
Stacktrace:
#0 0x557b4a408e3a <unknown>
#1 0x557b49d32c20 <unknown>
#2 0x557b49d85191 <unknown>
#3 0x557b49d82ae9 <unknown>
#4 0x557b49d7df87 <unknown>
#5 0x557b49dd37af <unknown>
#6 0x557b49d7c748 <unknown>
#7 0x557b49d7d511 <unknown>
#8 0x557b4a3cb3c5 <unknown>
#9 0x557b4a3c9bd5 <unknown>
#10 0x557b4a3b4c55 <unknown>
#11 0x557b4a3ca82a <unknown>
#12 0x557b4a39d329 <unknown>
#13 0x557b4a3f3248 <unknown>
#14 0x557b4a3f33e5 <unknown>
#15 0x557b4a407783 <unknown>
#16 0x7f692a69cb84 <unknown>
#17 0x7f692a729ecc <unknown>"
TO,MAURICIO BARROS DE AGUIAR,34558660000104,7896004727776,,,0.0,0.0,0.0,0.0,0.0,0.0,2026-10-04 15:08:01,ERRO,"Message: element not interactable
  (Session info: chrome=154.0.8037.57); For documentation on this error, please visit: https://www.selenium.dev/documentation/webdriver/troubleshooting/errors#elementnotinteractableexception
Stacktrace:
#0 0x557b4a408e3a <unknown>
#1 0x557b49d32c20 <unknown>
#2 0x557b49d85191 <unknown>
#3 0x557b49d82ae9 <unknown>
#4 0x557b49d7df87 <unknown>
#5 0x557b49dd37af <unknown>
#6 0x557b49d7c748 <unknown>
#7 0x557b49d7d511 <unknown>
#8 0x557b4a3cb3c5 <unknown>
#9 0x557b4a3c9bd5 <unknown>
#10 0x557b4a3b4c55 <unknown>
#11 0x557b4a3ca82a <unknown>
#12 0x557b4a39d329 <unknown>
#13 0x557b4a3f3248 <unknown>
#14 0x557b4a3f33e5 <unknown>
#15 0x557b4a407783 <unknown>
#16 0x7f692a69cb84 <unknown>
#17 0x7f692a729ecc <unknown>"
TO,MAURICIO BARROS DE AGUIAR,34558660000104,7896004727882,,,0.0,0.0,0.0,0.0,0.0,0.0,2026-10-04 15:08:02,ERRO,"Message: element not interactable
  (Session info: chrome=154.0.8037.57); For documentation on this error, please visit: https://www.selenium.dev/documentation/webdriver/troubleshooting/errors#elementnotinteractableexception
Stacktrace:
#0 0x557b4a408e3a <unknown>
#1 0x557b49d32c20 <unknown>
#2 0x557b49d85191 <unknown>
#3 0x557b49d82ae9 <unknown>
#4 0x557b49d7df87 <unknown>
#5 0x557b49dd37af <unknown>
#6 0x557b49d7c748 <unknown>
#7 0x557b49d7d511 <unknown>
#8 0x557b4a3cb3c5 <unknown>
#9 0x557b4a3c9bd5 <unknown>
#10 0x557b4a3b4c55 <unknown>
#11 0x557b4a3ca82a <unknown>
#12 0x557b4a39d329 <unknown>
#13 0x557b4a3f3248 <unknown>
#14 0x557b4a3f33e5 <unknown>
#15 0x557b4a407783 <unknown>
#16 0x7f692a69cb84 <unknown>
#17 0x7f692a729ecc <unknown>"
TO,MAURICIO BARROS DE AGUIAR,34558660000104,7896004728261,,,0.0,0.0,0.0,0.0,0.0,0.0,2026-10-04 15:08:03,ERRO,"Message: element not interactable
  (Session info: chrome=154.0.8037.57); For documentation on this error, please visit: https://www.selenium.dev/documentation/webdriver/troubleshooting/errors#elementnotinteractableexception
Stacktrace:
#0 0x557b4a408e3a <unknown>
#1 0x557b49d32c20 <unknown>
#2 0x557b49d85191 <unknown>
#3 0x557b49d82ae9 <unknown>
#4 0x557b49d7df87 <unknown>
#5 0x557b49dd37af <unknown>
#6 0x557b49d7c748 <unknown>
#7 0x557b49d7d511 <unknown>
#8 0x557b4a3cb3c5 <unknown>
#9 0x557b4a3c9bd5 <unknown>
#10 0x557b4a3b4c55 <unknown>
#11 0x557b4a3ca82a <unknown>
#12 0x557b4a39d329 <unknown>
#13 0x557b4a3f3248 <unknown>
#14 0x557b4a3f33e5 <unknown>
#15 0x557b4a407783 <unknown>
#16 0x7f692a69cb84 <unknown>
#17 0x7f692a729ecc <unknown>"
TO,MAURICIO BARROS DE AGUIAR,34558660000104,7896004728490,,,0.0,0.0,0.0,0.0,0.0,0.0,2026-10-04 15:08:04,ERRO,"Message: element not interactable
  (Session info: chrome=154.0.8037.57); For documentation on this error, please visit: https://www.selenium.dev/documentation/webdriver/troubleshooting/errors#elementnotinteractableexception
Stacktrace:
#0 0x557b4a408e3a <unknown>
#1 0x557b49d32c20 <unknown>
#2 0x557b49d85191 <unknown>
#3 0x557b49d82ae9 <unknown>
#4 0x557b49d7df87 <unknown>
#5 0x557b49dd37af <unknown>
#6 0x557b49d7c748 <unknown>
#7 0x557b49d7d511 <unknown>
#8 0x557b4a3cb3c5 <unknown>
#9 0x557b4a3c9bd5 <unknown>
#10 0x557b4a3b4c55 <unknown>
#11 0x557b4a3ca82a <unknown>
#12 0x557b4a39d329 <unknown>
#13 0x557b4a3f3248 <unknown>
#14 0x557b4a3f33e5 <unknown>
#15 0x557b4a407783 <unknown>
#16 0x7f692a69cb84 <unknown>
#17 0x7f692a729ecc <unknown>"
TO,MAURICIO BARROS DE AGUIAR,34558660000104,7896004728612,,,0.0,0.0,0.0,0.0,0.0,0.0,2026-10-04 15:08:05,ERRO,"Message: element not interactable
  (Session info: chrome=154.0.8037.57); For documentation on this error, please visit: https://www.selenium.dev/documentation/webdriver/troubleshooting/errors#elementnotinteractableexception
Stacktrace:
#0 0x557b4a408e3a <unknown>
#1 0x557b49d32c20 <unknown>
#2 0x557b49d85191 <unknown>
#3 0x557b49d82ae9 <unknown>
#4 0x557b49d7df87 <unknown>
#5 0x557b49dd37af <unknown>
#6 0x557b49d7c748 <unknown>
#7 0x557b49d7d511 <unknown>
#8 0x557b4a3cb3c5 <unknown>
#9 0x557b4a3c9bd5 <unknown>
#10 0x557b4a3b4c55 <unknown>
#11 0x557b4a3ca82a <unknown>
#12 0x557b4a39d329 <unknown>
#13 0x557b4a3f3248 <unknown>
#14 0x557b4a3f33e5 <unknown>
#15 0x557b4a407783 <unknown>
#16 0x7f692a69cb84 <unknown>
#17 0x7f692a729ecc <unknown>"
TO,MAURICIO BARROS DE AGUIAR,34558660000104,7896004728629,,,0.0,0.0,0.0,0.0,0.0,0.0,2026-10-04 15:08:06,ERRO,"Message: element not interactable
  (Session info: chrome=154.0.8037.57); For documentation on this error, please visit: https://www.selenium.dev/documentation/webdriver/troubleshooting/errors#elementnotinteractableexception
Stacktrace:
#0 0x557b4a408e3a <unknown>
#1 0x557b49d32c20 <unknown>
#2 0x557b49d85191 <unknown>
#3 0x557b49d82ae9 <unknown>
#4 0x557b49d7df87 <unknown>
#5 0x557b49dd37af <unknown>
#6 0x557b49d7c748 <unknown>
#7 0x557b49d7d511 <unknown>
#8 0x557b4a3cb3c5 <unknown>
#9 0x557b4a3c9bd5 <unknown>
#10 0x557b4a3b4c55 <unknown>
#11 0x557b4a3ca82a <unknown>
#12 0x557b4a39d329 <unknown>
#13 0x557b4a3f3248 <unknown>
#14 0x557b4a3f33e5 <unknown>
#15 0x557b4a407783 <unknown>
#16 0x7f692a69cb84 <unknown>
#17 0x7f692a729ecc <unknown>"
TO,MAURICIO BARROS DE AGUIAR,34558660000104,7896004728667,,,0.0,0.0,0.0,0.0,0.0,0.0,2026-10-04 15:08:08,ERRO,"Message: element not interactable
  (Session info: chrome=154.0.8037.57); For documentation on this error, please visit: https://www.selenium.dev/documentation/webdriver/troubleshooting/errors#elementnotinteractableexception
Stacktrace:
#0 0x557b4a408e3a <unknown>
#1 0x557b49d32c20 <unknown>
#2 0x557b49d85191 <unknown>
#3 0x557b49d82ae9 <unknown>
#4 0x557b49d7df87 <unknown>
#5 0x557b49dd37af <unknown>
#6 0x557b49d7c748 <unknown>
#7 0x557b49d7d511 <unknown>
#8 0x557b4a3cb3c5 <unknown>
#9 0x557b4a3c9bd5 <unknown>
#10 0x557b4a3b4c55 <unknown>
#11 0x557b4a3ca82a <unknown>
#12 0x557b4a39d329 <unknown>
#13 0x557b4a3f3248 <unknown>
#14 0x557b4a3f33e5 <unknown>
#15 0x557b4a407783 <unknown>
#16 0x7f692a69cb84 <unknown>
#17 0x7f692a729ecc <unknown>"
TO,MAURICIO BARROS DE AGUIAR,34558660000104,7896004728827,,,0.0,0.0,0.0,0.0,0.0,0.0,2026-10-04 15:08:09,ERRO,"Message: element not interactable
  (Session info: chrome=154.0.8037.57); For documentation on this error, please visit: https://www.selenium.dev/documentation/webdriver/troubleshooting/errors#elementnotinteractableexception
Stacktrace:
#0 0x557b4a408e3a <unknown>
#1 0x557b49d32c20 <unknown>
#2 0x557b49d85191 <unknown>
#3 0x557b49d82ae9 <unknown>
#4 0x557b49d7df87 <unknown>
#5 0x557b49dd37af <unknown>
#6 0x557b49d7c748 <unknown>
#7 0x557b49d7d511 <unknown>
#8 0x557b4a3cb3c5 <unknown>
#9 0x557b4a3c9bd5 <unknown>
#10 0x557b4a3b4c55 <unknown>
#11 0x557b4a3ca82a <unknown>
#12 0x557b4a39d329 <unknown>
#13 0x557b4a3f3248 <unknown>
#14 0x557b4a3f33e5 <unknown>
#15 0x557b4a407783 <unknown>
#16 0x7f692a69cb84 <unknown>
#17 0x7f692a729ecc <unknown>"
TO,MAURICIO BARROS DE AGUIAR,34558660000104,7896004728858,,,0.0,0.0,0.0,0.0,0.0,0.0,2026-10-04 15:08:10,ERRO,"Message: element not interactable
  (Session info: chrome=154.0.8037.57); For documentation on this error, please visit: https://www.selenium.dev/documentation/webdriver/troubleshooting/errors#elementnotinteractableexception
Stacktrace:
#0 0x557b4a408e3a <unknown>
#1 0x557b49d32c20 <unknown>
#2 0x557b49d85191 <unknown>
#3 0x557b49d82ae9 <unknown>
#4 0x557b49d7df87 <unknown>
#5 0x557b49dd37af <unknown>
#6 0x557b49d7c748 <unknown>
#7 0x557b49d7d511 <unknown>
#8 0x557b4a3cb3c5 <unknown>
#9 0x557b4a3c9bd5 <unknown>
#10 0x557b4a3b4c55 <unknown>
#11 0x557b4a3ca82a <unknown>
#12 0x557b4a39d329 <unknown>
#13 0x557b4a3f3248 <unknown>
#14 0x557b4a3f33e5 <unknown>
#15 0x557b4a407783 <unknown>
#16 0x7f692a69cb84 <unknown>
#17 0x7f692a729ecc <unknown>"
TO,MAURICIO BARROS DE AGUIAR,34558660000104,7896004729428,,,0.0,0.0,0.0,0.0,0.0,0.0,2026-10-04 15:08:11,ERRO,"Message: element not interactable
  (Session info: chrome=154.0.8037.57); For documentation on this error, please visit: https://www.selenium.dev/documentation/webdriver/troubleshooting/errors#elementnotinteractableexception
Stacktrace:
#0 0x557b4a408e3a <unknown>
#1 0x557b49d32c20 <unknown>
#2 0x557b49d85191 <unknown>
#3 0x557b49d82ae9 <unknown>
#4 0x557b49d7df87 <unknown>
#5 0x557b49dd37af <unknown>
#6 0x557b49d7c748 <unknown>
#7 0x557b49d7d511 <unknown>
#8 0x557b4a3cb3c5 <unknown>
#9 0x557b4a3c9bd5 <unknown>
#10 0x557b4a3b4c55 <unknown>
#11 0x557b4a3ca82a <unknown>
#12 0x557b4a39d329 <unknown>
#13 0x557b4a3f3248 <unknown>
#14 0x557b4a3f33e5 <unknown>
#15 0x557b4a407783 <unknown>
#16 0x7f692a69cb84 <unknown>
#17 0x7f692a729ecc <unknown>"
TO,MAURICIO BARROS DE AGUIAR,34558660000104,7896004729435,,,0.0,0.0,0.0,0.0,0.0,0.0,2026-10-04 15:08:12,ERRO,"Message: element not interactable
  (Session info: chrome=154.0.8037.57); For documentation on this error, please visit: https://www.selenium.dev/documentation/webdriver/troubleshooting/errors#elementnotinteractableexception
Stacktrace:
#0 0x557b4a408e3a <unknown>
#1 0x557b49d32c20 <unknown>
#2 0x557b49d85191 <unknown>
#3 0x557b49d82ae9 <unknown>
#4 0x557b49d7df87 <unknown>
#5 0x557b49dd37af <unknown>
#6 0x557b49d7c748 <unknown>
#7 0x557b49d7d511 <unknown>
#8 0x557b4a3cb3c5 <unknown>
#9 0x557b4a3c9bd5 <unknown>
#10 0x557b4a3b4c55 <unknown>
#11 0x557b4a3ca82a <unknown>
#12 0x557b4a39d329 <unknown>
#13 0x557b4a3f3248 <unknown>
#14 0x557b4a3f33e5 <unknown>
#15 0x557b4a407783 <unknown>
#16 0x7f692a69cb84 <unknown>
#17 0x7f692a729ecc <unknown>"
TO,MAURICIO BARROS DE AGUIAR,34558660000104,7896004729442,,,0.0,0.0,0.0,0.0,0.0,0.0,2026-10-04 15:08:13,ERRO,"Message: element not interactable
  (Session info: chrome=154.0.8037.57); For documentation on this error, please visit: https://www.selenium.dev/documentation/webdriver/troubleshooting/errors#elementnotinteractableexception
Stacktrace:
#0 0x557b4a408e3a <unknown>
#1 0x557b49d32c20 <unknown>
#2 0x557b49d85191 <unknown>
#3 0x557b49d82ae9 <unknown>
#4 0x557b49d7df87 <unknown>
#5 0x557b49dd37af <unknown>
#6 0x557b49d7c748 <unknown>
#7 0x557b49d7d511 <unknown>
#8 0x557b4a3cb3c5 <unknown>
#9 0x557b4a3c9bd5 <unknown>
#10 0x557b4a3b4c55 <unknown>
#11 0x557b4a3ca82a <unknown>
#12 0x557b4a39d329 <unknown>
#13 0x557b4a3f3248 <unknown>
#14 0x557b4a3f33e5 <unknown>
#15 0x557b4a407783 <unknown>
#16 0x7f692a69cb84 <unknown>
#17 0x7f692a729ecc <unknown>"
TO,MAURICIO BARROS DE AGUIAR,34558660000104,7896004729459,,,0.0,0.0,0.0,0.0,0.0,0.0,2026-10-04 15:08:14,ERRO,"Message: element not interactable
  (Session info: chrome=154.0.8037.57); For documentation on this error, please visit: https://www.selenium.dev/documentation/webdriver/troubleshooting/errors#elementnotinteractableexception
Stacktrace:
#0 0x557b4a408e3a <unknown>
#1 0x557b49d32c20 <unknown>
#2 0x557b49d85191 <unknown>
#3 0x557b49d82ae9 <unknown>
#4 0x557b49d7df87 <unknown>
#5 0x557b49dd37af <unknown>
#6 0x557b49d7c748 <unknown>
#7 0x557b49d7d511 <unknown>
#8 0x557b4a3cb3c5 <unknown>
#9 0x557b4a3c9bd5 <unknown>
#10 0x557b4a3b4c55 <unknown>
#11 0x557b4a3ca82a <unknown>
#12 0x557b4a39d329 <unknown>
#13 0x557b4a3f3248 <unknown>
#14 0x557b4a3f33e5 <unknown>
#15 0x557b4a407783 <unknown>
#16 0x7f692a69cb84 <unknown>
#17 0x7f692a729ecc <unknown>"
TO,MAURICIO BARROS DE AGUIAR,34558660000104,7896004729640,,,0.0,0.0,0.0,0.0,0.0,0.0,2026-10-04 15:08:15,ERRO,"Message: element not interactable
  (Session info: chrome=154.0.8037.57); For documentation on this error, please visit: https://www.selenium.dev/documentation/webdriver/troubleshooting/errors#elementnotinteractableexception
Stacktrace:
#0 0x557b4a408e3a <unknown>
#1 0x557b49d32c20 <unknown>
#2 0x557b49d85191 <unknown>
#3 0x557b49d82ae9 <unknown>
#4 0x557b49d7df87 <unknown>
#5 0x557b49dd37af <unknown>
#6 0x557b49d7c748 <unknown>
#7 0x557b49d7d511 <unknown>
#8 0x557b4a3cb3c5 <unknown>
#9 0x557b4a3c9bd5 <unknown>
#10 0x557b4a3b4c55 <unknown>
#11 0x557b4a3ca82a <unknown>
#12 0x557b4a39d329 <unknown>
#13 0x557b4a3f3248 <unknown>
#14 0x557b4a3f33e5 <unknown>
#15 0x557b4a407783 <unknown>
#16 0x7f692a69cb84 <unknown>
#17 0x7f692a729ecc <unknown>"
TO,MAURICIO BARROS DE AGUIAR,34558660000104,7896004729688,,,0.0,0.0,0.0,0.0,0.0,0.0,2026-10-04 15:08:16,ERRO,"Message: element not interactable
  (Session info: chrome=154.0.8037.57); For documentation on this error, please visit: https://www.selenium.dev/documentation/webdriver/troubleshooting/errors#elementnotinteractableexception
Stacktrace:
#0 0x557b4a408e3a <unknown>
#1 0x557b49d32c20 <unknown>
#2 0x557b49d85191 <unknown>
#3 0x557b49d82ae9 <unknown>
#4 0x557b49d7df87 <unknown>
#5 0x557b49dd37af <unknown>
#6 0x557b49d7c748 <unknown>
#7 0x557b49d7d511 <unknown>
#8 0x557b4a3cb3c5 <unknown>
#9 0x557b4a3c9bd5 <unknown>
#10 0x557b4a3b4c55 <unknown>
#11 0x557b4a3ca82a <unknown>
#12 0x557b4a39d329 <unknown>
#13 0x557b4a3f3248 <unknown>
#14 0x557b4a3f33e5 <unknown>
#15 0x557b4a407783 <unknown>
#16 0x7f692a69cb84 <unknown>
#17 0x7f692a729ecc <unknown>"
TO,MAURICIO BARROS DE AGUIAR,34558660000104,7896004730059,,,0.0,0.0,0.0,0.0,0.0,0.0,2026-10-04 15:08:17,ERRO,"Message: element not interactable
  (Session info: chrome=154.0.8037.57); For documentation on this error, please visit: https://www.selenium.dev/documentation/webdriver/troubleshooting/errors#elementnotinteractableexception
Stacktrace:
#0 0x557b4a408e3a <unknown>
#1 0x557b49d32c20 <unknown>
#2 0x557b49d85191 <unknown>
#3 0x557b49d82ae9 <unknown>
#4 0x557b49d7df87 <unknown>
#5 0x557b49dd37af <unknown>
#6 0x557b49d7c748 <unknown>
#7 0x557b49d7d511 <unknown>
#8 0x557b4a3cb3c5 <unknown>
#9 0x557b4a3c9bd5 <unknown>
#10 0x557b4a3b4c55 <unknown>
#11 0x557b4a3ca82a <unknown>
#12 0x557b4a39d329 <unknown>
#13 0x557b4a3f3248 <unknown>
#14 0x557b4a3f33e5 <unknown>
#15 0x557b4a407783 <unknown>
#16 0x7f692a69cb84 <unknown>
#17 0x7f692a729ecc <unknown>"
TO,MAURICIO BARROS DE AGUIAR,34558660000104,7896004730080,,,0.0,0.0,0.0,0.0,0.0,0.0,2026-10-04 15:08:18,ERRO,"Message: element not interactable
  (Session info: chrome=154.0.8037.57); For documentation on this error, please visit: https://www.selenium.dev/documentation/webdriver/troubleshooting/errors#elementnotinteractableexception
Stacktrace:
#0 0x557b4a408e3a <unknown>
#1 0x557b49d32c20 <unknown>
#2 0x557b49d85191 <unknown>
#3 0x557b49d82ae9 <unknown>
#4 0x557b49d7df87 <unknown>
#5 0x557b49dd37af <unknown>
#6 0x557b49d7c748 <unknown>
#7 0x557b49d7d511 <unknown>
#8 0x557b4a3cb3c5 <unknown>
#9 0x557b4a3c9bd5 <unknown>
#10 0x557b4a3b4c55 <unknown>
#11 0x557b4a3ca82a <unknown>
#12 0x557b4a39d329 <unknown>
#13 0x557b4a3f3248 <unknown>
#14 0x557b4a3f33e5 <unknown>
#15 0x557b4a407783 <unknown>
#16 0x7f692a69cb84 <unknown>
#17 0x7f692a729ecc <unknown>"
TO,MAURICIO BARROS DE AGUIAR,34558660000104,7896004730103,,,0.0,0.0,0.0,0.0,0.0,0.0,2026-10-04 15:08:20,ERRO,"Message: element not interactable
  (Session info: chrome=154.0.8037.57); For documentation on this error, please visit: https://www.selenium.dev/documentation/webdriver/troubleshooting/errors#elementnotinteractableexception
Stacktrace:
#0 0x557b4a408e3a <unknown>
#1 0x557b49d32c20 <unknown>
#2 0x557b49d85191 <unknown>
#3 0x557b49d82ae9 <unknown>
#4 0x557b49d7df87 <unknown>
#5 0x557b49dd37af <unknown>
#6 0x557b49d7c748 <unknown>
#7 0x557b49d7d511 <unknown>
#8 0x557b4a3cb3c5 <unknown>
#9 0x557b4a3c9bd5 <unknown>
#10 0x557b4a3b4c55 <unknown>
#11 0x557b4a3ca82a <unknown>
#12 0x557b4a39d329 <unknown>
#13 0x557b4a3f3248 <unknown>
#14 0x557b4a3f33e5 <unknown>
#15 0x557b4a407783 <unknown>
#16 0x7f692a69cb84 <unknown>
#17 0x7f692a729ecc <unknown>"
TO,MAURICIO BARROS DE AGUIAR,34558660000104,7896004730189,,,0.0,0.0,0.0,0.0,0.0,0.0,2026-10-04 15:08:21,ERRO,"Message: element not interactable
  (Session info: chrome=154.0.8037.57); For documentation on this error, please visit: https://www.selenium.dev/documentation/webdriver/troubleshooting/errors#elementnotinteractableexception
Stacktrace:
#0 0x557b4a408e3a <unknown>
#1 0x557b49d32c20 <unknown>
#2 0x557b49d85191 <unknown>
#3 0x557b49d82ae9 <unknown>
#4 0x557b49d7df87 <unknown>
#5 0x557b49dd37af <unknown>
#6 0x557b49d7c748 <unknown>
#7 0x557b49d7d511 <unknown>
#8 0x557b4a3cb3c5 <unknown>
#9 0x557b4a3c9bd5 <unknown>
#10 0x557b4a3b4c55 <unknown>
#11 0x557b4a3ca82a <unknown>
#12 0x557b4a39d329 <unknown>
#13 0x557b4a3f3248 <unknown>
#14 0x557b4a3f33e5 <unknown>
#15 0x557b4a407783 <unknown>
#16 0x7f692a69cb84 <unknown>
#17 0x7f692a729ecc <unknown>"
TO,MAURICIO BARROS DE AGUIAR,34558660000104,7896004730196,,,0.0,0.0,0.0,0.0,0.0,0.0,2026-10-04 15:08:22,ERRO,"Message: element not interactable
  (Session info: chrome=154.0.8037.57); For documentation on this error, please visit: https://www.selenium.dev/documentation/webdriver/troubleshooting/errors#elementnotinteractableexception
Stacktrace:
#0 0x557b4a408e3a <unknown>
#1 0x557b49d32c20 <unknown>
#2 0x557b49d85191 <unknown>
#3 0x557b49d82ae9 <unknown>
#4 0x557b49d7df87 <unknown>
#5 0x557b49dd37af <unknown>
#6 0x557b49d7c748 <unknown>
#7 0x557b49d7d511 <unknown>
#8 0x557b4a3cb3c5 <unknown>
#9 0x557b4a3c9bd5 <unknown>
#10 0x557b4a3b4c55 <unknown>
#11 0x557b4a3ca82a <unknown>
#12 0x557b4a39d329 <unknown>
#13 0x557b4a3f3248 <unknown>
#14 0x557b4a3f33e5 <unknown>
#15 0x557b4a407783 <unknown>
#16 0x7f692a69cb84 <unknown>
#17 0x7f692a729ecc <unknown>"
TO,MAURICIO BARROS DE AGUIAR,34558660000104,7896004730370,,,0.0,0.0,0.0,0.0,0.0,0.0,2026-10-04 15:08:23,ERRO,"Message: element not interactable
  (Session info: chrome=154.0.8037.57); For documentation on this error, please visit: https://www.selenium.dev/documentation/webdriver/troubleshooting/errors#elementnotinteractableexception
Stacktrace:
#0 0x557b4a408e3a <unknown>
#1 0x557b49d32c20 <unknown>
#2 0x557b49d85191 <unknown>
#3 0x557b49d82ae9 <unknown>
#4 0x557b49d7df87 <unknown>
#5 0x557b49dd37af <unknown>
#6 0x557b49d7c748 <unknown>
#7 0x557b49d7d511 <unknown>
#8 0x557b4a3cb3c5 <unknown>
#9 0x557b4a3c9bd5 <unknown>
#10 0x557b4a3b4c55 <unknown>
#11 0x557b4a3ca82a <unknown>
#12 0x557b4a39d329 <unknown>
#13 0x557b4a3f3248 <unknown>
#14 0x557b4a3f33e5 <unknown>
#15 0x557b4a407783 <unknown>
#16 0x7f692a69cb84 <unknown>
#17 0x7f692a729ecc <unknown>"
TO,MAURICIO BARROS DE AGUIAR,34558660000104,7896004730387,,,0.0,0.0,0.0,0.0,0.0,0.0,2026-10-04 15:08:24,ERRO,"Message: element not interactable
  (Session info: chrome=154.0.8037.57); For documentation on this error, please visit: https://www.selenium.dev/documentation/webdriver/troubleshooting/errors#elementnotinteractableexception
Stacktrace:
#0 0x557b4a408e3a <unknown>
#1 0x557b49d32c20 <unknown>
#2 0x557b49d85191 <unknown>
#3 0x557b49d82ae9 <unknown>
#4 0x557b49d7df87 <unknown>
#5 0x557b49dd37af <unknown>
#6 0x557b49d7c748 <unknown>
#7 0x557b49d7d511 <unknown>
#8 0x557b4a3cb3c5 <unknown>
#9 0x557b4a3c9bd5 <unknown>
#10 0x557b4a3b4c55 <unknown>
#11 0x557b4a3ca82a <unknown>
#12 0x557b4a39d329 <unknown>
#13 0x557b4a3f3248 <unknown>
#14 0x557b4a3f33e5 <unknown>
#15 0x557b4a407783 <unknown>
#16 0x7f692a69cb84 <unknown>
#17 0x7f692a729ecc <unknown>"
TO,MAURICIO BARROS DE AGUIAR,34558660000104,7896004730981,,,0.0,0.0,0.0,0.0,0.0,0.0,2026-10-04 15:08:25,ERRO,"Message: element not interactable
  (Session info: chrome=154.0.8037.57); For documentation on this error, please visit: https://www.selenium.dev/documentation/webdriver/troubleshooting/errors#elementnotinteractableexception
Stacktrace:
#0 0x557b4a408e3a <unknown>
#1 0x557b49d32c20 <unknown>
#2 0x557b49d85191 <unknown>
#3 0x557b49d82ae9 <unknown>
#4 0x557b49d7df87 <unknown>
#5 0x557b49dd37af <unknown>
#6 0x557b49d7c748 <unknown>
#7 0x557b49d7d511 <unknown>
#8 0x557b4a3cb3c5 <unknown>
#9 0x557b4a3c9bd5 <unknown>
#10 0x557b4a3b4c55 <unknown>
#11 0x557b4a3ca82a <unknown>
#12 0x557b4a39d329 <unknown>
#13 0x557b4a3f3248 <unknown>
#14 0x557b4a3f33e5 <unknown>
#15 0x557b4a407783 <unknown>
#16 0x7f692a69cb84 <unknown>
#17 0x7f692a729ecc <unknown>"
TO,MAURICIO BARROS DE AGUIAR,34558660000104,7896004731261,,,0.0,0.0,0.0,0.0,0.0,0.0,2026-10-04 15:08:26,ERRO,"Message: element not interactable
  (Session info: chrome=154.0.8037.57); For documentation on this error, please visit: https://www.selenium.dev/documentation/webdriver/troubleshooting/errors#elementnotinteractableexception
Stacktrace:
#0 0x557b4a408e3a <unknown>
#1 0x557b49d32c20 <unknown>
#2 0x557b49d85191 <unknown>
#3 0x557b49d82ae9 <unknown>
#4 0x557b49d7df87 <unknown>
#5 0x557b49dd37af <unknown>
#6 0x557b49d7c748 <unknown>
#7 0x557b49d7d511 <unknown>
#8 0x557b4a3cb3c5 <unknown>
#9 0x557b4a3c9bd5 <unknown>
#10 0x557b4a3b4c55 <unknown>
#11 0x557b4a3ca82a <unknown>
#12 0x557b4a39d329 <unknown>
#13 0x557b4a3f3248 <unknown>
#14 0x557b4a3f33e5 <unknown>
#15 0x557b4a407783 <unknown>
#16 0x7f692a69cb84 <unknown>
#17 0x7f692a729ecc <unknown>"
TO,MAURICIO BARROS DE AGUIAR,34558660000104,7896004731285,,,0.0,0.0,0.0,0.0,0.0,0.0,2026-10-04 15:08:27,ERRO,"Message: element not interactable
  (Session info: chrome=154.0.8037.57); For documentation on this error, please visit: https://www.selenium.dev/documentation/webdriver/troubleshooting/errors#elementnotinteractableexception
Stacktrace:
#0 0x557b4a408e3a <unknown>
#1 0x557b49d32c20 <unknown>
#2 0x557b49d85191 <unknown>
#3 0x557b49d82ae9 <unknown>
#4 0x557b49d7df87 <unknown>
#5 0x557b49dd37af <unknown>
#6 0x557b49d7c748 <unknown>
#7 0x557b49d7d511 <unknown>
#8 0x557b4a3cb3c5 <unknown>
#9 0x557b4a3c9bd5 <unknown>
#10 0x557b4a3b4c55 <unknown>
#11 0x557b4a3ca82a <unknown>
#12 0x557b4a39d329 <unknown>
#13 0x557b4a3f3248 <unknown>
#14 0x557b4a3f33e5 <unknown>
#15 0x557b4a407783 <unknown>
#16 0x7f692a69cb84 <unknown>
#17 0x7f692a729ecc <unknown>"
TO,MAURICIO BARROS DE AGUIAR,34558660000104,7896004731308,,,0.0,0.0,0.0,0.0,0.0,0.0,2026-10-04 15:08:28,ERRO,"Message: element not interactable
  (Session info: chrome=154.0.8037.57); For documentation on this error, please visit: https://www.selenium.dev/documentation/webdriver/troubleshooting/errors#elementnotinteractableexception
Stacktrace:
#0 0x557b4a408e3a <unknown>
#1 0x557b49d32c20 <unknown>
#2 0x557b49d85191 <unknown>
#3 0x557b49d82ae9 <unknown>
#4 0x557b49d7df87 <unknown>
#5 0x557b49dd37af <unknown>
#6 0x557b49d7c748 <unknown>
#7 0x557b49d7d511 <unknown>
#8 0x557b4a3cb3c5 <unknown>
#9 0x557b4a3c9bd5 <unknown>
#10 0x557b4a3b4c55 <unknown>
#11 0x557b4a3ca82a <unknown>
#12 0x557b4a39d329 <unknown>
#13 0x557b4a3f3248 <unknown>
#14 0x557b4a3f33e5 <unknown>
#15 0x557b4a407783 <unknown>
#16 0x7f692a69cb84 <unknown>
#17 0x7f692a729ecc <unknown>"
TO,MAURICIO BARROS DE AGUIAR,34558660000104,7896004731322,,,0.0,0.0,0.0,0.0,0.0,0.0,2026-10-04 15:08:29,ERRO,"Message: element not interactable
  (Session info: chrome=154.0.8037.57); For documentation on this error, please visit: https://www.selenium.dev/documentation/webdriver/troubleshooting/errors#elementnotinteractableexception
Stacktrace:
#0 0x557b4a408e3a <unknown>
#1 0x557b49d32c20 <unknown>
#2 0x557b49d85191 <unknown>
#3 0x557b49d82ae9 <unknown>
#4 0x557b49d7df87 <unknown>
#5 0x557b49dd37af <unknown>
#6 0x557b49d7c748 <unknown>
#7 0x557b49d7d511 <unknown>
#8 0x557b4a3cb3c5 <unknown>
#9 0x557b4a3c9bd5 <unknown>
#10 0x557b4a3b4c55 <unknown>
#11 0x557b4a3ca82a <unknown>
#12 0x557b4a39d329 <unknown>
#13 0x557b4a3f3248 <unknown>
#14 0x557b4a3f33e5 <unknown>
#15 0x557b4a407783 <unknown>
#16 0x7f692a69cb84 <unknown>
#17 0x7f692a729ecc <unknown>"
TO,MAURICIO BARROS DE AGUIAR,34558660000104,7896004731568,,,0.0,0.0,0.0,0.0,0.0,0.0,2026-10-04 15:08:30,ERRO,"Message: element not interactable
  (Session info: chrome=154.0.8037.57); For documentation on this error, please visit: https://www.selenium.dev/documentation/webdriver/troubleshooting/errors#elementnotinteractableexception
Stacktrace:
#0 0x557b4a408e3a <unknown>
#1 0x557b49d32c20 <unknown>
#2 0x557b49d85191 <unknown>
#3 0x557b49d82ae9 <unknown>
#4 0x557b49d7df87 <unknown>
#5 0x557b49dd37af <unknown>
#6 0x557b49d7c748 <unknown>
#7 0x557b49d7d511 <unknown>
#8 0x557b4a3cb3c5 <unknown>
#9 0x557b4a3c9bd5 <unknown>
#10 0x557b4a3b4c55 <unknown>
#11 0x557b4a3ca82a <unknown>
#12 0x557b4a39d329 <unknown>
#13 0x557b4a3f3248 <unknown>
#14 0x557b4a3f33e5 <unknown>
#15 0x557b4a407783 <unknown>
#16 0x7f692a69cb84 <unknown>
#17 0x7f692a729ecc <unknown>"
TO,MAURICIO BARROS DE AGUIAR,34558660000104,7896004731575,,,0.0,0.0,0.0,0.0,0.0,0.0,2026-10-04 15:08:32,ERRO,"Message: element not interactable
  (Session info: chrome=154.0.8037.57); For documentation on this error, please visit: https://www.selenium.dev/documentation/webdriver/troubleshooting/errors#elementnotinteractableexception
Stacktrace:
#0 0x557b4a408e3a <unknown>
#1 0x557b49d32c20 <unknown>
#2 0x557b49d85191 <unknown>
#3 0x557b49d82ae9 <unknown>
#4 0x557b49d7df87 <unknown>
#5 0x557b49dd37af <unknown>
#6 0x557b49d7c748 <unknown>
#7 0x557b49d7d511 <unknown>
#8 0x557b4a3cb3c5 <unknown>
#9 0x557b4a3c9bd5 <unknown>
#10 0x557b4a3b4c55 <unknown>
#11 0x557b4a3ca82a <unknown>
#12 0x557b4a39d329 <unknown>
#13 0x557b4a3f3248 <unknown>
#14 0x557b4a3f33e5 <unknown>
#15 0x557b4a407783 <unknown>
#16 0x7f692a69cb84 <unknown>
#17 0x7f692a729ecc <unknown>"
TO,MAURICIO BARROS DE AGUIAR,34558660000104,7896004731582,,,0.0,0.0,0.0,0.0,0.0,0.0,2026-10-04 15:08:33,ERRO,"Message: element not interactable
  (Session info: chrome=154.0.8037.57); For documentation on this error, please visit: https://www.selenium.dev/documentation/webdriver/troubleshooting/errors#elementnotinteractableexception
Stacktrace:
#0 0x557b4a408e3a <unknown>
#1 0x557b49d32c20 <unknown>
#2 0x557b49d85191 <unknown>
#3 0x557b49d82ae9 <unknown>
#4 0x557b49d7df87 <unknown>
#5 0x557b49dd37af <unknown>
#6 0x557b49d7c748 <unknown>
#7 0x557b49d7d511 <unknown>
#8 0x557b4a3cb3c5 <unknown>
#9 0x557b4a3c9bd5 <unknown>
#10 0x557b4a3b4c55 <unknown>
#11 0x557b4a3ca82a <unknown>
#12 0x557b4a39d329 <unknown>
#13 0x557b4a3f3248 <unknown>
#14 0x557b4a3f33e5 <unknown>
#15 0x557b4a407783 <unknown>
#16 0x7f692a69cb84 <unknown>
#17 0x7f692a729ecc <unknown>"
TO,MAURICIO BARROS DE AGUIAR,34558660000104,7896004731698,,,0.0,0.0,0.0,0.0,0.0,0.0,2026-10-04 15:08:34,ERRO,"Message: element not interactable
  (Session info: chrome=154.0.8037.57); For documentation on this error, please visit: https://www.selenium.dev/documentation/webdriver/troubleshooting/errors#elementnotinteractableexception
Stacktrace:
#0 0x557b4a408e3a <unknown>
#1 0x557b49d32c20 <unknown>
#2 0x557b49d85191 <unknown>
#3 0x557b49d82ae9 <unknown>
#4 0x557b49d7df87 <unknown>
#5 0x557b49dd37af <unknown>
#6 0x557b49d7c748 <unknown>
#7 0x557b49d7d511 <unknown>
#8 0x557b4a3cb3c5 <unknown>
#9 0x557b4a3c9bd5 <unknown>
#10 0x557b4a3b4c55 <unknown>
#11 0x557b4a3ca82a <unknown>
#12 0x557b4a39d329 <unknown>
#13 0x557b4a3f3248 <unknown>
#14 0x557b4a3f33e5 <unknown>
#15 0x557b4a407783 <unknown>
#16 0x7f692a69cb84 <unknown>
#17 0x7f692a729ecc <unknown>"
TO,MAURICIO BARROS DE AGUIAR,34558660000104,7896004731704,,,0.0,0.0,0.0,0.0,0.0,0.0,2026-10-04 15:08:35,ERRO,"Message: element not interactable
  (Session info: chrome=154.0.8037.57); For documentation on this error, please visit: https://www.selenium.dev/documentation/webdriver/troubleshooting/errors#elementnotinteractableexception
Stacktrace:
#0 0x557b4a408e3a <unknown>
#1 0x557b49d32c20 <unknown>
#2 0x557b49d85191 <unknown>
#3 0x557b49d82ae9 <unknown>
#4 0x557b49d7df87 <unknown>
#5 0x557b49dd37af <unknown>
#6 0x557b49d7c748 <unknown>
#7 0x557b49d7d511 <unknown>
#8 0x557b4a3cb3c5 <unknown>
#9 0x557b4a3c9bd5 <unknown>
#10 0x557b4a3b4c55 <unknown>
#11 0x557b4a3ca82a <unknown>
#12 0x557b4a39d329 <unknown>
#13 0x557b4a3f3248 <unknown>
#14 0x557b4a3f33e5 <unknown>
#15 0x557b4a407783 <unknown>
#16 0x7f692a69cb84 <unknown>
#17 0x7f692a729ecc <unknown>"
TO,MAURICIO BARROS DE AGUIAR,34558660000104,7896004732626,,,0.0,0.0,0.0,0.0,0.0,0.0,2026-10-04 15:08:36,ERRO,"Message: element not interactable
  (Session info: chrome=154.0.8037.57); For documentation on this error, please visit: https://www.selenium.dev/documentation/webdriver/troubleshooting/errors#elementnotinteractableexception
Stacktrace:
#0 0x557b4a408e3a <unknown>
#1 0x557b49d32c20 <unknown>
#2 0x557b49d85191 <unknown>
#3 0x557b49d82ae9 <unknown>
#4 0x557b49d7df87 <unknown>
#5 0x557b49dd37af <unknown>
#6 0x557b49d7c748 <unknown>
#7 0x557b49d7d511 <unknown>
#8 0x557b4a3cb3c5 <unknown>
#9 0x557b4a3c9bd5 <unknown>
#10 0x557b4a3b4c55 <unknown>
#11 0x557b4a3ca82a <unknown>
#12 0x557b4a39d329 <unknown>
#13 0x557b4a3f3248 <unknown>
#14 0x557b4a3f33e5 <unknown>
#15 0x557b4a407783 <unknown>
#16 0x7f692a69cb84 <unknown>
#17 0x7f692a729ecc <unknown>"
TO,MAURICIO BARROS DE AGUIAR,34558660000104,7896004732633,,,0.0,0.0,0.0,0.0,0.0,0.0,2026-10-04 15:08:37,ERRO,"Message: element not interactable
  (Session info: chrome=154.0.8037.57); For documentation on this error, please visit: https://www.selenium.dev/documentation/webdriver/troubleshooting/errors#elementnotinteractableexception
Stacktrace:
#0 0x557b4a408e3a <unknown>
#1 0x557b49d32c20 <unknown>
#2 0x557b49d85191 <unknown>
#3 0x557b49d82ae9 <unknown>
#4 0x557b49d7df87 <unknown>
#5 0x557b49dd37af <unknown>
#6 0x557b49d7c748 <unknown>
#7 0x557b49d7d511 <unknown>
#8 0x557b4a3cb3c5 <unknown>
#9 0x557b4a3c9bd5 <unknown>
#10 0x557b4a3b4c55 <unknown>
#11 0x557b4a3ca82a <unknown>
#12 0x557b4a39d329 <unknown>
#13 0x557b4a3f3248 <unknown>
#14 0x557b4a3f33e5 <unknown>
#15 0x557b4a407783 <unknown>
#16 0x7f692a69cb84 <unknown>
#17 0x7f692a729ecc <unknown>"
TO,MAURICIO BARROS DE AGUIAR,34558660000104,7896004733234,,,0.0,0.0,0.0,0.0,0.0,0.0,2026-10-04 15:08:38,ERRO,"Message: element not interactable
  (Session info: chrome=154.0.8037.57); For documentation on this error, please visit: https://www.selenium.dev/documentation/webdriver/troubleshooting/errors#elementnotinteractableexception
Stacktrace:
#0 0x557b4a408e3a <unknown>
#1 0x557b49d32c20 <unknown>
#2 0x557b49d85191 <unknown>
#3 0x557b49d82ae9 <unknown>
#4 0x557b49d7df87 <unknown>
#5 0x557b49dd37af <unknown>
#6 0x557b49d7c748 <unknown>
#7 0x557b49d7d511 <unknown>
#8 0x557b4a3cb3c5 <unknown>
#9 0x557b4a3c9bd5 <unknown>
#10 0x557b4a3b4c55 <unknown>
#11 0x557b4a3ca82a <unknown>
#12 0x557b4a39d329 <unknown>
#13 0x557b4a3f3248 <unknown>
#14 0x557b4a3f33e5 <unknown>
#15 0x557b4a407783 <unknown>
#16 0x7f692a69cb84 <unknown>
#17 0x7f692a729ecc <unknown>"
TO,MAURICIO BARROS DE AGUIAR,34558660000104,7896004734354,,,0.0,0.0,0.0,0.0,0.0,0.0,2026-10-04 15:08:39,ERRO,"Message: element not interactable
  (Session info: chrome=154.0.8037.57); For documentation on this error, please visit: https://www.selenium.dev/documentation/webdriver/troubleshooting/errors#elementnotinteractableexception
Stacktrace:
#0 0x557b4a408e3a <unknown>
#1 0x557b49d32c20 <unknown>
#2 0x557b49d85191 <unknown>
#3 0x557b49d82ae9 <unknown>
#4 0x557b49d7df87 <unknown>
#5 0x557b49dd37af <unknown>
#6 0x557b49d7c748 <unknown>
#7 0x557b49d7d511 <unknown>
#8 0x557b4a3cb3c5 <unknown>
#9 0x557b4a3c9bd5 <unknown>
#10 0x557b4a3b4c55 <unknown>
#11 0x557b4a3ca82a <unknown>
#12 0x557b4a39d329 <unknown>
#13 0x557b4a3f3248 <unknown>
#14 0x557b4a3f33e5 <unknown>
#15 0x557b4a407783 <unknown>
#16 0x7f692a69cb84 <unknown>
#17 0x7f692a729ecc <unknown>"
TO,MAURICIO BARROS DE AGUIAR,34558660000104,7896004734361,,,0.0,0.0,0.0,0.0,0.0,0.0,2026-10-04 15:08:40,ERRO,"Message: element not interactable
  (Session info: chrome=154.0.8037.57); For documentation on this error, please visit: https://www.selenium.dev/documentation/webdriver/troubleshooting/errors#elementnotinteractableexception
Stacktrace:
#0 0x557b4a408e3a <unknown>
#1 0x557b49d32c20 <unknown>
#2 0x557b49d85191 <unknown>
#3 0x557b49d82ae9 <unknown>
#4 0x557b49d7df87 <unknown>
#5 0x557b49dd37af <unknown>
#6 0x557b49d7c748 <unknown>
#7 0x557b49d7d511 <unknown>
#8 0x557b4a3cb3c5 <unknown>
#9 0x557b4a3c9bd5 <unknown>
#10 0x557b4a3b4c55 <unknown>
#11 0x557b4a3ca82a <unknown>
#12 0x557b4a39d329 <unknown>
#13 0x557b4a3f3248 <unknown>
#14 0x557b4a3f33e5 <unknown>
#15 0x557b4a407783 <unknown>
#16 0x7f692a69cb84 <unknown>
#17 0x7f692a729ecc <unknown>"
TO,MAURICIO BARROS DE AGUIAR,34558660000104,7896004734392,,,0.0,0.0,0.0,0.0,0.0,0.0,2026-10-04 15:08:41,ERRO,"Message: element not interactable
  (Session info: chrome=154.0.8037.57); For documentation on this error, please visit: https://www.selenium.dev/documentation/webdriver/troubleshooting/errors#elementnotinteractableexception
Stacktrace:
#0 0x557b4a408e3a <unknown>
#1 0x557b49d32c20 <unknown>
#2 0x557b49d85191 <unknown>
#3 0x557b49d82ae9 <unknown>
#4 0x557b49d7df87 <unknown>
#5 0x557b49dd37af <unknown>
#6 0x557b49d7c748 <unknown>
#7 0x557b49d7d511 <unknown>
#8 0x557b4a3cb3c5 <unknown>
#9 0x557b4a3c9bd5 <unknown>
#10 0x557b4a3b4c55 <unknown>
#11 0x557b4a3ca82a <unknown>
#12 0x557b4a39d329 <unknown>
#13 0x557b4a3f3248 <unknown>
#14 0x557b4a3f33e5 <unknown>
#15 0x557b4a407783 <unknown>
#16 0x7f692a69cb84 <unknown>
#17 0x7f692a729ecc <unknown>"
TO,MAURICIO BARROS DE AGUIAR,34558660000104,7896004737058,,,0.0,0.0,0.0,0.0,0.0,0.0,2026-10-04 15:08:43,ERRO,"Message: element not interactable
  (Session info: chrome=154.0.8037.57); For documentation on this error, please visit: https://www.selenium.dev/documentation/webdriver/troubleshooting/errors#elementnotinteractableexception
Stacktrace:
#0 0x557b4a408e3a <unknown>
#1 0x557b49d32c20 <unknown>
#2 0x557b49d85191 <unknown>
#3 0x557b49d82ae9 <unknown>
#4 0x557b49d7df87 <unknown>
#5 0x557b49dd37af <unknown>
#6 0x557b49d7c748 <unknown>
#7 0x557b49d7d511 <unknown>
#8 0x557b4a3cb3c5 <unknown>
#9 0x557b4a3c9bd5 <unknown>
#10 0x557b4a3b4c55 <unknown>
#11 0x557b4a3ca82a <unknown>
#12 0x557b4a39d329 <unknown>
#13 0x557b4a3f3248 <unknown>
#14 0x557b4a3f33e5 <unknown>
#15 0x557b4a407783 <unknown>
#16 0x7f692a69cb84 <unknown>
#17 0x7f692a729ecc <unknown>"
TO,MAURICIO BARROS DE AGUIAR,34558660000104,7896004737119,,,0.0,0.0,0.0,0.0,0.0,0.0,2026-10-04 15:08:44,ERRO,"Message: element not interactable
  (Session info: chrome=154.0.8037.57); For documentation on this error, please visit: https://www.selenium.dev/documentation/webdriver/troubleshooting/errors#elementnotinteractableexception
Stacktrace:
#0 0x557b4a408e3a <unknown>
#1 0x557b49d32c20 <unknown>
#2 0x557b49d85191 <unknown>
#3 0x557b49d82ae9 <unknown>
#4 0x557b49d7df87 <unknown>
#5 0x557b49dd37af <unknown>
#6 0x557b49d7c748 <unknown>
#7 0x557b49d7d511 <unknown>
#8 0x557b4a3cb3c5 <unknown>
#9 0x557b4a3c9bd5 <unknown>
#10 0x557b4a3b4c55 <unknown>
#11 0x557b4a3ca82a <unknown>
#12 0x557b4a39d329 <unknown>
#13 0x557b4a3f3248 <unknown>
#14 0x557b4a3f33e5 <unknown>
#15 0x557b4a407783 <unknown>
#16 0x7f692a69cb84 <unknown>
#17 0x7f692a729ecc <unknown>"
TO,MAURICIO BARROS DE AGUIAR,34558660000104,7896004737218,,,0.0,0.0,0.0,0.0,0.0,0.0,2026-10-04 15:08:45,ERRO,"Message: element not interactable
  (Session info: chrome=154.0.8037.57); For documentation on this error, please visit: https://www.selenium.dev/documentation/webdriver/troubleshooting/errors#elementnotinteractableexception
Stacktrace:
#0 0x557b4a408e3a <unknown>
#1 0x557b49d32c20 <unknown>
#2 0x557b49d85191 <unknown>
#3 0x557b49d82ae9 <unknown>
#4 0x557b49d7df87 <unknown>
#5 0x557b49dd37af <unknown>
#6 0x557b49d7c748 <unknown>
#7 0x557b49d7d511 <unknown>
#8 0x557b4a3cb3c5 <unknown>
#9 0x557b4a3c9bd5 <unknown>
#10 0x557b4a3b4c55 <unknown>
#11 0x557b4a3ca82a <unknown>
#12 0x557b4a39d329 <unknown>
#13 0x557b4a3f3248 <unknown>
#14 0x557b4a3f33e5 <unknown>
#15 0x557b4a407783 <unknown>
#16 0x7f692a69cb84 <unknown>
#17 0x7f692a729ecc <unknown>"
TO,MAURICIO BARROS DE AGUIAR,34558660000104,7896004737225,,,0.0,0.0,0.0,0.0,0.0,0.0,2026-10-04 15:08:46,ERRO,"Message: element not interactable
  (Session info: chrome=154.0.8037.57); For documentation on this error, please visit: https://www.selenium.dev/documentation/webdriver/troubleshooting/errors#elementnotinteractableexception
Stacktrace:
#0 0x557b4a408e3a <unknown>
#1 0x557b49d32c20 <unknown>
#2 0x557b49d85191 <unknown>
#3 0x557b49d82ae9 <unknown>
#4 0x557b49d7df87 <unknown>
#5 0x557b49dd37af <unknown>
#6 0x557b49d7c748 <unknown>
#7 0x557b49d7d511 <unknown>
#8 0x557b4a3cb3c5 <unknown>
#9 0x557b4a3c9bd5 <unknown>
#10 0x557b4a3b4c55 <unknown>
#11 0x557b4a3ca82a <unknown>
#12 0x557b4a39d329 <unknown>
#13 0x557b4a3f3248 <unknown>
#14 0x557b4a3f33e5 <unknown>
#15 0x557b4a407783 <unknown>
#16 0x7f692a69cb84 <unknown>
#17 0x7f692a729ecc <unknown>"
TO,MAURICIO BARROS DE AGUIAR,34558660000104,7896004738406,,,0.0,0.0,0.0,0.0,0.0,0.0,2026-10-04 15:08:47,ERRO,"Message: element not interactable
  (Session info: chrome=154.0.8037.57); For documentation on this error, please visit: https://www.selenium.dev/documentation/webdriver/troubleshooting/errors#elementnotinteractableexception
Stacktrace:
#0 0x557b4a408e3a <unknown>
#1 0x557b49d32c20 <unknown>
#2 0x557b49d85191 <unknown>
#3 0x557b49d82ae9 <unknown>
#4 0x557b49d7df87 <unknown>
#5 0x557b49dd37af <unknown>
#6 0x557b49d7c748 <unknown>
#7 0x557b49d7d511 <unknown>
#8 0x557b4a3cb3c5 <unknown>
#9 0x557b4a3c9bd5 <unknown>
#10 0x557b4a3b4c55 <unknown>
#11 0x557b4a3ca82a <unknown>
#12 0x557b4a39d329 <unknown>
#13 0x557b4a3f3248 <unknown>
#14 0x557b4a3f33e5 <unknown>
#15 0x557b4a407783 <unknown>
#16 0x7f692a69cb84 <unknown>
#17 0x7f692a729ecc <unknown>"
TO,MAURICIO BARROS DE AGUIAR,34558660000104,7896004739588,,,0.0,0.0,0.0,0.0,0.0,0.0,2026-10-04 15:08:48,ERRO,"Message: element not interactable
  (Session info: chrome=154.0.8037.57); For documentation on this error, please visit: https://www.selenium.dev/documentation/webdriver/troubleshooting/errors#elementnotinteractableexception
Stacktrace:
#0 0x557b4a408e3a <unknown>
#1 0x557b49d32c20 <unknown>
#2 0x557b49d85191 <unknown>
#3 0x557b49d82ae9 <unknown>
#4 0x557b49d7df87 <unknown>
#5 0x557b49dd37af <unknown>
#6 0x557b49d7c748 <unknown>
#7 0x557b49d7d511 <unknown>
#8 0x557b4a3cb3c5 <unknown>
#9 0x557b4a3c9bd5 <unknown>
#10 0x557b4a3b4c55 <unknown>
#11 0x557b4a3ca82a <unknown>
#12 0x557b4a39d329 <unknown>
#13 0x557b4a3f3248 <unknown>
#14 0x557b4a3f33e5 <unknown>
#15 0x557b4a407783 <unknown>
#16 0x7f692a69cb84 <unknown>
#17 0x7f692a729ecc <unknown>"
TO,MAURICIO BARROS DE AGUIAR,34558660000104,7896004739595,,,0.0,0.0,0.0,0.0,0.0,0.0,2026-10-04 15:08:49,ERRO,"Message: element not interactable
  (Session info: chrome=154.0.8037.57); For documentation on this error, please visit: https://www.selenium.dev/documentation/webdriver/troubleshooting/errors#elementnotinteractableexception
Stacktrace:
#0 0x557b4a408e3a <unknown>
#1 0x557b49d32c20 <unknown>
#2 0x557b49d85191 <unknown>
#3 0x557b49d82ae9 <unknown>
#4 0x557b49d7df87 <unknown>
#5 0x557b49dd37af <unknown>
#6 0x557b49d7c748 <unknown>
#7 0x557b49d7d511 <unknown>
#8 0x557b4a3cb3c5 <unknown>
#9 0x557b4a3c9bd5 <unknown>
#10 0x557b4a3b4c55 <unknown>
#11 0x557b4a3ca82a <unknown>
#12 0x557b4a39d329 <unknown>
#13 0x557b4a3f3248 <unknown>
#14 0x557b4a3f33e5 <unknown>
#15 0x557b4a407783 <unknown>
#16 0x7f692a69cb84 <unknown>
#17 0x7f692a729ecc <unknown>"
TO,MAURICIO BARROS DE AGUIAR,34558660000104,7896004742007,,,0.0,0.0,0.0,0.0,0.0,0.0,2026-10-04 15:08:50,ERRO,"Message: element not interactable
  (Session info: chrome=154.0.8037.57); For documentation on this error, please visit: https://www.selenium.dev/documentation/webdriver/troubleshooting/errors#elementnotinteractableexception
Stacktrace:
#0 0x557b4a408e3a <unknown>
#1 0x557b49d32c20 <unknown>
#2 0x557b49d85191 <unknown>
#3 0x557b49d82ae9 <unknown>
#4 0x557b49d7df87 <unknown>
#5 0x557b49dd37af <unknown>
#6 0x557b49d7c748 <unknown>
#7 0x557b49d7d511 <unknown>
#8 0x557b4a3cb3c5 <unknown>
#9 0x557b4a3c9bd5 <unknown>
#10 0x557b4a3b4c55 <unknown>
#11 0x557b4a3ca82a <unknown>
#12 0x557b4a39d329 <unknown>
#13 0x557b4a3f3248 <unknown>
#14 0x557b4a3f33e5 <unknown>
#15 0x557b4a407783 <unknown>
#16 0x7f692a69cb84 <unknown>
#17 0x7f692a729ecc <unknown>"
TO,MAURICIO BARROS DE AGUIAR,34558660000104,7896004742069,,,0.0,0.0,0.0,0.0,0.0,0.0,2026-10-04 15:08:51,ERRO,"Message: element not interactable
  (Session info: chrome=154.0.8037.57); For documentation on this error, please visit: https://www.selenium.dev/documentation/webdriver/troubleshooting/errors#elementnotinteractableexception
Stacktrace:
#0 0x557b4a408e3a <unknown>
#1 0x557b49d32c20 <unknown>
#2 0x557b49d85191 <unknown>
#3 0x557b49d82ae9 <unknown>
#4 0x557b49d7df87 <unknown>
#5 0x557b49dd37af <unknown>
#6 0x557b49d7c748 <unknown>
#7 0x557b49d7d511 <unknown>
#8 0x557b4a3cb3c5 <unknown>
#9 0x557b4a3c9bd5 <unknown>
#10 0x557b4a3b4c55 <unknown>
#11 0x557b4a3ca82a <unknown>
#12 0x557b4a39d329 <unknown>
#13 0x557b4a3f3248 <unknown>
#14 0x557b4a3f33e5 <unknown>
#15 0x557b4a407783 <unknown>
#16 0x7f692a69cb84 <unknown>
#17 0x7f692a729ecc <unknown>"
TO,MAURICIO BARROS DE AGUIAR,34558660000104,7896004742076,,,0.0,0.0,0.0,0.0,0.0,0.0,2026-10-04 15:08:52,ERRO,"Message: element not interactable
  (Session info: chrome=154.0.8037.57); For documentation on this error, please visit: https://www.selenium.dev/documentation/webdriver/troubleshooting/errors#elementnotinteractableexception
Stacktrace:
#0 0x557b4a408e3a <unknown>
#1 0x557b49d32c20 <unknown>
#2 0x557b49d85191 <unknown>
#3 0x557b49d82ae9 <unknown>
#4 0x557b49d7df87 <unknown>
#5 0x557b49dd37af <unknown>
#6 0x557b49d7c748 <unknown>
#7 0x557b49d7d511 <unknown>
#8 0x557b4a3cb3c5 <unknown>
#9 0x557b4a3c9bd5 <unknown>
#10 0x557b4a3b4c55 <unknown>
#11 0x557b4a3ca82a <unknown>
#12 0x557b4a39d329 <unknown>
#13 0x557b4a3f3248 <unknown>
#14 0x557b4a3f33e5 <unknown>
#15 0x557b4a407783 <unknown>
#16 0x7f692a69cb84 <unknown>
#17 0x7f692a729ecc <unknown>"
TO,MAURICIO BARROS DE AGUIAR,34558660000104,7896004742199,,,0.0,0.0,0.0,0.0,0.0,0.0,2026-10-04 15:08:54,ERRO,"Message: element not interactable
  (Session info: chrome=154.0.8037.57); For documentation on this error, please visit: https://www.selenium.dev/documentation/webdriver/troubleshooting/errors#elementnotinteractableexception
Stacktrace:
#0 0x557b4a408e3a <unknown>
#1 0x557b49d32c20 <unknown>
#2 0x557b49d85191 <unknown>
#3 0x557b49d82ae9 <unknown>
#4 0x557b49d7df87 <unknown>
#5 0x557b49dd37af <unknown>
#6 0x557b49d7c748 <unknown>
#7 0x557b49d7d511 <unknown>
#8 0x557b4a3cb3c5 <unknown>
#9 0x557b4a3c9bd5 <unknown>
#10 0x557b4a3b4c55 <unknown>
#11 0x557b4a3ca82a <unknown>
#12 0x557b4a39d329 <unknown>
#13 0x557b4a3f3248 <unknown>
#14 0x557b4a3f33e5 <unknown>
#15 0x557b4a407783 <unknown>
#16 0x7f692a69cb84 <unknown>
#17 0x7f692a729ecc <unknown>"
TO,MAURICIO BARROS DE AGUIAR,34558660000104,7896004743042,,,0.0,0.0,0.0,0.0,0.0,0.0,2026-10-04 15:08:55,ERRO,"Message: element not interactable
  (Session info: chrome=154.0.8037.57); For documentation on this error, please visit: https://www.selenium.dev/documentation/webdriver/troubleshooting/errors#elementnotinteractableexception
Stacktrace:
#0 0x557b4a408e3a <unknown>
#1 0x557b49d32c20 <unknown>
#2 0x557b49d85191 <unknown>
#3 0x557b49d82ae9 <unknown>
#4 0x557b49d7df87 <unknown>
#5 0x557b49dd37af <unknown>
#6 0x557b49d7c748 <unknown>
#7 0x557b49d7d511 <unknown>
#8 0x557b4a3cb3c5 <unknown>
#9 0x557b4a3c9bd5 <unknown>
#10 0x557b4a3b4c55 <unknown>
#11 0x557b4a3ca82a <unknown>
#12 0x557b4a39d329 <unknown>
#13 0x557b4a3f3248 <unknown>
#14 0x557b4a3f33e5 <unknown>
#15 0x557b4a407783 <unknown>
#16 0x7f692a69cb84 <unknown>
#17 0x7f692a729ecc <unknown>"
TO,MAURICIO BARROS DE AGUIAR,34558660000104,7896004743745,,,0.0,0.0,0.0,0.0,0.0,0.0,2026-10-04 15:08:56,ERRO,"Message: element not interactable
  (Session info: chrome=154.0.8037.57); For documentation on this error, please visit: https://www.selenium.dev/documentation/webdriver/troubleshooting/errors#elementnotinteractableexception
Stacktrace:
#0 0x557b4a408e3a <unknown>
#1 0x557b49d32c20 <unknown>
#2 0x557b49d85191 <unknown>
#3 0x557b49d82ae9 <unknown>
#4 0x557b49d7df87 <unknown>
#5 0x557b49dd37af <unknown>
#6 0x557b49d7c748 <unknown>
#7 0x557b49d7d511 <unknown>
#8 0x557b4a3cb3c5 <unknown>
#9 0x557b4a3c9bd5 <unknown>
#10 0x557b4a3b4c55 <unknown>
#11 0x557b4a3ca82a <unknown>
#12 0x557b4a39d329 <unknown>
#13 0x557b4a3f3248 <unknown>
#14 0x557b4a3f33e5 <unknown>
#15 0x557b4a407783 <unknown>
#16 0x7f692a69cb84 <unknown>
#17 0x7f692a729ecc <unknown>"
TO,MAURICIO BARROS DE AGUIAR,34558660000104,7896004743936,,,0.0,0.0,0.0,0.0,0.0,0.0,2026-10-04 15:08:57,ERRO,"Message: element not interactable
  (Session info: chrome=154.0.8037.57); For documentation on this error, please visit: https://www.selenium.dev/documentation/webdriver/troubleshooting/errors#elementnotinteractableexception
Stacktrace:
#0 0x557b4a408e3a <unknown>
#1 0x557b49d32c20 <unknown>
#2 0x557b49d85191 <unknown>
#3 0x557b49d82ae9 <unknown>
#4 0x557b49d7df87 <unknown>
#5 0x557b49dd37af <unknown>
#6 0x557b49d7c748 <unknown>
#7 0x557b49d7d511 <unknown>
#8 0x557b4a3cb3c5 <unknown>
#9 0x557b4a3c9bd5 <unknown>
#10 0x557b4a3b4c55 <unknown>
#11 0x557b4a3ca82a <unknown>
#12 0x557b4a39d329 <unknown>
#13 0x557b4a3f3248 <unknown>
#14 0x557b4a3f33e5 <unknown>
#15 0x557b4a407783 <unknown>
#16 0x7f692a69cb84 <unknown>
#17 0x7f692a729ecc <unknown>"
TO,MAURICIO BARROS DE AGUIAR,34558660000104,7896004743943,,,0.0,0.0,0.0,0.0,0.0,0.0,2026-10-04 15:08:58,ERRO,"Message: element not interactable
  (Session info: chrome=154.0.8037.57); For documentation on this error, please visit: https://www.selenium.dev/documentation/webdriver/troubleshooting/errors#elementnotinteractableexception
Stacktrace:
#0 0x557b4a408e3a <unknown>
#1 0x557b49d32c20 <unknown>
#2 0x557b49d85191 <unknown>
#3 0x557b49d82ae9 <unknown>
#4 0x557b49d7df87 <unknown>
#5 0x557b49dd37af <unknown>
#6 0x557b49d7c748 <unknown>
#7 0x557b49d7d511 <unknown>
#8 0x557b4a3cb3c5 <unknown>
#9 0x557b4a3c9bd5 <unknown>
#10 0x557b4a3b4c55 <unknown>
#11 0x557b4a3ca82a <unknown>
#12 0x557b4a39d329 <unknown>
#13 0x557b4a3f3248 <unknown>
#14 0x557b4a3f33e5 <unknown>
#15 0x557b4a407783 <unknown>
#16 0x7f692a69cb84 <unknown>
#17 0x7f692a729ecc <unknown>"
TO,MAURICIO BARROS DE AGUIAR,34558660000104,7896004744360,,,0.0,0.0,0.0,0.0,0.0,0.0,2026-10-04 15:08:59,ERRO,"Message: element not interactable
  (Session info: chrome=154.0.8037.57); For documentation on this error, please visit: https://www.selenium.dev/documentation/webdriver/troubleshooting/errors#elementnotinteractableexception
Stacktrace:
#0 0x557b4a408e3a <unknown>
#1 0x557b49d32c20 <unknown>
#2 0x557b49d85191 <unknown>
#3 0x557b49d82ae9 <unknown>
#4 0x557b49d7df87 <unknown>
#5 0x557b49dd37af <unknown>
#6 0x557b49d7c748 <unknown>
#7 0x557b49d7d511 <unknown>
#8 0x557b4a3cb3c5 <unknown>
#9 0x557b4a3c9bd5 <unknown>
#10 0x557b4a3b4c55 <unknown>
#11 0x557b4a3ca82a <unknown>
#12 0x557b4a39d329 <unknown>
#13 0x557b4a3f3248 <unknown>
#14 0x557b4a3f33e5 <unknown>
#15 0x557b4a407783 <unknown>
#16 0x7f692a69cb84 <unknown>
#17 0x7f692a729ecc <unknown>"
TO,MAURICIO BARROS DE AGUIAR,34558660000104,7896004744957,,,0.0,0.0,0.0,0.0,0.0,0.0,2026-10-04 15:09:00,ERRO,"Message: element not interactable
  (Session info: chrome=154.0.8037.57); For documentation on this error, please visit: https://www.selenium.dev/documentation/webdriver/troubleshooting/errors#elementnotinteractableexception
Stacktrace:
#0 0x557b4a408e3a <unknown>
#1 0x557b49d32c20 <unknown>
#2 0x557b49d85191 <unknown>
#3 0x557b49d82ae9 <unknown>
#4 0x557b49d7df87 <unknown>
#5 0x557b49dd37af <unknown>
#6 0x557b49d7c748 <unknown>
#7 0x557b49d7d511 <unknown>
#8 0x557b4a3cb3c5 <unknown>
#9 0x557b4a3c9bd5 <unknown>
#10 0x557b4a3b4c55 <unknown>
#11 0x557b4a3ca82a <unknown>
#12 0x557b4a39d329 <unknown>
#13 0x557b4a3f3248 <unknown>
#14 0x557b4a3f33e5 <unknown>
#15 0x557b4a407783 <unknown>
#16 0x7f692a69cb84 <unknown>
#17 0x7f692a729ecc <unknown>"
TO,MAURICIO BARROS DE AGUIAR,34558660000104,7896004746388,,,0.0,0.0,0.0,0.0,0.0,0.0,2026-10-04 15:09:01,ERRO,"Message: element not interactable
  (Session info: chrome=154.0.8037.57); For documentation on this error, please visit: https://www.selenium.dev/documentation/webdriver/troubleshooting/errors#elementnotinteractableexception
Stacktrace:
#0 0x557b4a408e3a <unknown>
#1 0x557b49d32c20 <unknown>
#2 0x557b49d85191 <unknown>
#3 0x557b49d82ae9 <unknown>
#4 0x557b49d7df87 <unknown>
#5 0x557b49dd37af <unknown>
#6 0x557b49d7c748 <unknown>
#7 0x557b49d7d511 <unknown>
#8 0x557b4a3cb3c5 <unknown>
#9 0x557b4a3c9bd5 <unknown>
#10 0x557b4a3b4c55 <unknown>
#11 0x557b4a3ca82a <unknown>
#12 0x557b4a39d329 <unknown>
#13 0x557b4a3f3248 <unknown>
#14 0x557b4a3f33e5 <unknown>
#15 0x557b4a407783 <unknown>
#16 0x7f692a69cb84 <unknown>
#17 0x7f692a729ecc <unknown>"
TO,MAURICIO BARROS DE AGUIAR,34558660000104,7896004746920,,,0.0,0.0,0.0,0.0,0.0,0.0,2026-10-04 15:09:02,ERRO,"Message: element not interactable
  (Session info: chrome=154.0.8037.57); For documentation on this error, please visit: https://www.selenium.dev/documentation/webdriver/troubleshooting/errors#elementnotinteractableexception
Stacktrace:
#0 0x557b4a408e3a <unknown>
#1 0x557b49d32c20 <unknown>
#2 0x557b49d85191 <unknown>
#3 0x557b49d82ae9 <unknown>
#4 0x557b49d7df87 <unknown>
#5 0x557b49dd37af <unknown>
#6 0x557b49d7c748 <unknown>
#7 0x557b49d7d511 <unknown>
#8 0x557b4a3cb3c5 <unknown>
#9 0x557b4a3c9bd5 <unknown>
#10 0x557b4a3b4c55 <unknown>
#11 0x557b4a3ca82a <unknown>
#12 0x557b4a39d329 <unknown>
#13 0x557b4a3f3248 <unknown>
#14 0x557b4a3f33e5 <unknown>
#15 0x557b4a407783 <unknown>
#16 0x7f692a69cb84 <unknown>
#17 0x7f692a729ecc <unknown>"
TO,MAURICIO BARROS DE AGUIAR,34558660000104,7896004746937,,,0.0,0.0,0.0,0.0,0.0,0.0,2026-10-04 15:09:03,ERRO,"Message: element not interactable
  (Session info: chrome=154.0.8037.57); For documentation on this error, please visit: https://www.selenium.dev/documentation/webdriver/troubleshooting/errors#elementnotinteractableexception
Stacktrace:
#0 0x557b4a408e3a <unknown>
#1 0x557b49d32c20 <unknown>
#2 0x557b49d85191 <unknown>
#3 0x557b49d82ae9 <unknown>
#4 0x557b49d7df87 <unknown>
#5 0x557b49dd37af <unknown>
#6 0x557b49d7c748 <unknown>
#7 0x557b49d7d511 <unknown>
#8 0x557b4a3cb3c5 <unknown>
#9 0x557b4a3c9bd5 <unknown>
#10 0x557b4a3b4c55 <unknown>
#11 0x557b4a3ca82a <unknown>
#12 0x557b4a39d329 <unknown>
#13 0x557b4a3f3248 <unknown>
#14 0x557b4a3f33e5 <unknown>
#15 0x557b4a407783 <unknown>
#16 0x7f692a69cb84 <unknown>
#17 0x7f692a729ecc <unknown>"
TO,MAURICIO BARROS DE AGUIAR,34558660000104,7896004747002,,,0.0,0.0,0.0,0.0,0.0,0.0,2026-10-04 15:09:05,ERRO,"Message: element not interactable
  (Session info: chrome=154.0.8037.57); For documentation on this error, please visit: https://www.selenium.dev/documentation/webdriver/troubleshooting/errors#elementnotinteractableexception
Stacktrace:
#0 0x557b4a408e3a <unknown>
#1 0x557b49d32c20 <unknown>
#2 0x557b49d85191 <unknown>
#3 0x557b49d82ae9 <unknown>
#4 0x557b49d7df87 <unknown>
#5 0x557b49dd37af <unknown>
#6 0x557b49d7c748 <unknown>
#7 0x557b49d7d511 <unknown>
#8 0x557b4a3cb3c5 <unknown>
#9 0x557b4a3c9bd5 <unknown>
#10 0x557b4a3b4c55 <unknown>
#11 0x557b4a3ca82a <unknown>
#12 0x557b4a39d329 <unknown>
#13 0x557b4a3f3248 <unknown>
#14 0x557b4a3f33e5 <unknown>
#15 0x557b4a407783 <unknown>
#16 0x7f692a69cb84 <unknown>
#17 0x7f692a729ecc <unknown>"
TO,MAURICIO BARROS DE AGUIAR,34558660000104,7896004747040,,,0.0,0.0,0.0,0.0,0.0,0.0,2026-10-04 15:09:06,ERRO,"Message: element not interactable
  (Session info: chrome=154.0.8037.57); For documentation on this error, please visit: https://www.selenium.dev/documentation/webdriver/troubleshooting/errors#elementnotinteractableexception
Stacktrace:
#0 0x557b4a408e3a <unknown>
#1 0x557b49d32c20 <unknown>
#2 0x557b49d85191 <unknown>
#3 0x557b49d82ae9 <unknown>
#4 0x557b49d7df87 <unknown>
#5 0x557b49dd37af <unknown>
#6 0x557b49d7c748 <unknown>
#7 0x557b49d7d511 <unknown>
#8 0x557b4a3cb3c5 <unknown>
#9 0x557b4a3c9bd5 <unknown>
#10 0x557b4a3b4c55 <unknown>
#11 0x557b4a3ca82a <unknown>
#12 0x557b4a39d329 <unknown>
#13 0x557b4a3f3248 <unknown>
#14 0x557b4a3f33e5 <unknown>
#15 0x557b4a407783 <unknown>
#16 0x7f692a69cb84 <unknown>
#17 0x7f692a729ecc <unknown>"
TO,MAURICIO BARROS DE AGUIAR,34558660000104,7896004747057,,,0.0,0.0,0.0,0.0,0.0,0.0,2026-10-04 15:09:07,ERRO,"Message: element not interactable
  (Session info: chrome=154.0.8037.57); For documentation on this error, please visit: https://www.selenium.dev/documentation/webdriver/troubleshooting/errors#elementnotinteractableexception
Stacktrace:
#0 0x557b4a408e3a <unknown>
#1 0x557b49d32c20 <unknown>
#2 0x557b49d85191 <unknown>
#3 0x557b49d82ae9 <unknown>
#4 0x557b49d7df87 <unknown>
#5 0x557b49dd37af <unknown>
#6 0x557b49d7c748 <unknown>
#7 0x557b49d7d511 <unknown>
#8 0x557b4a3cb3c5 <unknown>
#9 0x557b4a3c9bd5 <unknown>
#10 0x557b4a3b4c55 <unknown>
#11 0x557b4a3ca82a <unknown>
#12 0x557b4a39d329 <unknown>
#13 0x557b4a3f3248 <unknown>
#14 0x557b4a3f33e5 <unknown>
#15 0x557b4a407783 <unknown>
#16 0x7f692a69cb84 <unknown>
#17 0x7f692a729ecc <unknown>"
TO,MAURICIO BARROS DE AGUIAR,34558660000104,7896004747064,,,0.0,0.0,0.0,0.0,0.0,0.0,2026-10-04 15:09:08,ERRO,"Message: element not interactable
  (Session info: chrome=154.0.8037.57); For documentation on this error, please visit: https://www.selenium.dev/documentation/webdriver/troubleshooting/errors#elementnotinteractableexception
Stacktrace:
#0 0x557b4a408e3a <unknown>
#1 0x557b49d32c20 <unknown>
#2 0x557b49d85191 <unknown>
#3 0x557b49d82ae9 <unknown>
#4 0x557b49d7df87 <unknown>
#5 0x557b49dd37af <unknown>
#6 0x557b49d7c748 <unknown>
#7 0x557b49d7d511 <unknown>
#8 0x557b4a3cb3c5 <unknown>
#9 0x557b4a3c9bd5 <unknown>
#10 0x557b4a3b4c55 <unknown>
#11 0x557b4a3ca82a <unknown>
#12 0x557b4a39d329 <unknown>
#13 0x557b4a3f3248 <unknown>
#14 0x557b4a3f33e5 <unknown>
#15 0x557b4a407783 <unknown>
#16 0x7f692a69cb84 <unknown>
#17 0x7f692a729ecc <unknown>"
TO,MAURICIO BARROS DE AGUIAR,34558660000104,7896004747620,,,0.0,0.0,0.0,0.0,0.0,0.0,2026-10-04 15:09:09,ERRO,"Message: element not interactable
  (Session info: chrome=154.0.8037.57); For documentation on this error, please visit: https://www.selenium.dev/documentation/webdriver/troubleshooting/errors#elementnotinteractableexception
Stacktrace:
#0 0x557b4a408e3a <unknown>
#1 0x557b49d32c20 <unknown>
#2 0x557b49d85191 <unknown>
#3 0x557b49d82ae9 <unknown>
#4 0x557b49d7df87 <unknown>
#5 0x557b49dd37af <unknown>
#6 0x557b49d7c748 <unknown>
#7 0x557b49d7d511 <unknown>
#8 0x557b4a3cb3c5 <unknown>
#9 0x557b4a3c9bd5 <unknown>
#10 0x557b4a3b4c55 <unknown>
#11 0x557b4a3ca82a <unknown>
#12 0x557b4a39d329 <unknown>
#13 0x557b4a3f3248 <unknown>
#14 0x557b4a3f33e5 <unknown>
#15 0x557b4a407783 <unknown>
#16 0x7f692a69cb84 <unknown>
#17 0x7f692a729ecc <unknown>"
TO,MAURICIO BARROS DE AGUIAR,34558660000104,7896004747637,,,0.0,0.0,0.0,0.0,0.0,0.0,2026-10-04 15:09:10,ERRO,"Message: element not interactable
  (Session info: chrome=154.0.8037.57); For documentation on this error, please visit: https://www.selenium.dev/documentation/webdriver/troubleshooting/errors#elementnotinteractableexception
Stacktrace:
#0 0x557b4a408e3a <unknown>
#1 0x557b49d32c20 <unknown>
#2 0x557b49d85191 <unknown>
#3 0x557b49d82ae9 <unknown>
#4 0x557b49d7df87 <unknown>
#5 0x557b49dd37af <unknown>
#6 0x557b49d7c748 <unknown>
#7 0x557b49d7d511 <unknown>
#8 0x557b4a3cb3c5 <unknown>
#9 0x557b4a3c9bd5 <unknown>
#10 0x557b4a3b4c55 <unknown>
#11 0x557b4a3ca82a <unknown>
#12 0x557b4a39d329 <unknown>
#13 0x557b4a3f3248 <unknown>
#14 0x557b4a3f33e5 <unknown>
#15 0x557b4a407783 <unknown>
#16 0x7f692a69cb84 <unknown>
#17 0x7f692a729ecc <unknown>"
TO,MAURICIO BARROS DE AGUIAR,34558660000104,7896004747774,,,0.0,0.0,0.0,0.0,0.0,0.0,2026-10-04 15:09:11,ERRO,"Message: element not interactable
  (Session info: chrome=154.0.8037.57); For documentation on this error, please visit: https://www.selenium.dev/documentation/webdriver/troubleshooting/errors#elementnotinteractableexception
Stacktrace:
#0 0x557b4a408e3a <unknown>
#1 0x557b49d32c20 <unknown>
#2 0x557b49d85191 <unknown>
#3 0x557b49d82ae9 <unknown>
#4 0x557b49d7df87 <unknown>
#5 0x557b49dd37af <unknown>
#6 0x557b49d7c748 <unknown>
#7 0x557b49d7d511 <unknown>
#8 0x557b4a3cb3c5 <unknown>
#9 0x557b4a3c9bd5 <unknown>
#10 0x557b4a3b4c55 <unknown>
#11 0x557b4a3ca82a <unknown>
#12 0x557b4a39d329 <unknown>
#13 0x557b4a3f3248 <unknown>
#14 0x557b4a3f33e5 <unknown>
#15 0x557b4a407783 <unknown>
#16 0x7f692a69cb84 <unknown>
#17 0x7f692a729ecc <unknown>"
TO,MAURICIO BARROS DE AGUIAR,34558660000104,7896004747880,,,0.0,0.0,0.0,0.0,0.0,0.0,2026-10-04 15:09:12,ERRO,"Message: element not interactable
  (Session info: chrome=154.0.8037.57); For documentation on this error, please visit: https://www.selenium.dev/documentation/webdriver/troubleshooting/errors#elementnotinteractableexception
Stacktrace:
#0 0x557b4a408e3a <unknown>
#1 0x557b49d32c20 <unknown>
#2 0x557b49d85191 <unknown>
#3 0x557b49d82ae9 <unknown>
#4 0x557b49d7df87 <unknown>
#5 0x557b49dd37af <unknown>
#6 0x557b49d7c748 <unknown>
#7 0x557b49d7d511 <unknown>
#8 0x557b4a3cb3c5 <unknown>
#9 0x557b4a3c9bd5 <unknown>
#10 0x557b4a3b4c55 <unknown>
#11 0x557b4a3ca82a <unknown>
#12 0x557b4a39d329 <unknown>
#13 0x557b4a3f3248 <unknown>
#14 0x557b4a3f33e5 <unknown>
#15 0x557b4a407783 <unknown>
#16 0x7f692a69cb84 <unknown>
#17 0x7f692a729ecc <unknown>"
TO,MAURICIO BARROS DE AGUIAR,34558660000104,7896004747897,,,0.0,0.0,0.0,0.0,0.0,0.0,2026-10-04 15:09:13,ERRO,"Message: element not interactable
  (Session info: chrome=154.0.8037.57); For documentation on this error, please visit: https://www.selenium.dev/documentation/webdriver/troubleshooting/errors#elementnotinteractableexception
Stacktrace:
#0 0x557b4a408e3a <unknown>
#1 0x557b49d32c20 <unknown>
#2 0x557b49d85191 <unknown>
#3 0x557b49d82ae9 <unknown>
#4 0x557b49d7df87 <unknown>
#5 0x557b49dd37af <unknown>
#6 0x557b49d7c748 <unknown>
#7 0x557b49d7d511 <unknown>
#8 0x557b4a3cb3c5 <unknown>
#9 0x557b4a3c9bd5 <unknown>
#10 0x557b4a3b4c55 <unknown>
#11 0x557b4a3ca82a <unknown>
#12 0x557b4a39d329 <unknown>
#13 0x557b4a3f3248 <unknown>
#14 0x557b4a3f33e5 <unknown>
#15 0x557b4a407783 <unknown>
#16 0x7f692a69cb84 <unknown>
#17 0x7f692a729ecc <unknown>"
TO,MAURICIO BARROS DE AGUIAR,34558660000104,7896004748214,,,0.0,0.0,0.0,0.0,0.0,0.0,2026-10-04 15:09:14,ERRO,"Message: element not interactable
  (Session info: chrome=154.0.8037.57); For documentation on this error, please visit: https://www.selenium.dev/documentation/webdriver/troubleshooting/errors#elementnotinteractableexception
Stacktrace:
#0 0x557b4a408e3a <unknown>
#1 0x557b49d32c20 <unknown>
#2 0x557b49d85191 <unknown>
#3 0x557b49d82ae9 <unknown>
#4 0x557b49d7df87 <unknown>
#5 0x557b49dd37af <unknown>
#6 0x557b49d7c748 <unknown>
#7 0x557b49d7d511 <unknown>
#8 0x557b4a3cb3c5 <unknown>
#9 0x557b4a3c9bd5 <unknown>
#10 0x557b4a3b4c55 <unknown>
#11 0x557b4a3ca82a <unknown>
#12 0x557b4a39d329 <unknown>
#13 0x557b4a3f3248 <unknown>
#14 0x557b4a3f33e5 <unknown>
#15 0x557b4a407783 <unknown>
#16 0x7f692a69cb84 <unknown>
#17 0x7f692a729ecc <unknown>"
TO,MAURICIO BARROS DE AGUIAR,34558660000104,7896004749303,,,0.0,0.0,0.0,0.0,0.0,0.0,2026-10-04 15:09:15,ERRO,"Message: element not interactable
  (Session info: chrome=154.0.8037.57); For documentation on this error, please visit: https://www.selenium.dev/documentation/webdriver/troubleshooting/errors#elementnotinteractableexception
Stacktrace:
#0 0x557b4a408e3a <unknown>
#1 0x557b49d32c20 <unknown>
#2 0x557b49d85191 <unknown>
#3 0x557b49d82ae9 <unknown>
#4 0x557b49d7df87 <unknown>
#5 0x557b49dd37af <unknown>
#6 0x557b49d7c748 <unknown>
#7 0x557b49d7d511 <unknown>
#8 0x557b4a3cb3c5 <unknown>
#9 0x557b4a3c9bd5 <unknown>
#10 0x557b4a3b4c55 <unknown>
#11 0x557b4a3ca82a <unknown>
#12 0x557b4a39d329 <unknown>
#13 0x557b4a3f3248 <unknown>
#14 0x557b4a3f33e5 <unknown>
#15 0x557b4a407783 <unknown>
#16 0x7f692a69cb84 <unknown>
#17 0x7f692a729ecc <unknown>"
TO,MAURICIO BARROS DE AGUIAR,34558660000104,7896004749358,,,0.0,0.0,0.0,0.0,0.0,0.0,2026-10-04 15:09:17,ERRO,"Message: element not interactable
  (Session info: chrome=154.0.8037.57); For documentation on this error, please visit: https://www.selenium.dev/documentation/webdriver/troubleshooting/errors#elementnotinteractableexception
Stacktrace:
#0 0x557b4a408e3a <unknown>
#1 0x557b49d32c20 <unknown>
#2 0x557b49d85191 <unknown>
#3 0x557b49d82ae9 <unknown>
#4 0x557b49d7df87 <unknown>
#5 0x557b49dd37af <unknown>
#6 0x557b49d7c748 <unknown>
#7 0x557b49d7d511 <unknown>
#8 0x557b4a3cb3c5 <unknown>
#9 0x557b4a3c9bd5 <unknown>
#10 0x557b4a3b4c55 <unknown>
#11 0x557b4a3ca82a <unknown>
#12 0x557b4a39d329 <unknown>
#13 0x557b4a3f3248 <unknown>
#14 0x557b4a3f33e5 <unknown>
#15 0x557b4a407783 <unknown>
#16 0x7f692a69cb84 <unknown>
#17 0x7f692a729ecc <unknown>"
TO,MAURICIO BARROS DE AGUIAR,34558660000104,7896004749624,,,0.0,0.0,0.0,0.0,0.0,0.0,2026-10-04 15:09:18,ERRO,"Message: element not interactable
  (Session info: chrome=154.0.8037.57); For documentation on this error, please visit: https://www.selenium.dev/documentation/webdriver/troubleshooting/errors#elementnotinteractableexception
Stacktrace:
#0 0x557b4a408e3a <unknown>
#1 0x557b49d32c20 <unknown>
#2 0x557b49d85191 <unknown>
#3 0x557b49d82ae9 <unknown>
#4 0x557b49d7df87 <unknown>
#5 0x557b49dd37af <unknown>
#6 0x557b49d7c748 <unknown>
#7 0x557b49d7d511 <unknown>
#8 0x557b4a3cb3c5 <unknown>
#9 0x557b4a3c9bd5 <unknown>
#10 0x557b4a3b4c55 <unknown>
#11 0x557b4a3ca82a <unknown>
#12 0x557b4a39d329 <unknown>
#13 0x557b4a3f3248 <unknown>
#14 0x557b4a3f33e5 <unknown>
#15 0x557b4a407783 <unknown>
#16 0x7f692a69cb84 <unknown>
#17 0x7f692a729ecc <unknown>"
TO,MAURICIO BARROS DE AGUIAR,34558660000104,7896004749631,,,0.0,0.0,0.0,0.0,0.0,0.0,2026-10-04 15:09:19,ERRO,"Message: element not interactable
  (Session info: chrome=154.0.8037.57); For documentation on this error, please visit: https://www.selenium.dev/documentation/webdriver/troubleshooting/errors#elementnotinteractableexception
Stacktrace:
#0 0x557b4a408e3a <unknown>
#1 0x557b49d32c20 <unknown>
#2 0x557b49d85191 <unknown>
#3 0x557b49d82ae9 <unknown>
#4 0x557b49d7df87 <unknown>
#5 0x557b49dd37af <unknown>
#6 0x557b49d7c748 <unknown>
#7 0x557b49d7d511 <unknown>
#8 0x557b4a3cb3c5 <unknown>
#9 0x557b4a3c9bd5 <unknown>
#10 0x557b4a3b4c55 <unknown>
#11 0x557b4a3ca82a <unknown>
#12 0x557b4a39d329 <unknown>
#13 0x557b4a3f3248 <unknown>
#14 0x557b4a3f33e5 <unknown>
#15 0x557b4a407783 <unknown>
#16 0x7f692a69cb84 <unknown>
#17 0x7f692a729ecc <unknown>"
TO,MAURICIO BARROS DE AGUIAR,34558660000104,7896004749648,,,0.0,0.0,0.0,0.0,0.0,0.0,2026-10-04 15:09:20,ERRO,"Message: element not interactable
  (Session info: chrome=154.0.8037.57); For documentation on this error, please visit: https://www.selenium.dev/documentation/webdriver/troubleshooting/errors#elementnotinteractableexception
Stacktrace:
#0 0x557b4a408e3a <unknown>
#1 0x557b49d32c20 <unknown>
#2 0x557b49d85191 <unknown>
#3 0x557b49d82ae9 <unknown>
#4 0x557b49d7df87 <unknown>
#5 0x557b49dd37af <unknown>
#6 0x557b49d7c748 <unknown>
#7 0x557b49d7d511 <unknown>
#8 0x557b4a3cb3c5 <unknown>
#9 0x557b4a3c9bd5 <unknown>
#10 0x557b4a3b4c55 <unknown>
#11 0x557b4a3ca82a <unknown>
#12 0x557b4a39d329 <unknown>
#13 0x557b4a3f3248 <unknown>
#14 0x557b4a3f33e5 <unknown>
#15 0x557b4a407783 <unknown>
#16 0x7f692a69cb84 <unknown>
#17 0x7f692a729ecc <unknown>"
TO,MAURICIO BARROS DE AGUIAR,34558660000104,7896004749655,,,0.0,0.0,0.0,0.0,0.0,0.0,2026-10-04 15:09:21,ERRO,"Message: element not interactable
  (Session info: chrome=154.0.8037.57); For documentation on this error, please visit: https://www.selenium.dev/documentation/webdriver/troubleshooting/errors#elementnotinteractableexception
Stacktrace:
#0 0x557b4a408e3a <unknown>
#1 0x557b49d32c20 <unknown>
#2 0x557b49d85191 <unknown>
#3 0x557b49d82ae9 <unknown>
#4 0x557b49d7df87 <unknown>
#5 0x557b49dd37af <unknown>
#6 0x557b49d7c748 <unknown>
#7 0x557b49d7d511 <unknown>
#8 0x557b4a3cb3c5 <unknown>
#9 0x557b4a3c9bd5 <unknown>
#10 0x557b4a3b4c55 <unknown>
#11 0x557b4a3ca82a <unknown>
#12 0x557b4a39d329 <unknown>
#13 0x557b4a3f3248 <unknown>
#14 0x557b4a3f33e5 <unknown>
#15 0x557b4a407783 <unknown>
#16 0x7f692a69cb84 <unknown>
#17 0x7f692a729ecc <unknown>"
TO,MAURICIO BARROS DE AGUIAR,34558660000104,7896004750330,,,0.0,0.0,0.0,0.0,0.0,0.0,2026-10-04 15:09:22,ERRO,"Message: element not interactable
  (Session info: chrome=154.0.8037.57); For documentation on this error, please visit: https://www.selenium.dev/documentation/webdriver/troubleshooting/errors#elementnotinteractableexception
Stacktrace:
#0 0x557b4a408e3a <unknown>
#1 0x557b49d32c20 <unknown>
#2 0x557b49d85191 <unknown>
#3 0x557b49d82ae9 <unknown>
#4 0x557b49d7df87 <unknown>
#5 0x557b49dd37af <unknown>
#6 0x557b49d7c748 <unknown>
#7 0x557b49d7d511 <unknown>
#8 0x557b4a3cb3c5 <unknown>
#9 0x557b4a3c9bd5 <unknown>
#10 0x557b4a3b4c55 <unknown>
#11 0x557b4a3ca82a <unknown>
#12 0x557b4a39d329 <unknown>
#13 0x557b4a3f3248 <unknown>
#14 0x557b4a3f33e5 <unknown>
#15 0x557b4a407783 <unknown>
#16 0x7f692a69cb84 <unknown>
#17 0x7f692a729ecc <unknown>"
TO,MAURICIO BARROS DE AGUIAR,34558660000104,7896004750347,,,0.0,0.0,0.0,0.0,0.0,0.0,2026-10-04 15:09:23,ERRO,"Message: element not interactable
  (Session info: chrome=154.0.8037.57); For documentation on this error, please visit: https://www.selenium.dev/documentation/webdriver/troubleshooting/errors#elementnotinteractableexception
Stacktrace:
#0 0x557b4a408e3a <unknown>
#1 0x557b49d32c20 <unknown>
#2 0x557b49d85191 <unknown>
#3 0x557b49d82ae9 <unknown>
#4 0x557b49d7df87 <unknown>
#5 0x557b49dd37af <unknown>
#6 0x557b49d7c748 <unknown>
#7 0x557b49d7d511 <unknown>
#8 0x557b4a3cb3c5 <unknown>
#9 0x557b4a3c9bd5 <unknown>
#10 0x557b4a3b4c55 <unknown>
#11 0x557b4a3ca82a <unknown>
#12 0x557b4a39d329 <unknown>
#13 0x557b4a3f3248 <unknown>
#14 0x557b4a3f33e5 <unknown>
#15 0x557b4a407783 <unknown>
#16 0x7f692a69cb84 <unknown>
#17 0x7f692a729ecc <unknown>"
TO,MAURICIO BARROS DE AGUIAR,34558660000104,7896004750354,,,0.0,0.0,0.0,0.0,0.0,0.0,2026-10-04 15:09:24,ERRO,"Message: element not interactable
  (Session info: chrome=154.0.8037.57); For documentation on this error, please visit: https://www.selenium.dev/documentation/webdriver/troubleshooting/errors#elementnotinteractableexception
Stacktrace:
#0 0x557b4a408e3a <unknown>
#1 0x557b49d32c20 <unknown>
#2 0x557b49d85191 <unknown>
#3 0x557b49d82ae9 <unknown>
#4 0x557b49d7df87 <unknown>
#5 0x557b49dd37af <unknown>
#6 0x557b49d7c748 <unknown>
#7 0x557b49d7d511 <unknown>
#8 0x557b4a3cb3c5 <unknown>
#9 0x557b4a3c9bd5 <unknown>
#10 0x557b4a3b4c55 <unknown>
#11 0x557b4a3ca82a <unknown>
#12 0x557b4a39d329 <unknown>
#13 0x557b4a3f3248 <unknown>
#14 0x557b4a3f33e5 <unknown>
#15 0x557b4a407783 <unknown>
#16 0x7f692a69cb84 <unknown>
#17 0x7f692a729ecc <unknown>"
TO,MAURICIO BARROS DE AGUIAR,34558660000104,7896004750620,,,0.0,0.0,0.0,0.0,0.0,0.0,2026-10-04 15:09:25,ERRO,"Message: element not interactable
  (Session info: chrome=154.0.8037.57); For documentation on this error, please visit: https://www.selenium.dev/documentation/webdriver/troubleshooting/errors#elementnotinteractableexception
Stacktrace:
#0 0x557b4a408e3a <unknown>
#1 0x557b49d32c20 <unknown>
#2 0x557b49d85191 <unknown>
#3 0x557b49d82ae9 <unknown>
#4 0x557b49d7df87 <unknown>
#5 0x557b49dd37af <unknown>
#6 0x557b49d7c748 <unknown>
#7 0x557b49d7d511 <unknown>
#8 0x557b4a3cb3c5 <unknown>
#9 0x557b4a3c9bd5 <unknown>
#10 0x557b4a3b4c55 <unknown>
#11 0x557b4a3ca82a <unknown>
#12 0x557b4a39d329 <unknown>
#13 0x557b4a3f3248 <unknown>
#14 0x557b4a3f33e5 <unknown>
#15 0x557b4a407783 <unknown>
#16 0x7f692a69cb84 <unknown>
#17 0x7f692a729ecc <unknown>"
TO,MAURICIO BARROS DE AGUIAR,34558660000104,7896004750637,,,0.0,0.0,0.0,0.0,0.0,0.0,2026-10-04 15:09:26,ERRO,"Message: element not interactable
  (Session info: chrome=154.0.8037.57); For documentation on this error, please visit: https://www.selenium.dev/documentation/webdriver/troubleshooting/errors#elementnotinteractableexception
Stacktrace:
#0 0x557b4a408e3a <unknown>
#1 0x557b49d32c20 <unknown>
#2 0x557b49d85191 <unknown>
#3 0x557b49d82ae9 <unknown>
#4 0x557b49d7df87 <unknown>
#5 0x557b49dd37af <unknown>
#6 0x557b49d7c748 <unknown>
#7 0x557b49d7d511 <unknown>
#8 0x557b4a3cb3c5 <unknown>
#9 0x557b4a3c9bd5 <unknown>
#10 0x557b4a3b4c55 <unknown>
#11 0x557b4a3ca82a <unknown>
#12 0x557b4a39d329 <unknown>
#13 0x557b4a3f3248 <unknown>
#14 0x557b4a3f33e5 <unknown>
#15 0x557b4a407783 <unknown>
#16 0x7f692a69cb84 <unknown>
#17 0x7f692a729ecc <unknown>"
TO,MAURICIO BARROS DE AGUIAR,34558660000104,7896004750644,,,0.0,0.0,0.0,0.0,0.0,0.0,2026-10-04 15:09:28,ERRO,"Message: element not interactable
  (Session info: chrome=154.0.8037.57); For documentation on this error, please visit: https://www.selenium.dev/documentation/webdriver/troubleshooting/errors#elementnotinteractableexception
Stacktrace:
#0 0x557b4a408e3a <unknown>
#1 0x557b49d32c20 <unknown>
#2 0x557b49d85191 <unknown>
#3 0x557b49d82ae9 <unknown>
#4 0x557b49d7df87 <unknown>
#5 0x557b49dd37af <unknown>
#6 0x557b49d7c748 <unknown>
#7 0x557b49d7d511 <unknown>
#8 0x557b4a3cb3c5 <unknown>
#9 0x557b4a3c9bd5 <unknown>
#10 0x557b4a3b4c55 <unknown>
#11 0x557b4a3ca82a <unknown>
#12 0x557b4a39d329 <unknown>
#13 0x557b4a3f3248 <unknown>
#14 0x557b4a3f33e5 <unknown>
#15 0x557b4a407783 <unknown>
#16 0x7f692a69cb84 <unknown>
#17 0x7f692a729ecc <unknown>"
TO,MAURICIO BARROS DE AGUIAR,34558660000104,7896004751009,,,0.0,0.0,0.0,0.0,0.0,0.0,2026-10-04 15:09:29,ERRO,"Message: element not interactable
  (Session info: chrome=154.0.8037.57); For documentation on this error, please visit: https://www.selenium.dev/documentation/webdriver/troubleshooting/errors#elementnotinteractableexception
Stacktrace:
#0 0x557b4a408e3a <unknown>
#1 0x557b49d32c20 <unknown>
#2 0x557b49d85191 <unknown>
#3 0x557b49d82ae9 <unknown>
#4 0x557b49d7df87 <unknown>
#5 0x557b49dd37af <unknown>
#6 0x557b49d7c748 <unknown>
#7 0x557b49d7d511 <unknown>
#8 0x557b4a3cb3c5 <unknown>
#9 0x557b4a3c9bd5 <unknown>
#10 0x557b4a3b4c55 <unknown>
#11 0x557b4a3ca82a <unknown>
#12 0x557b4a39d329 <unknown>
#13 0x557b4a3f3248 <unknown>
#14 0x557b4a3f33e5 <unknown>
#15 0x557b4a407783 <unknown>
#16 0x7f692a69cb84 <unknown>
#17 0x7f692a729ecc <unknown>"
TO,MAURICIO BARROS DE AGUIAR,34558660000104,7896004751016,,,0.0,0.0,0.0,0.0,0.0,0.0,2026-10-04 15:09:30,ERRO,"Message: element not interactable
  (Session info: chrome=154.0.8037.57); For documentation on this error, please visit: https://www.selenium.dev/documentation/webdriver/troubleshooting/errors#elementnotinteractableexception
Stacktrace:
#0 0x557b4a408e3a <unknown>
#1 0x557b49d32c20 <unknown>
#2 0x557b49d85191 <unknown>
#3 0x557b49d82ae9 <unknown>
#4 0x557b49d7df87 <unknown>
#5 0x557b49dd37af <unknown>
#6 0x557b49d7c748 <unknown>
#7 0x557b49d7d511 <unknown>
#8 0x557b4a3cb3c5 <unknown>
#9 0x557b4a3c9bd5 <unknown>
#10 0x557b4a3b4c55 <unknown>
#11 0x557b4a3ca82a <unknown>
#12 0x557b4a39d329 <unknown>
#13 0x557b4a3f3248 <unknown>
#14 0x557b4a3f33e5 <unknown>
#15 0x557b4a407783 <unknown>
#16 0x7f692a69cb84 <unknown>
#17 0x7f692a729ecc <unknown>"
TO,MAURICIO BARROS DE AGUIAR,34558660000104,7896004751641,,,0.0,0.0,0.0,0.0,0.0,0.0,2026-10-04 15:09:31,ERRO,"Message: element not interactable
  (Session info: chrome=154.0.8037.57); For documentation on this error, please visit: https://www.selenium.dev/documentation/webdriver/troubleshooting/errors#elementnotinteractableexception
Stacktrace:
#0 0x557b4a408e3a <unknown>
#1 0x557b49d32c20 <unknown>
#2 0x557b49d85191 <unknown>
#3 0x557b49d82ae9 <unknown>
#4 0x557b49d7df87 <unknown>
#5 0x557b49dd37af <unknown>
#6 0x557b49d7c748 <unknown>
#7 0x557b49d7d511 <unknown>
#8 0x557b4a3cb3c5 <unknown>
#9 0x557b4a3c9bd5 <unknown>
#10 0x557b4a3b4c55 <unknown>
#11 0x557b4a3ca82a <unknown>
#12 0x557b4a39d329 <unknown>
#13 0x557b4a3f3248 <unknown>
#14 0x557b4a3f33e5 <unknown>
#15 0x557b4a407783 <unknown>
#16 0x7f692a69cb84 <unknown>
#17 0x7f692a729ecc <unknown>"
TO,MAURICIO BARROS DE AGUIAR,34558660000104,7896004752112,,,0.0,0.0,0.0,0.0,0.0,0.0,2026-10-04 15:09:32,ERRO,"Message: element not interactable
  (Session info: chrome=154.0.8037.57); For documentation on this error, please visit: https://www.selenium.dev/documentation/webdriver/troubleshooting/errors#elementnotinteractableexception
Stacktrace:
#0 0x557b4a408e3a <unknown>
#1 0x557b49d32c20 <unknown>
#2 0x557b49d85191 <unknown>
#3 0x557b49d82ae9 <unknown>
#4 0x557b49d7df87 <unknown>
#5 0x557b49dd37af <unknown>
#6 0x557b49d7c748 <unknown>
#7 0x557b49d7d511 <unknown>
#8 0x557b4a3cb3c5 <unknown>
#9 0x557b4a3c9bd5 <unknown>
#10 0x557b4a3b4c55 <unknown>
#11 0x557b4a3ca82a <unknown>
#12 0x557b4a39d329 <unknown>
#13 0x557b4a3f3248 <unknown>
#14 0x557b4a3f33e5 <unknown>
#15 0x557b4a407783 <unknown>
#16 0x7f692a69cb84 <unknown>
#17 0x7f692a729ecc <unknown>"
TO,MAURICIO BARROS DE AGUIAR,34558660000104,7896004752211,,,0.0,0.0,0.0,0.0,0.0,0.0,2026-10-04 15:09:33,ERRO,"Message: element not interactable
  (Session info: chrome=154.0.8037.57); For documentation on this error, please visit: https://www.selenium.dev/documentation/webdriver/troubleshooting/errors#elementnotinteractableexception
Stacktrace:
#0 0x557b4a408e3a <unknown>
#1 0x557b49d32c20 <unknown>
#2 0x557b49d85191 <unknown>
#3 0x557b49d82ae9 <unknown>
#4 0x557b49d7df87 <unknown>
#5 0x557b49dd37af <unknown>
#6 0x557b49d7c748 <unknown>
#7 0x557b49d7d511 <unknown>
#8 0x557b4a3cb3c5 <unknown>
#9 0x557b4a3c9bd5 <unknown>
#10 0x557b4a3b4c55 <unknown>
#11 0x557b4a3ca82a <unknown>
#12 0x557b4a39d329 <unknown>
#13 0x557b4a3f3248 <unknown>
#14 0x557b4a3f33e5 <unknown>
#15 0x557b4a407783 <unknown>
#16 0x7f692a69cb84 <unknown>
#17 0x7f692a729ecc <unknown>"
TO,MAURICIO BARROS DE AGUIAR,34558660000104,7896004752228,,,0.0,0.0,0.0,0.0,0.0,0.0,2026-10-04 15:09:34,ERRO,"Message: element not interactable
  (Session info: chrome=154.0.8037.57); For documentation on this error, please visit: https://www.selenium.dev/documentation/webdriver/troubleshooting/errors#elementnotinteractableexception
Stacktrace:
#0 0x557b4a408e3a <unknown>
#1 0x557b49d32c20 <unknown>
#2 0x557b49d85191 <unknown>
#3 0x557b49d82ae9 <unknown>
#4 0x557b49d7df87 <unknown>
#5 0x557b49dd37af <unknown>
#6 0x557b49d7c748 <unknown>
#7 0x557b49d7d511 <unknown>
#8 0x557b4a3cb3c5 <unknown>
#9 0x557b4a3c9bd5 <unknown>
#10 0x557b4a3b4c55 <unknown>
#11 0x557b4a3ca82a <unknown>
#12 0x557b4a39d329 <unknown>
#13 0x557b4a3f3248 <unknown>
#14 0x557b4a3f33e5 <unknown>
#15 0x557b4a407783 <unknown>
#16 0x7f692a69cb84 <unknown>
#17 0x7f692a729ecc <unknown>"
TO,MAURICIO BARROS DE AGUIAR,34558660000104,7896004752471,,,0.0,0.0,0.0,0.0,0.0,0.0,2026-10-04 15:09:35,ERRO,"Message: element not interactable
  (Session info: chrome=154.0.8037.57); For documentation on this error, please visit: https://www.selenium.dev/documentation/webdriver/troubleshooting/errors#elementnotinteractableexception
Stacktrace:
#0 0x557b4a408e3a <unknown>
#1 0x557b49d32c20 <unknown>
#2 0x557b49d85191 <unknown>
#3 0x557b49d82ae9 <unknown>
#4 0x557b49d7df87 <unknown>
#5 0x557b49dd37af <unknown>
#6 0x557b49d7c748 <unknown>
#7 0x557b49d7d511 <unknown>
#8 0x557b4a3cb3c5 <unknown>
#9 0x557b4a3c9bd5 <unknown>
#10 0x557b4a3b4c55 <unknown>
#11 0x557b4a3ca82a <unknown>
#12 0x557b4a39d329 <unknown>
#13 0x557b4a3f3248 <unknown>
#14 0x557b4a3f33e5 <unknown>
#15 0x557b4a407783 <unknown>
#16 0x7f692a69cb84 <unknown>
#17 0x7f692a729ecc <unknown>"
TO,MAURICIO BARROS DE AGUIAR,34558660000104,7896004752525,,,0.0,0.0,0.0,0.0,0.0,0.0,2026-10-04 15:09:36,ERRO,"Message: element not interactable
  (Session info: chrome=154.0.8037.57); For documentation on this error, please visit: https://www.selenium.dev/documentation/webdriver/troubleshooting/errors#elementnotinteractableexception
Stacktrace:
#0 0x557b4a408e3a <unknown>
#1 0x557b49d32c20 <unknown>
#2 0x557b49d85191 <unknown>
#3 0x557b49d82ae9 <unknown>
#4 0x557b49d7df87 <unknown>
#5 0x557b49dd37af <unknown>
#6 0x557b49d7c748 <unknown>
#7 0x557b49d7d511 <unknown>
#8 0x557b4a3cb3c5 <unknown>
#9 0x557b4a3c9bd5 <unknown>
#10 0x557b4a3b4c55 <unknown>
#11 0x557b4a3ca82a <unknown>
#12 0x557b4a39d329 <unknown>
#13 0x557b4a3f3248 <unknown>
#14 0x557b4a3f33e5 <unknown>
#15 0x557b4a407783 <unknown>
#16 0x7f692a69cb84 <unknown>
#17 0x7f692a729ecc <unknown>"
TO,MAURICIO BARROS DE AGUIAR,34558660000104,7896004752730,,,0.0,0.0,0.0,0.0,0.0,0.0,2026-10-04 15:09:37,ERRO,"Message: element not interactable
  (Session info: chrome=154.0.8037.57); For documentation on this error, please visit: https://www.selenium.dev/documentation/webdriver/troubleshooting/errors#elementnotinteractableexception
Stacktrace:
#0 0x557b4a408e3a <unknown>
#1 0x557b49d32c20 <unknown>
#2 0x557b49d85191 <unknown>
#3 0x557b49d82ae9 <unknown>
#4 0x557b49d7df87 <unknown>
#5 0x557b49dd37af <unknown>
#6 0x557b49d7c748 <unknown>
#7 0x557b49d7d511 <unknown>
#8 0x557b4a3cb3c5 <unknown>
#9 0x557b4a3c9bd5 <unknown>
#10 0x557b4a3b4c55 <unknown>
#11 0x557b4a3ca82a <unknown>
#12 0x557b4a39d329 <unknown>
#13 0x557b4a3f3248 <unknown>
#14 0x557b4a3f33e5 <unknown>
#15 0x557b4a407783 <unknown>
#16 0x7f692a69cb84 <unknown>
#17 0x7f692a729ecc <unknown>"
TO,MAURICIO BARROS DE AGUIAR,34558660000104,7896004753089,,,0.0,0.0,0.0,0.0,0.0,0.0,2026-10-04 15:09:38,ERRO,"Message: element not interactable
  (Session info: chrome=154.0.8037.57); For documentation on this error, please visit: https://www.selenium.dev/documentation/webdriver/troubleshooting/errors#elementnotinteractableexception
Stacktrace:
#0 0x557b4a408e3a <unknown>
#1 0x557b49d32c20 <unknown>
#2 0x557b49d85191 <unknown>
#3 0x557b49d82ae9 <unknown>
#4 0x557b49d7df87 <unknown>
#5 0x557b49dd37af <unknown>
#6 0x557b49d7c748 <unknown>
#7 0x557b49d7d511 <unknown>
#8 0x557b4a3cb3c5 <unknown>
#9 0x557b4a3c9bd5 <unknown>
#10 0x557b4a3b4c55 <unknown>
#11 0x557b4a3ca82a <unknown>
#12 0x557b4a39d329 <unknown>
#13 0x557b4a3f3248 <unknown>
#14 0x557b4a3f33e5 <unknown>
#15 0x557b4a407783 <unknown>
#16 0x7f692a69cb84 <unknown>
#17 0x7f692a729ecc <unknown>"
TO,MAURICIO BARROS DE AGUIAR,34558660000104,7896004754154,,,0.0,0.0,0.0,0.0,0.0,0.0,2026-10-04 15:09:40,ERRO,"Message: element not interactable
  (Session info: chrome=154.0.8037.57); For documentation on this error, please visit: https://www.selenium.dev/documentation/webdriver/troubleshooting/errors#elementnotinteractableexception
Stacktrace:
#0 0x557b4a408e3a <unknown>
#1 0x557b49d32c20 <unknown>
#2 0x557b49d85191 <unknown>
#3 0x557b49d82ae9 <unknown>
#4 0x557b49d7df87 <unknown>
#5 0x557b49dd37af <unknown>
#6 0x557b49d7c748 <unknown>
#7 0x557b49d7d511 <unknown>
#8 0x557b4a3cb3c5 <unknown>
#9 0x557b4a3c9bd5 <unknown>
#10 0x557b4a3b4c55 <unknown>
#11 0x557b4a3ca82a <unknown>
#12 0x557b4a39d329 <unknown>
#13 0x557b4a3f3248 <unknown>
#14 0x557b4a3f33e5 <unknown>
#15 0x557b4a407783 <unknown>
#16 0x7f692a69cb84 <unknown>
#17 0x7f692a729ecc <unknown>"
TO,MAURICIO BARROS DE AGUIAR,34558660000104,7896004754161,,,0.0,0.0,0.0,0.0,0.0,0.0,2026-10-04 15:09:41,ERRO,"Message: element not interactable
  (Session info: chrome=154.0.8037.57); For documentation on this error, please visit: https://www.selenium.dev/documentation/webdriver/troubleshooting/errors#elementnotinteractableexception
Stacktrace:
#0 0x557b4a408e3a <unknown>
#1 0x557b49d32c20 <unknown>
#2 0x557b49d85191 <unknown>
#3 0x557b49d82ae9 <unknown>
#4 0x557b49d7df87 <unknown>
#5 0x557b49dd37af <unknown>
#6 0x557b49d7c748 <unknown>
#7 0x557b49d7d511 <unknown>
#8 0x557b4a3cb3c5 <unknown>
#9 0x557b4a3c9bd5 <unknown>
#10 0x557b4a3b4c55 <unknown>
#11 0x557b4a3ca82a <unknown>
#12 0x557b4a39d329 <unknown>
#13 0x557b4a3f3248 <unknown>
#14 0x557b4a3f33e5 <unknown>
#15 0x557b4a407783 <unknown>
#16 0x7f692a69cb84 <unknown>
#17 0x7f692a729ecc <unknown>"
TO,MAURICIO BARROS DE AGUIAR,34558660000104,7896004754949,,,0.0,0.0,0.0,0.0,0.0,0.0,2026-10-04 15:09:42,ERRO,"Message: element not interactable
  (Session info: chrome=154.0.8037.57); For documentation on this error, please visit: https://www.selenium.dev/documentation/webdriver/troubleshooting/errors#elementnotinteractableexception
Stacktrace:
#0 0x557b4a408e3a <unknown>
#1 0x557b49d32c20 <unknown>
#2 0x557b49d85191 <unknown>
#3 0x557b49d82ae9 <unknown>
#4 0x557b49d7df87 <unknown>
#5 0x557b49dd37af <unknown>
#6 0x557b49d7c748 <unknown>
#7 0x557b49d7d511 <unknown>
#8 0x557b4a3cb3c5 <unknown>
#9 0x557b4a3c9bd5 <unknown>
#10 0x557b4a3b4c55 <unknown>
#11 0x557b4a3ca82a <unknown>
#12 0x557b4a39d329 <unknown>
#13 0x557b4a3f3248 <unknown>
#14 0x557b4a3f33e5 <unknown>
#15 0x557b4a407783 <unknown>
#16 0x7f692a69cb84 <unknown>
#17 0x7f692a729ecc <unknown>"
TO,MAURICIO BARROS DE AGUIAR,34558660000104,7896004755342,,,0.0,0.0,0.0,0.0,0.0,0.0,2026-10-04 15:09:43,ERRO,"Message: element not interactable
  (Session info: chrome=154.0.8037.57); For documentation on this error, please visit: https://www.selenium.dev/documentation/webdriver/troubleshooting/errors#elementnotinteractableexception
Stacktrace:
#0 0x557b4a408e3a <unknown>
#1 0x557b49d32c20 <unknown>
#2 0x557b49d85191 <unknown>
#3 0x557b49d82ae9 <unknown>
#4 0x557b49d7df87 <unknown>
#5 0x557b49dd37af <unknown>
#6 0x557b49d7c748 <unknown>
#7 0x557b49d7d511 <unknown>
#8 0x557b4a3cb3c5 <unknown>
#9 0x557b4a3c9bd5 <unknown>
#10 0x557b4a3b4c55 <unknown>
#11 0x557b4a3ca82a <unknown>
#12 0x557b4a39d329 <unknown>
#13 0x557b4a3f3248 <unknown>
#14 0x557b4a3f33e5 <unknown>
#15 0x557b4a407783 <unknown>
#16 0x7f692a69cb84 <unknown>
#17 0x7f692a729ecc <unknown>"
TO,MAURICIO BARROS DE AGUIAR,34558660000104,7896004755878,,,0.0,0.0,0.0,0.0,0.0,0.0,2026-10-04 15:09:44,ERRO,"Message: element not interactable
  (Session info: chrome=154.0.8037.57); For documentation on this error, please visit: https://www.selenium.dev/documentation/webdriver/troubleshooting/errors#elementnotinteractableexception
Stacktrace:
#0 0x557b4a408e3a <unknown>
#1 0x557b49d32c20 <unknown>
#2 0x557b49d85191 <unknown>
#3 0x557b49d82ae9 <unknown>
#4 0x557b49d7df87 <unknown>
#5 0x557b49dd37af <unknown>
#6 0x557b49d7c748 <unknown>
#7 0x557b49d7d511 <unknown>
#8 0x557b4a3cb3c5 <unknown>
#9 0x557b4a3c9bd5 <unknown>
#10 0x557b4a3b4c55 <unknown>
#11 0x557b4a3ca82a <unknown>
#12 0x557b4a39d329 <unknown>
#13 0x557b4a3f3248 <unknown>
#14 0x557b4a3f33e5 <unknown>
#15 0x557b4a407783 <unknown>
#16 0x7f692a69cb84 <unknown>
#17 0x7f692a729ecc <unknown>"
TO,MAURICIO BARROS DE AGUIAR,34558660000104,7896004756417,,,0.0,0.0,0.0,0.0,0.0,0.0,2026-10-04 15:09:45,ERRO,"Message: element not interactable
  (Session info: chrome=154.0.8037.57); For documentation on this error, please visit: https://www.selenium.dev/documentation/webdriver/troubleshooting/errors#elementnotinteractableexception
Stacktrace:
#0 0x557b4a408e3a <unknown>
#1 0x557b49d32c20 <unknown>
#2 0x557b49d85191 <unknown>
#3 0x557b49d82ae9 <unknown>
#4 0x557b49d7df87 <unknown>
#5 0x557b49dd37af <unknown>
#6 0x557b49d7c748 <unknown>
#7 0x557b49d7d511 <unknown>
#8 0x557b4a3cb3c5 <unknown>
#9 0x557b4a3c9bd5 <unknown>
#10 0x557b4a3b4c55 <unknown>
#11 0x557b4a3ca82a <unknown>
#12 0x557b4a39d329 <unknown>
#13 0x557b4a3f3248 <unknown>
#14 0x557b4a3f33e5 <unknown>
#15 0x557b4a407783 <unknown>
#16 0x7f692a69cb84 <unknown>
#17 0x7f692a729ecc <unknown>"
TO,MAURICIO BARROS DE AGUIAR,34558660000104,7896004756424,,,0.0,0.0,0.0,0.0,0.0,0.0,2026-10-04 15:09:46,ERRO,"Message: element not interactable
  (Session info: chrome=154.0.8037.57); For documentation on this error, please visit: https://www.selenium.dev/documentation/webdriver/troubleshooting/errors#elementnotinteractableexception
Stacktrace:
#0 0x557b4a408e3a <unknown>
#1 0x557b49d32c20 <unknown>
#2 0x557b49d85191 <unknown>
#3 0x557b49d82ae9 <unknown>
#4 0x557b49d7df87 <unknown>
#5 0x557b49dd37af <unknown>
#6 0x557b49d7c748 <unknown>
#7 0x557b49d7d511 <unknown>
#8 0x557b4a3cb3c5 <unknown>
#9 0x557b4a3c9bd5 <unknown>
#10 0x557b4a3b4c55 <unknown>
#11 0x557b4a3ca82a <unknown>
#12 0x557b4a39d329 <unknown>
#13 0x557b4a3f3248 <unknown>
#14 0x557b4a3f33e5 <unknown>
#15 0x557b4a407783 <unknown>
#16 0x7f692a69cb84 <unknown>
#17 0x7f692a729ecc <unknown>"
TO,MAURICIO BARROS DE AGUIAR,34558660000104,7896004756431,,,0.0,0.0,0.0,0.0,0.0,0.0,2026-10-04 15:09:47,ERRO,"Message: element not interactable
  (Session info: chrome=154.0.8037.57); For documentation on this error, please visit: https://www.selenium.dev/documentation/webdriver/troubleshooting/errors#elementnotinteractableexception
Stacktrace:
#0 0x557b4a408e3a <unknown>
#1 0x557b49d32c20 <unknown>
#2 0x557b49d85191 <unknown>
#3 0x557b49d82ae9 <unknown>
#4 0x557b49d7df87 <unknown>
#5 0x557b49dd37af <unknown>
#6 0x557b49d7c748 <unknown>
#7 0x557b49d7d511 <unknown>
#8 0x557b4a3cb3c5 <unknown>
#9 0x557b4a3c9bd5 <unknown>
#10 0x557b4a3b4c55 <unknown>
#11 0x557b4a3ca82a <unknown>
#12 0x557b4a39d329 <unknown>
#13 0x557b4a3f3248 <unknown>
#14 0x557b4a3f33e5 <unknown>
#15 0x557b4a407783 <unknown>
#16 0x7f692a69cb84 <unknown>
#17 0x7f692a729ecc <unknown>"
TO,MAURICIO BARROS DE AGUIAR,34558660000104,7896004756875,,,0.0,0.0,0.0,0.0,0.0,0.0,2026-10-04 15:09:48,ERRO,"Message: element not interactable
  (Session info: chrome=154.0.8037.57); For documentation on this error, please visit: https://www.selenium.dev/documentation/webdriver/troubleshooting/errors#elementnotinteractableexception
Stacktrace:
#0 0x557b4a408e3a <unknown>
#1 0x557b49d32c20 <unknown>
#2 0x557b49d85191 <unknown>
#3 0x557b49d82ae9 <unknown>
#4 0x557b49d7df87 <unknown>
#5 0x557b49dd37af <unknown>
#6 0x557b49d7c748 <unknown>
#7 0x557b49d7d511 <unknown>
#8 0x557b4a3cb3c5 <unknown>
#9 0x557b4a3c9bd5 <unknown>
#10 0x557b4a3b4c55 <unknown>
#11 0x557b4a3ca82a <unknown>
#12 0x557b4a39d329 <unknown>
#13 0x557b4a3f3248 <unknown>
#14 0x557b4a3f33e5 <unknown>
#15 0x557b4a407783 <unknown>
#16 0x7f692a69cb84 <unknown>
#17 0x7f692a729ecc <unknown>"
TO,MAURICIO BARROS DE AGUIAR,34558660000104,7896004757353,,,0.0,0.0,0.0,0.0,0.0,0.0,2026-10-04 15:09:49,ERRO,"Message: element not interactable
  (Session info: chrome=154.0.8037.57); For documentation on this error, please visit: https://www.selenium.dev/documentation/webdriver/troubleshooting/errors#elementnotinteractableexception
Stacktrace:
#0 0x557b4a408e3a <unknown>
#1 0x557b49d32c20 <unknown>
#2 0x557b49d85191 <unknown>
#3 0x557b49d82ae9 <unknown>
#4 0x557b49d7df87 <unknown>
#5 0x557b49dd37af <unknown>
#6 0x557b49d7c748 <unknown>
#7 0x557b49d7d511 <unknown>
#8 0x557b4a3cb3c5 <unknown>
#9 0x557b4a3c9bd5 <unknown>
#10 0x557b4a3b4c55 <unknown>
#11 0x557b4a3ca82a <unknown>
#12 0x557b4a39d329 <unknown>
#13 0x557b4a3f3248 <unknown>
#14 0x557b4a3f33e5 <unknown>
#15 0x557b4a407783 <unknown>
#16 0x7f692a69cb84 <unknown>
#17 0x7f692a729ecc <unknown>"
TO,MAURICIO BARROS DE AGUIAR,34558660000104,7896004758114,,,0.0,0.0,0.0,0.0,0.0,0.0,2026-10-04 15:09:51,ERRO,"Message: element not interactable
  (Session info: chrome=154.0.8037.57); For documentation on this error, please visit: https://www.selenium.dev/documentation/webdriver/troubleshooting/errors#elementnotinteractableexception
Stacktrace:
#0 0x557b4a408e3a <unknown>
#1 0x557b49d32c20 <unknown>
#2 0x557b49d85191 <unknown>
#3 0x557b49d82ae9 <unknown>
#4 0x557b49d7df87 <unknown>
#5 0x557b49dd37af <unknown>
#6 0x557b49d7c748 <unknown>
#7 0x557b49d7d511 <unknown>
#8 0x557b4a3cb3c5 <unknown>
#9 0x557b4a3c9bd5 <unknown>
#10 0x557b4a3b4c55 <unknown>
#11 0x557b4a3ca82a <unknown>
#12 0x557b4a39d329 <unknown>
#13 0x557b4a3f3248 <unknown>
#14 0x557b4a3f33e5 <unknown>
#15 0x557b4a407783 <unknown>
#16 0x7f692a69cb84 <unknown>
#17 0x7f692a729ecc <unknown>"
TO,MAURICIO BARROS DE AGUIAR,34558660000104,7896004758121,,,0.0,0.0,0.0,0.0,0.0,0.0,2026-10-04 15:09:52,ERRO,"Message: element not interactable
  (Session info: chrome=154.0.8037.57); For documentation on this error, please visit: https://www.selenium.dev/documentation/webdriver/troubleshooting/errors#elementnotinteractableexception
Stacktrace:
#0 0x557b4a408e3a <unknown>
#1 0x557b49d32c20 <unknown>
#2 0x557b49d85191 <unknown>
#3 0x557b49d82ae9 <unknown>
#4 0x557b49d7df87 <unknown>
#5 0x557b49dd37af <unknown>
#6 0x557b49d7c748 <unknown>
#7 0x557b49d7d511 <unknown>
#8 0x557b4a3cb3c5 <unknown>
#9 0x557b4a3c9bd5 <unknown>
#10 0x557b4a3b4c55 <unknown>
#11 0x557b4a3ca82a <unknown>
#12 0x557b4a39d329 <unknown>
#13 0x557b4a3f3248 <unknown>
#14 0x557b4a3f33e5 <unknown>
#15 0x557b4a407783 <unknown>
#16 0x7f692a69cb84 <unknown>
#17 0x7f692a729ecc <unknown>"
TO,MAURICIO BARROS DE AGUIAR,34558660000104,7896004758268,,,0.0,0.0,0.0,0.0,0.0,0.0,2026-10-04 15:09:53,ERRO,"Message: element not interactable
  (Session info: chrome=154.0.8037.57); For documentation on this error, please visit: https://www.selenium.dev/documentation/webdriver/troubleshooting/errors#elementnotinteractableexception
Stacktrace:
#0 0x557b4a408e3a <unknown>
#1 0x557b49d32c20 <unknown>
#2 0x557b49d85191 <unknown>
#3 0x557b49d82ae9 <unknown>
#4 0x557b49d7df87 <unknown>
#5 0x557b49dd37af <unknown>
#6 0x557b49d7c748 <unknown>
#7 0x557b49d7d511 <unknown>
#8 0x557b4a3cb3c5 <unknown>
#9 0x557b4a3c9bd5 <unknown>
#10 0x557b4a3b4c55 <unknown>
#11 0x557b4a3ca82a <unknown>
#12 0x557b4a39d329 <unknown>
#13 0x557b4a3f3248 <unknown>
#14 0x557b4a3f33e5 <unknown>
#15 0x557b4a407783 <unknown>
#16 0x7f692a69cb84 <unknown>
#17 0x7f692a729ecc <unknown>"
TO,MAURICIO BARROS DE AGUIAR,34558660000104,7896004758275,,,0.0,0.0,0.0,0.0,0.0,0.0,2026-10-04 15:09:54,ERRO,"Message: element not interactable
  (Session info: chrome=154.0.8037.57); For documentation on this error, please visit: https://www.selenium.dev/documentation/webdriver/troubleshooting/errors#elementnotinteractableexception
Stacktrace:
#0 0x557b4a408e3a <unknown>
#1 0x557b49d32c20 <unknown>
#2 0x557b49d85191 <unknown>
#3 0x557b49d82ae9 <unknown>
#4 0x557b49d7df87 <unknown>
#5 0x557b49dd37af <unknown>
#6 0x557b49d7c748 <unknown>
#7 0x557b49d7d511 <unknown>
#8 0x557b4a3cb3c5 <unknown>
#9 0x557b4a3c9bd5 <unknown>
#10 0x557b4a3b4c55 <unknown>
#11 0x557b4a3ca82a <unknown>
#12 0x557b4a39d329 <unknown>
#13 0x557b4a3f3248 <unknown>
#14 0x557b4a3f33e5 <unknown>
#15 0x557b4a407783 <unknown>
#16 0x7f692a69cb84 <unknown>
#17 0x7f692a729ecc <unknown>"
TO,MAURICIO BARROS DE AGUIAR,34558660000104,7896004759593,,,0.0,0.0,0.0,0.0,0.0,0.0,2026-10-04 15:09:55,ERRO,"Message: element not interactable
  (Session info: chrome=154.0.8037.57); For documentation on this error, please visit: https://www.selenium.dev/documentation/webdriver/troubleshooting/errors#elementnotinteractableexception
Stacktrace:
#0 0x557b4a408e3a <unknown>
#1 0x557b49d32c20 <unknown>
#2 0x557b49d85191 <unknown>
#3 0x557b49d82ae9 <unknown>
#4 0x557b49d7df87 <unknown>
#5 0x557b49dd37af <unknown>
#6 0x557b49d7c748 <unknown>
#7 0x557b49d7d511 <unknown>
#8 0x557b4a3cb3c5 <unknown>
#9 0x557b4a3c9bd5 <unknown>
#10 0x557b4a3b4c55 <unknown>
#11 0x557b4a3ca82a <unknown>
#12 0x557b4a39d329 <unknown>
#13 0x557b4a3f3248 <unknown>
#14 0x557b4a3f33e5 <unknown>
#15 0x557b4a407783 <unknown>
#16 0x7f692a69cb84 <unknown>
#17 0x7f692a729ecc <unknown>"
TO,MAURICIO BARROS DE AGUIAR,34558660000104,7896004759609,,,0.0,0.0,0.0,0.0,0.0,0.0,2026-10-04 15:09:56,ERRO,"Message: element not interactable
  (Session info: chrome=154.0.8037.57); For documentation on this error, please visit: https://www.selenium.dev/documentation/webdriver/troubleshooting/errors#elementnotinteractableexception
Stacktrace:
#0 0x557b4a408e3a <unknown>
#1 0x557b49d32c20 <unknown>
#2 0x557b49d85191 <unknown>
#3 0x557b49d82ae9 <unknown>
#4 0x557b49d7df87 <unknown>
#5 0x557b49dd37af <unknown>
#6 0x557b49d7c748 <unknown>
#7 0x557b49d7d511 <unknown>
#8 0x557b4a3cb3c5 <unknown>
#9 0x557b4a3c9bd5 <unknown>
#10 0x557b4a3b4c55 <unknown>
#11 0x557b4a3ca82a <unknown>
#12 0x557b4a39d329 <unknown>
#13 0x557b4a3f3248 <unknown>
#14 0x557b4a3f33e5 <unknown>
#15 0x557b4a407783 <unknown>
#16 0x7f692a69cb84 <unknown>
#17 0x7f692a729ecc <unknown>"
TO,MAURICIO BARROS DE AGUIAR,34558660000104,7896004759678,,,0.0,0.0,0.0,0.0,0.0,0.0,2026-10-04 15:09:57,ERRO,"Message: element not interactable
  (Session info: chrome=154.0.8037.57); For documentation on this error, please visit: https://www.selenium.dev/documentation/webdriver/troubleshooting/errors#elementnotinteractableexception
Stacktrace:
#0 0x557b4a408e3a <unknown>
#1 0x557b49d32c20 <unknown>
#2 0x557b49d85191 <unknown>
#3 0x557b49d82ae9 <unknown>
#4 0x557b49d7df87 <unknown>
#5 0x557b49dd37af <unknown>
#6 0x557b49d7c748 <unknown>
#7 0x557b49d7d511 <unknown>
#8 0x557b4a3cb3c5 <unknown>
#9 0x557b4a3c9bd5 <unknown>
#10 0x557b4a3b4c55 <unknown>
#11 0x557b4a3ca82a <unknown>
#12 0x557b4a39d329 <unknown>
#13 0x557b4a3f3248 <unknown>
#14 0x557b4a3f33e5 <unknown>
#15 0x557b4a407783 <unknown>
#16 0x7f692a69cb84 <unknown>
#17 0x7f692a729ecc <unknown>"
TO,MAURICIO BARROS DE AGUIAR,34558660000104,7896004759692,,,0.0,0.0,0.0,0.0,0.0,0.0,2026-10-04 15:09:58,ERRO,"Message: element not interactable
  (Session info: chrome=154.0.8037.57); For documentation on this error, please visit: https://www.selenium.dev/documentation/webdriver/troubleshooting/errors#elementnotinteractableexception
Stacktrace:
#0 0x557b4a408e3a <unknown>
#1 0x557b49d32c20 <unknown>
#2 0x557b49d85191 <unknown>
#3 0x557b49d82ae9 <unknown>
#4 0x557b49d7df87 <unknown>
#5 0x557b49dd37af <unknown>
#6 0x557b49d7c748 <unknown>
#7 0x557b49d7d511 <unknown>
#8 0x557b4a3cb3c5 <unknown>
#9 0x557b4a3c9bd5 <unknown>
#10 0x557b4a3b4c55 <unknown>
#11 0x557b4a3ca82a <unknown>
#12 0x557b4a39d329 <unknown>
#13 0x557b4a3f3248 <unknown>
#14 0x557b4a3f33e5 <unknown>
#15 0x557b4a407783 <unknown>
#16 0x7f692a69cb84 <unknown>
#17 0x7f692a729ecc <unknown>"
TO,MAURICIO BARROS DE AGUIAR,34558660000104,7896004759715,,,0.0,0.0,0.0,0.0,0.0,0.0,2026-10-04 15:09:59,ERRO,"Message: element not interactable
  (Session info: chrome=154.0.8037.57); For documentation on this error, please visit: https://www.selenium.dev/documentation/webdriver/troubleshooting/errors#elementnotinteractableexception
Stacktrace:
#0 0x557b4a408e3a <unknown>
#1 0x557b49d32c20 <unknown>
#2 0x557b49d85191 <unknown>
#3 0x557b49d82ae9 <unknown>
#4 0x557b49d7df87 <unknown>
#5 0x557b49dd37af <unknown>
#6 0x557b49d7c748 <unknown>
#7 0x557b49d7d511 <unknown>
#8 0x557b4a3cb3c5 <unknown>
#9 0x557b4a3c9bd5 <unknown>
#10 0x557b4a3b4c55 <unknown>
#11 0x557b4a3ca82a <unknown>
#12 0x557b4a39d329 <unknown>
#13 0x557b4a3f3248 <unknown>
#14 0x557b4a3f33e5 <unknown>
#15 0x557b4a407783 <unknown>
#16 0x7f692a69cb84 <unknown>
#17 0x7f692a729ecc <unknown>"
TO,MAURICIO BARROS DE AGUIAR,34558660000104,7896004759722,,,0.0,0.0,0.0,0.0,0.0,0.0,2026-10-04 15:10:00,ERRO,"Message: element not interactable
  (Session info: chrome=154.0.8037.57); For documentation on this error, please visit: https://www.selenium.dev/documentation/webdriver/troubleshooting/errors#elementnotinteractableexception
Stacktrace:
#0 0x557b4a408e3a <unknown>
#1 0x557b49d32c20 <unknown>
#2 0x557b49d85191 <unknown>
#3 0x557b49d82ae9 <unknown>
#4 0x557b49d7df87 <unknown>
#5 0x557b49dd37af <unknown>
#6 0x557b49d7c748 <unknown>
#7 0x557b49d7d511 <unknown>
#8 0x557b4a3cb3c5 <unknown>
#9 0x557b4a3c9bd5 <unknown>
#10 0x557b4a3b4c55 <unknown>
#11 0x557b4a3ca82a <unknown>
#12 0x557b4a39d329 <unknown>
#13 0x557b4a3f3248 <unknown>
#14 0x557b4a3f33e5 <unknown>
#15 0x557b4a407783 <unknown>
#16 0x7f692a69cb84 <unknown>
#17 0x7f692a729ecc <unknown>"
TO,MAURICIO BARROS DE AGUIAR,34558660000104,7896004759739,,,0.0,0.0,0.0,0.0,0.0,0.0,2026-10-04 15:10:02,ERRO,"Message: element not interactable
  (Session info: chrome=154.0.8037.57); For documentation on this error, please visit: https://www.selenium.dev/documentation/webdriver/troubleshooting/errors#elementnotinteractableexception
Stacktrace:
#0 0x557b4a408e3a <unknown>
#1 0x557b49d32c20 <unknown>
#2 0x557b49d85191 <unknown>
#3 0x557b49d82ae9 <unknown>
#4 0x557b49d7df87 <unknown>
#5 0x557b49dd37af <unknown>
#6 0x557b49d7c748 <unknown>
#7 0x557b49d7d511 <unknown>
#8 0x557b4a3cb3c5 <unknown>
#9 0x557b4a3c9bd5 <unknown>
#10 0x557b4a3b4c55 <unknown>
#11 0x557b4a3ca82a <unknown>
#12 0x557b4a39d329 <unknown>
#13 0x557b4a3f3248 <unknown>
#14 0x557b4a3f33e5 <unknown>
#15 0x557b4a407783 <unknown>
#16 0x7f692a69cb84 <unknown>
#17 0x7f692a729ecc <unknown>"
TO,MAURICIO BARROS DE AGUIAR,34558660000104,7896004759791,,,0.0,0.0,0.0,0.0,0.0,0.0,2026-10-04 15:10:03,ERRO,"Message: element not interactable
  (Session info: chrome=154.0.8037.57); For documentation on this error, please visit: https://www.selenium.dev/documentation/webdriver/troubleshooting/errors#elementnotinteractableexception
Stacktrace:
#0 0x557b4a408e3a <unknown>
#1 0x557b49d32c20 <unknown>
#2 0x557b49d85191 <unknown>
#3 0x557b49d82ae9 <unknown>
#4 0x557b49d7df87 <unknown>
#5 0x557b49dd37af <unknown>
#6 0x557b49d7c748 <unknown>
#7 0x557b49d7d511 <unknown>
#8 0x557b4a3cb3c5 <unknown>
#9 0x557b4a3c9bd5 <unknown>
#10 0x557b4a3b4c55 <unknown>
#11 0x557b4a3ca82a <unknown>
#12 0x557b4a39d329 <unknown>
#13 0x557b4a3f3248 <unknown>
#14 0x557b4a3f33e5 <unknown>
#15 0x557b4a407783 <unknown>
#16 0x7f692a69cb84 <unknown>
#17 0x7f692a729ecc <unknown>"
TO,MAURICIO BARROS DE AGUIAR,34558660000104,7896004759807,,,0.0,0.0,0.0,0.0,0.0,0.0,2026-10-04 15:10:04,ERRO,"Message: element not interactable
  (Session info: chrome=154.0.8037.57); For documentation on this error, please visit: https://www.selenium.dev/documentation/webdriver/troubleshooting/errors#elementnotinteractableexception
Stacktrace:
#0 0x557b4a408e3a <unknown>
#1 0x557b49d32c20 <unknown>
#2 0x557b49d85191 <unknown>
#3 0x557b49d82ae9 <unknown>
#4 0x557b49d7df87 <unknown>
#5 0x557b49dd37af <unknown>
#6 0x557b49d7c748 <unknown>
#7 0x557b49d7d511 <unknown>
#8 0x557b4a3cb3c5 <unknown>
#9 0x557b4a3c9bd5 <unknown>
#10 0x557b4a3b4c55 <unknown>
#11 0x557b4a3ca82a <unknown>
#12 0x557b4a39d329 <unknown>
#13 0x557b4a3f3248 <unknown>
#14 0x557b4a3f33e5 <unknown>
#15 0x557b4a407783 <unknown>
#16 0x7f692a69cb84 <unknown>
#17 0x7f692a729ecc <unknown>"
TO,MAURICIO BARROS DE AGUIAR,34558660000104,7896004759814,,,0.0,0.0,0.0,0.0,0.0,0.0,2026-10-04 15:10:05,ERRO,"Message: element not interactable
  (Session info: chrome=154.0.8037.57); For documentation on this error, please visit: https://www.selenium.dev/documentation/webdriver/troubleshooting/errors#elementnotinteractableexception
Stacktrace:
#0 0x557b4a408e3a <unknown>
#1 0x557b49d32c20 <unknown>
#2 0x557b49d85191 <unknown>
#3 0x557b49d82ae9 <unknown>
#4 0x557b49d7df87 <unknown>
#5 0x557b49dd37af <unknown>
#6 0x557b49d7c748 <unknown>
#7 0x557b49d7d511 <unknown>
#8 0x557b4a3cb3c5 <unknown>
#9 0x557b4a3c9bd5 <unknown>
#10 0x557b4a3b4c55 <unknown>
#11 0x557b4a3ca82a <unknown>
#12 0x557b4a39d329 <unknown>
#13 0x557b4a3f3248 <unknown>
#14 0x557b4a3f33e5 <unknown>
#15 0x557b4a407783 <unknown>
#16 0x7f692a69cb84 <unknown>
#17 0x7f692a729ecc <unknown>"
TO,MAURICIO BARROS DE AGUIAR,34558660000104,7896004759845,,,0.0,0.0,0.0,0.0,0.0,0.0,2026-10-04 15:10:06,ERRO,"Message: element not interactable
  (Session info: chrome=154.0.8037.57); For documentation on this error, please visit: https://www.selenium.dev/documentation/webdriver/troubleshooting/errors#elementnotinteractableexception
Stacktrace:
#0 0x557b4a408e3a <unknown>
#1 0x557b49d32c20 <unknown>
#2 0x557b49d85191 <unknown>
#3 0x557b49d82ae9 <unknown>
#4 0x557b49d7df87 <unknown>
#5 0x557b49dd37af <unknown>
#6 0x557b49d7c748 <unknown>
#7 0x557b49d7d511 <unknown>
#8 0x557b4a3cb3c5 <unknown>
#9 0x557b4a3c9bd5 <unknown>
#10 0x557b4a3b4c55 <unknown>
#11 0x557b4a3ca82a <unknown>
#12 0x557b4a39d329 <unknown>
#13 0x557b4a3f3248 <unknown>
#14 0x557b4a3f33e5 <unknown>
#15 0x557b4a407783 <unknown>
#16 0x7f692a69cb84 <unknown>
#17 0x7f692a729ecc <unknown>"
TO,MAURICIO BARROS DE AGUIAR,34558660000104,7896004761275,,,0.0,0.0,0.0,0.0,0.0,0.0,2026-10-04 15:10:07,ERRO,"Message: element not interactable
  (Session info: chrome=154.0.8037.57); For documentation on this error, please visit: https://www.selenium.dev/documentation/webdriver/troubleshooting/errors#elementnotinteractableexception
Stacktrace:
#0 0x557b4a408e3a <unknown>
#1 0x557b49d32c20 <unknown>
#2 0x557b49d85191 <unknown>
#3 0x557b49d82ae9 <unknown>
#4 0x557b49d7df87 <unknown>
#5 0x557b49dd37af <unknown>
#6 0x557b49d7c748 <unknown>
#7 0x557b49d7d511 <unknown>
#8 0x557b4a3cb3c5 <unknown>
#9 0x557b4a3c9bd5 <unknown>
#10 0x557b4a3b4c55 <unknown>
#11 0x557b4a3ca82a <unknown>
#12 0x557b4a39d329 <unknown>
#13 0x557b4a3f3248 <unknown>
#14 0x557b4a3f33e5 <unknown>
#15 0x557b4a407783 <unknown>
#16 0x7f692a69cb84 <unknown>
#17 0x7f692a729ecc <unknown>"
TO,MAURICIO BARROS DE AGUIAR,34558660000104,7896004761299,,,0.0,0.0,0.0,0.0,0.0,0.0,2026-10-04 15:10:08,ERRO,"Message: element not interactable
  (Session info: chrome=154.0.8037.57); For documentation on this error, please visit: https://www.selenium.dev/documentation/webdriver/troubleshooting/errors#elementnotinteractableexception
Stacktrace:
#0 0x557b4a408e3a <unknown>
#1 0x557b49d32c20 <unknown>
#2 0x557b49d85191 <unknown>
#3 0x557b49d82ae9 <unknown>
#4 0x557b49d7df87 <unknown>
#5 0x557b49dd37af <unknown>
#6 0x557b49d7c748 <unknown>
#7 0x557b49d7d511 <unknown>
#8 0x557b4a3cb3c5 <unknown>
#9 0x557b4a3c9bd5 <unknown>
#10 0x557b4a3b4c55 <unknown>
#11 0x557b4a3ca82a <unknown>
#12 0x557b4a39d329 <unknown>
#13 0x557b4a3f3248 <unknown>
#14 0x557b4a3f33e5 <unknown>
#15 0x557b4a407783 <unknown>
#16 0x7f692a69cb84 <unknown>
#17 0x7f692a729ecc <unknown>"
TO,MAURICIO BARROS DE AGUIAR,34558660000104,7896004761305,,,0.0,0.0,0.0,0.0,0.0,0.0,2026-10-04 15:10:09,ERRO,"Message: element not interactable
  (Session info: chrome=154.0.8037.57); For documentation on this error, please visit: https://www.selenium.dev/documentation/webdriver/troubleshooting/errors#elementnotinteractableexception
Stacktrace:
#0 0x557b4a408e3a <unknown>
#1 0x557b49d32c20 <unknown>
#2 0x557b49d85191 <unknown>
#3 0x557b49d82ae9 <unknown>
#4 0x557b49d7df87 <unknown>
#5 0x557b49dd37af <unknown>
#6 0x557b49d7c748 <unknown>
#7 0x557b49d7d511 <unknown>
#8 0x557b4a3cb3c5 <unknown>
#9 0x557b4a3c9bd5 <unknown>
#10 0x557b4a3b4c55 <unknown>
#11 0x557b4a3ca82a <unknown>
#12 0x557b4a39d329 <unknown>
#13 0x557b4a3f3248 <unknown>
#14 0x557b4a3f33e5 <unknown>
#15 0x557b4a407783 <unknown>
#16 0x7f692a69cb84 <unknown>
#17 0x7f692a729ecc <unknown>"
TO,MAURICIO BARROS DE AGUIAR,34558660000104,7896004761817,,,0.0,0.0,0.0,0.0,0.0,0.0,2026-10-04 15:10:10,ERRO,"Message: element not interactable
  (Session info: chrome=154.0.8037.57); For documentation on this error, please visit: https://www.selenium.dev/documentation/webdriver/troubleshooting/errors#elementnotinteractableexception
Stacktrace:
#0 0x557b4a408e3a <unknown>
#1 0x557b49d32c20 <unknown>
#2 0x557b49d85191 <unknown>
#3 0x557b49d82ae9 <unknown>
#4 0x557b49d7df87 <unknown>
#5 0x557b49dd37af <unknown>
#6 0x557b49d7c748 <unknown>
#7 0x557b49d7d511 <unknown>
#8 0x557b4a3cb3c5 <unknown>
#9 0x557b4a3c9bd5 <unknown>
#10 0x557b4a3b4c55 <unknown>
#11 0x557b4a3ca82a <unknown>
#12 0x557b4a39d329 <unknown>
#13 0x557b4a3f3248 <unknown>
#14 0x557b4a3f33e5 <unknown>
#15 0x557b4a407783 <unknown>
#16 0x7f692a69cb84 <unknown>
#17 0x7f692a729ecc <unknown>"
TO,MAURICIO BARROS DE AGUIAR,34558660000104,7896004761824,,,0.0,0.0,0.0,0.0,0.0,0.0,2026-10-04 15:10:11,ERRO,"Message: element not interactable
  (Session info: chrome=154.0.8037.57); For documentation on this error, please visit: https://www.selenium.dev/documentation/webdriver/troubleshooting/errors#elementnotinteractableexception
Stacktrace:
#0 0x557b4a408e3a <unknown>
#1 0x557b49d32c20 <unknown>
#2 0x557b49d85191 <unknown>
#3 0x557b49d82ae9 <unknown>
#4 0x557b49d7df87 <unknown>
#5 0x557b49dd37af <unknown>
#6 0x557b49d7c748 <unknown>
#7 0x557b49d7d511 <unknown>
#8 0x557b4a3cb3c5 <unknown>
#9 0x557b4a3c9bd5 <unknown>
#10 0x557b4a3b4c55 <unknown>
#11 0x557b4a3ca82a <unknown>
#12 0x557b4a39d329 <unknown>
#13 0x557b4a3f3248 <unknown>
#14 0x557b4a3f33e5 <unknown>
#15 0x557b4a407783 <unknown>
#16 0x7f692a69cb84 <unknown>
#17 0x7f692a729ecc <unknown>"
TO,MAURICIO BARROS DE AGUIAR,34558660000104,7896004762227,,,0.0,0.0,0.0,0.0,0.0,0.0,2026-10-04 15:10:12,ERRO,"Message: element not interactable
  (Session info: chrome=154.0.8037.57); For documentation on this error, please visit: https://www.selenium.dev/documentation/webdriver/troubleshooting/errors#elementnotinteractableexception
Stacktrace:
#0 0x557b4a408e3a <unknown>
#1 0x557b49d32c20 <unknown>
#2 0x557b49d85191 <unknown>
#3 0x557b49d82ae9 <unknown>
#4 0x557b49d7df87 <unknown>
#5 0x557b49dd37af <unknown>
#6 0x557b49d7c748 <unknown>
#7 0x557b49d7d511 <unknown>
#8 0x557b4a3cb3c5 <unknown>
#9 0x557b4a3c9bd5 <unknown>
#10 0x557b4a3b4c55 <unknown>
#11 0x557b4a3ca82a <unknown>
#12 0x557b4a39d329 <unknown>
#13 0x557b4a3f3248 <unknown>
#14 0x557b4a3f33e5 <unknown>
#15 0x557b4a407783 <unknown>
#16 0x7f692a69cb84 <unknown>
#17 0x7f692a729ecc <unknown>"
TO,MAURICIO BARROS DE AGUIAR,34558660000104,7896004762319,,,0.0,0.0,0.0,0.0,0.0,0.0,2026-10-04 15:10:14,ERRO,"Message: element not interactable
  (Session info: chrome=154.0.8037.57); For documentation on this error, please visit: https://www.selenium.dev/documentation/webdriver/troubleshooting/errors#elementnotinteractableexception
Stacktrace:
#0 0x557b4a408e3a <unknown>
#1 0x557b49d32c20 <unknown>
#2 0x557b49d85191 <unknown>
#3 0x557b49d82ae9 <unknown>
#4 0x557b49d7df87 <unknown>
#5 0x557b49dd37af <unknown>
#6 0x557b49d7c748 <unknown>
#7 0x557b49d7d511 <unknown>
#8 0x557b4a3cb3c5 <unknown>
#9 0x557b4a3c9bd5 <unknown>
#10 0x557b4a3b4c55 <unknown>
#11 0x557b4a3ca82a <unknown>
#12 0x557b4a39d329 <unknown>
#13 0x557b4a3f3248 <unknown>
#14 0x557b4a3f33e5 <unknown>
#15 0x557b4a407783 <unknown>
#16 0x7f692a69cb84 <unknown>
#17 0x7f692a729ecc <unknown>"
TO,MAURICIO BARROS DE AGUIAR,34558660000104,7896004762364,,,0.0,0.0,0.0,0.0,0.0,0.0,2026-10-04 15:10:15,ERRO,"Message: element not interactable
  (Session info: chrome=154.0.8037.57); For documentation on this error, please visit: https://www.selenium.dev/documentation/webdriver/troubleshooting/errors#elementnotinteractableexception
Stacktrace:
#0 0x557b4a408e3a <unknown>
#1 0x557b49d32c20 <unknown>
#2 0x557b49d85191 <unknown>
#3 0x557b49d82ae9 <unknown>
#4 0x557b49d7df87 <unknown>
#5 0x557b49dd37af <unknown>
#6 0x557b49d7c748 <unknown>
#7 0x557b49d7d511 <unknown>
#8 0x557b4a3cb3c5 <unknown>
#9 0x557b4a3c9bd5 <unknown>
#10 0x557b4a3b4c55 <unknown>
#11 0x557b4a3ca82a <unknown>
#12 0x557b4a39d329 <unknown>
#13 0x557b4a3f3248 <unknown>
#14 0x557b4a3f33e5 <unknown>
#15 0x557b4a407783 <unknown>
#16 0x7f692a69cb84 <unknown>
#17 0x7f692a729ecc <unknown>"
TO,MAURICIO BARROS DE AGUIAR,34558660000104,7896004763576,,,0.0,0.0,0.0,0.0,0.0,0.0,2026-10-04 15:10:16,ERRO,"Message: element not interactable
  (Session info: chrome=154.0.8037.57); For documentation on this error, please visit: https://www.selenium.dev/documentation/webdriver/troubleshooting/errors#elementnotinteractableexception
Stacktrace:
#0 0x557b4a408e3a <unknown>
#1 0x557b49d32c20 <unknown>
#2 0x557b49d85191 <unknown>
#3 0x557b49d82ae9 <unknown>
#4 0x557b49d7df87 <unknown>
#5 0x557b49dd37af <unknown>
#6 0x557b49d7c748 <unknown>
#7 0x557b49d7d511 <unknown>
#8 0x557b4a3cb3c5 <unknown>
#9 0x557b4a3c9bd5 <unknown>
#10 0x557b4a3b4c55 <unknown>
#11 0x557b4a3ca82a <unknown>
#12 0x557b4a39d329 <unknown>
#13 0x557b4a3f3248 <unknown>
#14 0x557b4a3f33e5 <unknown>
#15 0x557b4a407783 <unknown>
#16 0x7f692a69cb84 <unknown>
#17 0x7f692a729ecc <unknown>"
TO,MAURICIO BARROS DE AGUIAR,34558660000104,7896004766980,,,0.0,0.0,0.0,0.0,0.0,0.0,2026-10-04 15:10:17,ERRO,"Message: element not interactable
  (Session info: chrome=154.0.8037.57); For documentation on this error, please visit: https://www.selenium.dev/documentation/webdriver/troubleshooting/errors#elementnotinteractableexception
Stacktrace:
#0 0x557b4a408e3a <unknown>
#1 0x557b49d32c20 <unknown>
#2 0x557b49d85191 <unknown>
#3 0x557b49d82ae9 <unknown>
#4 0x557b49d7df87 <unknown>
#5 0x557b49dd37af <unknown>
#6 0x557b49d7c748 <unknown>
#7 0x557b49d7d511 <unknown>
#8 0x557b4a3cb3c5 <unknown>
#9 0x557b4a3c9bd5 <unknown>
#10 0x557b4a3b4c55 <unknown>
#11 0x557b4a3ca82a <unknown>
#12 0x557b4a39d329 <unknown>
#13 0x557b4a3f3248 <unknown>
#14 0x557b4a3f33e5 <unknown>
#15 0x557b4a407783 <unknown>
#16 0x7f692a69cb84 <unknown>
#17 0x7f692a729ecc <unknown>"
TO,MAURICIO BARROS DE AGUIAR,34558660000104,7896004766997,,,0.0,0.0,0.0,0.0,0.0,0.0,2026-10-04 15:10:18,ERRO,"Message: element not interactable
  (Session info: chrome=154.0.8037.57); For documentation on this error, please visit: https://www.selenium.dev/documentation/webdriver/troubleshooting/errors#elementnotinteractableexception
Stacktrace:
#0 0x557b4a408e3a <unknown>
#1 0x557b49d32c20 <unknown>
#2 0x557b49d85191 <unknown>
#3 0x557b49d82ae9 <unknown>
#4 0x557b49d7df87 <unknown>
#5 0x557b49dd37af <unknown>
#6 0x557b49d7c748 <unknown>
#7 0x557b49d7d511 <unknown>
#8 0x557b4a3cb3c5 <unknown>
#9 0x557b4a3c9bd5 <unknown>
#10 0x557b4a3b4c55 <unknown>
#11 0x557b4a3ca82a <unknown>
#12 0x557b4a39d329 <unknown>
#13 0x557b4a3f3248 <unknown>
#14 0x557b4a3f33e5 <unknown>
#15 0x557b4a407783 <unknown>
#16 0x7f692a69cb84 <unknown>
#17 0x7f692a729ecc <unknown>"
TO,MAURICIO BARROS DE AGUIAR,34558660000104,7896004767017,,,0.0,0.0,0.0,0.0,0.0,0.0,2026-10-04 15:10:19,ERRO,"Message: element not interactable
  (Session info: chrome=154.0.8037.57); For documentation on this error, please visit: https://www.selenium.dev/documentation/webdriver/troubleshooting/errors#elementnotinteractableexception
Stacktrace:
#0 0x557b4a408e3a <unknown>
#1 0x557b49d32c20 <unknown>
#2 0x557b49d85191 <unknown>
#3 0x557b49d82ae9 <unknown>
#4 0x557b49d7df87 <unknown>
#5 0x557b49dd37af <unknown>
#6 0x557b49d7c748 <unknown>
#7 0x557b49d7d511 <unknown>
#8 0x557b4a3cb3c5 <unknown>
#9 0x557b4a3c9bd5 <unknown>
#10 0x557b4a3b4c55 <unknown>
#11 0x557b4a3ca82a <unknown>
#12 0x557b4a39d329 <unknown>
#13 0x557b4a3f3248 <unknown>
#14 0x557b4a3f33e5 <unknown>
#15 0x557b4a407783 <unknown>
#16 0x7f692a69cb84 <unknown>
#17 0x7f692a729ecc <unknown>"
TO,MAURICIO BARROS DE AGUIAR,34558660000104,7896004767055,,,0.0,0.0,0.0,0.0,0.0,0.0,2026-10-04 15:10:20,ERRO,"Message: element not interactable
  (Session info: chrome=154.0.8037.57); For documentation on this error, please visit: https://www.selenium.dev/documentation/webdriver/troubleshooting/errors#elementnotinteractableexception
Stacktrace:
#0 0x557b4a408e3a <unknown>
#1 0x557b49d32c20 <unknown>
#2 0x557b49d85191 <unknown>
#3 0x557b49d82ae9 <unknown>
#4 0x557b49d7df87 <unknown>
#5 0x557b49dd37af <unknown>
#6 0x557b49d7c748 <unknown>
#7 0x557b49d7d511 <unknown>
#8 0x557b4a3cb3c5 <unknown>
#9 0x557b4a3c9bd5 <unknown>
#10 0x557b4a3b4c55 <unknown>
#11 0x557b4a3ca82a <unknown>
#12 0x557b4a39d329 <unknown>
#13 0x557b4a3f3248 <unknown>
#14 0x557b4a3f33e5 <unknown>
#15 0x557b4a407783 <unknown>
#16 0x7f692a69cb84 <unknown>
#17 0x7f692a729ecc <unknown>"
TO,MAURICIO BARROS DE AGUIAR,34558660000104,7896004767130,,,0.0,0.0,0.0,0.0,0.0,0.0,2026-10-04 15:10:21,ERRO,"Message: element not interactable
  (Session info: chrome=154.0.8037.57); For documentation on this error, please visit: https://www.selenium.dev/documentation/webdriver/troubleshooting/errors#elementnotinteractableexception
Stacktrace:
#0 0x557b4a408e3a <unknown>
#1 0x557b49d32c20 <unknown>
#2 0x557b49d85191 <unknown>
#3 0x557b49d82ae9 <unknown>
#4 0x557b49d7df87 <unknown>
#5 0x557b49dd37af <unknown>
#6 0x557b49d7c748 <unknown>
#7 0x557b49d7d511 <unknown>
#8 0x557b4a3cb3c5 <unknown>
#9 0x557b4a3c9bd5 <unknown>
#10 0x557b4a3b4c55 <unknown>
#11 0x557b4a3ca82a <unknown>
#12 0x557b4a39d329 <unknown>
#13 0x557b4a3f3248 <unknown>
#14 0x557b4a3f33e5 <unknown>
#15 0x557b4a407783 <unknown>
#16 0x7f692a69cb84 <unknown>
#17 0x7f692a729ecc <unknown>"
TO,MAURICIO BARROS DE AGUIAR,34558660000104,7896004768212,,,0.0,0.0,0.0,0.0,0.0,0.0,2026-10-04 15:10:22,ERRO,"Message: element not interactable
  (Session info: chrome=154.0.8037.57); For documentation on this error, please visit: https://www.selenium.dev/documentation/webdriver/troubleshooting/errors#elementnotinteractableexception
Stacktrace:
#0 0x557b4a408e3a <unknown>
#1 0x557b49d32c20 <unknown>
#2 0x557b49d85191 <unknown>
#3 0x557b49d82ae9 <unknown>
#4 0x557b49d7df87 <unknown>
#5 0x557b49dd37af <unknown>
#6 0x557b49d7c748 <unknown>
#7 0x557b49d7d511 <unknown>
#8 0x557b4a3cb3c5 <unknown>
#9 0x557b4a3c9bd5 <unknown>
#10 0x557b4a3b4c55 <unknown>
#11 0x557b4a3ca82a <unknown>
#12 0x557b4a39d329 <unknown>
#13 0x557b4a3f3248 <unknown>
#14 0x557b4a3f33e5 <unknown>
#15 0x557b4a407783 <unknown>
#16 0x7f692a69cb84 <unknown>
#17 0x7f692a729ecc <unknown>"
TO,MAURICIO BARROS DE AGUIAR,34558660000104,7896004768298,,,0.0,0.0,0.0,0.0,0.0,0.0,2026-10-04 15:10:23,ERRO,"Message: element not interactable
  (Session info: chrome=154.0.8037.57); For documentation on this error, please visit: https://www.selenium.dev/documentation/webdriver/troubleshooting/errors#elementnotinteractableexception
Stacktrace:
#0 0x557b4a408e3a <unknown>
#1 0x557b49d32c20 <unknown>
#2 0x557b49d85191 <unknown>
#3 0x557b49d82ae9 <unknown>
#4 0x557b49d7df87 <unknown>
#5 0x557b49dd37af <unknown>
#6 0x557b49d7c748 <unknown>
#7 0x557b49d7d511 <unknown>
#8 0x557b4a3cb3c5 <unknown>
#9 0x557b4a3c9bd5 <unknown>
#10 0x557b4a3b4c55 <unknown>
#11 0x557b4a3ca82a <unknown>
#12 0x557b4a39d329 <unknown>
#13 0x557b4a3f3248 <unknown>
#14 0x557b4a3f33e5 <unknown>
#15 0x557b4a407783 <unknown>
#16 0x7f692a69cb84 <unknown>
#17 0x7f692a729ecc <unknown>"
TO,MAURICIO BARROS DE AGUIAR,34558660000104,7896004768687,,,0.0,0.0,0.0,0.0,0.0,0.0,2026-10-04 15:10:24,ERRO,"Message: element not interactable
  (Session info: chrome=154.0.8037.57); For documentation on this error, please visit: https://www.selenium.dev/documentation/webdriver/troubleshooting/errors#elementnotinteractableexception
Stacktrace:
#0 0x557b4a408e3a <unknown>
#1 0x557b49d32c20 <unknown>
#2 0x557b49d85191 <unknown>
#3 0x557b49d82ae9 <unknown>
#4 0x557b49d7df87 <unknown>
#5 0x557b49dd37af <unknown>
#6 0x557b49d7c748 <unknown>
#7 0x557b49d7d511 <unknown>
#8 0x557b4a3cb3c5 <unknown>
#9 0x557b4a3c9bd5 <unknown>
#10 0x557b4a3b4c55 <unknown>
#11 0x557b4a3ca82a <unknown>
#12 0x557b4a39d329 <unknown>
#13 0x557b4a3f3248 <unknown>
#14 0x557b4a3f33e5 <unknown>
#15 0x557b4a407783 <unknown>
#16 0x7f692a69cb84 <unknown>
#17 0x7f692a729ecc <unknown>"
TO,MAURICIO BARROS DE AGUIAR,34558660000104,7896004769622,,,0.0,0.0,0.0,0.0,0.0,0.0,2026-10-04 15:10:26,ERRO,"Message: element not interactable
  (Session info: chrome=154.0.8037.57); For documentation on this error, please visit: https://www.selenium.dev/documentation/webdriver/troubleshooting/errors#elementnotinteractableexception
Stacktrace:
#0 0x557b4a408e3a <unknown>
#1 0x557b49d32c20 <unknown>
#2 0x557b49d85191 <unknown>
#3 0x557b49d82ae9 <unknown>
#4 0x557b49d7df87 <unknown>
#5 0x557b49dd37af <unknown>
#6 0x557b49d7c748 <unknown>
#7 0x557b49d7d511 <unknown>
#8 0x557b4a3cb3c5 <unknown>
#9 0x557b4a3c9bd5 <unknown>
#10 0x557b4a3b4c55 <unknown>
#11 0x557b4a3ca82a <unknown>
#12 0x557b4a39d329 <unknown>
#13 0x557b4a3f3248 <unknown>
#14 0x557b4a3f33e5 <unknown>
#15 0x557b4a407783 <unknown>
#16 0x7f692a69cb84 <unknown>
#17 0x7f692a729ecc <unknown>"
TO,MAURICIO BARROS DE AGUIAR,34558660000104,7896004769684,,,0.0,0.0,0.0,0.0,0.0,0.0,2026-10-04 15:10:27,ERRO,"Message: element not interactable
  (Session info: chrome=154.0.8037.57); For documentation on this error, please visit: https://www.selenium.dev/documentation/webdriver/troubleshooting/errors#elementnotinteractableexception
Stacktrace:
#0 0x557b4a408e3a <unknown>
#1 0x557b49d32c20 <unknown>
#2 0x557b49d85191 <unknown>
#3 0x557b49d82ae9 <unknown>
#4 0x557b49d7df87 <unknown>
#5 0x557b49dd37af <unknown>
#6 0x557b49d7c748 <unknown>
#7 0x557b49d7d511 <unknown>
#8 0x557b4a3cb3c5 <unknown>
#9 0x557b4a3c9bd5 <unknown>
#10 0x557b4a3b4c55 <unknown>
#11 0x557b4a3ca82a <unknown>
#12 0x557b4a39d329 <unknown>
#13 0x557b4a3f3248 <unknown>
#14 0x557b4a3f33e5 <unknown>
#15 0x557b4a407783 <unknown>
#16 0x7f692a69cb84 <unknown>
#17 0x7f692a729ecc <unknown>"
TO,MAURICIO BARROS DE AGUIAR,34558660000104,7896004771199,,,0.0,0.0,0.0,0.0,0.0,0.0,2026-10-04 15:10:28,ERRO,"Message: element not interactable
  (Session info: chrome=154.0.8037.57); For documentation on this error, please visit: https://www.selenium.dev/documentation/webdriver/troubleshooting/errors#elementnotinteractableexception
Stacktrace:
#0 0x557b4a408e3a <unknown>
#1 0x557b49d32c20 <unknown>
#2 0x557b49d85191 <unknown>
#3 0x557b49d82ae9 <unknown>
#4 0x557b49d7df87 <unknown>
#5 0x557b49dd37af <unknown>
#6 0x557b49d7c748 <unknown>
#7 0x557b49d7d511 <unknown>
#8 0x557b4a3cb3c5 <unknown>
#9 0x557b4a3c9bd5 <unknown>
#10 0x557b4a3b4c55 <unknown>
#11 0x557b4a3ca82a <unknown>
#12 0x557b4a39d329 <unknown>
#13 0x557b4a3f3248 <unknown>
#14 0x557b4a3f33e5 <unknown>
#15 0x557b4a407783 <unknown>
#16 0x7f692a69cb84 <unknown>
#17 0x7f692a729ecc <unknown>"
TO,MAURICIO BARROS DE AGUIAR,34558660000104,7896004771373,,,0.0,0.0,0.0,0.0,0.0,0.0,2026-10-04 15:10:29,ERRO,"Message: element not interactable
  (Session info: chrome=154.0.8037.57); For documentation on this error, please visit: https://www.selenium.dev/documentation/webdriver/troubleshooting/errors#elementnotinteractableexception
Stacktrace:
#0 0x557b4a408e3a <unknown>
#1 0x557b49d32c20 <unknown>
#2 0x557b49d85191 <unknown>
#3 0x557b49d82ae9 <unknown>
#4 0x557b49d7df87 <unknown>
#5 0x557b49dd37af <unknown>
#6 0x557b49d7c748 <unknown>
#7 0x557b49d7d511 <unknown>
#8 0x557b4a3cb3c5 <unknown>
#9 0x557b4a3c9bd5 <unknown>
#10 0x557b4a3b4c55 <unknown>
#11 0x557b4a3ca82a <unknown>
#12 0x557b4a39d329 <unknown>
#13 0x557b4a3f3248 <unknown>
#14 0x557b4a3f33e5 <unknown>
#15 0x557b4a407783 <unknown>
#16 0x7f692a69cb84 <unknown>
#17 0x7f692a729ecc <unknown>"
TO,MAURICIO BARROS DE AGUIAR,34558660000104,7896004771403,,,0.0,0.0,0.0,0.0,0.0,0.0,2026-10-04 15:10:30,ERRO,"Message: element not interactable
  (Session info: chrome=154.0.8037.57); For documentation on this error, please visit: https://www.selenium.dev/documentation/webdriver/troubleshooting/errors#elementnotinteractableexception
Stacktrace:
#0 0x557b4a408e3a <unknown>
#1 0x557b49d32c20 <unknown>
#2 0x557b49d85191 <unknown>
#3 0x557b49d82ae9 <unknown>
#4 0x557b49d7df87 <unknown>
#5 0x557b49dd37af <unknown>
#6 0x557b49d7c748 <unknown>
#7 0x557b49d7d511 <unknown>
#8 0x557b4a3cb3c5 <unknown>
#9 0x557b4a3c9bd5 <unknown>
#10 0x557b4a3b4c55 <unknown>
#11 0x557b4a3ca82a <unknown>
#12 0x557b4a39d329 <unknown>
#13 0x557b4a3f3248 <unknown>
#14 0x557b4a3f33e5 <unknown>
#15 0x557b4a407783 <unknown>
#16 0x7f692a69cb84 <unknown>
#17 0x7f692a729ecc <unknown>"
TO,MAURICIO BARROS DE AGUIAR,34558660000104,7896004771762,,,0.0,0.0,0.0,0.0,0.0,0.0,2026-10-04 15:10:31,ERRO,"Message: element not interactable
  (Session info: chrome=154.0.8037.57); For documentation on this error, please visit: https://www.selenium.dev/documentation/webdriver/troubleshooting/errors#elementnotinteractableexception
Stacktrace:
#0 0x557b4a408e3a <unknown>
#1 0x557b49d32c20 <unknown>
#2 0x557b49d85191 <unknown>
#3 0x557b49d82ae9 <unknown>
#4 0x557b49d7df87 <unknown>
#5 0x557b49dd37af <unknown>
#6 0x557b49d7c748 <unknown>
#7 0x557b49d7d511 <unknown>
#8 0x557b4a3cb3c5 <unknown>
#9 0x557b4a3c9bd5 <unknown>
#10 0x557b4a3b4c55 <unknown>
#11 0x557b4a3ca82a <unknown>
#12 0x557b4a39d329 <unknown>
#13 0x557b4a3f3248 <unknown>
#14 0x557b4a3f33e5 <unknown>
#15 0x557b4a407783 <unknown>
#16 0x7f692a69cb84 <unknown>
#17 0x7f692a729ecc <unknown>"
TO,MAURICIO BARROS DE AGUIAR,34558660000104,7896004772332,,,0.0,0.0,0.0,0.0,0.0,0.0,2026-10-04 15:10:32,ERRO,"Message: element not interactable
  (Session info: chrome=154.0.8037.57); For documentation on this error, please visit: https://www.selenium.dev/documentation/webdriver/troubleshooting/errors#elementnotinteractableexception
Stacktrace:
#0 0x557b4a408e3a <unknown>
#1 0x557b49d32c20 <unknown>
#2 0x557b49d85191 <unknown>
#3 0x557b49d82ae9 <unknown>
#4 0x557b49d7df87 <unknown>
#5 0x557b49dd37af <unknown>
#6 0x557b49d7c748 <unknown>
#7 0x557b49d7d511 <unknown>
#8 0x557b4a3cb3c5 <unknown>
#9 0x557b4a3c9bd5 <unknown>
#10 0x557b4a3b4c55 <unknown>
#11 0x557b4a3ca82a <unknown>
#12 0x557b4a39d329 <unknown>
#13 0x557b4a3f3248 <unknown>
#14 0x557b4a3f33e5 <unknown>
#15 0x557b4a407783 <unknown>
#16 0x7f692a69cb84 <unknown>
#17 0x7f692a729ecc <unknown>"
TO,MAURICIO BARROS DE AGUIAR,34558660000104,7896004772868,,,0.0,0.0,0.0,0.0,0.0,0.0,2026-10-04 15:10:33,ERRO,"Message: element not interactable
  (Session info: chrome=154.0.8037.57); For documentation on this error, please visit: https://www.selenium.dev/documentation/webdriver/troubleshooting/errors#elementnotinteractableexception
Stacktrace:
#0 0x557b4a408e3a <unknown>
#1 0x557b49d32c20 <unknown>
#2 0x557b49d85191 <unknown>
#3 0x557b49d82ae9 <unknown>
#4 0x557b49d7df87 <unknown>
#5 0x557b49dd37af <unknown>
#6 0x557b49d7c748 <unknown>
#7 0x557b49d7d511 <unknown>
#8 0x557b4a3cb3c5 <unknown>
#9 0x557b4a3c9bd5 <unknown>
#10 0x557b4a3b4c55 <unknown>
#11 0x557b4a3ca82a <unknown>
#12 0x557b4a39d329 <unknown>
#13 0x557b4a3f3248 <unknown>
#14 0x557b4a3f33e5 <unknown>
#15 0x557b4a407783 <unknown>
#16 0x7f692a69cb84 <unknown>
#17 0x7f692a729ecc <unknown>"
TO,MAURICIO BARROS DE AGUIAR,34558660000104,7896004773117,,,0.0,0.0,0.0,0.0,0.0,0.0,2026-10-04 15:10:34,ERRO,"Message: element not interactable
  (Session info: chrome=154.0.8037.57); For documentation on this error, please visit: https://www.selenium.dev/documentation/webdriver/troubleshooting/errors#elementnotinteractableexception
Stacktrace:
#0 0x557b4a408e3a <unknown>
#1 0x557b49d32c20 <unknown>
#2 0x557b49d85191 <unknown>
#3 0x557b49d82ae9 <unknown>
#4 0x557b49d7df87 <unknown>
#5 0x557b49dd37af <unknown>
#6 0x557b49d7c748 <unknown>
#7 0x557b49d7d511 <unknown>
#8 0x557b4a3cb3c5 <unknown>
#9 0x557b4a3c9bd5 <unknown>
#10 0x557b4a3b4c55 <unknown>
#11 0x557b4a3ca82a <unknown>
#12 0x557b4a39d329 <unknown>
#13 0x557b4a3f3248 <unknown>
#14 0x557b4a3f33e5 <unknown>
#15 0x557b4a407783 <unknown>
#16 0x7f692a69cb84 <unknown>
#17 0x7f692a729ecc <unknown>"
TO,MAURICIO BARROS DE AGUIAR,34558660000104,7896004773339,,,0.0,0.0,0.0,0.0,0.0,0.0,2026-10-04 15:10:35,ERRO,"Message: element not interactable
  (Session info: chrome=154.0.8037.57); For documentation on this error, please visit: https://www.selenium.dev/documentation/webdriver/troubleshooting/errors#elementnotinteractableexception
Stacktrace:
#0 0x557b4a408e3a <unknown>
#1 0x557b49d32c20 <unknown>
#2 0x557b49d85191 <unknown>
#3 0x557b49d82ae9 <unknown>
#4 0x557b49d7df87 <unknown>
#5 0x557b49dd37af <unknown>
#6 0x557b49d7c748 <unknown>
#7 0x557b49d7d511 <unknown>
#8 0x557b4a3cb3c5 <unknown>
#9 0x557b4a3c9bd5 <unknown>
#10 0x557b4a3b4c55 <unknown>
#11 0x557b4a3ca82a <unknown>
#12 0x557b4a39d329 <unknown>
#13 0x557b4a3f3248 <unknown>
#14 0x557b4a3f33e5 <unknown>
#15 0x557b4a407783 <unknown>
#16 0x7f692a69cb84 <unknown>
#17 0x7f692a729ecc <unknown>"
TO,MAURICIO BARROS DE AGUIAR,34558660000104,7896004775043,,,0.0,0.0,0.0,0.0,0.0,0.0,2026-10-04 15:10:37,ERRO,"Message: element not interactable
  (Session info: chrome=154.0.8037.57); For documentation on this error, please visit: https://www.selenium.dev/documentation/webdriver/troubleshooting/errors#elementnotinteractableexception
Stacktrace:
#0 0x557b4a408e3a <unknown>
#1 0x557b49d32c20 <unknown>
#2 0x557b49d85191 <unknown>
#3 0x557b49d82ae9 <unknown>
#4 0x557b49d7df87 <unknown>
#5 0x557b49dd37af <unknown>
#6 0x557b49d7c748 <unknown>
#7 0x557b49d7d511 <unknown>
#8 0x557b4a3cb3c5 <unknown>
#9 0x557b4a3c9bd5 <unknown>
#10 0x557b4a3b4c55 <unknown>
#11 0x557b4a3ca82a <unknown>
#12 0x557b4a39d329 <unknown>
#13 0x557b4a3f3248 <unknown>
#14 0x557b4a3f33e5 <unknown>
#15 0x557b4a407783 <unknown>
#16 0x7f692a69cb84 <unknown>
#17 0x7f692a729ecc <unknown>"
TO,MAURICIO BARROS DE AGUIAR,34558660000104,7896004777184,,,0.0,0.0,0.0,0.0,0.0,0.0,2026-10-04 15:10:38,ERRO,"Message: element not interactable
  (Session info: chrome=154.0.8037.57); For documentation on this error, please visit: https://www.selenium.dev/documentation/webdriver/troubleshooting/errors#elementnotinteractableexception
Stacktrace:
#0 0x557b4a408e3a <unknown>
#1 0x557b49d32c20 <unknown>
#2 0x557b49d85191 <unknown>
#3 0x557b49d82ae9 <unknown>
#4 0x557b49d7df87 <unknown>
#5 0x557b49dd37af <unknown>
#6 0x557b49d7c748 <unknown>
#7 0x557b49d7d511 <unknown>
#8 0x557b4a3cb3c5 <unknown>
#9 0x557b4a3c9bd5 <unknown>
#10 0x557b4a3b4c55 <unknown>
#11 0x557b4a3ca82a <unknown>
#12 0x557b4a39d329 <unknown>
#13 0x557b4a3f3248 <unknown>
#14 0x557b4a3f33e5 <unknown>
#15 0x557b4a407783 <unknown>
#16 0x7f692a69cb84 <unknown>
#17 0x7f692a729ecc <unknown>"
TO,MAURICIO BARROS DE AGUIAR,34558660000104,7896004777535,,,0.0,0.0,0.0,0.0,0.0,0.0,2026-10-04 15:10:39,ERRO,"Message: element not interactable
  (Session info: chrome=154.0.8037.57); For documentation on this error, please visit: https://www.selenium.dev/documentation/webdriver/troubleshooting/errors#elementnotinteractableexception
Stacktrace:
#0 0x557b4a408e3a <unknown>
#1 0x557b49d32c20 <unknown>
#2 0x557b49d85191 <unknown>
#3 0x557b49d82ae9 <unknown>
#4 0x557b49d7df87 <unknown>
#5 0x557b49dd37af <unknown>
#6 0x557b49d7c748 <unknown>
#7 0x557b49d7d511 <unknown>
#8 0x557b4a3cb3c5 <unknown>
#9 0x557b4a3c9bd5 <unknown>
#10 0x557b4a3b4c55 <unknown>
#11 0x557b4a3ca82a <unknown>
#12 0x557b4a39d329 <unknown>
#13 0x557b4a3f3248 <unknown>
#14 0x557b4a3f33e5 <unknown>
#15 0x557b4a407783 <unknown>
#16 0x7f692a69cb84 <unknown>
#17 0x7f692a729ecc <unknown>"
TO,MAURICIO BARROS DE AGUIAR,34558660000104,7896004777559,,,0.0,0.0,0.0,0.0,0.0,0.0,2026-10-04 15:10:40,ERRO,"Message: element not interactable
  (Session info: chrome=154.0.8037.57); For documentation on this error, please visit: https://www.selenium.dev/documentation/webdriver/troubleshooting/errors#elementnotinteractableexception
Stacktrace:
#0 0x557b4a408e3a <unknown>
#1 0x557b49d32c20 <unknown>
#2 0x557b49d85191 <unknown>
#3 0x557b49d82ae9 <unknown>
#4 0x557b49d7df87 <unknown>
#5 0x557b49dd37af <unknown>
#6 0x557b49d7c748 <unknown>
#7 0x557b49d7d511 <unknown>
#8 0x557b4a3cb3c5 <unknown>
#9 0x557b4a3c9bd5 <unknown>
#10 0x557b4a3b4c55 <unknown>
#11 0x557b4a3ca82a <unknown>
#12 0x557b4a39d329 <unknown>
#13 0x557b4a3f3248 <unknown>
#14 0x557b4a3f33e5 <unknown>
#15 0x557b4a407783 <unknown>
#16 0x7f692a69cb84 <unknown>
#17 0x7f692a729ecc <unknown>"
TO,MAURICIO BARROS DE AGUIAR,34558660000104,7896004779713,,,0.0,0.0,0.0,0.0,0.0,0.0,2026-10-04 15:10:41,ERRO,"Message: element not interactable
  (Session info: chrome=154.0.8037.57); For documentation on this error, please visit: https://www.selenium.dev/documentation/webdriver/troubleshooting/errors#elementnotinteractableexception
Stacktrace:
#0 0x557b4a408e3a <unknown>
#1 0x557b49d32c20 <unknown>
#2 0x557b49d85191 <unknown>
#3 0x557b49d82ae9 <unknown>
#4 0x557b49d7df87 <unknown>
#5 0x557b49dd37af <unknown>
#6 0x557b49d7c748 <unknown>
#7 0x557b49d7d511 <unknown>
#8 0x557b4a3cb3c5 <unknown>
#9 0x557b4a3c9bd5 <unknown>
#10 0x557b4a3b4c55 <unknown>
#11 0x557b4a3ca82a <unknown>
#12 0x557b4a39d329 <unknown>
#13 0x557b4a3f3248 <unknown>
#14 0x557b4a3f33e5 <unknown>
#15 0x557b4a407783 <unknown>
#16 0x7f692a69cb84 <unknown>
#17 0x7f692a729ecc <unknown>"
TO,MAURICIO BARROS DE AGUIAR,34558660000104,7896004780184,,,0.0,0.0,0.0,0.0,0.0,0.0,2026-10-04 15:10:42,ERRO,"Message: element not interactable
  (Session info: chrome=154.0.8037.57); For documentation on this error, please visit: https://www.selenium.dev/documentation/webdriver/troubleshooting/errors#elementnotinteractableexception
Stacktrace:
#0 0x557b4a408e3a <unknown>
#1 0x557b49d32c20 <unknown>
#2 0x557b49d85191 <unknown>
#3 0x557b49d82ae9 <unknown>
#4 0x557b49d7df87 <unknown>
#5 0x557b49dd37af <unknown>
#6 0x557b49d7c748 <unknown>
#7 0x557b49d7d511 <unknown>
#8 0x557b4a3cb3c5 <unknown>
#9 0x557b4a3c9bd5 <unknown>
#10 0x557b4a3b4c55 <unknown>
#11 0x557b4a3ca82a <unknown>
#12 0x557b4a39d329 <unknown>
#13 0x557b4a3f3248 <unknown>
#14 0x557b4a3f33e5 <unknown>
#15 0x557b4a407783 <unknown>
#16 0x7f692a69cb84 <unknown>
#17 0x7f692a729ecc <unknown>"
TO,MAURICIO BARROS DE AGUIAR,34558660000104,7896004780191,,,0.0,0.0,0.0,0.0,0.0,0.0,2026-10-04 15:10:43,ERRO,"Message: element not interactable
  (Session info: chrome=154.0.8037.57); For documentation on this error, please visit: https://www.selenium.dev/documentation/webdriver/troubleshooting/errors#elementnotinteractableexception
Stacktrace:
#0 0x557b4a408e3a <unknown>
#1 0x557b49d32c20 <unknown>
#2 0x557b49d85191 <unknown>
#3 0x557b49d82ae9 <unknown>
#4 0x557b49d7df87 <unknown>
#5 0x557b49dd37af <unknown>
#6 0x557b49d7c748 <unknown>
#7 0x557b49d7d511 <unknown>
#8 0x557b4a3cb3c5 <unknown>
#9 0x557b4a3c9bd5 <unknown>
#10 0x557b4a3b4c55 <unknown>
#11 0x557b4a3ca82a <unknown>
#12 0x557b4a39d329 <unknown>
#13 0x557b4a3f3248 <unknown>
#14 0x557b4a3f33e5 <unknown>
#15 0x557b4a407783 <unknown>
#16 0x7f692a69cb84 <unknown>
#17 0x7f692a729ecc <unknown>"
TO,MAURICIO BARROS DE AGUIAR,34558660000104,7896004780504,,,0.0,0.0,0.0,0.0,0.0,0.0,2026-10-04 15:10:44,ERRO,"Message: element not interactable
  (Session info: chrome=154.0.8037.57); For documentation on this error, please visit: https://www.selenium.dev/documentation/webdriver/troubleshooting/errors#elementnotinteractableexception
Stacktrace:
#0 0x557b4a408e3a <unknown>
#1 0x557b49d32c20 <unknown>
#2 0x557b49d85191 <unknown>
#3 0x557b49d82ae9 <unknown>
#4 0x557b49d7df87 <unknown>
#5 0x557b49dd37af <unknown>
#6 0x557b49d7c748 <unknown>
#7 0x557b49d7d511 <unknown>
#8 0x557b4a3cb3c5 <unknown>
#9 0x557b4a3c9bd5 <unknown>
#10 0x557b4a3b4c55 <unknown>
#11 0x557b4a3ca82a <unknown>
#12 0x557b4a39d329 <unknown>
#13 0x557b4a3f3248 <unknown>
#14 0x557b4a3f33e5 <unknown>
#15 0x557b4a407783 <unknown>
#16 0x7f692a69cb84 <unknown>
#17 0x7f692a729ecc <unknown>"
TO,MAURICIO BARROS DE AGUIAR,34558660000104,7896004780511,,,0.0,0.0,0.0,0.0,0.0,0.0,2026-10-04 15:10:45,ERRO,"Message: element not interactable
  (Session info: chrome=154.0.8037.57); For documentation on this error, please visit: https://www.selenium.dev/documentation/webdriver/troubleshooting/errors#elementnotinteractableexception
Stacktrace:
#0 0x557b4a408e3a <unknown>
#1 0x557b49d32c20 <unknown>
#2 0x557b49d85191 <unknown>
#3 0x557b49d82ae9 <unknown>
#4 0x557b49d7df87 <unknown>
#5 0x557b49dd37af <unknown>
#6 0x557b49d7c748 <unknown>
#7 0x557b49d7d511 <unknown>
#8 0x557b4a3cb3c5 <unknown>
#9 0x557b4a3c9bd5 <unknown>
#10 0x557b4a3b4c55 <unknown>
#11 0x557b4a3ca82a <unknown>
#12 0x557b4a39d329 <unknown>
#13 0x557b4a3f3248 <unknown>
#14 0x557b4a3f33e5 <unknown>
#15 0x557b4a407783 <unknown>
#16 0x7f692a69cb84 <unknown>
#17 0x7f692a729ecc <unknown>"
TO,MAURICIO BARROS DE AGUIAR,34558660000104,7896004781280,,,0.0,0.0,0.0,0.0,0.0,0.0,2026-10-04 15:10:46,ERRO,"Message: element not interactable
  (Session info: chrome=154.0.8037.57); For documentation on this error, please visit: https://www.selenium.dev/documentation/webdriver/troubleshooting/errors#elementnotinteractableexception
Stacktrace:
#0 0x557b4a408e3a <unknown>
#1 0x557b49d32c20 <unknown>
#2 0x557b49d85191 <unknown>
#3 0x557b49d82ae9 <unknown>
#4 0x557b49d7df87 <unknown>
#5 0x557b49dd37af <unknown>
#6 0x557b49d7c748 <unknown>
#7 0x557b49d7d511 <unknown>
#8 0x557b4a3cb3c5 <unknown>
#9 0x557b4a3c9bd5 <unknown>
#10 0x557b4a3b4c55 <unknown>
#11 0x557b4a3ca82a <unknown>
#12 0x557b4a39d329 <unknown>
#13 0x557b4a3f3248 <unknown>
#14 0x557b4a3f33e5 <unknown>
#15 0x557b4a407783 <unknown>
#16 0x7f692a69cb84 <unknown>
#17 0x7f692a729ecc <unknown>"
TO,MAURICIO BARROS DE AGUIAR,34558660000104,7896004781372,,,0.0,0.0,0.0,0.0,0.0,0.0,2026-10-04 15:10:48,ERRO,"Message: element not interactable
  (Session info: chrome=154.0.8037.57); For documentation on this error, please visit: https://www.selenium.dev/documentation/webdriver/troubleshooting/errors#elementnotinteractableexception
Stacktrace:
#0 0x557b4a408e3a <unknown>
#1 0x557b49d32c20 <unknown>
#2 0x557b49d85191 <unknown>
#3 0x557b49d82ae9 <unknown>
#4 0x557b49d7df87 <unknown>
#5 0x557b49dd37af <unknown>
#6 0x557b49d7c748 <unknown>
#7 0x557b49d7d511 <unknown>
#8 0x557b4a3cb3c5 <unknown>
#9 0x557b4a3c9bd5 <unknown>
#10 0x557b4a3b4c55 <unknown>
#11 0x557b4a3ca82a <unknown>
#12 0x557b4a39d329 <unknown>
#13 0x557b4a3f3248 <unknown>
#14 0x557b4a3f33e5 <unknown>
#15 0x557b4a407783 <unknown>
#16 0x7f692a69cb84 <unknown>
#17 0x7f692a729ecc <unknown>"
TO,MAURICIO BARROS DE AGUIAR,34558660000104,7896004781389,,,0.0,0.0,0.0,0.0,0.0,0.0,2026-10-04 15:10:49,ERRO,"Message: element not interactable
  (Session info: chrome=154.0.8037.57); For documentation on this error, please visit: https://www.selenium.dev/documentation/webdriver/troubleshooting/errors#elementnotinteractableexception
Stacktrace:
#0 0x557b4a408e3a <unknown>
#1 0x557b49d32c20 <unknown>
#2 0x557b49d85191 <unknown>
#3 0x557b49d82ae9 <unknown>
#4 0x557b49d7df87 <unknown>
#5 0x557b49dd37af <unknown>
#6 0x557b49d7c748 <unknown>
#7 0x557b49d7d511 <unknown>
#8 0x557b4a3cb3c5 <unknown>
#9 0x557b4a3c9bd5 <unknown>
#10 0x557b4a3b4c55 <unknown>
#11 0x557b4a3ca82a <unknown>
#12 0x557b4a39d329 <unknown>
#13 0x557b4a3f3248 <unknown>
#14 0x557b4a3f33e5 <unknown>
#15 0x557b4a407783 <unknown>
#16 0x7f692a69cb84 <unknown>
#17 0x7f692a729ecc <unknown>"
TO,MAURICIO BARROS DE AGUIAR,34558660000104,7896004781396,,,0.0,0.0,0.0,0.0,0.0,0.0,2026-10-04 15:10:50,ERRO,"Message: element not interactable
  (Session info: chrome=154.0.8037.57); For documentation on this error, please visit: https://www.selenium.dev/documentation/webdriver/troubleshooting/errors#elementnotinteractableexception
Stacktrace:
#0 0x557b4a408e3a <unknown>
#1 0x557b49d32c20 <unknown>
#2 0x557b49d85191 <unknown>
#3 0x557b49d82ae9 <unknown>
#4 0x557b49d7df87 <unknown>
#5 0x557b49dd37af <unknown>
#6 0x557b49d7c748 <unknown>
#7 0x557b49d7d511 <unknown>
#8 0x557b4a3cb3c5 <unknown>
#9 0x557b4a3c9bd5 <unknown>
#10 0x557b4a3b4c55 <unknown>
#11 0x557b4a3ca82a <unknown>
#12 0x557b4a39d329 <unknown>
#13 0x557b4a3f3248 <unknown>
#14 0x557b4a3f33e5 <unknown>
#15 0x557b4a407783 <unknown>
#16 0x7f692a69cb84 <unknown>
#17 0x7f692a729ecc <unknown>"
TO,MAURICIO BARROS DE AGUIAR,34558660000104,7896004781402,,,0.0,0.0,0.0,0.0,0.0,0.0,2026-10-04 15:10:51,ERRO,"Message: element not interactable
  (Session info: chrome=154.0.8037.57); For documentation on this error, please visit: https://www.selenium.dev/documentation/webdriver/troubleshooting/errors#elementnotinteractableexception
Stacktrace:
#0 0x557b4a408e3a <unknown>
#1 0x557b49d32c20 <unknown>
#2 0x557b49d85191 <unknown>
#3 0x557b49d82ae9 <unknown>
#4 0x557b49d7df87 <unknown>
#5 0x557b49dd37af <unknown>
#6 0x557b49d7c748 <unknown>
#7 0x557b49d7d511 <unknown>
#8 0x557b4a3cb3c5 <unknown>
#9 0x557b4a3c9bd5 <unknown>
#10 0x557b4a3b4c55 <unknown>
#11 0x557b4a3ca82a <unknown>
#12 0x557b4a39d329 <unknown>
#13 0x557b4a3f3248 <unknown>
#14 0x557b4a3f33e5 <unknown>
#15 0x557b4a407783 <unknown>
#16 0x7f692a69cb84 <unknown>
#17 0x7f692a729ecc <unknown>"
TO,MAURICIO BARROS DE AGUIAR,34558660000104,7896004782546,,,0.0,0.0,0.0,0.0,0.0,0.0,2026-10-04 15:10:52,ERRO,"Message: element not interactable
  (Session info: chrome=154.0.8037.57); For documentation on this error, please visit: https://www.selenium.dev/documentation/webdriver/troubleshooting/errors#elementnotinteractableexception
Stacktrace:
#0 0x557b4a408e3a <unknown>
#1 0x557b49d32c20 <unknown>
#2 0x557b49d85191 <unknown>
#3 0x557b49d82ae9 <unknown>
#4 0x557b49d7df87 <unknown>
#5 0x557b49dd37af <unknown>
#6 0x557b49d7c748 <unknown>
#7 0x557b49d7d511 <unknown>
#8 0x557b4a3cb3c5 <unknown>
#9 0x557b4a3c9bd5 <unknown>
#10 0x557b4a3b4c55 <unknown>
#11 0x557b4a3ca82a <unknown>
#12 0x557b4a39d329 <unknown>
#13 0x557b4a3f3248 <unknown>
#14 0x557b4a3f33e5 <unknown>
#15 0x557b4a407783 <unknown>
#16 0x7f692a69cb84 <unknown>
#17 0x7f692a729ecc <unknown>"
TO,MAURICIO BARROS DE AGUIAR,34558660000104,7896004782553,,,0.0,0.0,0.0,0.0,0.0,0.0,2026-10-04 15:10:53,ERRO,"Message: element not interactable
  (Session info: chrome=154.0.8037.57); For documentation on this error, please visit: https://www.selenium.dev/documentation/webdriver/troubleshooting/errors#elementnotinteractableexception
Stacktrace:
#0 0x557b4a408e3a <unknown>
#1 0x557b49d32c20 <unknown>
#2 0x557b49d85191 <unknown>
#3 0x557b49d82ae9 <unknown>
#4 0x557b49d7df87 <unknown>
#5 0x557b49dd37af <unknown>
#6 0x557b49d7c748 <unknown>
#7 0x557b49d7d511 <unknown>
#8 0x557b4a3cb3c5 <unknown>
#9 0x557b4a3c9bd5 <unknown>
#10 0x557b4a3b4c55 <unknown>
#11 0x557b4a3ca82a <unknown>
#12 0x557b4a39d329 <unknown>
#13 0x557b4a3f3248 <unknown>
#14 0x557b4a3f33e5 <unknown>
#15 0x557b4a407783 <unknown>
#16 0x7f692a69cb84 <unknown>
#17 0x7f692a729ecc <unknown>"
TO,MAURICIO BARROS DE AGUIAR,34558660000104,7896004782690,,,0.0,0.0,0.0,0.0,0.0,0.0,2026-10-04 15:10:54,ERRO,"Message: element not interactable
  (Session info: chrome=154.0.8037.57); For documentation on this error, please visit: https://www.selenium.dev/documentation/webdriver/troubleshooting/errors#elementnotinteractableexception
Stacktrace:
#0 0x557b4a408e3a <unknown>
#1 0x557b49d32c20 <unknown>
#2 0x557b49d85191 <unknown>
#3 0x557b49d82ae9 <unknown>
#4 0x557b49d7df87 <unknown>
#5 0x557b49dd37af <unknown>
#6 0x557b49d7c748 <unknown>
#7 0x557b49d7d511 <unknown>
#8 0x557b4a3cb3c5 <unknown>
#9 0x557b4a3c9bd5 <unknown>
#10 0x557b4a3b4c55 <unknown>
#11 0x557b4a3ca82a <unknown>
#12 0x557b4a39d329 <unknown>
#13 0x557b4a3f3248 <unknown>
#14 0x557b4a3f33e5 <unknown>
#15 0x557b4a407783 <unknown>
#16 0x7f692a69cb84 <unknown>
#17 0x7f692a729ecc <unknown>"
TO,MAURICIO BARROS DE AGUIAR,34558660000104,7896004782713,,,0.0,0.0,0.0,0.0,0.0,0.0,2026-10-04 15:10:55,ERRO,"Message: element not interactable
  (Session info: chrome=154.0.8037.57); For documentation on this error, please visit: https://www.selenium.dev/documentation/webdriver/troubleshooting/errors#elementnotinteractableexception
Stacktrace:
#0 0x557b4a408e3a <unknown>
#1 0x557b49d32c20 <unknown>
#2 0x557b49d85191 <unknown>
#3 0x557b49d82ae9 <unknown>
#4 0x557b49d7df87 <unknown>
#5 0x557b49dd37af <unknown>
#6 0x557b49d7c748 <unknown>
#7 0x557b49d7d511 <unknown>
#8 0x557b4a3cb3c5 <unknown>
#9 0x557b4a3c9bd5 <unknown>
#10 0x557b4a3b4c55 <unknown>
#11 0x557b4a3ca82a <unknown>
#12 0x557b4a39d329 <unknown>
#13 0x557b4a3f3248 <unknown>
#14 0x557b4a3f33e5 <unknown>
#15 0x557b4a407783 <unknown>
#16 0x7f692a69cb84 <unknown>
#17 0x7f692a729ecc <unknown>"
TO,MAURICIO BARROS DE AGUIAR,34558660000104,7896004782744,,,0.0,0.0,0.0,0.0,0.0,0.0,2026-10-04 15:10:56,ERRO,"Message: element not interactable
  (Session info: chrome=154.0.8037.57); For documentation on this error, please visit: https://www.selenium.dev/documentation/webdriver/troubleshooting/errors#elementnotinteractableexception
Stacktrace:
#0 0x557b4a408e3a <unknown>
#1 0x557b49d32c20 <unknown>
#2 0x557b49d85191 <unknown>
#3 0x557b49d82ae9 <unknown>
#4 0x557b49d7df87 <unknown>
#5 0x557b49dd37af <unknown>
#6 0x557b49d7c748 <unknown>
#7 0x557b49d7d511 <unknown>
#8 0x557b4a3cb3c5 <unknown>
#9 0x557b4a3c9bd5 <unknown>
#10 0x557b4a3b4c55 <unknown>
#11 0x557b4a3ca82a <unknown>
#12 0x557b4a39d329 <unknown>
#13 0x557b4a3f3248 <unknown>
#14 0x557b4a3f33e5 <unknown>
#15 0x557b4a407783 <unknown>
#16 0x7f692a69cb84 <unknown>
#17 0x7f692a729ecc <unknown>"
TO,MAURICIO BARROS DE AGUIAR,34558660000104,7896004782768,,,0.0,0.0,0.0,0.0,0.0,0.0,2026-10-04 15:10:57,ERRO,"Message: element not interactable
  (Session info: chrome=154.0.8037.57); For documentation on this error, please visit: https://www.selenium.dev/documentation/webdriver/troubleshooting/errors#elementnotinteractableexception
Stacktrace:
#0 0x557b4a408e3a <unknown>
#1 0x557b49d32c20 <unknown>
#2 0x557b49d85191 <unknown>
#3 0x557b49d82ae9 <unknown>
#4 0x557b49d7df87 <unknown>
#5 0x557b49dd37af <unknown>
#6 0x557b49d7c748 <unknown>
#7 0x557b49d7d511 <unknown>
#8 0x557b4a3cb3c5 <unknown>
#9 0x557b4a3c9bd5 <unknown>
#10 0x557b4a3b4c55 <unknown>
#11 0x557b4a3ca82a <unknown>
#12 0x557b4a39d329 <unknown>
#13 0x557b4a3f3248 <unknown>
#14 0x557b4a3f33e5 <unknown>
#15 0x557b4a407783 <unknown>
#16 0x7f692a69cb84 <unknown>
#17 0x7f692a729ecc <unknown>"
TO,MAURICIO BARROS DE AGUIAR,34558660000104,7896004782935,,,0.0,0.0,0.0,0.0,0.0,0.0,2026-10-04 15:10:58,ERRO,"Message: element not interactable
  (Session info: chrome=154.0.8037.57); For documentation on this error, please visit: https://www.selenium.dev/documentation/webdriver/troubleshooting/errors#elementnotinteractableexception
Stacktrace:
#0 0x557b4a408e3a <unknown>
#1 0x557b49d32c20 <unknown>
#2 0x557b49d85191 <unknown>
#3 0x557b49d82ae9 <unknown>
#4 0x557b49d7df87 <unknown>
#5 0x557b49dd37af <unknown>
#6 0x557b49d7c748 <unknown>
#7 0x557b49d7d511 <unknown>
#8 0x557b4a3cb3c5 <unknown>
#9 0x557b4a3c9bd5 <unknown>
#10 0x557b4a3b4c55 <unknown>
#11 0x557b4a3ca82a <unknown>
#12 0x557b4a39d329 <unknown>
#13 0x557b4a3f3248 <unknown>
#14 0x557b4a3f33e5 <unknown>
#15 0x557b4a407783 <unknown>
#16 0x7f692a69cb84 <unknown>
#17 0x7f692a729ecc <unknown>"
TO,MAURICIO BARROS DE AGUIAR,34558660000104,7896004782980,,,0.0,0.0,0.0,0.0,0.0,0.0,2026-10-04 15:11:00,ERRO,"Message: element not interactable
  (Session info: chrome=154.0.8037.57); For documentation on this error, please visit: https://www.selenium.dev/documentation/webdriver/troubleshooting/errors#elementnotinteractableexception
Stacktrace:
#0 0x557b4a408e3a <unknown>
#1 0x557b49d32c20 <unknown>
#2 0x557b49d85191 <unknown>
#3 0x557b49d82ae9 <unknown>
#4 0x557b49d7df87 <unknown>
#5 0x557b49dd37af <unknown>
#6 0x557b49d7c748 <unknown>
#7 0x557b49d7d511 <unknown>
#8 0x557b4a3cb3c5 <unknown>
#9 0x557b4a3c9bd5 <unknown>
#10 0x557b4a3b4c55 <unknown>
#11 0x557b4a3ca82a <unknown>
#12 0x557b4a39d329 <unknown>
#13 0x557b4a3f3248 <unknown>
#14 0x557b4a3f33e5 <unknown>
#15 0x557b4a407783 <unknown>
#16 0x7f692a69cb84 <unknown>
#17 0x7f692a729ecc <unknown>"
TO,MAURICIO BARROS DE AGUIAR,34558660000104,7896004783024,,,0.0,0.0,0.0,0.0,0.0,0.0,2026-10-04 15:11:01,ERRO,"Message: element not interactable
  (Session info: chrome=154.0.8037.57); For documentation on this error, please visit: https://www.selenium.dev/documentation/webdriver/troubleshooting/errors#elementnotinteractableexception
Stacktrace:
#0 0x557b4a408e3a <unknown>
#1 0x557b49d32c20 <unknown>
#2 0x557b49d85191 <unknown>
#3 0x557b49d82ae9 <unknown>
#4 0x557b49d7df87 <unknown>
#5 0x557b49dd37af <unknown>
#6 0x557b49d7c748 <unknown>
#7 0x557b49d7d511 <unknown>
#8 0x557b4a3cb3c5 <unknown>
#9 0x557b4a3c9bd5 <unknown>
#10 0x557b4a3b4c55 <unknown>
#11 0x557b4a3ca82a <unknown>
#12 0x557b4a39d329 <unknown>
#13 0x557b4a3f3248 <unknown>
#14 0x557b4a3f33e5 <unknown>
#15 0x557b4a407783 <unknown>
#16 0x7f692a69cb84 <unknown>
#17 0x7f692a729ecc <unknown>"
TO,MAURICIO BARROS DE AGUIAR,34558660000104,7896004784076,,,0.0,0.0,0.0,0.0,0.0,0.0,2026-10-04 15:11:02,ERRO,"Message: element not interactable
  (Session info: chrome=154.0.8037.57); For documentation on this error, please visit: https://www.selenium.dev/documentation/webdriver/troubleshooting/errors#elementnotinteractableexception
Stacktrace:
#0 0x557b4a408e3a <unknown>
#1 0x557b49d32c20 <unknown>
#2 0x557b49d85191 <unknown>
#3 0x557b49d82ae9 <unknown>
#4 0x557b49d7df87 <unknown>
#5 0x557b49dd37af <unknown>
#6 0x557b49d7c748 <unknown>
#7 0x557b49d7d511 <unknown>
#8 0x557b4a3cb3c5 <unknown>
#9 0x557b4a3c9bd5 <unknown>
#10 0x557b4a3b4c55 <unknown>
#11 0x557b4a3ca82a <unknown>
#12 0x557b4a39d329 <unknown>
#13 0x557b4a3f3248 <unknown>
#14 0x557b4a3f33e5 <unknown>
#15 0x557b4a407783 <unknown>
#16 0x7f692a69cb84 <unknown>
#17 0x7f692a729ecc <unknown>"
TO,MAURICIO BARROS DE AGUIAR,34558660000104,7896004784083,,,0.0,0.0,0.0,0.0,0.0,0.0,2026-10-04 15:11:03,ERRO,"Message: element not interactable
  (Session info: chrome=154.0.8037.57); For documentation on this error, please visit: https://www.selenium.dev/documentation/webdriver/troubleshooting/errors#elementnotinteractableexception
Stacktrace:
#0 0x557b4a408e3a <unknown>
#1 0x557b49d32c20 <unknown>
#2 0x557b49d85191 <unknown>
#3 0x557b49d82ae9 <unknown>
#4 0x557b49d7df87 <unknown>
#5 0x557b49dd37af <unknown>
#6 0x557b49d7c748 <unknown>
#7 0x557b49d7d511 <unknown>
#8 0x557b4a3cb3c5 <unknown>
#9 0x557b4a3c9bd5 <unknown>
#10 0x557b4a3b4c55 <unknown>
#11 0x557b4a3ca82a <unknown>
#12 0x557b4a39d329 <unknown>
#13 0x557b4a3f3248 <unknown>
#14 0x557b4a3f33e5 <unknown>
#15 0x557b4a407783 <unknown>
#16 0x7f692a69cb84 <unknown>
#17 0x7f692a729ecc <unknown>"
TO,MAURICIO BARROS DE AGUIAR,34558660000104,7896004786117,,,0.0,0.0,0.0,0.0,0.0,0.0,2026-10-04 15:11:04,ERRO,"Message: element not interactable
  (Session info: chrome=154.0.8037.57); For documentation on this error, please visit: https://www.selenium.dev/documentation/webdriver/troubleshooting/errors#elementnotinteractableexception
Stacktrace:
#0 0x557b4a408e3a <unknown>
#1 0x557b49d32c20 <unknown>
#2 0x557b49d85191 <unknown>
#3 0x557b49d82ae9 <unknown>
#4 0x557b49d7df87 <unknown>
#5 0x557b49dd37af <unknown>
#6 0x557b49d7c748 <unknown>
#7 0x557b49d7d511 <unknown>
#8 0x557b4a3cb3c5 <unknown>
#9 0x557b4a3c9bd5 <unknown>
#10 0x557b4a3b4c55 <unknown>
#11 0x557b4a3ca82a <unknown>
#12 0x557b4a39d329 <unknown>
#13 0x557b4a3f3248 <unknown>
#14 0x557b4a3f33e5 <unknown>
#15 0x557b4a407783 <unknown>
#16 0x7f692a69cb84 <unknown>
#17 0x7f692a729ecc <unknown>"
TO,MAURICIO BARROS DE AGUIAR,34558660000104,7896004787329,,,0.0,0.0,0.0,0.0,0.0,0.0,2026-10-04 15:11:05,ERRO,"Message: element not interactable
  (Session info: chrome=154.0.8037.57); For documentation on this error, please visit: https://www.selenium.dev/documentation/webdriver/troubleshooting/errors#elementnotinteractableexception
Stacktrace:
#0 0x557b4a408e3a <unknown>
#1 0x557b49d32c20 <unknown>
#2 0x557b49d85191 <unknown>
#3 0x557b49d82ae9 <unknown>
#4 0x557b49d7df87 <unknown>
#5 0x557b49dd37af <unknown>
#6 0x557b49d7c748 <unknown>
#7 0x557b49d7d511 <unknown>
#8 0x557b4a3cb3c5 <unknown>
#9 0x557b4a3c9bd5 <unknown>
#10 0x557b4a3b4c55 <unknown>
#11 0x557b4a3ca82a <unknown>
#12 0x557b4a39d329 <unknown>
#13 0x557b4a3f3248 <unknown>
#14 0x557b4a3f33e5 <unknown>
#15 0x557b4a407783 <unknown>
#16 0x7f692a69cb84 <unknown>
#17 0x7f692a729ecc <unknown>"
TO,MAURICIO BARROS DE AGUIAR,34558660000104,7896004787336,,,0.0,0.0,0.0,0.0,0.0,0.0,2026-10-04 15:11:06,ERRO,"Message: element not interactable
  (Session info: chrome=154.0.8037.57); For documentation on this error, please visit: https://www.selenium.dev/documentation/webdriver/troubleshooting/errors#elementnotinteractableexception
Stacktrace:
#0 0x557b4a408e3a <unknown>
#1 0x557b49d32c20 <unknown>
#2 0x557b49d85191 <unknown>
#3 0x557b49d82ae9 <unknown>
#4 0x557b49d7df87 <unknown>
#5 0x557b49dd37af <unknown>
#6 0x557b49d7c748 <unknown>
#7 0x557b49d7d511 <unknown>
#8 0x557b4a3cb3c5 <unknown>
#9 0x557b4a3c9bd5 <unknown>
#10 0x557b4a3b4c55 <unknown>
#11 0x557b4a3ca82a <unknown>
#12 0x557b4a39d329 <unknown>
#13 0x557b4a3f3248 <unknown>
#14 0x557b4a3f33e5 <unknown>
#15 0x557b4a407783 <unknown>
#16 0x7f692a69cb84 <unknown>
#17 0x7f692a729ecc <unknown>"
TO,MAURICIO BARROS DE AGUIAR,34558660000104,7896004787343,,,0.0,0.0,0.0,0.0,0.0,0.0,2026-10-04 15:11:07,ERRO,"Message: element not interactable
  (Session info: chrome=154.0.8037.57); For documentation on this error, please visit: https://www.selenium.dev/documentation/webdriver/troubleshooting/errors#elementnotinteractableexception
Stacktrace:
#0 0x557b4a408e3a <unknown>
#1 0x557b49d32c20 <unknown>
#2 0x557b49d85191 <unknown>
#3 0x557b49d82ae9 <unknown>
#4 0x557b49d7df87 <unknown>
#5 0x557b49dd37af <unknown>
#6 0x557b49d7c748 <unknown>
#7 0x557b49d7d511 <unknown>
#8 0x557b4a3cb3c5 <unknown>
#9 0x557b4a3c9bd5 <unknown>
#10 0x557b4a3b4c55 <unknown>
#11 0x557b4a3ca82a <unknown>
#12 0x557b4a39d329 <unknown>
#13 0x557b4a3f3248 <unknown>
#14 0x557b4a3f33e5 <unknown>
#15 0x557b4a407783 <unknown>
#16 0x7f692a69cb84 <unknown>
#17 0x7f692a729ecc <unknown>"
TO,MAURICIO BARROS DE AGUIAR,34558660000104,7896004787725,,,0.0,0.0,0.0,0.0,0.0,0.0,2026-10-04 15:11:08,ERRO,"Message: element not interactable
  (Session info: chrome=154.0.8037.57); For documentation on this error, please visit: https://www.selenium.dev/documentation/webdriver/troubleshooting/errors#elementnotinteractableexception
Stacktrace:
#0 0x557b4a408e3a <unknown>
#1 0x557b49d32c20 <unknown>
#2 0x557b49d85191 <unknown>
#3 0x557b49d82ae9 <unknown>
#4 0x557b49d7df87 <unknown>
#5 0x557b49dd37af <unknown>
#6 0x557b49d7c748 <unknown>
#7 0x557b49d7d511 <unknown>
#8 0x557b4a3cb3c5 <unknown>
#9 0x557b4a3c9bd5 <unknown>
#10 0x557b4a3b4c55 <unknown>
#11 0x557b4a3ca82a <unknown>
#12 0x557b4a39d329 <unknown>
#13 0x557b4a3f3248 <unknown>
#14 0x557b4a3f33e5 <unknown>
#15 0x557b4a407783 <unknown>
#16 0x7f692a69cb84 <unknown>
#17 0x7f692a729ecc <unknown>"
TO,MAURICIO BARROS DE AGUIAR,34558660000104,7896004788593,,,0.0,0.0,0.0,0.0,0.0,0.0,2026-10-04 15:11:09,ERRO,"Message: element not interactable
  (Session info: chrome=154.0.8037.57); For documentation on this error, please visit: https://www.selenium.dev/documentation/webdriver/troubleshooting/errors#elementnotinteractableexception
Stacktrace:
#0 0x557b4a408e3a <unknown>
#1 0x557b49d32c20 <unknown>
#2 0x557b49d85191 <unknown>
#3 0x557b49d82ae9 <unknown>
#4 0x557b49d7df87 <unknown>
#5 0x557b49dd37af <unknown>
#6 0x557b49d7c748 <unknown>
#7 0x557b49d7d511 <unknown>
#8 0x557b4a3cb3c5 <unknown>
#9 0x557b4a3c9bd5 <unknown>
#10 0x557b4a3b4c55 <unknown>
#11 0x557b4a3ca82a <unknown>
#12 0x557b4a39d329 <unknown>
#13 0x557b4a3f3248 <unknown>
#14 0x557b4a3f33e5 <unknown>
#15 0x557b4a407783 <unknown>
#16 0x7f692a69cb84 <unknown>
#17 0x7f692a729ecc <unknown>"
TO,MAURICIO BARROS DE AGUIAR,34558660000104,7896004788616,,,0.0,0.0,0.0,0.0,0.0,0.0,2026-10-04 15:11:11,ERRO,"Message: element not interactable
  (Session info: chrome=154.0.8037.57); For documentation on this error, please visit: https://www.selenium.dev/documentation/webdriver/troubleshooting/errors#elementnotinteractableexception
Stacktrace:
#0 0x557b4a408e3a <unknown>
#1 0x557b49d32c20 <unknown>
#2 0x557b49d85191 <unknown>
#3 0x557b49d82ae9 <unknown>
#4 0x557b49d7df87 <unknown>
#5 0x557b49dd37af <unknown>
#6 0x557b49d7c748 <unknown>
#7 0x557b49d7d511 <unknown>
#8 0x557b4a3cb3c5 <unknown>
#9 0x557b4a3c9bd5 <unknown>
#10 0x557b4a3b4c55 <unknown>
#11 0x557b4a3ca82a <unknown>
#12 0x557b4a39d329 <unknown>
#13 0x557b4a3f3248 <unknown>
#14 0x557b4a3f33e5 <unknown>
#15 0x557b4a407783 <unknown>
#16 0x7f692a69cb84 <unknown>
#17 0x7f692a729ecc <unknown>"
TO,MAURICIO BARROS DE AGUIAR,34558660000104,7896004789828,,,0.0,0.0,0.0,0.0,0.0,0.0,2026-10-04 15:11:12,ERRO,"Message: element not interactable
  (Session info: chrome=154.0.8037.57); For documentation on this error, please visit: https://www.selenium.dev/documentation/webdriver/troubleshooting/errors#elementnotinteractableexception
Stacktrace:
#0 0x557b4a408e3a <unknown>
#1 0x557b49d32c20 <unknown>
#2 0x557b49d85191 <unknown>
#3 0x557b49d82ae9 <unknown>
#4 0x557b49d7df87 <unknown>
#5 0x557b49dd37af <unknown>
#6 0x557b49d7c748 <unknown>
#7 0x557b49d7d511 <unknown>
#8 0x557b4a3cb3c5 <unknown>
#9 0x557b4a3c9bd5 <unknown>
#10 0x557b4a3b4c55 <unknown>
#11 0x557b4a3ca82a <unknown>
#12 0x557b4a39d329 <unknown>
#13 0x557b4a3f3248 <unknown>
#14 0x557b4a3f33e5 <unknown>
#15 0x557b4a407783 <unknown>
#16 0x7f692a69cb84 <unknown>
#17 0x7f692a729ecc <unknown>"
TO,MAURICIO BARROS DE AGUIAR,34558660000104,7896004789835,,,0.0,0.0,0.0,0.0,0.0,0.0,2026-10-04 15:11:13,ERRO,"Message: element not interactable
  (Session info: chrome=154.0.8037.57); For documentation on this error, please visit: https://www.selenium.dev/documentation/webdriver/troubleshooting/errors#elementnotinteractableexception
Stacktrace:
#0 0x557b4a408e3a <unknown>
#1 0x557b49d32c20 <unknown>
#2 0x557b49d85191 <unknown>
#3 0x557b49d82ae9 <unknown>
#4 0x557b49d7df87 <unknown>
#5 0x557b49dd37af <unknown>
#6 0x557b49d7c748 <unknown>
#7 0x557b49d7d511 <unknown>
#8 0x557b4a3cb3c5 <unknown>
#9 0x557b4a3c9bd5 <unknown>
#10 0x557b4a3b4c55 <unknown>
#11 0x557b4a3ca82a <unknown>
#12 0x557b4a39d329 <unknown>
#13 0x557b4a3f3248 <unknown>
#14 0x557b4a3f33e5 <unknown>
#15 0x557b4a407783 <unknown>
#16 0x7f692a69cb84 <unknown>
#17 0x7f692a729ecc <unknown>"
TO,MAURICIO BARROS DE AGUIAR,34558660000104,7896004790152,,,0.0,0.0,0.0,0.0,0.0,0.0,2026-10-04 15:11:14,ERRO,"Message: element not interactable
  (Session info: chrome=154.0.8037.57); For documentation on this error, please visit: https://www.selenium.dev/documentation/webdriver/troubleshooting/errors#elementnotinteractableexception
Stacktrace:
#0 0x557b4a408e3a <unknown>
#1 0x557b49d32c20 <unknown>
#2 0x557b49d85191 <unknown>
#3 0x557b49d82ae9 <unknown>
#4 0x557b49d7df87 <unknown>
#5 0x557b49dd37af <unknown>
#6 0x557b49d7c748 <unknown>
#7 0x557b49d7d511 <unknown>
#8 0x557b4a3cb3c5 <unknown>
#9 0x557b4a3c9bd5 <unknown>
#10 0x557b4a3b4c55 <unknown>
#11 0x557b4a3ca82a <unknown>
#12 0x557b4a39d329 <unknown>
#13 0x557b4a3f3248 <unknown>
#14 0x557b4a3f33e5 <unknown>
#15 0x557b4a407783 <unknown>
#16 0x7f692a69cb84 <unknown>
#17 0x7f692a729ecc <unknown>"
TO,MAURICIO BARROS DE AGUIAR,34558660000104,7896004790169,,,0.0,0.0,0.0,0.0,0.0,0.0,2026-10-04 15:11:15,ERRO,"Message: element not interactable
  (Session info: chrome=154.0.8037.57); For documentation on this error, please visit: https://www.selenium.dev/documentation/webdriver/troubleshooting/errors#elementnotinteractableexception
Stacktrace:
#0 0x557b4a408e3a <unknown>
#1 0x557b49d32c20 <unknown>
#2 0x557b49d85191 <unknown>
#3 0x557b49d82ae9 <unknown>
#4 0x557b49d7df87 <unknown>
#5 0x557b49dd37af <unknown>
#6 0x557b49d7c748 <unknown>
#7 0x557b49d7d511 <unknown>
#8 0x557b4a3cb3c5 <unknown>
#9 0x557b4a3c9bd5 <unknown>
#10 0x557b4a3b4c55 <unknown>
#11 0x557b4a3ca82a <unknown>
#12 0x557b4a39d329 <unknown>
#13 0x557b4a3f3248 <unknown>
#14 0x557b4a3f33e5 <unknown>
#15 0x557b4a407783 <unknown>
#16 0x7f692a69cb84 <unknown>
#17 0x7f692a729ecc <unknown>"
TO,MAURICIO BARROS DE AGUIAR,34558660000104,7896004791104,,,0.0,0.0,0.0,0.0,0.0,0.0,2026-10-04 15:11:16,ERRO,"Message: element not interactable
  (Session info: chrome=154.0.8037.57); For documentation on this error, please visit: https://www.selenium.dev/documentation/webdriver/troubleshooting/errors#elementnotinteractableexception
Stacktrace:
#0 0x557b4a408e3a <unknown>
#1 0x557b49d32c20 <unknown>
#2 0x557b49d85191 <unknown>
#3 0x557b49d82ae9 <unknown>
#4 0x557b49d7df87 <unknown>
#5 0x557b49dd37af <unknown>
#6 0x557b49d7c748 <unknown>
#7 0x557b49d7d511 <unknown>
#8 0x557b4a3cb3c5 <unknown>
#9 0x557b4a3c9bd5 <unknown>
#10 0x557b4a3b4c55 <unknown>
#11 0x557b4a3ca82a <unknown>
#12 0x557b4a39d329 <unknown>
#13 0x557b4a3f3248 <unknown>
#14 0x557b4a3f33e5 <unknown>
#15 0x557b4a407783 <unknown>
#16 0x7f692a69cb84 <unknown>
#17 0x7f692a729ecc <unknown>"
TO,MAURICIO BARROS DE AGUIAR,34558660000104,7896004791111,,,0.0,0.0,0.0,0.0,0.0,0.0,2026-10-04 15:11:17,ERRO,"Message: element not interactable
  (Session info: chrome=154.0.8037.57); For documentation on this error, please visit: https://www.selenium.dev/documentation/webdriver/troubleshooting/errors#elementnotinteractableexception
Stacktrace:
#0 0x557b4a408e3a <unknown>
#1 0x557b49d32c20 <unknown>
#2 0x557b49d85191 <unknown>
#3 0x557b49d82ae9 <unknown>
#4 0x557b49d7df87 <unknown>
#5 0x557b49dd37af <unknown>
#6 0x557b49d7c748 <unknown>
#7 0x557b49d7d511 <unknown>
#8 0x557b4a3cb3c5 <unknown>
#9 0x557b4a3c9bd5 <unknown>
#10 0x557b4a3b4c55 <unknown>
#11 0x557b4a3ca82a <unknown>
#12 0x557b4a39d329 <unknown>
#13 0x557b4a3f3248 <unknown>
#14 0x557b4a3f33e5 <unknown>
#15 0x557b4a407783 <unknown>
#16 0x7f692a69cb84 <unknown>
#17 0x7f692a729ecc <unknown>"
TO,MAURICIO BARROS DE AGUIAR,34558660000104,7896004791418,,,0.0,0.0,0.0,0.0,0.0,0.0,2026-10-04 15:11:18,ERRO,"Message: element not interactable
  (Session info: chrome=154.0.8037.57); For documentation on this error, please visit: https://www.selenium.dev/documentation/webdriver/troubleshooting/errors#elementnotinteractableexception
Stacktrace:
#0 0x557b4a408e3a <unknown>
#1 0x557b49d32c20 <unknown>
#2 0x557b49d85191 <unknown>
#3 0x557b49d82ae9 <unknown>
#4 0x557b49d7df87 <unknown>
#5 0x557b49dd37af <unknown>
#6 0x557b49d7c748 <unknown>
#7 0x557b49d7d511 <unknown>
#8 0x557b4a3cb3c5 <unknown>
#9 0x557b4a3c9bd5 <unknown>
#10 0x557b4a3b4c55 <unknown>
#11 0x557b4a3ca82a <unknown>
#12 0x557b4a39d329 <unknown>
#13 0x557b4a3f3248 <unknown>
#14 0x557b4a3f33e5 <unknown>
#15 0x557b4a407783 <unknown>
#16 0x7f692a69cb84 <unknown>
#17 0x7f692a729ecc <unknown>"
TO,MAURICIO BARROS DE AGUIAR,34558660000104,7896004791456,,,0.0,0.0,0.0,0.0,0.0,0.0,2026-10-04 15:11:19,ERRO,"Message: element not interactable
  (Session info: chrome=154.0.8037.57); For documentation on this error, please visit: https://www.selenium.dev/documentation/webdriver/troubleshooting/errors#elementnotinteractableexception
Stacktrace:
#0 0x557b4a408e3a <unknown>
#1 0x557b49d32c20 <unknown>
#2 0x557b49d85191 <unknown>
#3 0x557b49d82ae9 <unknown>
#4 0x557b49d7df87 <unknown>
#5 0x557b49dd37af <unknown>
#6 0x557b49d7c748 <unknown>
#7 0x557b49d7d511 <unknown>
#8 0x557b4a3cb3c5 <unknown>
#9 0x557b4a3c9bd5 <unknown>
#10 0x557b4a3b4c55 <unknown>
#11 0x557b4a3ca82a <unknown>
#12 0x557b4a39d329 <unknown>
#13 0x557b4a3f3248 <unknown>
#14 0x557b4a3f33e5 <unknown>
#15 0x557b4a407783 <unknown>
#16 0x7f692a69cb84 <unknown>
#17 0x7f692a729ecc <unknown>"
TO,MAURICIO BARROS DE AGUIAR,34558660000104,7896004792040,,,0.0,0.0,0.0,0.0,0.0,0.0,2026-10-04 15:11:20,ERRO,"Message: element not interactable
  (Session info: chrome=154.0.8037.57); For documentation on this error, please visit: https://www.selenium.dev/documentation/webdriver/troubleshooting/errors#elementnotinteractableexception
Stacktrace:
#0 0x557b4a408e3a <unknown>
#1 0x557b49d32c20 <unknown>
#2 0x557b49d85191 <unknown>
#3 0x557b49d82ae9 <unknown>
#4 0x557b49d7df87 <unknown>
#5 0x557b49dd37af <unknown>
#6 0x557b49d7c748 <unknown>
#7 0x557b49d7d511 <unknown>
#8 0x557b4a3cb3c5 <unknown>
#9 0x557b4a3c9bd5 <unknown>
#10 0x557b4a3b4c55 <unknown>
#11 0x557b4a3ca82a <unknown>
#12 0x557b4a39d329 <unknown>
#13 0x557b4a3f3248 <unknown>
#14 0x557b4a3f33e5 <unknown>
#15 0x557b4a407783 <unknown>
#16 0x7f692a69cb84 <unknown>
#17 0x7f692a729ecc <unknown>"
TO,MAURICIO BARROS DE AGUIAR,34558660000104,7896004792057,,,0.0,0.0,0.0,0.0,0.0,0.0,2026-10-04 15:11:21,ERRO,"Message: element not interactable
  (Session info: chrome=154.0.8037.57); For documentation on this error, please visit: https://www.selenium.dev/documentation/webdriver/troubleshooting/errors#elementnotinteractableexception
Stacktrace:
#0 0x557b4a408e3a <unknown>
#1 0x557b49d32c20 <unknown>
#2 0x557b49d85191 <unknown>
#3 0x557b49d82ae9 <unknown>
#4 0x557b49d7df87 <unknown>
#5 0x557b49dd37af <unknown>
#6 0x557b49d7c748 <unknown>
#7 0x557b49d7d511 <unknown>
#8 0x557b4a3cb3c5 <unknown>
#9 0x557b4a3c9bd5 <unknown>
#10 0x557b4a3b4c55 <unknown>
#11 0x557b4a3ca82a <unknown>
#12 0x557b4a39d329 <unknown>
#13 0x557b4a3f3248 <unknown>
#14 0x557b4a3f33e5 <unknown>
#15 0x557b4a407783 <unknown>
#16 0x7f692a69cb84 <unknown>
#17 0x7f692a729ecc <unknown>"
TO,MAURICIO BARROS DE AGUIAR,34558660000104,7896004792286,,,0.0,0.0,0.0,0.0,0.0,0.0,2026-10-04 15:11:23,ERRO,"Message: element not interactable
  (Session info: chrome=154.0.8037.57); For documentation on this error, please visit: https://www.selenium.dev/documentation/webdriver/troubleshooting/errors#elementnotinteractableexception
Stacktrace:
#0 0x557b4a408e3a <unknown>
#1 0x557b49d32c20 <unknown>
#2 0x557b49d85191 <unknown>
#3 0x557b49d82ae9 <unknown>
#4 0x557b49d7df87 <unknown>
#5 0x557b49dd37af <unknown>
#6 0x557b49d7c748 <unknown>
#7 0x557b49d7d511 <unknown>
#8 0x557b4a3cb3c5 <unknown>
#9 0x557b4a3c9bd5 <unknown>
#10 0x557b4a3b4c55 <unknown>
#11 0x557b4a3ca82a <unknown>
#12 0x557b4a39d329 <unknown>
#13 0x557b4a3f3248 <unknown>
#14 0x557b4a3f33e5 <unknown>
#15 0x557b4a407783 <unknown>
#16 0x7f692a69cb84 <unknown>
#17 0x7f692a729ecc <unknown>"
TO,MAURICIO BARROS DE AGUIAR,34558660000104,7896004792293,,,0.0,0.0,0.0,0.0,0.0,0.0,2026-10-04 15:11:24,ERRO,"Message: element not interactable
  (Session info: chrome=154.0.8037.57); For documentation on this error, please visit: https://www.selenium.dev/documentation/webdriver/troubleshooting/errors#elementnotinteractableexception
Stacktrace:
#0 0x557b4a408e3a <unknown>
#1 0x557b49d32c20 <unknown>
#2 0x557b49d85191 <unknown>
#3 0x557b49d82ae9 <unknown>
#4 0x557b49d7df87 <unknown>
#5 0x557b49dd37af <unknown>
#6 0x557b49d7c748 <unknown>
#7 0x557b49d7d511 <unknown>
#8 0x557b4a3cb3c5 <unknown>
#9 0x557b4a3c9bd5 <unknown>
#10 0x557b4a3b4c55 <unknown>
#11 0x557b4a3ca82a <unknown>
#12 0x557b4a39d329 <unknown>
#13 0x557b4a3f3248 <unknown>
#14 0x557b4a3f33e5 <unknown>
#15 0x557b4a407783 <unknown>
#16 0x7f692a69cb84 <unknown>
#17 0x7f692a729ecc <unknown>"
TO,MAURICIO BARROS DE AGUIAR,34558660000104,7896004792309,,,0.0,0.0,0.0,0.0,0.0,0.0,2026-10-04 15:11:25,ERRO,"Message: element not interactable
  (Session info: chrome=154.0.8037.57); For documentation on this error, please visit: https://www.selenium.dev/documentation/webdriver/troubleshooting/errors#elementnotinteractableexception
Stacktrace:
#0 0x557b4a408e3a <unknown>
#1 0x557b49d32c20 <unknown>
#2 0x557b49d85191 <unknown>
#3 0x557b49d82ae9 <unknown>
#4 0x557b49d7df87 <unknown>
#5 0x557b49dd37af <unknown>
#6 0x557b49d7c748 <unknown>
#7 0x557b49d7d511 <unknown>
#8 0x557b4a3cb3c5 <unknown>
#9 0x557b4a3c9bd5 <unknown>
#10 0x557b4a3b4c55 <unknown>
#11 0x557b4a3ca82a <unknown>
#12 0x557b4a39d329 <unknown>
#13 0x557b4a3f3248 <unknown>
#14 0x557b4a3f33e5 <unknown>
#15 0x557b4a407783 <unknown>
#16 0x7f692a69cb84 <unknown>
#17 0x7f692a729ecc <unknown>"
TO,MAURICIO BARROS DE AGUIAR,34558660000104,7896004792316,,,0.0,0.0,0.0,0.0,0.0,0.0,2026-10-04 15:11:26,ERRO,"Message: element not interactable
  (Session info: chrome=154.0.8037.57); For documentation on this error, please visit: https://www.selenium.dev/documentation/webdriver/troubleshooting/errors#elementnotinteractableexception
Stacktrace:
#0 0x557b4a408e3a <unknown>
#1 0x557b49d32c20 <unknown>
#2 0x557b49d85191 <unknown>
#3 0x557b49d82ae9 <unknown>
#4 0x557b49d7df87 <unknown>
#5 0x557b49dd37af <unknown>
#6 0x557b49d7c748 <unknown>
#7 0x557b49d7d511 <unknown>
#8 0x557b4a3cb3c5 <unknown>
#9 0x557b4a3c9bd5 <unknown>
#10 0x557b4a3b4c55 <unknown>
#11 0x557b4a3ca82a <unknown>
#12 0x557b4a39d329 <unknown>
#13 0x557b4a3f3248 <unknown>
#14 0x557b4a3f33e5 <unknown>
#15 0x557b4a407783 <unknown>
#16 0x7f692a69cb84 <unknown>
#17 0x7f692a729ecc <unknown>"
TO,MAURICIO BARROS DE AGUIAR,34558660000104,7896004792323,,,0.0,0.0,0.0,0.0,0.0,0.0,2026-10-04 15:11:27,ERRO,"Message: element not interactable
  (Session info: chrome=154.0.8037.57); For documentation on this error, please visit: https://www.selenium.dev/documentation/webdriver/troubleshooting/errors#elementnotinteractableexception
Stacktrace:
#0 0x557b4a408e3a <unknown>
#1 0x557b49d32c20 <unknown>
#2 0x557b49d85191 <unknown>
#3 0x557b49d82ae9 <unknown>
#4 0x557b49d7df87 <unknown>
#5 0x557b49dd37af <unknown>
#6 0x557b49d7c748 <unknown>
#7 0x557b49d7d511 <unknown>
#8 0x557b4a3cb3c5 <unknown>
#9 0x557b4a3c9bd5 <unknown>
#10 0x557b4a3b4c55 <unknown>
#11 0x557b4a3ca82a <unknown>
#12 0x557b4a39d329 <unknown>
#13 0x557b4a3f3248 <unknown>
#14 0x557b4a3f33e5 <unknown>
#15 0x557b4a407783 <unknown>
#16 0x7f692a69cb84 <unknown>
#17 0x7f692a729ecc <unknown>"
TO,MAURICIO BARROS DE AGUIAR,34558660000104,7896004793429,,,0.0,0.0,0.0,0.0,0.0,0.0,2026-10-04 15:11:28,ERRO,"Message: element not interactable
  (Session info: chrome=154.0.8037.57); For documentation on this error, please visit: https://www.selenium.dev/documentation/webdriver/troubleshooting/errors#elementnotinteractableexception
Stacktrace:
#0 0x557b4a408e3a <unknown>
#1 0x557b49d32c20 <unknown>
#2 0x557b49d85191 <unknown>
#3 0x557b49d82ae9 <unknown>
#4 0x557b49d7df87 <unknown>
#5 0x557b49dd37af <unknown>
#6 0x557b49d7c748 <unknown>
#7 0x557b49d7d511 <unknown>
#8 0x557b4a3cb3c5 <unknown>
#9 0x557b4a3c9bd5 <unknown>
#10 0x557b4a3b4c55 <unknown>
#11 0x557b4a3ca82a <unknown>
#12 0x557b4a39d329 <unknown>
#13 0x557b4a3f3248 <unknown>
#14 0x557b4a3f33e5 <unknown>
#15 0x557b4a407783 <unknown>
#16 0x7f692a69cb84 <unknown>
#17 0x7f692a729ecc <unknown>"
TO,MAURICIO BARROS DE AGUIAR,34558660000104,7896004793436,,,0.0,0.0,0.0,0.0,0.0,0.0,2026-10-04 15:11:29,ERRO,"Message: element not interactable
  (Session info: chrome=154.0.8037.57); For documentation on this error, please visit: https://www.selenium.dev/documentation/webdriver/troubleshooting/errors#elementnotinteractableexception
Stacktrace:
#0 0x557b4a408e3a <unknown>
#1 0x557b49d32c20 <unknown>
#2 0x557b49d85191 <unknown>
#3 0x557b49d82ae9 <unknown>
#4 0x557b49d7df87 <unknown>
#5 0x557b49dd37af <unknown>
#6 0x557b49d7c748 <unknown>
#7 0x557b49d7d511 <unknown>
#8 0x557b4a3cb3c5 <unknown>
#9 0x557b4a3c9bd5 <unknown>
#10 0x557b4a3b4c55 <unknown>
#11 0x557b4a3ca82a <unknown>
#12 0x557b4a39d329 <unknown>
#13 0x557b4a3f3248 <unknown>
#14 0x557b4a3f33e5 <unknown>
#15 0x557b4a407783 <unknown>
#16 0x7f692a69cb84 <unknown>
#17 0x7f692a729ecc <unknown>"
TO,MAURICIO BARROS DE AGUIAR,34558660000104,7896004793719,,,0.0,0.0,0.0,0.0,0.0,0.0,2026-10-04 15:11:30,ERRO,"Message: element not interactable
  (Session info: chrome=154.0.8037.57); For documentation on this error, please visit: https://www.selenium.dev/documentation/webdriver/troubleshooting/errors#elementnotinteractableexception
Stacktrace:
#0 0x557b4a408e3a <unknown>
#1 0x557b49d32c20 <unknown>
#2 0x557b49d85191 <unknown>
#3 0x557b49d82ae9 <unknown>
#4 0x557b49d7df87 <unknown>
#5 0x557b49dd37af <unknown>
#6 0x557b49d7c748 <unknown>
#7 0x557b49d7d511 <unknown>
#8 0x557b4a3cb3c5 <unknown>
#9 0x557b4a3c9bd5 <unknown>
#10 0x557b4a3b4c55 <unknown>
#11 0x557b4a3ca82a <unknown>
#12 0x557b4a39d329 <unknown>
#13 0x557b4a3f3248 <unknown>
#14 0x557b4a3f33e5 <unknown>
#15 0x557b4a407783 <unknown>
#16 0x7f692a69cb84 <unknown>
#17 0x7f692a729ecc <unknown>"
TO,MAURICIO BARROS DE AGUIAR,34558660000104,7896004793801,,,0.0,0.0,0.0,0.0,0.0,0.0,2026-10-04 15:11:31,ERRO,"Message: element not interactable
  (Session info: chrome=154.0.8037.57); For documentation on this error, please visit: https://www.selenium.dev/documentation/webdriver/troubleshooting/errors#elementnotinteractableexception
Stacktrace:
#0 0x557b4a408e3a <unknown>
#1 0x557b49d32c20 <unknown>
#2 0x557b49d85191 <unknown>
#3 0x557b49d82ae9 <unknown>
#4 0x557b49d7df87 <unknown>
#5 0x557b49dd37af <unknown>
#6 0x557b49d7c748 <unknown>
#7 0x557b49d7d511 <unknown>
#8 0x557b4a3cb3c5 <unknown>
#9 0x557b4a3c9bd5 <unknown>
#10 0x557b4a3b4c55 <unknown>
#11 0x557b4a3ca82a <unknown>
#12 0x557b4a39d329 <unknown>
#13 0x557b4a3f3248 <unknown>
#14 0x557b4a3f33e5 <unknown>
#15 0x557b4a407783 <unknown>
#16 0x7f692a69cb84 <unknown>
#17 0x7f692a729ecc <unknown>"
TO,MAURICIO BARROS DE AGUIAR,34558660000104,7896004793818,,,0.0,0.0,0.0,0.0,0.0,0.0,2026-10-04 15:11:32,ERRO,"Message: element not interactable
  (Session info: chrome=154.0.8037.57); For documentation on this error, please visit: https://www.selenium.dev/documentation/webdriver/troubleshooting/errors#elementnotinteractableexception
Stacktrace:
#0 0x557b4a408e3a <unknown>
#1 0x557b49d32c20 <unknown>
#2 0x557b49d85191 <unknown>
#3 0x557b49d82ae9 <unknown>
#4 0x557b49d7df87 <unknown>
#5 0x557b49dd37af <unknown>
#6 0x557b49d7c748 <unknown>
#7 0x557b49d7d511 <unknown>
#8 0x557b4a3cb3c5 <unknown>
#9 0x557b4a3c9bd5 <unknown>
#10 0x557b4a3b4c55 <unknown>
#11 0x557b4a3ca82a <unknown>
#12 0x557b4a39d329 <unknown>
#13 0x557b4a3f3248 <unknown>
#14 0x557b4a3f33e5 <unknown>
#15 0x557b4a407783 <unknown>
#16 0x7f692a69cb84 <unknown>
#17 0x7f692a729ecc <unknown>"
TO,MAURICIO BARROS DE AGUIAR,34558660000104,7896004793825,,,0.0,0.0,0.0,0.0,0.0,0.0,2026-10-04 15:11:34,ERRO,"Message: element not interactable
  (Session info: chrome=154.0.8037.57); For documentation on this error, please visit: https://www.selenium.dev/documentation/webdriver/troubleshooting/errors#elementnotinteractableexception
Stacktrace:
#0 0x557b4a408e3a <unknown>
#1 0x557b49d32c20 <unknown>
#2 0x557b49d85191 <unknown>
#3 0x557b49d82ae9 <unknown>
#4 0x557b49d7df87 <unknown>
#5 0x557b49dd37af <unknown>
#6 0x557b49d7c748 <unknown>
#7 0x557b49d7d511 <unknown>
#8 0x557b4a3cb3c5 <unknown>
#9 0x557b4a3c9bd5 <unknown>
#10 0x557b4a3b4c55 <unknown>
#11 0x557b4a3ca82a <unknown>
#12 0x557b4a39d329 <unknown>
#13 0x557b4a3f3248 <unknown>
#14 0x557b4a3f33e5 <unknown>
#15 0x557b4a407783 <unknown>
#16 0x7f692a69cb84 <unknown>
#17 0x7f692a729ecc <unknown>"
TO,MAURICIO BARROS DE AGUIAR,34558660000104,7896004793931,,,0.0,0.0,0.0,0.0,0.0,0.0,2026-10-04 15:11:35,ERRO,"Message: element not interactable
  (Session info: chrome=154.0.8037.57); For documentation on this error, please visit: https://www.selenium.dev/documentation/webdriver/troubleshooting/errors#elementnotinteractableexception
Stacktrace:
#0 0x557b4a408e3a <unknown>
#1 0x557b49d32c20 <unknown>
#2 0x557b49d85191 <unknown>
#3 0x557b49d82ae9 <unknown>
#4 0x557b49d7df87 <unknown>
#5 0x557b49dd37af <unknown>
#6 0x557b49d7c748 <unknown>
#7 0x557b49d7d511 <unknown>
#8 0x557b4a3cb3c5 <unknown>
#9 0x557b4a3c9bd5 <unknown>
#10 0x557b4a3b4c55 <unknown>
#11 0x557b4a3ca82a <unknown>
#12 0x557b4a39d329 <unknown>
#13 0x557b4a3f3248 <unknown>
#14 0x557b4a3f33e5 <unknown>
#15 0x557b4a407783 <unknown>
#16 0x7f692a69cb84 <unknown>
#17 0x7f692a729ecc <unknown>"
TO,MAURICIO BARROS DE AGUIAR,34558660000104,7896004794044,,,0.0,0.0,0.0,0.0,0.0,0.0,2026-10-04 15:11:36,ERRO,"Message: element not interactable
  (Session info: chrome=154.0.8037.57); For documentation on this error, please visit: https://www.selenium.dev/documentation/webdriver/troubleshooting/errors#elementnotinteractableexception
Stacktrace:
#0 0x557b4a408e3a <unknown>
#1 0x557b49d32c20 <unknown>
#2 0x557b49d85191 <unknown>
#3 0x557b49d82ae9 <unknown>
#4 0x557b49d7df87 <unknown>
#5 0x557b49dd37af <unknown>
#6 0x557b49d7c748 <unknown>
#7 0x557b49d7d511 <unknown>
#8 0x557b4a3cb3c5 <unknown>
#9 0x557b4a3c9bd5 <unknown>
#10 0x557b4a3b4c55 <unknown>
#11 0x557b4a3ca82a <unknown>
#12 0x557b4a39d329 <unknown>
#13 0x557b4a3f3248 <unknown>
#14 0x557b4a3f33e5 <unknown>
#15 0x557b4a407783 <unknown>
#16 0x7f692a69cb84 <unknown>
#17 0x7f692a729ecc <unknown>"
TO,MAURICIO BARROS DE AGUIAR,34558660000104,7896004794051,,,0.0,0.0,0.0,0.0,0.0,0.0,2026-10-04 15:11:37,ERRO,"Message: element not interactable
  (Session info: chrome=154.0.8037.57); For documentation on this error, please visit: https://www.selenium.dev/documentation/webdriver/troubleshooting/errors#elementnotinteractableexception
Stacktrace:
#0 0x557b4a408e3a <unknown>
#1 0x557b49d32c20 <unknown>
#2 0x557b49d85191 <unknown>
#3 0x557b49d82ae9 <unknown>
#4 0x557b49d7df87 <unknown>
#5 0x557b49dd37af <unknown>
#6 0x557b49d7c748 <unknown>
#7 0x557b49d7d511 <unknown>
#8 0x557b4a3cb3c5 <unknown>
#9 0x557b4a3c9bd5 <unknown>
#10 0x557b4a3b4c55 <unknown>
#11 0x557b4a3ca82a <unknown>
#12 0x557b4a39d329 <unknown>
#13 0x557b4a3f3248 <unknown>
#14 0x557b4a3f33e5 <unknown>
#15 0x557b4a407783 <unknown>
#16 0x7f692a69cb84 <unknown>
#17 0x7f692a729ecc <unknown>"
TO,MAURICIO BARROS DE AGUIAR,34558660000104,7896004794068,,,0.0,0.0,0.0,0.0,0.0,0.0,2026-10-04 15:11:38,ERRO,"Message: element not interactable
  (Session info: chrome=154.0.8037.57); For documentation on this error, please visit: https://www.selenium.dev/documentation/webdriver/troubleshooting/errors#elementnotinteractableexception
Stacktrace:
#0 0x557b4a408e3a <unknown>
#1 0x557b49d32c20 <unknown>
#2 0x557b49d85191 <unknown>
#3 0x557b49d82ae9 <unknown>
#4 0x557b49d7df87 <unknown>
#5 0x557b49dd37af <unknown>
#6 0x557b49d7c748 <unknown>
#7 0x557b49d7d511 <unknown>
#8 0x557b4a3cb3c5 <unknown>
#9 0x557b4a3c9bd5 <unknown>
#10 0x557b4a3b4c55 <unknown>
#11 0x557b4a3ca82a <unknown>
#12 0x557b4a39d329 <unknown>
#13 0x557b4a3f3248 <unknown>
#14 0x557b4a3f33e5 <unknown>
#15 0x557b4a407783 <unknown>
#16 0x7f692a69cb84 <unknown>
#17 0x7f692a729ecc <unknown>"
TO,MAURICIO BARROS DE AGUIAR,34558660000104,7896004794075,,,0.0,0.0,0.0,0.0,0.0,0.0,2026-10-04 15:11:39,ERRO,"Message: element not interactable
  (Session info: chrome=154.0.8037.57); For documentation on this error, please visit: https://www.selenium.dev/documentation/webdriver/troubleshooting/errors#elementnotinteractableexception
Stacktrace:
#0 0x557b4a408e3a <unknown>
#1 0x557b49d32c20 <unknown>
#2 0x557b49d85191 <unknown>
#3 0x557b49d82ae9 <unknown>
#4 0x557b49d7df87 <unknown>
#5 0x557b49dd37af <unknown>
#6 0x557b49d7c748 <unknown>
#7 0x557b49d7d511 <unknown>
#8 0x557b4a3cb3c5 <unknown>
#9 0x557b4a3c9bd5 <unknown>
#10 0x557b4a3b4c55 <unknown>
#11 0x557b4a3ca82a <unknown>
#12 0x557b4a39d329 <unknown>
#13 0x557b4a3f3248 <unknown>
#14 0x557b4a3f33e5 <unknown>
#15 0x557b4a407783 <unknown>
#16 0x7f692a69cb84 <unknown>
#17 0x7f692a729ecc <unknown>"
TO,MAURICIO BARROS DE AGUIAR,34558660000104,7896004794174,,,0.0,0.0,0.0,0.0,0.0,0.0,2026-10-04 15:11:40,ERRO,"Message: element not interactable
  (Session info: chrome=154.0.8037.57); For documentation on this error, please visit: https://www.selenium.dev/documentation/webdriver/troubleshooting/errors#elementnotinteractableexception
Stacktrace:
#0 0x557b4a408e3a <unknown>
#1 0x557b49d32c20 <unknown>
#2 0x557b49d85191 <unknown>
#3 0x557b49d82ae9 <unknown>
#4 0x557b49d7df87 <unknown>
#5 0x557b49dd37af <unknown>
#6 0x557b49d7c748 <unknown>
#7 0x557b49d7d511 <unknown>
#8 0x557b4a3cb3c5 <unknown>
#9 0x557b4a3c9bd5 <unknown>
#10 0x557b4a3b4c55 <unknown>
#11 0x557b4a3ca82a <unknown>
#12 0x557b4a39d329 <unknown>
#13 0x557b4a3f3248 <unknown>
#14 0x557b4a3f33e5 <unknown>
#15 0x557b4a407783 <unknown>
#16 0x7f692a69cb84 <unknown>
#17 0x7f692a729ecc <unknown>"
TO,MAURICIO BARROS DE AGUIAR,34558660000104,7896004794198,,,0.0,0.0,0.0,0.0,0.0,0.0,2026-10-04 15:11:41,ERRO,"Message: element not interactable
  (Session info: chrome=154.0.8037.57); For documentation on this error, please visit: https://www.selenium.dev/documentation/webdriver/troubleshooting/errors#elementnotinteractableexception
Stacktrace:
#0 0x557b4a408e3a <unknown>
#1 0x557b49d32c20 <unknown>
#2 0x557b49d85191 <unknown>
#3 0x557b49d82ae9 <unknown>
#4 0x557b49d7df87 <unknown>
#5 0x557b49dd37af <unknown>
#6 0x557b49d7c748 <unknown>
#7 0x557b49d7d511 <unknown>
#8 0x557b4a3cb3c5 <unknown>
#9 0x557b4a3c9bd5 <unknown>
#10 0x557b4a3b4c55 <unknown>
#11 0x557b4a3ca82a <unknown>
#12 0x557b4a39d329 <unknown>
#13 0x557b4a3f3248 <unknown>
#14 0x557b4a3f33e5 <unknown>
#15 0x557b4a407783 <unknown>
#16 0x7f692a69cb84 <unknown>
#17 0x7f692a729ecc <unknown>"
TO,MAURICIO BARROS DE AGUIAR,34558660000104,7896004795041,,,0.0,0.0,0.0,0.0,0.0,0.0,2026-10-04 15:11:42,ERRO,"Message: element not interactable
  (Session info: chrome=154.0.8037.57); For documentation on this error, please visit: https://www.selenium.dev/documentation/webdriver/troubleshooting/errors#elementnotinteractableexception
Stacktrace:
#0 0x557b4a408e3a <unknown>
#1 0x557b49d32c20 <unknown>
#2 0x557b49d85191 <unknown>
#3 0x557b49d82ae9 <unknown>
#4 0x557b49d7df87 <unknown>
#5 0x557b49dd37af <unknown>
#6 0x557b49d7c748 <unknown>
#7 0x557b49d7d511 <unknown>
#8 0x557b4a3cb3c5 <unknown>
#9 0x557b4a3c9bd5 <unknown>
#10 0x557b4a3b4c55 <unknown>
#11 0x557b4a3ca82a <unknown>
#12 0x557b4a39d329 <unknown>
#13 0x557b4a3f3248 <unknown>
#14 0x557b4a3f33e5 <unknown>
#15 0x557b4a407783 <unknown>
#16 0x7f692a69cb84 <unknown>
#17 0x7f692a729ecc <unknown>"
TO,MAURICIO BARROS DE AGUIAR,34558660000104,7896004795058,,,0.0,0.0,0.0,0.0,0.0,0.0,2026-10-04 15:11:43,ERRO,"Message: element not interactable
  (Session info: chrome=154.0.8037.57); For documentation on this error, please visit: https://www.selenium.dev/documentation/webdriver/troubleshooting/errors#elementnotinteractableexception
Stacktrace:
#0 0x557b4a408e3a <unknown>
#1 0x557b49d32c20 <unknown>
#2 0x557b49d85191 <unknown>
#3 0x557b49d82ae9 <unknown>
#4 0x557b49d7df87 <unknown>
#5 0x557b49dd37af <unknown>
#6 0x557b49d7c748 <unknown>
#7 0x557b49d7d511 <unknown>
#8 0x557b4a3cb3c5 <unknown>
#9 0x557b4a3c9bd5 <unknown>
#10 0x557b4a3b4c55 <unknown>
#11 0x557b4a3ca82a <unknown>
#12 0x557b4a39d329 <unknown>
#13 0x557b4a3f3248 <unknown>
#14 0x557b4a3f33e5 <unknown>
#15 0x557b4a407783 <unknown>
#16 0x7f692a69cb84 <unknown>
#17 0x7f692a729ecc <unknown>"
TO,MAURICIO BARROS DE AGUIAR,34558660000104,7896004795065,,,0.0,0.0,0.0,0.0,0.0,0.0,2026-10-04 15:11:44,ERRO,"Message: element not interactable
  (Session info: chrome=154.0.8037.57); For documentation on this error, please visit: https://www.selenium.dev/documentation/webdriver/troubleshooting/errors#elementnotinteractableexception
Stacktrace:
#0 0x557b4a408e3a <unknown>
#1 0x557b49d32c20 <unknown>
#2 0x557b49d85191 <unknown>
#3 0x557b49d82ae9 <unknown>
#4 0x557b49d7df87 <unknown>
#5 0x557b49dd37af <unknown>
#6 0x557b49d7c748 <unknown>
#7 0x557b49d7d511 <unknown>
#8 0x557b4a3cb3c5 <unknown>
#9 0x557b4a3c9bd5 <unknown>
#10 0x557b4a3b4c55 <unknown>
#11 0x557b4a3ca82a <unknown>
#12 0x557b4a39d329 <unknown>
#13 0x557b4a3f3248 <unknown>
#14 0x557b4a3f33e5 <unknown>
#15 0x557b4a407783 <unknown>
#16 0x7f692a69cb84 <unknown>
#17 0x7f692a729ecc <unknown>"
TO,MAURICIO BARROS DE AGUIAR,34558660000104,7896004795188,,,0.0,0.0,0.0,0.0,0.0,0.0,2026-10-04 15:11:46,ERRO,"Message: element not interactable
  (Session info: chrome=154.0.8037.57); For documentation on this error, please visit: https://www.selenium.dev/documentation/webdriver/troubleshooting/errors#elementnotinteractableexception
Stacktrace:
#0 0x557b4a408e3a <unknown>
#1 0x557b49d32c20 <unknown>
#2 0x557b49d85191 <unknown>
#3 0x557b49d82ae9 <unknown>
#4 0x557b49d7df87 <unknown>
#5 0x557b49dd37af <unknown>
#6 0x557b49d7c748 <unknown>
#7 0x557b49d7d511 <unknown>
#8 0x557b4a3cb3c5 <unknown>
#9 0x557b4a3c9bd5 <unknown>
#10 0x557b4a3b4c55 <unknown>
#11 0x557b4a3ca82a <unknown>
#12 0x557b4a39d329 <unknown>
#13 0x557b4a3f3248 <unknown>
#14 0x557b4a3f33e5 <unknown>
#15 0x557b4a407783 <unknown>
#16 0x7f692a69cb84 <unknown>
#17 0x7f692a729ecc <unknown>"
TO,MAURICIO BARROS DE AGUIAR,34558660000104,7896004795232,,,0.0,0.0,0.0,0.0,0.0,0.0,2026-10-04 15:11:47,ERRO,"Message: element not interactable
  (Session info: chrome=154.0.8037.57); For documentation on this error, please visit: https://www.selenium.dev/documentation/webdriver/troubleshooting/errors#elementnotinteractableexception
Stacktrace:
#0 0x557b4a408e3a <unknown>
#1 0x557b49d32c20 <unknown>
#2 0x557b49d85191 <unknown>
#3 0x557b49d82ae9 <unknown>
#4 0x557b49d7df87 <unknown>
#5 0x557b49dd37af <unknown>
#6 0x557b49d7c748 <unknown>
#7 0x557b49d7d511 <unknown>
#8 0x557b4a3cb3c5 <unknown>
#9 0x557b4a3c9bd5 <unknown>
#10 0x557b4a3b4c55 <unknown>
#11 0x557b4a3ca82a <unknown>
#12 0x557b4a39d329 <unknown>
#13 0x557b4a3f3248 <unknown>
#14 0x557b4a3f33e5 <unknown>
#15 0x557b4a407783 <unknown>
#16 0x7f692a69cb84 <unknown>
#17 0x7f692a729ecc <unknown>"
TO,MAURICIO BARROS DE AGUIAR,34558660000104,7896004795461,,,0.0,0.0,0.0,0.0,0.0,0.0,2026-10-04 15:11:48,ERRO,"Message: element not interactable
  (Session info: chrome=154.0.8037.57); For documentation on this error, please visit: https://www.selenium.dev/documentation/webdriver/troubleshooting/errors#elementnotinteractableexception
Stacktrace:
#0 0x557b4a408e3a <unknown>
#1 0x557b49d32c20 <unknown>
#2 0x557b49d85191 <unknown>
#3 0x557b49d82ae9 <unknown>
#4 0x557b49d7df87 <unknown>
#5 0x557b49dd37af <unknown>
#6 0x557b49d7c748 <unknown>
#7 0x557b49d7d511 <unknown>
#8 0x557b4a3cb3c5 <unknown>
#9 0x557b4a3c9bd5 <unknown>
#10 0x557b4a3b4c55 <unknown>
#11 0x557b4a3ca82a <unknown>
#12 0x557b4a39d329 <unknown>
#13 0x557b4a3f3248 <unknown>
#14 0x557b4a3f33e5 <unknown>
#15 0x557b4a407783 <unknown>
#16 0x7f692a69cb84 <unknown>
#17 0x7f692a729ecc <unknown>"
TO,MAURICIO BARROS DE AGUIAR,34558660000104,7896004796277,,,0.0,0.0,0.0,0.0,0.0,0.0,2026-10-04 15:11:49,ERRO,"Message: element not interactable
  (Session info: chrome=154.0.8037.57); For documentation on this error, please visit: https://www.selenium.dev/documentation/webdriver/troubleshooting/errors#elementnotinteractableexception
Stacktrace:
#0 0x557b4a408e3a <unknown>
#1 0x557b49d32c20 <unknown>
#2 0x557b49d85191 <unknown>
#3 0x557b49d82ae9 <unknown>
#4 0x557b49d7df87 <unknown>
#5 0x557b49dd37af <unknown>
#6 0x557b49d7c748 <unknown>
#7 0x557b49d7d511 <unknown>
#8 0x557b4a3cb3c5 <unknown>
#9 0x557b4a3c9bd5 <unknown>
#10 0x557b4a3b4c55 <unknown>
#11 0x557b4a3ca82a <unknown>
#12 0x557b4a39d329 <unknown>
#13 0x557b4a3f3248 <unknown>
#14 0x557b4a3f33e5 <unknown>
#15 0x557b4a407783 <unknown>
#16 0x7f692a69cb84 <unknown>
#17 0x7f692a729ecc <unknown>"
TO,MAURICIO BARROS DE AGUIAR,34558660000104,7896004796284,,,0.0,0.0,0.0,0.0,0.0,0.0,2026-10-04 15:11:50,ERRO,"Message: element not interactable
  (Session info: chrome=154.0.8037.57); For documentation on this error, please visit: https://www.selenium.dev/documentation/webdriver/troubleshooting/errors#elementnotinteractableexception
Stacktrace:
#0 0x557b4a408e3a <unknown>
#1 0x557b49d32c20 <unknown>
#2 0x557b49d85191 <unknown>
#3 0x557b49d82ae9 <unknown>
#4 0x557b49d7df87 <unknown>
#5 0x557b49dd37af <unknown>
#6 0x557b49d7c748 <unknown>
#7 0x557b49d7d511 <unknown>
#8 0x557b4a3cb3c5 <unknown>
#9 0x557b4a3c9bd5 <unknown>
#10 0x557b4a3b4c55 <unknown>
#11 0x557b4a3ca82a <unknown>
#12 0x557b4a39d329 <unknown>
#13 0x557b4a3f3248 <unknown>
#14 0x557b4a3f33e5 <unknown>
#15 0x557b4a407783 <unknown>
#16 0x7f692a69cb84 <unknown>
#17 0x7f692a729ecc <unknown>"
TO,MAURICIO BARROS DE AGUIAR,34558660000104,7896004796291,,,0.0,0.0,0.0,0.0,0.0,0.0,2026-10-04 15:11:51,ERRO,"Message: element not interactable
  (Session info: chrome=154.0.8037.57); For documentation on this error, please visit: https://www.selenium.dev/documentation/webdriver/troubleshooting/errors#elementnotinteractableexception
Stacktrace:
#0 0x557b4a408e3a <unknown>
#1 0x557b49d32c20 <unknown>
#2 0x557b49d85191 <unknown>
#3 0x557b49d82ae9 <unknown>
#4 0x557b49d7df87 <unknown>
#5 0x557b49dd37af <unknown>
#6 0x557b49d7c748 <unknown>
#7 0x557b49d7d511 <unknown>
#8 0x557b4a3cb3c5 <unknown>
#9 0x557b4a3c9bd5 <unknown>
#10 0x557b4a3b4c55 <unknown>
#11 0x557b4a3ca82a <unknown>
#12 0x557b4a39d329 <unknown>
#13 0x557b4a3f3248 <unknown>
#14 0x557b4a3f33e5 <unknown>
#15 0x557b4a407783 <unknown>
#16 0x7f692a69cb84 <unknown>
#17 0x7f692a729ecc <unknown>"
TO,MAURICIO BARROS DE AGUIAR,34558660000104,7896004796307,,,0.0,0.0,0.0,0.0,0.0,0.0,2026-10-04 15:11:52,ERRO,"Message: element not interactable
  (Session info: chrome=154.0.8037.57); For documentation on this error, please visit: https://www.selenium.dev/documentation/webdriver/troubleshooting/errors#elementnotinteractableexception
Stacktrace:
#0 0x557b4a408e3a <unknown>
#1 0x557b49d32c20 <unknown>
#2 0x557b49d85191 <unknown>
#3 0x557b49d82ae9 <unknown>
#4 0x557b49d7df87 <unknown>
#5 0x557b49dd37af <unknown>
#6 0x557b49d7c748 <unknown>
#7 0x557b49d7d511 <unknown>
#8 0x557b4a3cb3c5 <unknown>
#9 0x557b4a3c9bd5 <unknown>
#10 0x557b4a3b4c55 <unknown>
#11 0x557b4a3ca82a <unknown>
#12 0x557b4a39d329 <unknown>
#13 0x557b4a3f3248 <unknown>
#14 0x557b4a3f33e5 <unknown>
#15 0x557b4a407783 <unknown>
#16 0x7f692a69cb84 <unknown>
#17 0x7f692a729ecc <unknown>"
TO,MAURICIO BARROS DE AGUIAR,34558660000104,7896004796314,,,0.0,0.0,0.0,0.0,0.0,0.0,2026-10-04 15:11:53,ERRO,"Message: element not interactable
  (Session info: chrome=154.0.8037.57); For documentation on this error, please visit: https://www.selenium.dev/documentation/webdriver/troubleshooting/errors#elementnotinteractableexception
Stacktrace:
#0 0x557b4a408e3a <unknown>
#1 0x557b49d32c20 <unknown>
#2 0x557b49d85191 <unknown>
#3 0x557b49d82ae9 <unknown>
#4 0x557b49d7df87 <unknown>
#5 0x557b49dd37af <unknown>
#6 0x557b49d7c748 <unknown>
#7 0x557b49d7d511 <unknown>
#8 0x557b4a3cb3c5 <unknown>
#9 0x557b4a3c9bd5 <unknown>
#10 0x557b4a3b4c55 <unknown>
#11 0x557b4a3ca82a <unknown>
#12 0x557b4a39d329 <unknown>
#13 0x557b4a3f3248 <unknown>
#14 0x557b4a3f33e5 <unknown>
#15 0x557b4a407783 <unknown>
#16 0x7f692a69cb84 <unknown>
#17 0x7f692a729ecc <unknown>"
TO,MAURICIO BARROS DE AGUIAR,34558660000104,7896004796345,,,0.0,0.0,0.0,0.0,0.0,0.0,2026-10-04 15:11:54,ERRO,"Message: element not interactable
  (Session info: chrome=154.0.8037.57); For documentation on this error, please visit: https://www.selenium.dev/documentation/webdriver/troubleshooting/errors#elementnotinteractableexception
Stacktrace:
#0 0x557b4a408e3a <unknown>
#1 0x557b49d32c20 <unknown>
#2 0x557b49d85191 <unknown>
#3 0x557b49d82ae9 <unknown>
#4 0x557b49d7df87 <unknown>
#5 0x557b49dd37af <unknown>
#6 0x557b49d7c748 <unknown>
#7 0x557b49d7d511 <unknown>
#8 0x557b4a3cb3c5 <unknown>
#9 0x557b4a3c9bd5 <unknown>
#10 0x557b4a3b4c55 <unknown>
#11 0x557b4a3ca82a <unknown>
#12 0x557b4a39d329 <unknown>
#13 0x557b4a3f3248 <unknown>
#14 0x557b4a3f33e5 <unknown>
#15 0x557b4a407783 <unknown>
#16 0x7f692a69cb84 <unknown>
#17 0x7f692a729ecc <unknown>"
TO,MAURICIO BARROS DE AGUIAR,34558660000104,7896004796352,,,0.0,0.0,0.0,0.0,0.0,0.0,2026-10-04 15:11:55,ERRO,"Message: element not interactable
  (Session info: chrome=154.0.8037.57); For documentation on this error, please visit: https://www.selenium.dev/documentation/webdriver/troubleshooting/errors#elementnotinteractableexception
Stacktrace:
#0 0x557b4a408e3a <unknown>
#1 0x557b49d32c20 <unknown>
#2 0x557b49d85191 <unknown>
#3 0x557b49d82ae9 <unknown>
#4 0x557b49d7df87 <unknown>
#5 0x557b49dd37af <unknown>
#6 0x557b49d7c748 <unknown>
#7 0x557b49d7d511 <unknown>
#8 0x557b4a3cb3c5 <unknown>
#9 0x557b4a3c9bd5 <unknown>
#10 0x557b4a3b4c55 <unknown>
#11 0x557b4a3ca82a <unknown>
#12 0x557b4a39d329 <unknown>
#13 0x557b4a3f3248 <unknown>
#14 0x557b4a3f33e5 <unknown>
#15 0x557b4a407783 <unknown>
#16 0x7f692a69cb84 <unknown>
#17 0x7f692a729ecc <unknown>"
TO,MAURICIO BARROS DE AGUIAR,34558660000104,7896004796529,,,0.0,0.0,0.0,0.0,0.0,0.0,2026-10-04 15:11:57,ERRO,"Message: element not interactable
  (Session info: chrome=154.0.8037.57); For documentation on this error, please visit: https://www.selenium.dev/documentation/webdriver/troubleshooting/errors#elementnotinteractableexception
Stacktrace:
#0 0x557b4a408e3a <unknown>
#1 0x557b49d32c20 <unknown>
#2 0x557b49d85191 <unknown>
#3 0x557b49d82ae9 <unknown>
#4 0x557b49d7df87 <unknown>
#5 0x557b49dd37af <unknown>
#6 0x557b49d7c748 <unknown>
#7 0x557b49d7d511 <unknown>
#8 0x557b4a3cb3c5 <unknown>
#9 0x557b4a3c9bd5 <unknown>
#10 0x557b4a3b4c55 <unknown>
#11 0x557b4a3ca82a <unknown>
#12 0x557b4a39d329 <unknown>
#13 0x557b4a3f3248 <unknown>
#14 0x557b4a3f33e5 <unknown>
#15 0x557b4a407783 <unknown>
#16 0x7f692a69cb84 <unknown>
#17 0x7f692a729ecc <unknown>"
